season,team_id,team_slug,team_abbreviation,team_display_name,team_short_display_name,team_color,team_alternate_color,team_logo,category,stat_label,stat_name,stat_display_name,stat_description,display_value,value
2026,11,NA,PHX,Phoenix Mercury,NA,3c286e,NA,https://a.espncdn.com/i/teamlogos/wnba/500/phx.png,general,RPG,avgRebounds,Rebounds Per Game,The average rebounds per game.,31.6,31.55
2026,11,NA,PHX,Phoenix Mercury,NA,3c286e,NA,https://a.espncdn.com/i/teamlogos/wnba/500/phx.png,general,AST/TO,assistTurnoverRatio,Assist To Turnover Ratio,The average number of assists a player or team records per turnover,1.6,1.554054
2026,11,NA,PHX,Phoenix Mercury,NA,3c286e,NA,https://a.espncdn.com/i/teamlogos/wnba/500/phx.png,general,PFPG,avgFouls,Fouls Per Game,The average fouls committed per game.,18.6,18.625
2026,11,NA,PHX,Phoenix Mercury,NA,3c286e,NA,https://a.espncdn.com/i/teamlogos/wnba/500/phx.png,general,GP,gamesPlayed,Games Played,Games Played,40,40
2026,11,NA,PHX,Phoenix Mercury,NA,3c286e,NA,https://a.espncdn.com/i/teamlogos/wnba/500/phx.png,general,GS,gamesStarted,Games Started,The number of games started by an athlete.,0,0
2026,11,NA,PHX,Phoenix Mercury,NA,3c286e,NA,https://a.espncdn.com/i/teamlogos/wnba/500/phx.png,general,MPG,avgMinutes,Minutes Per Game,The average number of minutes per game.,0.0,0
2026,11,NA,PHX,Phoenix Mercury,NA,3c286e,NA,https://a.espncdn.com/i/teamlogos/wnba/500/phx.png,general,REB,totalRebounds,Rebounds,The total number of rebounds for a team or player,1262,1262
2026,11,NA,PHX,Phoenix Mercury,NA,3c286e,NA,https://a.espncdn.com/i/teamlogos/wnba/500/phx.png,general,REB,rebounds,Rebounds,The total number of rebounds (offensive and defensive).,1262,1262
2026,11,NA,PHX,Phoenix Mercury,NA,3c286e,NA,https://a.espncdn.com/i/teamlogos/wnba/500/phx.png,offensive,FT%,freeThrowPct,Free Throw Percentage,The ratio of free throws made to free throws attempted: FTM / FTA,78.7,78.689
2026,11,NA,PHX,Phoenix Mercury,NA,3c286e,NA,https://a.espncdn.com/i/teamlogos/wnba/500/phx.png,offensive,3P%,threePointPct,3-Point Field Goal Percentage,The ratio of 3pt field goals made to 3pt field goals attempted: 3PM / 3PA.,32.7,32.71
2026,11,NA,PHX,Phoenix Mercury,NA,3c286e,NA,https://a.espncdn.com/i/teamlogos/wnba/500/phx.png,offensive,AFGM,avgFieldGoalsMade,Average Field Goals Made,The average field goals made per game.,29.2,29.15
2026,11,NA,PHX,Phoenix Mercury,NA,3c286e,NA,https://a.espncdn.com/i/teamlogos/wnba/500/phx.png,offensive,AFGA,avgFieldGoalsAttempted,Average Field Goals Attempted,The average field goals attempted per game.,65.6,65.575
2026,11,NA,PHX,Phoenix Mercury,NA,3c286e,NA,https://a.espncdn.com/i/teamlogos/wnba/500/phx.png,offensive,A3PM,avgThreePointFieldGoalsMade,Average 3-Point Field Goals Made,The average three point field goals made per game.,7.9,7.875
2026,11,NA,PHX,Phoenix Mercury,NA,3c286e,NA,https://a.espncdn.com/i/teamlogos/wnba/500/phx.png,offensive,A3PA,avgThreePointFieldGoalsAttempted,Average 3-Point Field Goals Attempted,The average three point field goals attempted per game.,24.1,24.075
2026,11,NA,PHX,Phoenix Mercury,NA,3c286e,NA,https://a.espncdn.com/i/teamlogos/wnba/500/phx.png,offensive,AFTM,avgFreeThrowsMade,Average Free Throws Made,The average free throw shots made per game.,18.0,18
2026,11,NA,PHX,Phoenix Mercury,NA,3c286e,NA,https://a.espncdn.com/i/teamlogos/wnba/500/phx.png,offensive,AFTA,avgFreeThrowsAttempted,Average Free Throws Attempted,The average free throw shots attempted per game.,22.9,22.875
2026,11,NA,PHX,Phoenix Mercury,NA,3c286e,NA,https://a.espncdn.com/i/teamlogos/wnba/500/phx.png,offensive,PPG,avgPoints,Points Per Game,The average number of points scored per game.,84.2,84.175
2026,11,NA,PHX,Phoenix Mercury,NA,3c286e,NA,https://a.espncdn.com/i/teamlogos/wnba/500/phx.png,offensive,ORPG,avgOffensiveRebounds,Offensive Rebounds Per Game,The average offensive rebounds per game.,6.9,6.9
2026,11,NA,PHX,Phoenix Mercury,NA,3c286e,NA,https://a.espncdn.com/i/teamlogos/wnba/500/phx.png,offensive,APG,avgAssists,Assists Per Game,The average assists per game.,20.1,20.125
2026,11,NA,PHX,Phoenix Mercury,NA,3c286e,NA,https://a.espncdn.com/i/teamlogos/wnba/500/phx.png,offensive,TOPG,avgTurnovers,Turnovers Per Game,The average turnovers committed per game.,13.0,12.95
2026,11,NA,PHX,Phoenix Mercury,NA,3c286e,NA,https://a.espncdn.com/i/teamlogos/wnba/500/phx.png,offensive,2P%,twoPointFieldGoalPct,2-Point Field Goal Percentage,The percentage of 2-points fields goals made by a team or player.,51.3,51.265060901641846
2026,11,NA,PHX,Phoenix Mercury,NA,3c286e,NA,https://a.espncdn.com/i/teamlogos/wnba/500/phx.png,offensive,SC-EFF,scoringEfficiency,Scoring Efficiency,The efficiency with which a team or player scores the basketball.,1.284,1.2836447
2026,11,NA,PHX,Phoenix Mercury,NA,3c286e,NA,https://a.espncdn.com/i/teamlogos/wnba/500/phx.png,offensive,SH-EFF,shootingEfficiency,Shooting Efficiency,The efficiency with which a team or player shoots the basketball.,0.50,0.5045749
2026,11,NA,PHX,Phoenix Mercury,NA,3c286e,NA,https://a.espncdn.com/i/teamlogos/wnba/500/phx.png,offensive,FG%,fieldGoalPct,Field Goal Percentage,The ratio of field goals made to field goals attempted: FGM / FGA,44.5,44.453
2026,11,NA,PHX,Phoenix Mercury,NA,3c286e,NA,https://a.espncdn.com/i/teamlogos/wnba/500/phx.png,offensive,2PM,twoPointFieldGoalsMade,2-Point Field Goals Made,The number of 2-point field goals made for a team or player.,851.0,851
2026,11,NA,PHX,Phoenix Mercury,NA,3c286e,NA,https://a.espncdn.com/i/teamlogos/wnba/500/phx.png,offensive,2PA,twoPointFieldGoalsAttempted,2-Point Field Goals Attempted,The number of 2-point field goals attempted for a team or player.,1660.0,1660
2026,11,NA,PHX,Phoenix Mercury,NA,3c286e,NA,https://a.espncdn.com/i/teamlogos/wnba/500/phx.png,offensive,PTS,points,Points,The number of points scored.,3367,3367
2026,11,NA,PHX,Phoenix Mercury,NA,3c286e,NA,https://a.espncdn.com/i/teamlogos/wnba/500/phx.png,offensive,OREB,offensiveRebounds,Offensive Rebounds,The number of times when the offense obtains the possession of the ball after a missed shot.,276,276
2026,11,NA,PHX,Phoenix Mercury,NA,3c286e,NA,https://a.espncdn.com/i/teamlogos/wnba/500/phx.png,offensive,AST,assists,Assists,"The number of times a player who passes the ball to a teammate in a way that leads to a score by field goal, meaning that he or she was ""assisting"" in the basket. There is some judgment involved in deciding whether a passer should be credited with an assist.",805,805
2026,11,NA,PHX,Phoenix Mercury,NA,3c286e,NA,https://a.espncdn.com/i/teamlogos/wnba/500/phx.png,offensive,TO,turnovers,Turnovers,The number of times a player loses possession to the other team.,518,518
2026,11,NA,PHX,Phoenix Mercury,NA,3c286e,NA,https://a.espncdn.com/i/teamlogos/wnba/500/phx.png,offensive,FGM,fieldGoalsMade,Field Goals Made,The number of times a 2pt field goal was made.,1166,1166
2026,11,NA,PHX,Phoenix Mercury,NA,3c286e,NA,https://a.espncdn.com/i/teamlogos/wnba/500/phx.png,offensive,FGA,fieldGoalsAttempted,Field Goals Attempted,The number of times a 2pt field goal was attempted.,2623,2623
2026,11,NA,PHX,Phoenix Mercury,NA,3c286e,NA,https://a.espncdn.com/i/teamlogos/wnba/500/phx.png,offensive,FTM,freeThrowsMade,Free Throws Made,The number of times a free throw was made.,720,720
2026,11,NA,PHX,Phoenix Mercury,NA,3c286e,NA,https://a.espncdn.com/i/teamlogos/wnba/500/phx.png,offensive,FTA,freeThrowsAttempted,Free Throws Attempted,The number of times a free throw was attempted.,915,915
2026,11,NA,PHX,Phoenix Mercury,NA,3c286e,NA,https://a.espncdn.com/i/teamlogos/wnba/500/phx.png,offensive,3PM,threePointFieldGoalsMade,3-Point Field Goals Made,The number of times a 3pt field goal was made.,315,315
2026,11,NA,PHX,Phoenix Mercury,NA,3c286e,NA,https://a.espncdn.com/i/teamlogos/wnba/500/phx.png,offensive,3PA,threePointFieldGoalsAttempted,3-Point Field Goals Attempted,The number of times a 3pt field goal was attempted.,963,963
2026,11,NA,PHX,Phoenix Mercury,NA,3c286e,NA,https://a.espncdn.com/i/teamlogos/wnba/500/phx.png,offensive,3P%,threePointFieldGoalPct,3-Point Field Goal Percentage,The ratio of 3pt field goals made to 3pt field goals attempted: 3PM / 3PA.,32.7,32.710281014442444
2026,11,NA,PHX,Phoenix Mercury,NA,3c286e,NA,https://a.espncdn.com/i/teamlogos/wnba/500/phx.png,offensive,2PM,avgTwoPointFieldGoalsMade,2-Point Field Goals Made per Game,The number of 2-point field goals made per game for a team or player.,21.3,21.275
2026,11,NA,PHX,Phoenix Mercury,NA,3c286e,NA,https://a.espncdn.com/i/teamlogos/wnba/500/phx.png,offensive,2PA,avgTwoPointFieldGoalsAttempted,2-Point Field Goals Attempted per Game,The number of 2-point field goals attempted per game for a team or player.,41.5,41.5
2026,11,NA,PHX,Phoenix Mercury,NA,3c286e,NA,https://a.espncdn.com/i/teamlogos/wnba/500/phx.png,defensive,DRPG,avgDefensiveRebounds,Defensive Rebounds Per Game,The average defensive rebounds per game.,24.7,24.65
2026,11,NA,PHX,Phoenix Mercury,NA,3c286e,NA,https://a.espncdn.com/i/teamlogos/wnba/500/phx.png,defensive,BPG,avgBlocks,Blocks Per Game,The average blocks per game.,3.3,3.275
2026,11,NA,PHX,Phoenix Mercury,NA,3c286e,NA,https://a.espncdn.com/i/teamlogos/wnba/500/phx.png,defensive,SPG,avgSteals,Steals Per Game,The average steals per game.,7.4,7.425
2026,11,NA,PHX,Phoenix Mercury,NA,3c286e,NA,https://a.espncdn.com/i/teamlogos/wnba/500/phx.png,defensive,DREB,defensiveRebounds,Defensive Rebounds,The number of times when the defense obtains the possession of the ball after a missed shot by the offense.,986,986
2026,11,NA,PHX,Phoenix Mercury,NA,3c286e,NA,https://a.espncdn.com/i/teamlogos/wnba/500/phx.png,defensive,STL,steals,Steals,The number of times a defensive player forced a turnover by intercepting or deflecting a pass or a dribble of an offensive player.,297,297
2026,11,NA,PHX,Phoenix Mercury,NA,3c286e,NA,https://a.espncdn.com/i/teamlogos/wnba/500/phx.png,defensive,BLK,blocks,Blocks,"Short for blocked shot, number of times when a defensive player legally deflects a field goal attempt from an offensive player.",131,131
2026,129689,NA,GS,Golden State Valkyries,NA,b38fcf,NA,https://a.espncdn.com/i/teamlogos/wnba/500/gs.png,general,RPG,avgRebounds,Rebounds Per Game,The average rebounds per game.,32.9,32.875
2026,129689,NA,GS,Golden State Valkyries,NA,b38fcf,NA,https://a.espncdn.com/i/teamlogos/wnba/500/gs.png,general,AST/TO,assistTurnoverRatio,Assist To Turnover Ratio,The average number of assists a player or team records per turnover,1.9,1.8716707
2026,129689,NA,GS,Golden State Valkyries,NA,b38fcf,NA,https://a.espncdn.com/i/teamlogos/wnba/500/gs.png,general,PFPG,avgFouls,Fouls Per Game,The average fouls committed per game.,19.1,19.1
2026,129689,NA,GS,Golden State Valkyries,NA,b38fcf,NA,https://a.espncdn.com/i/teamlogos/wnba/500/gs.png,general,GP,gamesPlayed,Games Played,Games Played,40,40
2026,129689,NA,GS,Golden State Valkyries,NA,b38fcf,NA,https://a.espncdn.com/i/teamlogos/wnba/500/gs.png,general,GS,gamesStarted,Games Started,The number of games started by an athlete.,0,0
2026,129689,NA,GS,Golden State Valkyries,NA,b38fcf,NA,https://a.espncdn.com/i/teamlogos/wnba/500/gs.png,general,MPG,avgMinutes,Minutes Per Game,The average number of minutes per game.,0.0,0
2026,129689,NA,GS,Golden State Valkyries,NA,b38fcf,NA,https://a.espncdn.com/i/teamlogos/wnba/500/gs.png,general,REB,totalRebounds,Rebounds,The total number of rebounds for a team or player,1315,1315
2026,129689,NA,GS,Golden State Valkyries,NA,b38fcf,NA,https://a.espncdn.com/i/teamlogos/wnba/500/gs.png,general,REB,rebounds,Rebounds,The total number of rebounds (offensive and defensive).,1315,1315
2026,129689,NA,GS,Golden State Valkyries,NA,b38fcf,NA,https://a.espncdn.com/i/teamlogos/wnba/500/gs.png,offensive,FT%,freeThrowPct,Free Throw Percentage,The ratio of free throws made to free throws attempted: FTM / FTA,77.8,77.839
2026,129689,NA,GS,Golden State Valkyries,NA,b38fcf,NA,https://a.espncdn.com/i/teamlogos/wnba/500/gs.png,offensive,3P%,threePointPct,3-Point Field Goal Percentage,The ratio of 3pt field goals made to 3pt field goals attempted: 3PM / 3PA.,34.7,34.669
2026,129689,NA,GS,Golden State Valkyries,NA,b38fcf,NA,https://a.espncdn.com/i/teamlogos/wnba/500/gs.png,offensive,AFGM,avgFieldGoalsMade,Average Field Goals Made,The average field goals made per game.,28.9,28.9
2026,129689,NA,GS,Golden State Valkyries,NA,b38fcf,NA,https://a.espncdn.com/i/teamlogos/wnba/500/gs.png,offensive,AFGA,avgFieldGoalsAttempted,Average Field Goals Attempted,The average field goals attempted per game.,68.0,68
2026,129689,NA,GS,Golden State Valkyries,NA,b38fcf,NA,https://a.espncdn.com/i/teamlogos/wnba/500/gs.png,offensive,A3PM,avgThreePointFieldGoalsMade,Average 3-Point Field Goals Made,The average three point field goals made per game.,10.6,10.6
2026,129689,NA,GS,Golden State Valkyries,NA,b38fcf,NA,https://a.espncdn.com/i/teamlogos/wnba/500/gs.png,offensive,A3PA,avgThreePointFieldGoalsAttempted,Average 3-Point Field Goals Attempted,The average three point field goals attempted per game.,30.6,30.575
2026,129689,NA,GS,Golden State Valkyries,NA,b38fcf,NA,https://a.espncdn.com/i/teamlogos/wnba/500/gs.png,offensive,AFTM,avgFreeThrowsMade,Average Free Throws Made,The average free throw shots made per game.,14.2,14.225
2026,129689,NA,GS,Golden State Valkyries,NA,b38fcf,NA,https://a.espncdn.com/i/teamlogos/wnba/500/gs.png,offensive,AFTA,avgFreeThrowsAttempted,Average Free Throws Attempted,The average free throw shots attempted per game.,18.3,18.275
2026,129689,NA,GS,Golden State Valkyries,NA,b38fcf,NA,https://a.espncdn.com/i/teamlogos/wnba/500/gs.png,offensive,PPG,avgPoints,Points Per Game,The average number of points scored per game.,82.6,82.625
2026,129689,NA,GS,Golden State Valkyries,NA,b38fcf,NA,https://a.espncdn.com/i/teamlogos/wnba/500/gs.png,offensive,ORPG,avgOffensiveRebounds,Offensive Rebounds Per Game,The average offensive rebounds per game.,9.1,9.075
2026,129689,NA,GS,Golden State Valkyries,NA,b38fcf,NA,https://a.espncdn.com/i/teamlogos/wnba/500/gs.png,offensive,APG,avgAssists,Assists Per Game,The average assists per game.,19.3,19.325
2026,129689,NA,GS,Golden State Valkyries,NA,b38fcf,NA,https://a.espncdn.com/i/teamlogos/wnba/500/gs.png,offensive,TOPG,avgTurnovers,Turnovers Per Game,The average turnovers committed per game.,10.3,10.325
2026,129689,NA,GS,Golden State Valkyries,NA,b38fcf,NA,https://a.espncdn.com/i/teamlogos/wnba/500/gs.png,offensive,2P%,twoPointFieldGoalPct,2-Point Field Goal Percentage,The percentage of 2-points fields goals made by a team or player.,48.9,48.897796869277954
2026,129689,NA,GS,Golden State Valkyries,NA,b38fcf,NA,https://a.espncdn.com/i/teamlogos/wnba/500/gs.png,offensive,SC-EFF,scoringEfficiency,Scoring Efficiency,The efficiency with which a team or player scores the basketball.,1.215,1.2150736
2026,129689,NA,GS,Golden State Valkyries,NA,b38fcf,NA,https://a.espncdn.com/i/teamlogos/wnba/500/gs.png,offensive,SH-EFF,shootingEfficiency,Shooting Efficiency,The efficiency with which a team or player shoots the basketball.,0.50,0.5029412
2026,129689,NA,GS,Golden State Valkyries,NA,b38fcf,NA,https://a.espncdn.com/i/teamlogos/wnba/500/gs.png,offensive,FG%,fieldGoalPct,Field Goal Percentage,The ratio of field goals made to field goals attempted: FGM / FGA,42.5,42.5
2026,129689,NA,GS,Golden State Valkyries,NA,b38fcf,NA,https://a.espncdn.com/i/teamlogos/wnba/500/gs.png,offensive,2PM,twoPointFieldGoalsMade,2-Point Field Goals Made,The number of 2-point field goals made for a team or player.,732.0,732
2026,129689,NA,GS,Golden State Valkyries,NA,b38fcf,NA,https://a.espncdn.com/i/teamlogos/wnba/500/gs.png,offensive,2PA,twoPointFieldGoalsAttempted,2-Point Field Goals Attempted,The number of 2-point field goals attempted for a team or player.,1497.0,1497
2026,129689,NA,GS,Golden State Valkyries,NA,b38fcf,NA,https://a.espncdn.com/i/teamlogos/wnba/500/gs.png,offensive,PTS,points,Points,The number of points scored.,3305,3305
2026,129689,NA,GS,Golden State Valkyries,NA,b38fcf,NA,https://a.espncdn.com/i/teamlogos/wnba/500/gs.png,offensive,OREB,offensiveRebounds,Offensive Rebounds,The number of times when the offense obtains the possession of the ball after a missed shot.,363,363
2026,129689,NA,GS,Golden State Valkyries,NA,b38fcf,NA,https://a.espncdn.com/i/teamlogos/wnba/500/gs.png,offensive,AST,assists,Assists,"The number of times a player who passes the ball to a teammate in a way that leads to a score by field goal, meaning that he or she was ""assisting"" in the basket. There is some judgment involved in deciding whether a passer should be credited with an assist.",773,773
2026,129689,NA,GS,Golden State Valkyries,NA,b38fcf,NA,https://a.espncdn.com/i/teamlogos/wnba/500/gs.png,offensive,TO,turnovers,Turnovers,The number of times a player loses possession to the other team.,413,413
2026,129689,NA,GS,Golden State Valkyries,NA,b38fcf,NA,https://a.espncdn.com/i/teamlogos/wnba/500/gs.png,offensive,FGM,fieldGoalsMade,Field Goals Made,The number of times a 2pt field goal was made.,1156,1156
2026,129689,NA,GS,Golden State Valkyries,NA,b38fcf,NA,https://a.espncdn.com/i/teamlogos/wnba/500/gs.png,offensive,FGA,fieldGoalsAttempted,Field Goals Attempted,The number of times a 2pt field goal was attempted.,2720,2720
2026,129689,NA,GS,Golden State Valkyries,NA,b38fcf,NA,https://a.espncdn.com/i/teamlogos/wnba/500/gs.png,offensive,FTM,freeThrowsMade,Free Throws Made,The number of times a free throw was made.,569,569
2026,129689,NA,GS,Golden State Valkyries,NA,b38fcf,NA,https://a.espncdn.com/i/teamlogos/wnba/500/gs.png,offensive,FTA,freeThrowsAttempted,Free Throws Attempted,The number of times a free throw was attempted.,731,731
2026,129689,NA,GS,Golden State Valkyries,NA,b38fcf,NA,https://a.espncdn.com/i/teamlogos/wnba/500/gs.png,offensive,3PM,threePointFieldGoalsMade,3-Point Field Goals Made,The number of times a 3pt field goal was made.,424,424
2026,129689,NA,GS,Golden State Valkyries,NA,b38fcf,NA,https://a.espncdn.com/i/teamlogos/wnba/500/gs.png,offensive,3PA,threePointFieldGoalsAttempted,3-Point Field Goals Attempted,The number of times a 3pt field goal was attempted.,1223,1223
2026,129689,NA,GS,Golden State Valkyries,NA,b38fcf,NA,https://a.espncdn.com/i/teamlogos/wnba/500/gs.png,offensive,3P%,threePointFieldGoalPct,3-Point Field Goal Percentage,The ratio of 3pt field goals made to 3pt field goals attempted: 3PM / 3PA.,34.7,34.66884791851044
2026,129689,NA,GS,Golden State Valkyries,NA,b38fcf,NA,https://a.espncdn.com/i/teamlogos/wnba/500/gs.png,offensive,2PM,avgTwoPointFieldGoalsMade,2-Point Field Goals Made per Game,The number of 2-point field goals made per game for a team or player.,18.3,18.3
2026,129689,NA,GS,Golden State Valkyries,NA,b38fcf,NA,https://a.espncdn.com/i/teamlogos/wnba/500/gs.png,offensive,2PA,avgTwoPointFieldGoalsAttempted,2-Point Field Goals Attempted per Game,The number of 2-point field goals attempted per game for a team or player.,37.4,37.425
2026,129689,NA,GS,Golden State Valkyries,NA,b38fcf,NA,https://a.espncdn.com/i/teamlogos/wnba/500/gs.png,defensive,DRPG,avgDefensiveRebounds,Defensive Rebounds Per Game,The average defensive rebounds per game.,23.8,23.8
2026,129689,NA,GS,Golden State Valkyries,NA,b38fcf,NA,https://a.espncdn.com/i/teamlogos/wnba/500/gs.png,defensive,BPG,avgBlocks,Blocks Per Game,The average blocks per game.,3.9,3.875
2026,129689,NA,GS,Golden State Valkyries,NA,b38fcf,NA,https://a.espncdn.com/i/teamlogos/wnba/500/gs.png,defensive,SPG,avgSteals,Steals Per Game,The average steals per game.,7.7,7.7
2026,129689,NA,GS,Golden State Valkyries,NA,b38fcf,NA,https://a.espncdn.com/i/teamlogos/wnba/500/gs.png,defensive,DREB,defensiveRebounds,Defensive Rebounds,The number of times when the defense obtains the possession of the ball after a missed shot by the offense.,952,952
2026,129689,NA,GS,Golden State Valkyries,NA,b38fcf,NA,https://a.espncdn.com/i/teamlogos/wnba/500/gs.png,defensive,STL,steals,Steals,The number of times a defensive player forced a turnover by intercepting or deflecting a pass or a dribble of an offensive player.,308,308
2026,129689,NA,GS,Golden State Valkyries,NA,b38fcf,NA,https://a.espncdn.com/i/teamlogos/wnba/500/gs.png,defensive,BLK,blocks,Blocks,"Short for blocked shot, number of times when a defensive player legally deflects a field goal attempt from an offensive player.",155,155
2026,131935,NA,TOR,Toronto Tempo,NA,33476D,NA,https://a.espncdn.com/i/teamlogos/wnba/500/tor.png,general,RPG,avgRebounds,Rebounds Per Game,The average rebounds per game.,31.8,31.775
2026,131935,NA,TOR,Toronto Tempo,NA,33476D,NA,https://a.espncdn.com/i/teamlogos/wnba/500/tor.png,general,AST/TO,assistTurnoverRatio,Assist To Turnover Ratio,The average number of assists a player or team records per turnover,1.4,1.4175627
2026,131935,NA,TOR,Toronto Tempo,NA,33476D,NA,https://a.espncdn.com/i/teamlogos/wnba/500/tor.png,general,PFPG,avgFouls,Fouls Per Game,The average fouls committed per game.,21.2,21.175
2026,131935,NA,TOR,Toronto Tempo,NA,33476D,NA,https://a.espncdn.com/i/teamlogos/wnba/500/tor.png,general,GP,gamesPlayed,Games Played,Games Played,40,40
2026,131935,NA,TOR,Toronto Tempo,NA,33476D,NA,https://a.espncdn.com/i/teamlogos/wnba/500/tor.png,general,GS,gamesStarted,Games Started,The number of games started by an athlete.,0,0
2026,131935,NA,TOR,Toronto Tempo,NA,33476D,NA,https://a.espncdn.com/i/teamlogos/wnba/500/tor.png,general,MPG,avgMinutes,Minutes Per Game,The average number of minutes per game.,0.0,0
2026,131935,NA,TOR,Toronto Tempo,NA,33476D,NA,https://a.espncdn.com/i/teamlogos/wnba/500/tor.png,general,REB,totalRebounds,Rebounds,The total number of rebounds for a team or player,1271,1271
2026,131935,NA,TOR,Toronto Tempo,NA,33476D,NA,https://a.espncdn.com/i/teamlogos/wnba/500/tor.png,general,REB,rebounds,Rebounds,The total number of rebounds (offensive and defensive).,1271,1271
2026,131935,NA,TOR,Toronto Tempo,NA,33476D,NA,https://a.espncdn.com/i/teamlogos/wnba/500/tor.png,offensive,FT%,freeThrowPct,Free Throw Percentage,The ratio of free throws made to free throws attempted: FTM / FTA,80.8,80.815
2026,131935,NA,TOR,Toronto Tempo,NA,33476D,NA,https://a.espncdn.com/i/teamlogos/wnba/500/tor.png,offensive,3P%,threePointPct,3-Point Field Goal Percentage,The ratio of 3pt field goals made to 3pt field goals attempted: 3PM / 3PA.,34.6,34.584
2026,131935,NA,TOR,Toronto Tempo,NA,33476D,NA,https://a.espncdn.com/i/teamlogos/wnba/500/tor.png,offensive,AFGM,avgFieldGoalsMade,Average Field Goals Made,The average field goals made per game.,29.9,29.85
2026,131935,NA,TOR,Toronto Tempo,NA,33476D,NA,https://a.espncdn.com/i/teamlogos/wnba/500/tor.png,offensive,AFGA,avgFieldGoalsAttempted,Average Field Goals Attempted,The average field goals attempted per game.,67.8,67.8
2026,131935,NA,TOR,Toronto Tempo,NA,33476D,NA,https://a.espncdn.com/i/teamlogos/wnba/500/tor.png,offensive,A3PM,avgThreePointFieldGoalsMade,Average 3-Point Field Goals Made,The average three point field goals made per game.,9.7,9.675
2026,131935,NA,TOR,Toronto Tempo,NA,33476D,NA,https://a.espncdn.com/i/teamlogos/wnba/500/tor.png,offensive,A3PA,avgThreePointFieldGoalsAttempted,Average 3-Point Field Goals Attempted,The average three point field goals attempted per game.,28.0,27.975
2026,131935,NA,TOR,Toronto Tempo,NA,33476D,NA,https://a.espncdn.com/i/teamlogos/wnba/500/tor.png,offensive,AFTM,avgFreeThrowsMade,Average Free Throws Made,The average free throw shots made per game.,16.9,16.85
2026,131935,NA,TOR,Toronto Tempo,NA,33476D,NA,https://a.espncdn.com/i/teamlogos/wnba/500/tor.png,offensive,AFTA,avgFreeThrowsAttempted,Average Free Throws Attempted,The average free throw shots attempted per game.,20.9,20.85
2026,131935,NA,TOR,Toronto Tempo,NA,33476D,NA,https://a.espncdn.com/i/teamlogos/wnba/500/tor.png,offensive,PPG,avgPoints,Points Per Game,The average number of points scored per game.,86.2,86.225
2026,131935,NA,TOR,Toronto Tempo,NA,33476D,NA,https://a.espncdn.com/i/teamlogos/wnba/500/tor.png,offensive,ORPG,avgOffensiveRebounds,Offensive Rebounds Per Game,The average offensive rebounds per game.,8.4,8.425
2026,131935,NA,TOR,Toronto Tempo,NA,33476D,NA,https://a.espncdn.com/i/teamlogos/wnba/500/tor.png,offensive,APG,avgAssists,Assists Per Game,The average assists per game.,19.8,19.775
2026,131935,NA,TOR,Toronto Tempo,NA,33476D,NA,https://a.espncdn.com/i/teamlogos/wnba/500/tor.png,offensive,TOPG,avgTurnovers,Turnovers Per Game,The average turnovers committed per game.,14.0,13.95
2026,131935,NA,TOR,Toronto Tempo,NA,33476D,NA,https://a.espncdn.com/i/teamlogos/wnba/500/tor.png,offensive,2P%,twoPointFieldGoalPct,2-Point Field Goal Percentage,The percentage of 2-points fields goals made by a team or player.,50.7,50.65913200378418
2026,131935,NA,TOR,Toronto Tempo,NA,33476D,NA,https://a.espncdn.com/i/teamlogos/wnba/500/tor.png,offensive,SC-EFF,scoringEfficiency,Scoring Efficiency,The efficiency with which a team or player scores the basketball.,1.272,1.2717552
2026,131935,NA,TOR,Toronto Tempo,NA,33476D,NA,https://a.espncdn.com/i/teamlogos/wnba/500/tor.png,offensive,SH-EFF,shootingEfficiency,Shooting Efficiency,The efficiency with which a team or player shoots the basketball.,0.51,0.51161504
2026,131935,NA,TOR,Toronto Tempo,NA,33476D,NA,https://a.espncdn.com/i/teamlogos/wnba/500/tor.png,offensive,FG%,fieldGoalPct,Field Goal Percentage,The ratio of field goals made to field goals attempted: FGM / FGA,44.0,44.027
2026,131935,NA,TOR,Toronto Tempo,NA,33476D,NA,https://a.espncdn.com/i/teamlogos/wnba/500/tor.png,offensive,2PM,twoPointFieldGoalsMade,2-Point Field Goals Made,The number of 2-point field goals made for a team or player.,807.0,807
2026,131935,NA,TOR,Toronto Tempo,NA,33476D,NA,https://a.espncdn.com/i/teamlogos/wnba/500/tor.png,offensive,2PA,twoPointFieldGoalsAttempted,2-Point Field Goals Attempted,The number of 2-point field goals attempted for a team or player.,1593.0,1593
2026,131935,NA,TOR,Toronto Tempo,NA,33476D,NA,https://a.espncdn.com/i/teamlogos/wnba/500/tor.png,offensive,PTS,points,Points,The number of points scored.,3449,3449
2026,131935,NA,TOR,Toronto Tempo,NA,33476D,NA,https://a.espncdn.com/i/teamlogos/wnba/500/tor.png,offensive,OREB,offensiveRebounds,Offensive Rebounds,The number of times when the offense obtains the possession of the ball after a missed shot.,337,337
2026,131935,NA,TOR,Toronto Tempo,NA,33476D,NA,https://a.espncdn.com/i/teamlogos/wnba/500/tor.png,offensive,AST,assists,Assists,"The number of times a player who passes the ball to a teammate in a way that leads to a score by field goal, meaning that he or she was ""assisting"" in the basket. There is some judgment involved in deciding whether a passer should be credited with an assist.",791,791
2026,131935,NA,TOR,Toronto Tempo,NA,33476D,NA,https://a.espncdn.com/i/teamlogos/wnba/500/tor.png,offensive,TO,turnovers,Turnovers,The number of times a player loses possession to the other team.,558,558
2026,131935,NA,TOR,Toronto Tempo,NA,33476D,NA,https://a.espncdn.com/i/teamlogos/wnba/500/tor.png,offensive,FGM,fieldGoalsMade,Field Goals Made,The number of times a 2pt field goal was made.,1194,1194
2026,131935,NA,TOR,Toronto Tempo,NA,33476D,NA,https://a.espncdn.com/i/teamlogos/wnba/500/tor.png,offensive,FGA,fieldGoalsAttempted,Field Goals Attempted,The number of times a 2pt field goal was attempted.,2712,2712
2026,131935,NA,TOR,Toronto Tempo,NA,33476D,NA,https://a.espncdn.com/i/teamlogos/wnba/500/tor.png,offensive,FTM,freeThrowsMade,Free Throws Made,The number of times a free throw was made.,674,674
2026,131935,NA,TOR,Toronto Tempo,NA,33476D,NA,https://a.espncdn.com/i/teamlogos/wnba/500/tor.png,offensive,FTA,freeThrowsAttempted,Free Throws Attempted,The number of times a free throw was attempted.,834,834
2026,131935,NA,TOR,Toronto Tempo,NA,33476D,NA,https://a.espncdn.com/i/teamlogos/wnba/500/tor.png,offensive,3PM,threePointFieldGoalsMade,3-Point Field Goals Made,The number of times a 3pt field goal was made.,387,387
2026,131935,NA,TOR,Toronto Tempo,NA,33476D,NA,https://a.espncdn.com/i/teamlogos/wnba/500/tor.png,offensive,3PA,threePointFieldGoalsAttempted,3-Point Field Goals Attempted,The number of times a 3pt field goal was attempted.,1119,1119
2026,131935,NA,TOR,Toronto Tempo,NA,33476D,NA,https://a.espncdn.com/i/teamlogos/wnba/500/tor.png,offensive,3P%,threePointFieldGoalPct,3-Point Field Goal Percentage,The ratio of 3pt field goals made to 3pt field goals attempted: 3PM / 3PA.,34.6,34.58445072174072
2026,131935,NA,TOR,Toronto Tempo,NA,33476D,NA,https://a.espncdn.com/i/teamlogos/wnba/500/tor.png,offensive,2PM,avgTwoPointFieldGoalsMade,2-Point Field Goals Made per Game,The number of 2-point field goals made per game for a team or player.,20.2,20.175
2026,131935,NA,TOR,Toronto Tempo,NA,33476D,NA,https://a.espncdn.com/i/teamlogos/wnba/500/tor.png,offensive,2PA,avgTwoPointFieldGoalsAttempted,2-Point Field Goals Attempted per Game,The number of 2-point field goals attempted per game for a team or player.,39.8,39.825
2026,131935,NA,TOR,Toronto Tempo,NA,33476D,NA,https://a.espncdn.com/i/teamlogos/wnba/500/tor.png,defensive,DRPG,avgDefensiveRebounds,Defensive Rebounds Per Game,The average defensive rebounds per game.,23.4,23.35
2026,131935,NA,TOR,Toronto Tempo,NA,33476D,NA,https://a.espncdn.com/i/teamlogos/wnba/500/tor.png,defensive,BPG,avgBlocks,Blocks Per Game,The average blocks per game.,3.2,3.15
2026,131935,NA,TOR,Toronto Tempo,NA,33476D,NA,https://a.espncdn.com/i/teamlogos/wnba/500/tor.png,defensive,SPG,avgSteals,Steals Per Game,The average steals per game.,6.8,6.775
2026,131935,NA,TOR,Toronto Tempo,NA,33476D,NA,https://a.espncdn.com/i/teamlogos/wnba/500/tor.png,defensive,DREB,defensiveRebounds,Defensive Rebounds,The number of times when the defense obtains the possession of the ball after a missed shot by the offense.,934,934
2026,131935,NA,TOR,Toronto Tempo,NA,33476D,NA,https://a.espncdn.com/i/teamlogos/wnba/500/tor.png,defensive,STL,steals,Steals,The number of times a defensive player forced a turnover by intercepting or deflecting a pass or a dribble of an offensive player.,271,271
2026,131935,NA,TOR,Toronto Tempo,NA,33476D,NA,https://a.espncdn.com/i/teamlogos/wnba/500/tor.png,defensive,BLK,blocks,Blocks,"Short for blocked shot, number of times when a defensive player legally deflects a field goal attempt from an offensive player.",126,126
2026,132052,NA,POR,Portland Fire,NA,cee5eb,NA,https://a.espncdn.com/i/teamlogos/wnba/500/por.png,general,RPG,avgRebounds,Rebounds Per Game,The average rebounds per game.,30.3,30.25
2026,132052,NA,POR,Portland Fire,NA,cee5eb,NA,https://a.espncdn.com/i/teamlogos/wnba/500/por.png,general,AST/TO,assistTurnoverRatio,Assist To Turnover Ratio,The average number of assists a player or team records per turnover,1.5,1.4618118
2026,132052,NA,POR,Portland Fire,NA,cee5eb,NA,https://a.espncdn.com/i/teamlogos/wnba/500/por.png,general,PFPG,avgFouls,Fouls Per Game,The average fouls committed per game.,22.1,22.075
2026,132052,NA,POR,Portland Fire,NA,cee5eb,NA,https://a.espncdn.com/i/teamlogos/wnba/500/por.png,general,GP,gamesPlayed,Games Played,Games Played,40,40
2026,132052,NA,POR,Portland Fire,NA,cee5eb,NA,https://a.espncdn.com/i/teamlogos/wnba/500/por.png,general,GS,gamesStarted,Games Started,The number of games started by an athlete.,0,0
2026,132052,NA,POR,Portland Fire,NA,cee5eb,NA,https://a.espncdn.com/i/teamlogos/wnba/500/por.png,general,MPG,avgMinutes,Minutes Per Game,The average number of minutes per game.,0.0,0
2026,132052,NA,POR,Portland Fire,NA,cee5eb,NA,https://a.espncdn.com/i/teamlogos/wnba/500/por.png,general,REB,totalRebounds,Rebounds,The total number of rebounds for a team or player,1210,1210
2026,132052,NA,POR,Portland Fire,NA,cee5eb,NA,https://a.espncdn.com/i/teamlogos/wnba/500/por.png,general,REB,rebounds,Rebounds,The total number of rebounds (offensive and defensive).,1210,1210
2026,132052,NA,POR,Portland Fire,NA,cee5eb,NA,https://a.espncdn.com/i/teamlogos/wnba/500/por.png,offensive,FT%,freeThrowPct,Free Throw Percentage,The ratio of free throws made to free throws attempted: FTM / FTA,80.8,80.801
2026,132052,NA,POR,Portland Fire,NA,cee5eb,NA,https://a.espncdn.com/i/teamlogos/wnba/500/por.png,offensive,3P%,threePointPct,3-Point Field Goal Percentage,The ratio of 3pt field goals made to 3pt field goals attempted: 3PM / 3PA.,34.8,34.848
2026,132052,NA,POR,Portland Fire,NA,cee5eb,NA,https://a.espncdn.com/i/teamlogos/wnba/500/por.png,offensive,AFGM,avgFieldGoalsMade,Average Field Goals Made,The average field goals made per game.,30.8,30.8
2026,132052,NA,POR,Portland Fire,NA,cee5eb,NA,https://a.espncdn.com/i/teamlogos/wnba/500/por.png,offensive,AFGA,avgFieldGoalsAttempted,Average Field Goals Attempted,The average field goals attempted per game.,68.2,68.175
2026,132052,NA,POR,Portland Fire,NA,cee5eb,NA,https://a.espncdn.com/i/teamlogos/wnba/500/por.png,offensive,A3PM,avgThreePointFieldGoalsMade,Average 3-Point Field Goals Made,The average three point field goals made per game.,10.4,10.35
2026,132052,NA,POR,Portland Fire,NA,cee5eb,NA,https://a.espncdn.com/i/teamlogos/wnba/500/por.png,offensive,A3PA,avgThreePointFieldGoalsAttempted,Average 3-Point Field Goals Attempted,The average three point field goals attempted per game.,29.7,29.7
2026,132052,NA,POR,Portland Fire,NA,cee5eb,NA,https://a.espncdn.com/i/teamlogos/wnba/500/por.png,offensive,AFTM,avgFreeThrowsMade,Average Free Throws Made,The average free throw shots made per game.,14.6,14.625
2026,132052,NA,POR,Portland Fire,NA,cee5eb,NA,https://a.espncdn.com/i/teamlogos/wnba/500/por.png,offensive,AFTA,avgFreeThrowsAttempted,Average Free Throws Attempted,The average free throw shots attempted per game.,18.1,18.1
2026,132052,NA,POR,Portland Fire,NA,cee5eb,NA,https://a.espncdn.com/i/teamlogos/wnba/500/por.png,offensive,PPG,avgPoints,Points Per Game,The average number of points scored per game.,86.6,86.575
2026,132052,NA,POR,Portland Fire,NA,cee5eb,NA,https://a.espncdn.com/i/teamlogos/wnba/500/por.png,offensive,ORPG,avgOffensiveRebounds,Offensive Rebounds Per Game,The average offensive rebounds per game.,7.9,7.925
2026,132052,NA,POR,Portland Fire,NA,cee5eb,NA,https://a.espncdn.com/i/teamlogos/wnba/500/por.png,offensive,APG,avgAssists,Assists Per Game,The average assists per game.,20.6,20.575
2026,132052,NA,POR,Portland Fire,NA,cee5eb,NA,https://a.espncdn.com/i/teamlogos/wnba/500/por.png,offensive,TOPG,avgTurnovers,Turnovers Per Game,The average turnovers committed per game.,14.1,14.075
2026,132052,NA,POR,Portland Fire,NA,cee5eb,NA,https://a.espncdn.com/i/teamlogos/wnba/500/por.png,offensive,2P%,twoPointFieldGoalPct,2-Point Field Goal Percentage,The percentage of 2-points fields goals made by a team or player.,53.2,53.15139889717102
2026,132052,NA,POR,Portland Fire,NA,cee5eb,NA,https://a.espncdn.com/i/teamlogos/wnba/500/por.png,offensive,SC-EFF,scoringEfficiency,Scoring Efficiency,The efficiency with which a team or player scores the basketball.,1.270,1.2698936
2026,132052,NA,POR,Portland Fire,NA,cee5eb,NA,https://a.espncdn.com/i/teamlogos/wnba/500/por.png,offensive,SH-EFF,shootingEfficiency,Shooting Efficiency,The efficiency with which a team or player shoots the basketball.,0.53,0.5276861
2026,132052,NA,POR,Portland Fire,NA,cee5eb,NA,https://a.espncdn.com/i/teamlogos/wnba/500/por.png,offensive,FG%,fieldGoalPct,Field Goal Percentage,The ratio of field goals made to field goals attempted: FGM / FGA,45.2,45.178
2026,132052,NA,POR,Portland Fire,NA,cee5eb,NA,https://a.espncdn.com/i/teamlogos/wnba/500/por.png,offensive,2PM,twoPointFieldGoalsMade,2-Point Field Goals Made,The number of 2-point field goals made for a team or player.,818.0,818
2026,132052,NA,POR,Portland Fire,NA,cee5eb,NA,https://a.espncdn.com/i/teamlogos/wnba/500/por.png,offensive,2PA,twoPointFieldGoalsAttempted,2-Point Field Goals Attempted,The number of 2-point field goals attempted for a team or player.,1539.0,1539
2026,132052,NA,POR,Portland Fire,NA,cee5eb,NA,https://a.espncdn.com/i/teamlogos/wnba/500/por.png,offensive,PTS,points,Points,The number of points scored.,3463,3463
2026,132052,NA,POR,Portland Fire,NA,cee5eb,NA,https://a.espncdn.com/i/teamlogos/wnba/500/por.png,offensive,OREB,offensiveRebounds,Offensive Rebounds,The number of times when the offense obtains the possession of the ball after a missed shot.,317,317
2026,132052,NA,POR,Portland Fire,NA,cee5eb,NA,https://a.espncdn.com/i/teamlogos/wnba/500/por.png,offensive,AST,assists,Assists,"The number of times a player who passes the ball to a teammate in a way that leads to a score by field goal, meaning that he or she was ""assisting"" in the basket. There is some judgment involved in deciding whether a passer should be credited with an assist.",823,823
2026,132052,NA,POR,Portland Fire,NA,cee5eb,NA,https://a.espncdn.com/i/teamlogos/wnba/500/por.png,offensive,TO,turnovers,Turnovers,The number of times a player loses possession to the other team.,563,563
2026,132052,NA,POR,Portland Fire,NA,cee5eb,NA,https://a.espncdn.com/i/teamlogos/wnba/500/por.png,offensive,FGM,fieldGoalsMade,Field Goals Made,The number of times a 2pt field goal was made.,1232,1232
2026,132052,NA,POR,Portland Fire,NA,cee5eb,NA,https://a.espncdn.com/i/teamlogos/wnba/500/por.png,offensive,FGA,fieldGoalsAttempted,Field Goals Attempted,The number of times a 2pt field goal was attempted.,2727,2727
2026,132052,NA,POR,Portland Fire,NA,cee5eb,NA,https://a.espncdn.com/i/teamlogos/wnba/500/por.png,offensive,FTM,freeThrowsMade,Free Throws Made,The number of times a free throw was made.,585,585
2026,132052,NA,POR,Portland Fire,NA,cee5eb,NA,https://a.espncdn.com/i/teamlogos/wnba/500/por.png,offensive,FTA,freeThrowsAttempted,Free Throws Attempted,The number of times a free throw was attempted.,724,724
2026,132052,NA,POR,Portland Fire,NA,cee5eb,NA,https://a.espncdn.com/i/teamlogos/wnba/500/por.png,offensive,3PM,threePointFieldGoalsMade,3-Point Field Goals Made,The number of times a 3pt field goal was made.,414,414
2026,132052,NA,POR,Portland Fire,NA,cee5eb,NA,https://a.espncdn.com/i/teamlogos/wnba/500/por.png,offensive,3PA,threePointFieldGoalsAttempted,3-Point Field Goals Attempted,The number of times a 3pt field goal was attempted.,1188,1188
2026,132052,NA,POR,Portland Fire,NA,cee5eb,NA,https://a.espncdn.com/i/teamlogos/wnba/500/por.png,offensive,3P%,threePointFieldGoalPct,3-Point Field Goal Percentage,The ratio of 3pt field goals made to 3pt field goals attempted: 3PM / 3PA.,34.8,34.84848439693451
2026,132052,NA,POR,Portland Fire,NA,cee5eb,NA,https://a.espncdn.com/i/teamlogos/wnba/500/por.png,offensive,2PM,avgTwoPointFieldGoalsMade,2-Point Field Goals Made per Game,The number of 2-point field goals made per game for a team or player.,20.5,20.45
2026,132052,NA,POR,Portland Fire,NA,cee5eb,NA,https://a.espncdn.com/i/teamlogos/wnba/500/por.png,offensive,2PA,avgTwoPointFieldGoalsAttempted,2-Point Field Goals Attempted per Game,The number of 2-point field goals attempted per game for a team or player.,38.5,38.475
2026,132052,NA,POR,Portland Fire,NA,cee5eb,NA,https://a.espncdn.com/i/teamlogos/wnba/500/por.png,defensive,DRPG,avgDefensiveRebounds,Defensive Rebounds Per Game,The average defensive rebounds per game.,22.3,22.325
2026,132052,NA,POR,Portland Fire,NA,cee5eb,NA,https://a.espncdn.com/i/teamlogos/wnba/500/por.png,defensive,BPG,avgBlocks,Blocks Per Game,The average blocks per game.,3.6,3.625
2026,132052,NA,POR,Portland Fire,NA,cee5eb,NA,https://a.espncdn.com/i/teamlogos/wnba/500/por.png,defensive,SPG,avgSteals,Steals Per Game,The average steals per game.,7.5,7.475
2026,132052,NA,POR,Portland Fire,NA,cee5eb,NA,https://a.espncdn.com/i/teamlogos/wnba/500/por.png,defensive,DREB,defensiveRebounds,Defensive Rebounds,The number of times when the defense obtains the possession of the ball after a missed shot by the offense.,893,893
2026,132052,NA,POR,Portland Fire,NA,cee5eb,NA,https://a.espncdn.com/i/teamlogos/wnba/500/por.png,defensive,STL,steals,Steals,The number of times a defensive player forced a turnover by intercepting or deflecting a pass or a dribble of an offensive player.,299,299
2026,132052,NA,POR,Portland Fire,NA,cee5eb,NA,https://a.espncdn.com/i/teamlogos/wnba/500/por.png,defensive,BLK,blocks,Blocks,"Short for blocked shot, number of times when a defensive player legally deflects a field goal attempt from an offensive player.",145,145
2026,14,NA,SEA,Seattle Storm,NA,2c5235,NA,https://a.espncdn.com/i/teamlogos/wnba/500/sea.png,general,RPG,avgRebounds,Rebounds Per Game,The average rebounds per game.,34.1,34.05
2026,14,NA,SEA,Seattle Storm,NA,2c5235,NA,https://a.espncdn.com/i/teamlogos/wnba/500/sea.png,general,AST/TO,assistTurnoverRatio,Assist To Turnover Ratio,The average number of assists a player or team records per turnover,1.4,1.3658969
2026,14,NA,SEA,Seattle Storm,NA,2c5235,NA,https://a.espncdn.com/i/teamlogos/wnba/500/sea.png,general,PFPG,avgFouls,Fouls Per Game,The average fouls committed per game.,19.8,19.775
2026,14,NA,SEA,Seattle Storm,NA,2c5235,NA,https://a.espncdn.com/i/teamlogos/wnba/500/sea.png,general,GP,gamesPlayed,Games Played,Games Played,40,40
2026,14,NA,SEA,Seattle Storm,NA,2c5235,NA,https://a.espncdn.com/i/teamlogos/wnba/500/sea.png,general,GS,gamesStarted,Games Started,The number of games started by an athlete.,0,0
2026,14,NA,SEA,Seattle Storm,NA,2c5235,NA,https://a.espncdn.com/i/teamlogos/wnba/500/sea.png,general,MPG,avgMinutes,Minutes Per Game,The average number of minutes per game.,0.0,0
2026,14,NA,SEA,Seattle Storm,NA,2c5235,NA,https://a.espncdn.com/i/teamlogos/wnba/500/sea.png,general,REB,totalRebounds,Rebounds,The total number of rebounds for a team or player,1362,1362
2026,14,NA,SEA,Seattle Storm,NA,2c5235,NA,https://a.espncdn.com/i/teamlogos/wnba/500/sea.png,general,REB,rebounds,Rebounds,The total number of rebounds (offensive and defensive).,1362,1362
2026,14,NA,SEA,Seattle Storm,NA,2c5235,NA,https://a.espncdn.com/i/teamlogos/wnba/500/sea.png,offensive,FT%,freeThrowPct,Free Throw Percentage,The ratio of free throws made to free throws attempted: FTM / FTA,79.6,79.63
2026,14,NA,SEA,Seattle Storm,NA,2c5235,NA,https://a.espncdn.com/i/teamlogos/wnba/500/sea.png,offensive,3P%,threePointPct,3-Point Field Goal Percentage,The ratio of 3pt field goals made to 3pt field goals attempted: 3PM / 3PA.,31.9,31.887
2026,14,NA,SEA,Seattle Storm,NA,2c5235,NA,https://a.espncdn.com/i/teamlogos/wnba/500/sea.png,offensive,AFGM,avgFieldGoalsMade,Average Field Goals Made,The average field goals made per game.,29.7,29.675
2026,14,NA,SEA,Seattle Storm,NA,2c5235,NA,https://a.espncdn.com/i/teamlogos/wnba/500/sea.png,offensive,AFGA,avgFieldGoalsAttempted,Average Field Goals Attempted,The average field goals attempted per game.,69.7,69.7
2026,14,NA,SEA,Seattle Storm,NA,2c5235,NA,https://a.espncdn.com/i/teamlogos/wnba/500/sea.png,offensive,A3PM,avgThreePointFieldGoalsMade,Average 3-Point Field Goals Made,The average three point field goals made per game.,8.5,8.45
2026,14,NA,SEA,Seattle Storm,NA,2c5235,NA,https://a.espncdn.com/i/teamlogos/wnba/500/sea.png,offensive,A3PA,avgThreePointFieldGoalsAttempted,Average 3-Point Field Goals Attempted,The average three point field goals attempted per game.,26.5,26.5
2026,14,NA,SEA,Seattle Storm,NA,2c5235,NA,https://a.espncdn.com/i/teamlogos/wnba/500/sea.png,offensive,AFTM,avgFreeThrowsMade,Average Free Throws Made,The average free throw shots made per game.,15.1,15.05
2026,14,NA,SEA,Seattle Storm,NA,2c5235,NA,https://a.espncdn.com/i/teamlogos/wnba/500/sea.png,offensive,AFTA,avgFreeThrowsAttempted,Average Free Throws Attempted,The average free throw shots attempted per game.,18.9,18.9
2026,14,NA,SEA,Seattle Storm,NA,2c5235,NA,https://a.espncdn.com/i/teamlogos/wnba/500/sea.png,offensive,PPG,avgPoints,Points Per Game,The average number of points scored per game.,82.9,82.85
2026,14,NA,SEA,Seattle Storm,NA,2c5235,NA,https://a.espncdn.com/i/teamlogos/wnba/500/sea.png,offensive,ORPG,avgOffensiveRebounds,Offensive Rebounds Per Game,The average offensive rebounds per game.,8.6,8.625
2026,14,NA,SEA,Seattle Storm,NA,2c5235,NA,https://a.espncdn.com/i/teamlogos/wnba/500/sea.png,offensive,APG,avgAssists,Assists Per Game,The average assists per game.,19.2,19.225
2026,14,NA,SEA,Seattle Storm,NA,2c5235,NA,https://a.espncdn.com/i/teamlogos/wnba/500/sea.png,offensive,TOPG,avgTurnovers,Turnovers Per Game,The average turnovers committed per game.,14.1,14.075
2026,14,NA,SEA,Seattle Storm,NA,2c5235,NA,https://a.espncdn.com/i/teamlogos/wnba/500/sea.png,offensive,2P%,twoPointFieldGoalPct,2-Point Field Goal Percentage,The percentage of 2-points fields goals made by a team or player.,49.1,49.13194477558136
2026,14,NA,SEA,Seattle Storm,NA,2c5235,NA,https://a.espncdn.com/i/teamlogos/wnba/500/sea.png,offensive,SC-EFF,scoringEfficiency,Scoring Efficiency,The efficiency with which a team or player scores the basketball.,1.189,1.1886657
2026,14,NA,SEA,Seattle Storm,NA,2c5235,NA,https://a.espncdn.com/i/teamlogos/wnba/500/sea.png,offensive,SH-EFF,shootingEfficiency,Shooting Efficiency,The efficiency with which a team or player shoots the basketball.,0.49,0.48637015
2026,14,NA,SEA,Seattle Storm,NA,2c5235,NA,https://a.espncdn.com/i/teamlogos/wnba/500/sea.png,offensive,FG%,fieldGoalPct,Field Goal Percentage,The ratio of field goals made to field goals attempted: FGM / FGA,42.6,42.575
2026,14,NA,SEA,Seattle Storm,NA,2c5235,NA,https://a.espncdn.com/i/teamlogos/wnba/500/sea.png,offensive,2PM,twoPointFieldGoalsMade,2-Point Field Goals Made,The number of 2-point field goals made for a team or player.,849.0,849
2026,14,NA,SEA,Seattle Storm,NA,2c5235,NA,https://a.espncdn.com/i/teamlogos/wnba/500/sea.png,offensive,2PA,twoPointFieldGoalsAttempted,2-Point Field Goals Attempted,The number of 2-point field goals attempted for a team or player.,1728.0,1728
2026,14,NA,SEA,Seattle Storm,NA,2c5235,NA,https://a.espncdn.com/i/teamlogos/wnba/500/sea.png,offensive,PTS,points,Points,The number of points scored.,3314,3314
2026,14,NA,SEA,Seattle Storm,NA,2c5235,NA,https://a.espncdn.com/i/teamlogos/wnba/500/sea.png,offensive,OREB,offensiveRebounds,Offensive Rebounds,The number of times when the offense obtains the possession of the ball after a missed shot.,345,345
2026,14,NA,SEA,Seattle Storm,NA,2c5235,NA,https://a.espncdn.com/i/teamlogos/wnba/500/sea.png,offensive,AST,assists,Assists,"The number of times a player who passes the ball to a teammate in a way that leads to a score by field goal, meaning that he or she was ""assisting"" in the basket. There is some judgment involved in deciding whether a passer should be credited with an assist.",769,769
2026,14,NA,SEA,Seattle Storm,NA,2c5235,NA,https://a.espncdn.com/i/teamlogos/wnba/500/sea.png,offensive,TO,turnovers,Turnovers,The number of times a player loses possession to the other team.,563,563
2026,14,NA,SEA,Seattle Storm,NA,2c5235,NA,https://a.espncdn.com/i/teamlogos/wnba/500/sea.png,offensive,FGM,fieldGoalsMade,Field Goals Made,The number of times a 2pt field goal was made.,1187,1187
2026,14,NA,SEA,Seattle Storm,NA,2c5235,NA,https://a.espncdn.com/i/teamlogos/wnba/500/sea.png,offensive,FGA,fieldGoalsAttempted,Field Goals Attempted,The number of times a 2pt field goal was attempted.,2788,2788
2026,14,NA,SEA,Seattle Storm,NA,2c5235,NA,https://a.espncdn.com/i/teamlogos/wnba/500/sea.png,offensive,FTM,freeThrowsMade,Free Throws Made,The number of times a free throw was made.,602,602
2026,14,NA,SEA,Seattle Storm,NA,2c5235,NA,https://a.espncdn.com/i/teamlogos/wnba/500/sea.png,offensive,FTA,freeThrowsAttempted,Free Throws Attempted,The number of times a free throw was attempted.,756,756
2026,14,NA,SEA,Seattle Storm,NA,2c5235,NA,https://a.espncdn.com/i/teamlogos/wnba/500/sea.png,offensive,3PM,threePointFieldGoalsMade,3-Point Field Goals Made,The number of times a 3pt field goal was made.,338,338
2026,14,NA,SEA,Seattle Storm,NA,2c5235,NA,https://a.espncdn.com/i/teamlogos/wnba/500/sea.png,offensive,3PA,threePointFieldGoalsAttempted,3-Point Field Goals Attempted,The number of times a 3pt field goal was attempted.,1060,1060
2026,14,NA,SEA,Seattle Storm,NA,2c5235,NA,https://a.espncdn.com/i/teamlogos/wnba/500/sea.png,offensive,3P%,threePointFieldGoalPct,3-Point Field Goal Percentage,The ratio of 3pt field goals made to 3pt field goals attempted: 3PM / 3PA.,31.9,31.886792182922363
2026,14,NA,SEA,Seattle Storm,NA,2c5235,NA,https://a.espncdn.com/i/teamlogos/wnba/500/sea.png,offensive,2PM,avgTwoPointFieldGoalsMade,2-Point Field Goals Made per Game,The number of 2-point field goals made per game for a team or player.,21.2,21.225
2026,14,NA,SEA,Seattle Storm,NA,2c5235,NA,https://a.espncdn.com/i/teamlogos/wnba/500/sea.png,offensive,2PA,avgTwoPointFieldGoalsAttempted,2-Point Field Goals Attempted per Game,The number of 2-point field goals attempted per game for a team or player.,43.2,43.2
2026,14,NA,SEA,Seattle Storm,NA,2c5235,NA,https://a.espncdn.com/i/teamlogos/wnba/500/sea.png,defensive,DRPG,avgDefensiveRebounds,Defensive Rebounds Per Game,The average defensive rebounds per game.,25.4,25.425
2026,14,NA,SEA,Seattle Storm,NA,2c5235,NA,https://a.espncdn.com/i/teamlogos/wnba/500/sea.png,defensive,BPG,avgBlocks,Blocks Per Game,The average blocks per game.,4.6,4.55
2026,14,NA,SEA,Seattle Storm,NA,2c5235,NA,https://a.espncdn.com/i/teamlogos/wnba/500/sea.png,defensive,SPG,avgSteals,Steals Per Game,The average steals per game.,7.8,7.8
2026,14,NA,SEA,Seattle Storm,NA,2c5235,NA,https://a.espncdn.com/i/teamlogos/wnba/500/sea.png,defensive,DREB,defensiveRebounds,Defensive Rebounds,The number of times when the defense obtains the possession of the ball after a missed shot by the offense.,1017,1017
2026,14,NA,SEA,Seattle Storm,NA,2c5235,NA,https://a.espncdn.com/i/teamlogos/wnba/500/sea.png,defensive,STL,steals,Steals,The number of times a defensive player forced a turnover by intercepting or deflecting a pass or a dribble of an offensive player.,312,312
2026,14,NA,SEA,Seattle Storm,NA,2c5235,NA,https://a.espncdn.com/i/teamlogos/wnba/500/sea.png,defensive,BLK,blocks,Blocks,"Short for blocked shot, number of times when a defensive player legally deflects a field goal attempt from an offensive player.",182,182
2026,16,NA,WSH,Washington Mystics,NA,e03a3e,NA,https://a.espncdn.com/i/teamlogos/wnba/500/wsh.png,general,RPG,avgRebounds,Rebounds Per Game,The average rebounds per game.,37.6,37.6
2026,16,NA,WSH,Washington Mystics,NA,e03a3e,NA,https://a.espncdn.com/i/teamlogos/wnba/500/wsh.png,general,AST/TO,assistTurnoverRatio,Assist To Turnover Ratio,The average number of assists a player or team records per turnover,1.3,1.3011647
2026,16,NA,WSH,Washington Mystics,NA,e03a3e,NA,https://a.espncdn.com/i/teamlogos/wnba/500/wsh.png,general,PFPG,avgFouls,Fouls Per Game,The average fouls committed per game.,19.3,19.325
2026,16,NA,WSH,Washington Mystics,NA,e03a3e,NA,https://a.espncdn.com/i/teamlogos/wnba/500/wsh.png,general,GP,gamesPlayed,Games Played,Games Played,40,40
2026,16,NA,WSH,Washington Mystics,NA,e03a3e,NA,https://a.espncdn.com/i/teamlogos/wnba/500/wsh.png,general,GS,gamesStarted,Games Started,The number of games started by an athlete.,0,0
2026,16,NA,WSH,Washington Mystics,NA,e03a3e,NA,https://a.espncdn.com/i/teamlogos/wnba/500/wsh.png,general,MPG,avgMinutes,Minutes Per Game,The average number of minutes per game.,0.0,0
2026,16,NA,WSH,Washington Mystics,NA,e03a3e,NA,https://a.espncdn.com/i/teamlogos/wnba/500/wsh.png,general,REB,totalRebounds,Rebounds,The total number of rebounds for a team or player,1504,1504
2026,16,NA,WSH,Washington Mystics,NA,e03a3e,NA,https://a.espncdn.com/i/teamlogos/wnba/500/wsh.png,general,REB,rebounds,Rebounds,The total number of rebounds (offensive and defensive).,1504,1504
2026,16,NA,WSH,Washington Mystics,NA,e03a3e,NA,https://a.espncdn.com/i/teamlogos/wnba/500/wsh.png,offensive,FT%,freeThrowPct,Free Throw Percentage,The ratio of free throws made to free throws attempted: FTM / FTA,73.2,73.193
2026,16,NA,WSH,Washington Mystics,NA,e03a3e,NA,https://a.espncdn.com/i/teamlogos/wnba/500/wsh.png,offensive,3P%,threePointPct,3-Point Field Goal Percentage,The ratio of 3pt field goals made to 3pt field goals attempted: 3PM / 3PA.,31.2,31.202
2026,16,NA,WSH,Washington Mystics,NA,e03a3e,NA,https://a.espncdn.com/i/teamlogos/wnba/500/wsh.png,offensive,AFGM,avgFieldGoalsMade,Average Field Goals Made,The average field goals made per game.,29.3,29.25
2026,16,NA,WSH,Washington Mystics,NA,e03a3e,NA,https://a.espncdn.com/i/teamlogos/wnba/500/wsh.png,offensive,AFGA,avgFieldGoalsAttempted,Average Field Goals Attempted,The average field goals attempted per game.,65.1,65.125
2026,16,NA,WSH,Washington Mystics,NA,e03a3e,NA,https://a.espncdn.com/i/teamlogos/wnba/500/wsh.png,offensive,A3PM,avgThreePointFieldGoalsMade,Average 3-Point Field Goals Made,The average three point field goals made per game.,6.1,6.1
2026,16,NA,WSH,Washington Mystics,NA,e03a3e,NA,https://a.espncdn.com/i/teamlogos/wnba/500/wsh.png,offensive,A3PA,avgThreePointFieldGoalsAttempted,Average 3-Point Field Goals Attempted,The average three point field goals attempted per game.,19.6,19.55
2026,16,NA,WSH,Washington Mystics,NA,e03a3e,NA,https://a.espncdn.com/i/teamlogos/wnba/500/wsh.png,offensive,AFTM,avgFreeThrowsMade,Average Free Throws Made,The average free throw shots made per game.,18.2,18.225
2026,16,NA,WSH,Washington Mystics,NA,e03a3e,NA,https://a.espncdn.com/i/teamlogos/wnba/500/wsh.png,offensive,AFTA,avgFreeThrowsAttempted,Average Free Throws Attempted,The average free throw shots attempted per game.,24.9,24.9
2026,16,NA,WSH,Washington Mystics,NA,e03a3e,NA,https://a.espncdn.com/i/teamlogos/wnba/500/wsh.png,offensive,PPG,avgPoints,Points Per Game,The average number of points scored per game.,82.8,82.825
2026,16,NA,WSH,Washington Mystics,NA,e03a3e,NA,https://a.espncdn.com/i/teamlogos/wnba/500/wsh.png,offensive,ORPG,avgOffensiveRebounds,Offensive Rebounds Per Game,The average offensive rebounds per game.,10.3,10.25
2026,16,NA,WSH,Washington Mystics,NA,e03a3e,NA,https://a.espncdn.com/i/teamlogos/wnba/500/wsh.png,offensive,APG,avgAssists,Assists Per Game,The average assists per game.,19.6,19.55
2026,16,NA,WSH,Washington Mystics,NA,e03a3e,NA,https://a.espncdn.com/i/teamlogos/wnba/500/wsh.png,offensive,TOPG,avgTurnovers,Turnovers Per Game,The average turnovers committed per game.,15.0,15.025
2026,16,NA,WSH,Washington Mystics,NA,e03a3e,NA,https://a.espncdn.com/i/teamlogos/wnba/500/wsh.png,offensive,2P%,twoPointFieldGoalPct,2-Point Field Goal Percentage,The percentage of 2-points fields goals made by a team or player.,50.8,50.7953941822052
2026,16,NA,WSH,Washington Mystics,NA,e03a3e,NA,https://a.espncdn.com/i/teamlogos/wnba/500/wsh.png,offensive,SC-EFF,scoringEfficiency,Scoring Efficiency,The efficiency with which a team or player scores the basketball.,1.272,1.271785
2026,16,NA,WSH,Washington Mystics,NA,e03a3e,NA,https://a.espncdn.com/i/teamlogos/wnba/500/wsh.png,offensive,SH-EFF,shootingEfficiency,Shooting Efficiency,The efficiency with which a team or player shoots the basketball.,0.50,0.4959693
2026,16,NA,WSH,Washington Mystics,NA,e03a3e,NA,https://a.espncdn.com/i/teamlogos/wnba/500/wsh.png,offensive,FG%,fieldGoalPct,Field Goal Percentage,The ratio of field goals made to field goals attempted: FGM / FGA,44.9,44.914
2026,16,NA,WSH,Washington Mystics,NA,e03a3e,NA,https://a.espncdn.com/i/teamlogos/wnba/500/wsh.png,offensive,2PM,twoPointFieldGoalsMade,2-Point Field Goals Made,The number of 2-point field goals made for a team or player.,926.0,926
2026,16,NA,WSH,Washington Mystics,NA,e03a3e,NA,https://a.espncdn.com/i/teamlogos/wnba/500/wsh.png,offensive,2PA,twoPointFieldGoalsAttempted,2-Point Field Goals Attempted,The number of 2-point field goals attempted for a team or player.,1823.0,1823
2026,16,NA,WSH,Washington Mystics,NA,e03a3e,NA,https://a.espncdn.com/i/teamlogos/wnba/500/wsh.png,offensive,PTS,points,Points,The number of points scored.,3313,3313
2026,16,NA,WSH,Washington Mystics,NA,e03a3e,NA,https://a.espncdn.com/i/teamlogos/wnba/500/wsh.png,offensive,OREB,offensiveRebounds,Offensive Rebounds,The number of times when the offense obtains the possession of the ball after a missed shot.,410,410
2026,16,NA,WSH,Washington Mystics,NA,e03a3e,NA,https://a.espncdn.com/i/teamlogos/wnba/500/wsh.png,offensive,AST,assists,Assists,"The number of times a player who passes the ball to a teammate in a way that leads to a score by field goal, meaning that he or she was ""assisting"" in the basket. There is some judgment involved in deciding whether a passer should be credited with an assist.",782,782
2026,16,NA,WSH,Washington Mystics,NA,e03a3e,NA,https://a.espncdn.com/i/teamlogos/wnba/500/wsh.png,offensive,TO,turnovers,Turnovers,The number of times a player loses possession to the other team.,601,601
2026,16,NA,WSH,Washington Mystics,NA,e03a3e,NA,https://a.espncdn.com/i/teamlogos/wnba/500/wsh.png,offensive,FGM,fieldGoalsMade,Field Goals Made,The number of times a 2pt field goal was made.,1170,1170
2026,16,NA,WSH,Washington Mystics,NA,e03a3e,NA,https://a.espncdn.com/i/teamlogos/wnba/500/wsh.png,offensive,FGA,fieldGoalsAttempted,Field Goals Attempted,The number of times a 2pt field goal was attempted.,2605,2605
2026,16,NA,WSH,Washington Mystics,NA,e03a3e,NA,https://a.espncdn.com/i/teamlogos/wnba/500/wsh.png,offensive,FTM,freeThrowsMade,Free Throws Made,The number of times a free throw was made.,729,729
2026,16,NA,WSH,Washington Mystics,NA,e03a3e,NA,https://a.espncdn.com/i/teamlogos/wnba/500/wsh.png,offensive,FTA,freeThrowsAttempted,Free Throws Attempted,The number of times a free throw was attempted.,996,996
2026,16,NA,WSH,Washington Mystics,NA,e03a3e,NA,https://a.espncdn.com/i/teamlogos/wnba/500/wsh.png,offensive,3PM,threePointFieldGoalsMade,3-Point Field Goals Made,The number of times a 3pt field goal was made.,244,244
2026,16,NA,WSH,Washington Mystics,NA,e03a3e,NA,https://a.espncdn.com/i/teamlogos/wnba/500/wsh.png,offensive,3PA,threePointFieldGoalsAttempted,3-Point Field Goals Attempted,The number of times a 3pt field goal was attempted.,782,782
2026,16,NA,WSH,Washington Mystics,NA,e03a3e,NA,https://a.espncdn.com/i/teamlogos/wnba/500/wsh.png,offensive,3P%,threePointFieldGoalPct,3-Point Field Goal Percentage,The ratio of 3pt field goals made to 3pt field goals attempted: 3PM / 3PA.,31.2,31.20204508304596
2026,16,NA,WSH,Washington Mystics,NA,e03a3e,NA,https://a.espncdn.com/i/teamlogos/wnba/500/wsh.png,offensive,2PM,avgTwoPointFieldGoalsMade,2-Point Field Goals Made per Game,The number of 2-point field goals made per game for a team or player.,23.2,23.15
2026,16,NA,WSH,Washington Mystics,NA,e03a3e,NA,https://a.espncdn.com/i/teamlogos/wnba/500/wsh.png,offensive,2PA,avgTwoPointFieldGoalsAttempted,2-Point Field Goals Attempted per Game,The number of 2-point field goals attempted per game for a team or player.,45.6,45.575
2026,16,NA,WSH,Washington Mystics,NA,e03a3e,NA,https://a.espncdn.com/i/teamlogos/wnba/500/wsh.png,defensive,DRPG,avgDefensiveRebounds,Defensive Rebounds Per Game,The average defensive rebounds per game.,27.4,27.35
2026,16,NA,WSH,Washington Mystics,NA,e03a3e,NA,https://a.espncdn.com/i/teamlogos/wnba/500/wsh.png,defensive,BPG,avgBlocks,Blocks Per Game,The average blocks per game.,3.9,3.85
2026,16,NA,WSH,Washington Mystics,NA,e03a3e,NA,https://a.espncdn.com/i/teamlogos/wnba/500/wsh.png,defensive,SPG,avgSteals,Steals Per Game,The average steals per game.,5.4,5.425
2026,16,NA,WSH,Washington Mystics,NA,e03a3e,NA,https://a.espncdn.com/i/teamlogos/wnba/500/wsh.png,defensive,DREB,defensiveRebounds,Defensive Rebounds,The number of times when the defense obtains the possession of the ball after a missed shot by the offense.,1094,1094
2026,16,NA,WSH,Washington Mystics,NA,e03a3e,NA,https://a.espncdn.com/i/teamlogos/wnba/500/wsh.png,defensive,STL,steals,Steals,The number of times a defensive player forced a turnover by intercepting or deflecting a pass or a dribble of an offensive player.,217,217
2026,16,NA,WSH,Washington Mystics,NA,e03a3e,NA,https://a.espncdn.com/i/teamlogos/wnba/500/wsh.png,defensive,BLK,blocks,Blocks,"Short for blocked shot, number of times when a defensive player legally deflects a field goal attempt from an offensive player.",154,154
2026,17,NA,LV,Las Vegas Aces,NA,a7a8aa,NA,https://a.espncdn.com/i/teamlogos/wnba/500/lv.png,general,RPG,avgRebounds,Rebounds Per Game,The average rebounds per game.,33.6,33.575
2026,17,NA,LV,Las Vegas Aces,NA,a7a8aa,NA,https://a.espncdn.com/i/teamlogos/wnba/500/lv.png,general,AST/TO,assistTurnoverRatio,Assist To Turnover Ratio,The average number of assists a player or team records per turnover,1.8,1.8263599
2026,17,NA,LV,Las Vegas Aces,NA,a7a8aa,NA,https://a.espncdn.com/i/teamlogos/wnba/500/lv.png,general,PFPG,avgFouls,Fouls Per Game,The average fouls committed per game.,17.6,17.575
2026,17,NA,LV,Las Vegas Aces,NA,a7a8aa,NA,https://a.espncdn.com/i/teamlogos/wnba/500/lv.png,general,GP,gamesPlayed,Games Played,Games Played,40,40
2026,17,NA,LV,Las Vegas Aces,NA,a7a8aa,NA,https://a.espncdn.com/i/teamlogos/wnba/500/lv.png,general,GS,gamesStarted,Games Started,The number of games started by an athlete.,0,0
2026,17,NA,LV,Las Vegas Aces,NA,a7a8aa,NA,https://a.espncdn.com/i/teamlogos/wnba/500/lv.png,general,MPG,avgMinutes,Minutes Per Game,The average number of minutes per game.,0.0,0
2026,17,NA,LV,Las Vegas Aces,NA,a7a8aa,NA,https://a.espncdn.com/i/teamlogos/wnba/500/lv.png,general,REB,totalRebounds,Rebounds,The total number of rebounds for a team or player,1343,1343
2026,17,NA,LV,Las Vegas Aces,NA,a7a8aa,NA,https://a.espncdn.com/i/teamlogos/wnba/500/lv.png,general,REB,rebounds,Rebounds,The total number of rebounds (offensive and defensive).,1343,1343
2026,17,NA,LV,Las Vegas Aces,NA,a7a8aa,NA,https://a.espncdn.com/i/teamlogos/wnba/500/lv.png,offensive,FT%,freeThrowPct,Free Throw Percentage,The ratio of free throws made to free throws attempted: FTM / FTA,81.3,81.289
2026,17,NA,LV,Las Vegas Aces,NA,a7a8aa,NA,https://a.espncdn.com/i/teamlogos/wnba/500/lv.png,offensive,3P%,threePointPct,3-Point Field Goal Percentage,The ratio of 3pt field goals made to 3pt field goals attempted: 3PM / 3PA.,35.5,35.467
2026,17,NA,LV,Las Vegas Aces,NA,a7a8aa,NA,https://a.espncdn.com/i/teamlogos/wnba/500/lv.png,offensive,AFGM,avgFieldGoalsMade,Average Field Goals Made,The average field goals made per game.,32.9,32.875
2026,17,NA,LV,Las Vegas Aces,NA,a7a8aa,NA,https://a.espncdn.com/i/teamlogos/wnba/500/lv.png,offensive,AFGA,avgFieldGoalsAttempted,Average Field Goals Attempted,The average field goals attempted per game.,68.3,68.275
2026,17,NA,LV,Las Vegas Aces,NA,a7a8aa,NA,https://a.espncdn.com/i/teamlogos/wnba/500/lv.png,offensive,A3PM,avgThreePointFieldGoalsMade,Average 3-Point Field Goals Made,The average three point field goals made per game.,8.5,8.45
2026,17,NA,LV,Las Vegas Aces,NA,a7a8aa,NA,https://a.espncdn.com/i/teamlogos/wnba/500/lv.png,offensive,A3PA,avgThreePointFieldGoalsAttempted,Average 3-Point Field Goals Attempted,The average three point field goals attempted per game.,23.8,23.825
2026,17,NA,LV,Las Vegas Aces,NA,a7a8aa,NA,https://a.espncdn.com/i/teamlogos/wnba/500/lv.png,offensive,AFTM,avgFreeThrowsMade,Average Free Throws Made,The average free throw shots made per game.,16.4,16.4
2026,17,NA,LV,Las Vegas Aces,NA,a7a8aa,NA,https://a.espncdn.com/i/teamlogos/wnba/500/lv.png,offensive,AFTA,avgFreeThrowsAttempted,Average Free Throws Attempted,The average free throw shots attempted per game.,20.2,20.175
2026,17,NA,LV,Las Vegas Aces,NA,a7a8aa,NA,https://a.espncdn.com/i/teamlogos/wnba/500/lv.png,offensive,PPG,avgPoints,Points Per Game,The average number of points scored per game.,90.6,90.6
2026,17,NA,LV,Las Vegas Aces,NA,a7a8aa,NA,https://a.espncdn.com/i/teamlogos/wnba/500/lv.png,offensive,ORPG,avgOffensiveRebounds,Offensive Rebounds Per Game,The average offensive rebounds per game.,7.8,7.75
2026,17,NA,LV,Las Vegas Aces,NA,a7a8aa,NA,https://a.espncdn.com/i/teamlogos/wnba/500/lv.png,offensive,APG,avgAssists,Assists Per Game,The average assists per game.,21.8,21.825
2026,17,NA,LV,Las Vegas Aces,NA,a7a8aa,NA,https://a.espncdn.com/i/teamlogos/wnba/500/lv.png,offensive,TOPG,avgTurnovers,Turnovers Per Game,The average turnovers committed per game.,12.0,11.95
2026,17,NA,LV,Las Vegas Aces,NA,a7a8aa,NA,https://a.espncdn.com/i/teamlogos/wnba/500/lv.png,offensive,2P%,twoPointFieldGoalPct,2-Point Field Goal Percentage,The percentage of 2-points fields goals made by a team or player.,54.9,54.949378967285156
2026,17,NA,LV,Las Vegas Aces,NA,a7a8aa,NA,https://a.espncdn.com/i/teamlogos/wnba/500/lv.png,offensive,SC-EFF,scoringEfficiency,Scoring Efficiency,The efficiency with which a team or player scores the basketball.,1.327,1.3269864
2026,17,NA,LV,Las Vegas Aces,NA,a7a8aa,NA,https://a.espncdn.com/i/teamlogos/wnba/500/lv.png,offensive,SH-EFF,shootingEfficiency,Shooting Efficiency,The efficiency with which a team or player shoots the basketball.,0.54,0.5433907
2026,17,NA,LV,Las Vegas Aces,NA,a7a8aa,NA,https://a.espncdn.com/i/teamlogos/wnba/500/lv.png,offensive,FG%,fieldGoalPct,Field Goal Percentage,The ratio of field goals made to field goals attempted: FGM / FGA,48.2,48.151
2026,17,NA,LV,Las Vegas Aces,NA,a7a8aa,NA,https://a.espncdn.com/i/teamlogos/wnba/500/lv.png,offensive,2PM,twoPointFieldGoalsMade,2-Point Field Goals Made,The number of 2-point field goals made for a team or player.,977.0,977
2026,17,NA,LV,Las Vegas Aces,NA,a7a8aa,NA,https://a.espncdn.com/i/teamlogos/wnba/500/lv.png,offensive,2PA,twoPointFieldGoalsAttempted,2-Point Field Goals Attempted,The number of 2-point field goals attempted for a team or player.,1778.0,1778
2026,17,NA,LV,Las Vegas Aces,NA,a7a8aa,NA,https://a.espncdn.com/i/teamlogos/wnba/500/lv.png,offensive,PTS,points,Points,The number of points scored.,3624,3624
2026,17,NA,LV,Las Vegas Aces,NA,a7a8aa,NA,https://a.espncdn.com/i/teamlogos/wnba/500/lv.png,offensive,OREB,offensiveRebounds,Offensive Rebounds,The number of times when the offense obtains the possession of the ball after a missed shot.,310,310
2026,17,NA,LV,Las Vegas Aces,NA,a7a8aa,NA,https://a.espncdn.com/i/teamlogos/wnba/500/lv.png,offensive,AST,assists,Assists,"The number of times a player who passes the ball to a teammate in a way that leads to a score by field goal, meaning that he or she was ""assisting"" in the basket. There is some judgment involved in deciding whether a passer should be credited with an assist.",873,873
2026,17,NA,LV,Las Vegas Aces,NA,a7a8aa,NA,https://a.espncdn.com/i/teamlogos/wnba/500/lv.png,offensive,TO,turnovers,Turnovers,The number of times a player loses possession to the other team.,478,478
2026,17,NA,LV,Las Vegas Aces,NA,a7a8aa,NA,https://a.espncdn.com/i/teamlogos/wnba/500/lv.png,offensive,FGM,fieldGoalsMade,Field Goals Made,The number of times a 2pt field goal was made.,1315,1315
2026,17,NA,LV,Las Vegas Aces,NA,a7a8aa,NA,https://a.espncdn.com/i/teamlogos/wnba/500/lv.png,offensive,FGA,fieldGoalsAttempted,Field Goals Attempted,The number of times a 2pt field goal was attempted.,2731,2731
2026,17,NA,LV,Las Vegas Aces,NA,a7a8aa,NA,https://a.espncdn.com/i/teamlogos/wnba/500/lv.png,offensive,FTM,freeThrowsMade,Free Throws Made,The number of times a free throw was made.,656,656
2026,17,NA,LV,Las Vegas Aces,NA,a7a8aa,NA,https://a.espncdn.com/i/teamlogos/wnba/500/lv.png,offensive,FTA,freeThrowsAttempted,Free Throws Attempted,The number of times a free throw was attempted.,807,807
2026,17,NA,LV,Las Vegas Aces,NA,a7a8aa,NA,https://a.espncdn.com/i/teamlogos/wnba/500/lv.png,offensive,3PM,threePointFieldGoalsMade,3-Point Field Goals Made,The number of times a 3pt field goal was made.,338,338
2026,17,NA,LV,Las Vegas Aces,NA,a7a8aa,NA,https://a.espncdn.com/i/teamlogos/wnba/500/lv.png,offensive,3PA,threePointFieldGoalsAttempted,3-Point Field Goals Attempted,The number of times a 3pt field goal was attempted.,953,953
2026,17,NA,LV,Las Vegas Aces,NA,a7a8aa,NA,https://a.espncdn.com/i/teamlogos/wnba/500/lv.png,offensive,3P%,threePointFieldGoalPct,3-Point Field Goal Percentage,The ratio of 3pt field goals made to 3pt field goals attempted: 3PM / 3PA.,35.5,35.4669451713562
2026,17,NA,LV,Las Vegas Aces,NA,a7a8aa,NA,https://a.espncdn.com/i/teamlogos/wnba/500/lv.png,offensive,2PM,avgTwoPointFieldGoalsMade,2-Point Field Goals Made per Game,The number of 2-point field goals made per game for a team or player.,24.4,24.425
2026,17,NA,LV,Las Vegas Aces,NA,a7a8aa,NA,https://a.espncdn.com/i/teamlogos/wnba/500/lv.png,offensive,2PA,avgTwoPointFieldGoalsAttempted,2-Point Field Goals Attempted per Game,The number of 2-point field goals attempted per game for a team or player.,44.5,44.45
2026,17,NA,LV,Las Vegas Aces,NA,a7a8aa,NA,https://a.espncdn.com/i/teamlogos/wnba/500/lv.png,defensive,DRPG,avgDefensiveRebounds,Defensive Rebounds Per Game,The average defensive rebounds per game.,25.8,25.825
2026,17,NA,LV,Las Vegas Aces,NA,a7a8aa,NA,https://a.espncdn.com/i/teamlogos/wnba/500/lv.png,defensive,BPG,avgBlocks,Blocks Per Game,The average blocks per game.,4.9,4.9
2026,17,NA,LV,Las Vegas Aces,NA,a7a8aa,NA,https://a.espncdn.com/i/teamlogos/wnba/500/lv.png,defensive,SPG,avgSteals,Steals Per Game,The average steals per game.,7.0,6.95
2026,17,NA,LV,Las Vegas Aces,NA,a7a8aa,NA,https://a.espncdn.com/i/teamlogos/wnba/500/lv.png,defensive,DREB,defensiveRebounds,Defensive Rebounds,The number of times when the defense obtains the possession of the ball after a missed shot by the offense.,1033,1033
2026,17,NA,LV,Las Vegas Aces,NA,a7a8aa,NA,https://a.espncdn.com/i/teamlogos/wnba/500/lv.png,defensive,STL,steals,Steals,The number of times a defensive player forced a turnover by intercepting or deflecting a pass or a dribble of an offensive player.,278,278
2026,17,NA,LV,Las Vegas Aces,NA,a7a8aa,NA,https://a.espncdn.com/i/teamlogos/wnba/500/lv.png,defensive,BLK,blocks,Blocks,"Short for blocked shot, number of times when a defensive player legally deflects a field goal attempt from an offensive player.",196,196
2026,18,NA,CON,Connecticut Sun,NA,f05023,NA,https://a.espncdn.com/i/teamlogos/wnba/500/con.png,general,RPG,avgRebounds,Rebounds Per Game,The average rebounds per game.,32.5,32.5
2026,18,NA,CON,Connecticut Sun,NA,f05023,NA,https://a.espncdn.com/i/teamlogos/wnba/500/con.png,general,AST/TO,assistTurnoverRatio,Assist To Turnover Ratio,The average number of assists a player or team records per turnover,1.4,1.4014733
2026,18,NA,CON,Connecticut Sun,NA,f05023,NA,https://a.espncdn.com/i/teamlogos/wnba/500/con.png,general,PFPG,avgFouls,Fouls Per Game,The average fouls committed per game.,22.5,22.475
2026,18,NA,CON,Connecticut Sun,NA,f05023,NA,https://a.espncdn.com/i/teamlogos/wnba/500/con.png,general,GP,gamesPlayed,Games Played,Games Played,40,40
2026,18,NA,CON,Connecticut Sun,NA,f05023,NA,https://a.espncdn.com/i/teamlogos/wnba/500/con.png,general,GS,gamesStarted,Games Started,The number of games started by an athlete.,0,0
2026,18,NA,CON,Connecticut Sun,NA,f05023,NA,https://a.espncdn.com/i/teamlogos/wnba/500/con.png,general,MPG,avgMinutes,Minutes Per Game,The average number of minutes per game.,0.0,0
2026,18,NA,CON,Connecticut Sun,NA,f05023,NA,https://a.espncdn.com/i/teamlogos/wnba/500/con.png,general,REB,totalRebounds,Rebounds,The total number of rebounds for a team or player,1300,1300
2026,18,NA,CON,Connecticut Sun,NA,f05023,NA,https://a.espncdn.com/i/teamlogos/wnba/500/con.png,general,REB,rebounds,Rebounds,The total number of rebounds (offensive and defensive).,1300,1300
2026,18,NA,CON,Connecticut Sun,NA,f05023,NA,https://a.espncdn.com/i/teamlogos/wnba/500/con.png,offensive,FT%,freeThrowPct,Free Throw Percentage,The ratio of free throws made to free throws attempted: FTM / FTA,70.8,70.775
2026,18,NA,CON,Connecticut Sun,NA,f05023,NA,https://a.espncdn.com/i/teamlogos/wnba/500/con.png,offensive,3P%,threePointPct,3-Point Field Goal Percentage,The ratio of 3pt field goals made to 3pt field goals attempted: 3PM / 3PA.,29.2,29.167
2026,18,NA,CON,Connecticut Sun,NA,f05023,NA,https://a.espncdn.com/i/teamlogos/wnba/500/con.png,offensive,AFGM,avgFieldGoalsMade,Average Field Goals Made,The average field goals made per game.,29.1,29.05
2026,18,NA,CON,Connecticut Sun,NA,f05023,NA,https://a.espncdn.com/i/teamlogos/wnba/500/con.png,offensive,AFGA,avgFieldGoalsAttempted,Average Field Goals Attempted,The average field goals attempted per game.,68.6,68.625
2026,18,NA,CON,Connecticut Sun,NA,f05023,NA,https://a.espncdn.com/i/teamlogos/wnba/500/con.png,offensive,A3PM,avgThreePointFieldGoalsMade,Average 3-Point Field Goals Made,The average three point field goals made per game.,5.8,5.775
2026,18,NA,CON,Connecticut Sun,NA,f05023,NA,https://a.espncdn.com/i/teamlogos/wnba/500/con.png,offensive,A3PA,avgThreePointFieldGoalsAttempted,Average 3-Point Field Goals Attempted,The average three point field goals attempted per game.,19.8,19.8
2026,18,NA,CON,Connecticut Sun,NA,f05023,NA,https://a.espncdn.com/i/teamlogos/wnba/500/con.png,offensive,AFTM,avgFreeThrowsMade,Average Free Throws Made,The average free throw shots made per game.,15.1,15.075
2026,18,NA,CON,Connecticut Sun,NA,f05023,NA,https://a.espncdn.com/i/teamlogos/wnba/500/con.png,offensive,AFTA,avgFreeThrowsAttempted,Average Free Throws Attempted,The average free throw shots attempted per game.,21.3,21.3
2026,18,NA,CON,Connecticut Sun,NA,f05023,NA,https://a.espncdn.com/i/teamlogos/wnba/500/con.png,offensive,PPG,avgPoints,Points Per Game,The average number of points scored per game.,79.0,78.95
2026,18,NA,CON,Connecticut Sun,NA,f05023,NA,https://a.espncdn.com/i/teamlogos/wnba/500/con.png,offensive,ORPG,avgOffensiveRebounds,Offensive Rebounds Per Game,The average offensive rebounds per game.,9.2,9.225
2026,18,NA,CON,Connecticut Sun,NA,f05023,NA,https://a.espncdn.com/i/teamlogos/wnba/500/con.png,offensive,APG,avgAssists,Assists Per Game,The average assists per game.,19.0,19.025
2026,18,NA,CON,Connecticut Sun,NA,f05023,NA,https://a.espncdn.com/i/teamlogos/wnba/500/con.png,offensive,TOPG,avgTurnovers,Turnovers Per Game,The average turnovers committed per game.,13.6,13.575
2026,18,NA,CON,Connecticut Sun,NA,f05023,NA,https://a.espncdn.com/i/teamlogos/wnba/500/con.png,offensive,2P%,twoPointFieldGoalPct,2-Point Field Goal Percentage,The percentage of 2-points fields goals made by a team or player.,47.7,47.67025113105774
2026,18,NA,CON,Connecticut Sun,NA,f05023,NA,https://a.espncdn.com/i/teamlogos/wnba/500/con.png,offensive,SC-EFF,scoringEfficiency,Scoring Efficiency,The efficiency with which a team or player scores the basketball.,1.150,1.1504554
2026,18,NA,CON,Connecticut Sun,NA,f05023,NA,https://a.espncdn.com/i/teamlogos/wnba/500/con.png,offensive,SH-EFF,shootingEfficiency,Shooting Efficiency,The efficiency with which a team or player shoots the basketball.,0.47,0.46539164
2026,18,NA,CON,Connecticut Sun,NA,f05023,NA,https://a.espncdn.com/i/teamlogos/wnba/500/con.png,offensive,FG%,fieldGoalPct,Field Goal Percentage,The ratio of field goals made to field goals attempted: FGM / FGA,42.3,42.332
2026,18,NA,CON,Connecticut Sun,NA,f05023,NA,https://a.espncdn.com/i/teamlogos/wnba/500/con.png,offensive,2PM,twoPointFieldGoalsMade,2-Point Field Goals Made,The number of 2-point field goals made for a team or player.,931.0,931
2026,18,NA,CON,Connecticut Sun,NA,f05023,NA,https://a.espncdn.com/i/teamlogos/wnba/500/con.png,offensive,2PA,twoPointFieldGoalsAttempted,2-Point Field Goals Attempted,The number of 2-point field goals attempted for a team or player.,1953.0,1953
2026,18,NA,CON,Connecticut Sun,NA,f05023,NA,https://a.espncdn.com/i/teamlogos/wnba/500/con.png,offensive,PTS,points,Points,The number of points scored.,3158,3158
2026,18,NA,CON,Connecticut Sun,NA,f05023,NA,https://a.espncdn.com/i/teamlogos/wnba/500/con.png,offensive,OREB,offensiveRebounds,Offensive Rebounds,The number of times when the offense obtains the possession of the ball after a missed shot.,369,369
2026,18,NA,CON,Connecticut Sun,NA,f05023,NA,https://a.espncdn.com/i/teamlogos/wnba/500/con.png,offensive,AST,assists,Assists,"The number of times a player who passes the ball to a teammate in a way that leads to a score by field goal, meaning that he or she was ""assisting"" in the basket. There is some judgment involved in deciding whether a passer should be credited with an assist.",761,761
2026,18,NA,CON,Connecticut Sun,NA,f05023,NA,https://a.espncdn.com/i/teamlogos/wnba/500/con.png,offensive,TO,turnovers,Turnovers,The number of times a player loses possession to the other team.,543,543
2026,18,NA,CON,Connecticut Sun,NA,f05023,NA,https://a.espncdn.com/i/teamlogos/wnba/500/con.png,offensive,FGM,fieldGoalsMade,Field Goals Made,The number of times a 2pt field goal was made.,1162,1162
2026,18,NA,CON,Connecticut Sun,NA,f05023,NA,https://a.espncdn.com/i/teamlogos/wnba/500/con.png,offensive,FGA,fieldGoalsAttempted,Field Goals Attempted,The number of times a 2pt field goal was attempted.,2745,2745
2026,18,NA,CON,Connecticut Sun,NA,f05023,NA,https://a.espncdn.com/i/teamlogos/wnba/500/con.png,offensive,FTM,freeThrowsMade,Free Throws Made,The number of times a free throw was made.,603,603
2026,18,NA,CON,Connecticut Sun,NA,f05023,NA,https://a.espncdn.com/i/teamlogos/wnba/500/con.png,offensive,FTA,freeThrowsAttempted,Free Throws Attempted,The number of times a free throw was attempted.,852,852
2026,18,NA,CON,Connecticut Sun,NA,f05023,NA,https://a.espncdn.com/i/teamlogos/wnba/500/con.png,offensive,3PM,threePointFieldGoalsMade,3-Point Field Goals Made,The number of times a 3pt field goal was made.,231,231
2026,18,NA,CON,Connecticut Sun,NA,f05023,NA,https://a.espncdn.com/i/teamlogos/wnba/500/con.png,offensive,3PA,threePointFieldGoalsAttempted,3-Point Field Goals Attempted,The number of times a 3pt field goal was attempted.,792,792
2026,18,NA,CON,Connecticut Sun,NA,f05023,NA,https://a.espncdn.com/i/teamlogos/wnba/500/con.png,offensive,3P%,threePointFieldGoalPct,3-Point Field Goal Percentage,The ratio of 3pt field goals made to 3pt field goals attempted: 3PM / 3PA.,29.2,29.16666567325592
2026,18,NA,CON,Connecticut Sun,NA,f05023,NA,https://a.espncdn.com/i/teamlogos/wnba/500/con.png,offensive,2PM,avgTwoPointFieldGoalsMade,2-Point Field Goals Made per Game,The number of 2-point field goals made per game for a team or player.,23.3,23.275
2026,18,NA,CON,Connecticut Sun,NA,f05023,NA,https://a.espncdn.com/i/teamlogos/wnba/500/con.png,offensive,2PA,avgTwoPointFieldGoalsAttempted,2-Point Field Goals Attempted per Game,The number of 2-point field goals attempted per game for a team or player.,48.8,48.825
2026,18,NA,CON,Connecticut Sun,NA,f05023,NA,https://a.espncdn.com/i/teamlogos/wnba/500/con.png,defensive,DRPG,avgDefensiveRebounds,Defensive Rebounds Per Game,The average defensive rebounds per game.,23.3,23.275
2026,18,NA,CON,Connecticut Sun,NA,f05023,NA,https://a.espncdn.com/i/teamlogos/wnba/500/con.png,defensive,BPG,avgBlocks,Blocks Per Game,The average blocks per game.,4.5,4.475
2026,18,NA,CON,Connecticut Sun,NA,f05023,NA,https://a.espncdn.com/i/teamlogos/wnba/500/con.png,defensive,SPG,avgSteals,Steals Per Game,The average steals per game.,8.1,8.1
2026,18,NA,CON,Connecticut Sun,NA,f05023,NA,https://a.espncdn.com/i/teamlogos/wnba/500/con.png,defensive,DREB,defensiveRebounds,Defensive Rebounds,The number of times when the defense obtains the possession of the ball after a missed shot by the offense.,931,931
2026,18,NA,CON,Connecticut Sun,NA,f05023,NA,https://a.espncdn.com/i/teamlogos/wnba/500/con.png,defensive,STL,steals,Steals,The number of times a defensive player forced a turnover by intercepting or deflecting a pass or a dribble of an offensive player.,324,324
2026,18,NA,CON,Connecticut Sun,NA,f05023,NA,https://a.espncdn.com/i/teamlogos/wnba/500/con.png,defensive,BLK,blocks,Blocks,"Short for blocked shot, number of times when a defensive player legally deflects a field goal attempt from an offensive player.",179,179
2026,19,NA,CHI,Chicago Sky,NA,5091cd,NA,https://a.espncdn.com/i/teamlogos/wnba/500/chi.png,general,RPG,avgRebounds,Rebounds Per Game,The average rebounds per game.,33.3,33.3
2026,19,NA,CHI,Chicago Sky,NA,5091cd,NA,https://a.espncdn.com/i/teamlogos/wnba/500/chi.png,general,AST/TO,assistTurnoverRatio,Assist To Turnover Ratio,The average number of assists a player or team records per turnover,1.7,1.6990099
2026,19,NA,CHI,Chicago Sky,NA,5091cd,NA,https://a.espncdn.com/i/teamlogos/wnba/500/chi.png,general,PFPG,avgFouls,Fouls Per Game,The average fouls committed per game.,21.2,21.15
2026,19,NA,CHI,Chicago Sky,NA,5091cd,NA,https://a.espncdn.com/i/teamlogos/wnba/500/chi.png,general,GP,gamesPlayed,Games Played,Games Played,40,40
2026,19,NA,CHI,Chicago Sky,NA,5091cd,NA,https://a.espncdn.com/i/teamlogos/wnba/500/chi.png,general,GS,gamesStarted,Games Started,The number of games started by an athlete.,0,0
2026,19,NA,CHI,Chicago Sky,NA,5091cd,NA,https://a.espncdn.com/i/teamlogos/wnba/500/chi.png,general,MPG,avgMinutes,Minutes Per Game,The average number of minutes per game.,0.0,0
2026,19,NA,CHI,Chicago Sky,NA,5091cd,NA,https://a.espncdn.com/i/teamlogos/wnba/500/chi.png,general,REB,totalRebounds,Rebounds,The total number of rebounds for a team or player,1332,1332
2026,19,NA,CHI,Chicago Sky,NA,5091cd,NA,https://a.espncdn.com/i/teamlogos/wnba/500/chi.png,general,REB,rebounds,Rebounds,The total number of rebounds (offensive and defensive).,1332,1332
2026,19,NA,CHI,Chicago Sky,NA,5091cd,NA,https://a.espncdn.com/i/teamlogos/wnba/500/chi.png,offensive,FT%,freeThrowPct,Free Throw Percentage,The ratio of free throws made to free throws attempted: FTM / FTA,76.6,76.623
2026,19,NA,CHI,Chicago Sky,NA,5091cd,NA,https://a.espncdn.com/i/teamlogos/wnba/500/chi.png,offensive,3P%,threePointPct,3-Point Field Goal Percentage,The ratio of 3pt field goals made to 3pt field goals attempted: 3PM / 3PA.,31.7,31.686
2026,19,NA,CHI,Chicago Sky,NA,5091cd,NA,https://a.espncdn.com/i/teamlogos/wnba/500/chi.png,offensive,AFGM,avgFieldGoalsMade,Average Field Goals Made,The average field goals made per game.,30.8,30.8
2026,19,NA,CHI,Chicago Sky,NA,5091cd,NA,https://a.espncdn.com/i/teamlogos/wnba/500/chi.png,offensive,AFGA,avgFieldGoalsAttempted,Average Field Goals Attempted,The average field goals attempted per game.,69.8,69.775
2026,19,NA,CHI,Chicago Sky,NA,5091cd,NA,https://a.espncdn.com/i/teamlogos/wnba/500/chi.png,offensive,A3PM,avgThreePointFieldGoalsMade,Average 3-Point Field Goals Made,The average three point field goals made per game.,7.4,7.375
2026,19,NA,CHI,Chicago Sky,NA,5091cd,NA,https://a.espncdn.com/i/teamlogos/wnba/500/chi.png,offensive,A3PA,avgThreePointFieldGoalsAttempted,Average 3-Point Field Goals Attempted,The average three point field goals attempted per game.,23.3,23.275
2026,19,NA,CHI,Chicago Sky,NA,5091cd,NA,https://a.espncdn.com/i/teamlogos/wnba/500/chi.png,offensive,AFTM,avgFreeThrowsMade,Average Free Throws Made,The average free throw shots made per game.,17.7,17.7
2026,19,NA,CHI,Chicago Sky,NA,5091cd,NA,https://a.espncdn.com/i/teamlogos/wnba/500/chi.png,offensive,AFTA,avgFreeThrowsAttempted,Average Free Throws Attempted,The average free throw shots attempted per game.,23.1,23.1
2026,19,NA,CHI,Chicago Sky,NA,5091cd,NA,https://a.espncdn.com/i/teamlogos/wnba/500/chi.png,offensive,PPG,avgPoints,Points Per Game,The average number of points scored per game.,86.7,86.675
2026,19,NA,CHI,Chicago Sky,NA,5091cd,NA,https://a.espncdn.com/i/teamlogos/wnba/500/chi.png,offensive,ORPG,avgOffensiveRebounds,Offensive Rebounds Per Game,The average offensive rebounds per game.,7.9,7.925
2026,19,NA,CHI,Chicago Sky,NA,5091cd,NA,https://a.espncdn.com/i/teamlogos/wnba/500/chi.png,offensive,APG,avgAssists,Assists Per Game,The average assists per game.,21.5,21.45
2026,19,NA,CHI,Chicago Sky,NA,5091cd,NA,https://a.espncdn.com/i/teamlogos/wnba/500/chi.png,offensive,TOPG,avgTurnovers,Turnovers Per Game,The average turnovers committed per game.,12.6,12.625
2026,19,NA,CHI,Chicago Sky,NA,5091cd,NA,https://a.espncdn.com/i/teamlogos/wnba/500/chi.png,offensive,2P%,twoPointFieldGoalPct,2-Point Field Goal Percentage,The percentage of 2-points fields goals made by a team or player.,50.4,50.376343727111816
2026,19,NA,CHI,Chicago Sky,NA,5091cd,NA,https://a.espncdn.com/i/teamlogos/wnba/500/chi.png,offensive,SC-EFF,scoringEfficiency,Scoring Efficiency,The efficiency with which a team or player scores the basketball.,1.242,1.242207
2026,19,NA,CHI,Chicago Sky,NA,5091cd,NA,https://a.espncdn.com/i/teamlogos/wnba/500/chi.png,offensive,SH-EFF,shootingEfficiency,Shooting Efficiency,The efficiency with which a team or player shoots the basketball.,0.49,0.49426728
2026,19,NA,CHI,Chicago Sky,NA,5091cd,NA,https://a.espncdn.com/i/teamlogos/wnba/500/chi.png,offensive,FG%,fieldGoalPct,Field Goal Percentage,The ratio of field goals made to field goals attempted: FGM / FGA,44.1,44.142
2026,19,NA,CHI,Chicago Sky,NA,5091cd,NA,https://a.espncdn.com/i/teamlogos/wnba/500/chi.png,offensive,2PM,twoPointFieldGoalsMade,2-Point Field Goals Made,The number of 2-point field goals made for a team or player.,937.0,937
2026,19,NA,CHI,Chicago Sky,NA,5091cd,NA,https://a.espncdn.com/i/teamlogos/wnba/500/chi.png,offensive,2PA,twoPointFieldGoalsAttempted,2-Point Field Goals Attempted,The number of 2-point field goals attempted for a team or player.,1860.0,1860
2026,19,NA,CHI,Chicago Sky,NA,5091cd,NA,https://a.espncdn.com/i/teamlogos/wnba/500/chi.png,offensive,PTS,points,Points,The number of points scored.,3467,3467
2026,19,NA,CHI,Chicago Sky,NA,5091cd,NA,https://a.espncdn.com/i/teamlogos/wnba/500/chi.png,offensive,OREB,offensiveRebounds,Offensive Rebounds,The number of times when the offense obtains the possession of the ball after a missed shot.,317,317
2026,19,NA,CHI,Chicago Sky,NA,5091cd,NA,https://a.espncdn.com/i/teamlogos/wnba/500/chi.png,offensive,AST,assists,Assists,"The number of times a player who passes the ball to a teammate in a way that leads to a score by field goal, meaning that he or she was ""assisting"" in the basket. There is some judgment involved in deciding whether a passer should be credited with an assist.",858,858
2026,19,NA,CHI,Chicago Sky,NA,5091cd,NA,https://a.espncdn.com/i/teamlogos/wnba/500/chi.png,offensive,TO,turnovers,Turnovers,The number of times a player loses possession to the other team.,505,505
2026,19,NA,CHI,Chicago Sky,NA,5091cd,NA,https://a.espncdn.com/i/teamlogos/wnba/500/chi.png,offensive,FGM,fieldGoalsMade,Field Goals Made,The number of times a 2pt field goal was made.,1232,1232
2026,19,NA,CHI,Chicago Sky,NA,5091cd,NA,https://a.espncdn.com/i/teamlogos/wnba/500/chi.png,offensive,FGA,fieldGoalsAttempted,Field Goals Attempted,The number of times a 2pt field goal was attempted.,2791,2791
2026,19,NA,CHI,Chicago Sky,NA,5091cd,NA,https://a.espncdn.com/i/teamlogos/wnba/500/chi.png,offensive,FTM,freeThrowsMade,Free Throws Made,The number of times a free throw was made.,708,708
2026,19,NA,CHI,Chicago Sky,NA,5091cd,NA,https://a.espncdn.com/i/teamlogos/wnba/500/chi.png,offensive,FTA,freeThrowsAttempted,Free Throws Attempted,The number of times a free throw was attempted.,924,924
2026,19,NA,CHI,Chicago Sky,NA,5091cd,NA,https://a.espncdn.com/i/teamlogos/wnba/500/chi.png,offensive,3PM,threePointFieldGoalsMade,3-Point Field Goals Made,The number of times a 3pt field goal was made.,295,295
2026,19,NA,CHI,Chicago Sky,NA,5091cd,NA,https://a.espncdn.com/i/teamlogos/wnba/500/chi.png,offensive,3PA,threePointFieldGoalsAttempted,3-Point Field Goals Attempted,The number of times a 3pt field goal was attempted.,931,931
2026,19,NA,CHI,Chicago Sky,NA,5091cd,NA,https://a.espncdn.com/i/teamlogos/wnba/500/chi.png,offensive,3P%,threePointFieldGoalPct,3-Point Field Goal Percentage,The ratio of 3pt field goals made to 3pt field goals attempted: 3PM / 3PA.,31.7,31.686359643936157
2026,19,NA,CHI,Chicago Sky,NA,5091cd,NA,https://a.espncdn.com/i/teamlogos/wnba/500/chi.png,offensive,2PM,avgTwoPointFieldGoalsMade,2-Point Field Goals Made per Game,The number of 2-point field goals made per game for a team or player.,23.4,23.425
2026,19,NA,CHI,Chicago Sky,NA,5091cd,NA,https://a.espncdn.com/i/teamlogos/wnba/500/chi.png,offensive,2PA,avgTwoPointFieldGoalsAttempted,2-Point Field Goals Attempted per Game,The number of 2-point field goals attempted per game for a team or player.,46.5,46.5
2026,19,NA,CHI,Chicago Sky,NA,5091cd,NA,https://a.espncdn.com/i/teamlogos/wnba/500/chi.png,defensive,DRPG,avgDefensiveRebounds,Defensive Rebounds Per Game,The average defensive rebounds per game.,25.4,25.375
2026,19,NA,CHI,Chicago Sky,NA,5091cd,NA,https://a.espncdn.com/i/teamlogos/wnba/500/chi.png,defensive,BPG,avgBlocks,Blocks Per Game,The average blocks per game.,4.7,4.7
2026,19,NA,CHI,Chicago Sky,NA,5091cd,NA,https://a.espncdn.com/i/teamlogos/wnba/500/chi.png,defensive,SPG,avgSteals,Steals Per Game,The average steals per game.,7.1,7.05
2026,19,NA,CHI,Chicago Sky,NA,5091cd,NA,https://a.espncdn.com/i/teamlogos/wnba/500/chi.png,defensive,DREB,defensiveRebounds,Defensive Rebounds,The number of times when the defense obtains the possession of the ball after a missed shot by the offense.,1015,1015
2026,19,NA,CHI,Chicago Sky,NA,5091cd,NA,https://a.espncdn.com/i/teamlogos/wnba/500/chi.png,defensive,STL,steals,Steals,The number of times a defensive player forced a turnover by intercepting or deflecting a pass or a dribble of an offensive player.,282,282
2026,19,NA,CHI,Chicago Sky,NA,5091cd,NA,https://a.espncdn.com/i/teamlogos/wnba/500/chi.png,defensive,BLK,blocks,Blocks,"Short for blocked shot, number of times when a defensive player legally deflects a field goal attempt from an offensive player.",188,188
2026,20,NA,ATL,Atlanta Dream,NA,e31837,NA,https://a.espncdn.com/i/teamlogos/wnba/500/atl.png,general,RPG,avgRebounds,Rebounds Per Game,The average rebounds per game.,35.6,35.55
2026,20,NA,ATL,Atlanta Dream,NA,e31837,NA,https://a.espncdn.com/i/teamlogos/wnba/500/atl.png,general,AST/TO,assistTurnoverRatio,Assist To Turnover Ratio,The average number of assists a player or team records per turnover,1.6,1.6087786
2026,20,NA,ATL,Atlanta Dream,NA,e31837,NA,https://a.espncdn.com/i/teamlogos/wnba/500/atl.png,general,PFPG,avgFouls,Fouls Per Game,The average fouls committed per game.,19.8,19.8
2026,20,NA,ATL,Atlanta Dream,NA,e31837,NA,https://a.espncdn.com/i/teamlogos/wnba/500/atl.png,general,GP,gamesPlayed,Games Played,Games Played,40,40
2026,20,NA,ATL,Atlanta Dream,NA,e31837,NA,https://a.espncdn.com/i/teamlogos/wnba/500/atl.png,general,GS,gamesStarted,Games Started,The number of games started by an athlete.,0,0
2026,20,NA,ATL,Atlanta Dream,NA,e31837,NA,https://a.espncdn.com/i/teamlogos/wnba/500/atl.png,general,MPG,avgMinutes,Minutes Per Game,The average number of minutes per game.,0.0,0
2026,20,NA,ATL,Atlanta Dream,NA,e31837,NA,https://a.espncdn.com/i/teamlogos/wnba/500/atl.png,general,REB,totalRebounds,Rebounds,The total number of rebounds for a team or player,1422,1422
2026,20,NA,ATL,Atlanta Dream,NA,e31837,NA,https://a.espncdn.com/i/teamlogos/wnba/500/atl.png,general,REB,rebounds,Rebounds,The total number of rebounds (offensive and defensive).,1422,1422
2026,20,NA,ATL,Atlanta Dream,NA,e31837,NA,https://a.espncdn.com/i/teamlogos/wnba/500/atl.png,offensive,FT%,freeThrowPct,Free Throw Percentage,The ratio of free throws made to free throws attempted: FTM / FTA,78.7,78.652
2026,20,NA,ATL,Atlanta Dream,NA,e31837,NA,https://a.espncdn.com/i/teamlogos/wnba/500/atl.png,offensive,3P%,threePointPct,3-Point Field Goal Percentage,The ratio of 3pt field goals made to 3pt field goals attempted: 3PM / 3PA.,32.4,32.418
2026,20,NA,ATL,Atlanta Dream,NA,e31837,NA,https://a.espncdn.com/i/teamlogos/wnba/500/atl.png,offensive,AFGM,avgFieldGoalsMade,Average Field Goals Made,The average field goals made per game.,31.4,31.35
2026,20,NA,ATL,Atlanta Dream,NA,e31837,NA,https://a.espncdn.com/i/teamlogos/wnba/500/atl.png,offensive,AFGA,avgFieldGoalsAttempted,Average Field Goals Attempted,The average field goals attempted per game.,71.4,71.375
2026,20,NA,ATL,Atlanta Dream,NA,e31837,NA,https://a.espncdn.com/i/teamlogos/wnba/500/atl.png,offensive,A3PM,avgThreePointFieldGoalsMade,Average 3-Point Field Goals Made,The average three point field goals made per game.,8.9,8.85
2026,20,NA,ATL,Atlanta Dream,NA,e31837,NA,https://a.espncdn.com/i/teamlogos/wnba/500/atl.png,offensive,A3PA,avgThreePointFieldGoalsAttempted,Average 3-Point Field Goals Attempted,The average three point field goals attempted per game.,27.3,27.3
2026,20,NA,ATL,Atlanta Dream,NA,e31837,NA,https://a.espncdn.com/i/teamlogos/wnba/500/atl.png,offensive,AFTM,avgFreeThrowsMade,Average Free Throws Made,The average free throw shots made per game.,19.3,19.25
2026,20,NA,ATL,Atlanta Dream,NA,e31837,NA,https://a.espncdn.com/i/teamlogos/wnba/500/atl.png,offensive,AFTA,avgFreeThrowsAttempted,Average Free Throws Attempted,The average free throw shots attempted per game.,24.5,24.475
2026,20,NA,ATL,Atlanta Dream,NA,e31837,NA,https://a.espncdn.com/i/teamlogos/wnba/500/atl.png,offensive,PPG,avgPoints,Points Per Game,The average number of points scored per game.,90.8,90.8
2026,20,NA,ATL,Atlanta Dream,NA,e31837,NA,https://a.espncdn.com/i/teamlogos/wnba/500/atl.png,offensive,ORPG,avgOffensiveRebounds,Offensive Rebounds Per Game,The average offensive rebounds per game.,10.9,10.925
2026,20,NA,ATL,Atlanta Dream,NA,e31837,NA,https://a.espncdn.com/i/teamlogos/wnba/500/atl.png,offensive,APG,avgAssists,Assists Per Game,The average assists per game.,21.1,21.075
2026,20,NA,ATL,Atlanta Dream,NA,e31837,NA,https://a.espncdn.com/i/teamlogos/wnba/500/atl.png,offensive,TOPG,avgTurnovers,Turnovers Per Game,The average turnovers committed per game.,13.1,13.1
2026,20,NA,ATL,Atlanta Dream,NA,e31837,NA,https://a.espncdn.com/i/teamlogos/wnba/500/atl.png,offensive,2P%,twoPointFieldGoalPct,2-Point Field Goal Percentage,The percentage of 2-points fields goals made by a team or player.,51.0,51.04934573173523
2026,20,NA,ATL,Atlanta Dream,NA,e31837,NA,https://a.espncdn.com/i/teamlogos/wnba/500/atl.png,offensive,SC-EFF,scoringEfficiency,Scoring Efficiency,The efficiency with which a team or player scores the basketball.,1.272,1.2721541
2026,20,NA,ATL,Atlanta Dream,NA,e31837,NA,https://a.espncdn.com/i/teamlogos/wnba/500/atl.png,offensive,SH-EFF,shootingEfficiency,Shooting Efficiency,The efficiency with which a team or player shoots the basketball.,0.50,0.50122595
2026,20,NA,ATL,Atlanta Dream,NA,e31837,NA,https://a.espncdn.com/i/teamlogos/wnba/500/atl.png,offensive,FG%,fieldGoalPct,Field Goal Percentage,The ratio of field goals made to field goals attempted: FGM / FGA,43.9,43.923
2026,20,NA,ATL,Atlanta Dream,NA,e31837,NA,https://a.espncdn.com/i/teamlogos/wnba/500/atl.png,offensive,2PM,twoPointFieldGoalsMade,2-Point Field Goals Made,The number of 2-point field goals made for a team or player.,900.0,900
2026,20,NA,ATL,Atlanta Dream,NA,e31837,NA,https://a.espncdn.com/i/teamlogos/wnba/500/atl.png,offensive,2PA,twoPointFieldGoalsAttempted,2-Point Field Goals Attempted,The number of 2-point field goals attempted for a team or player.,1763.0,1763
2026,20,NA,ATL,Atlanta Dream,NA,e31837,NA,https://a.espncdn.com/i/teamlogos/wnba/500/atl.png,offensive,PTS,points,Points,The number of points scored.,3632,3632
2026,20,NA,ATL,Atlanta Dream,NA,e31837,NA,https://a.espncdn.com/i/teamlogos/wnba/500/atl.png,offensive,OREB,offensiveRebounds,Offensive Rebounds,The number of times when the offense obtains the possession of the ball after a missed shot.,437,437
2026,20,NA,ATL,Atlanta Dream,NA,e31837,NA,https://a.espncdn.com/i/teamlogos/wnba/500/atl.png,offensive,AST,assists,Assists,"The number of times a player who passes the ball to a teammate in a way that leads to a score by field goal, meaning that he or she was ""assisting"" in the basket. There is some judgment involved in deciding whether a passer should be credited with an assist.",843,843
2026,20,NA,ATL,Atlanta Dream,NA,e31837,NA,https://a.espncdn.com/i/teamlogos/wnba/500/atl.png,offensive,TO,turnovers,Turnovers,The number of times a player loses possession to the other team.,524,524
2026,20,NA,ATL,Atlanta Dream,NA,e31837,NA,https://a.espncdn.com/i/teamlogos/wnba/500/atl.png,offensive,FGM,fieldGoalsMade,Field Goals Made,The number of times a 2pt field goal was made.,1254,1254
2026,20,NA,ATL,Atlanta Dream,NA,e31837,NA,https://a.espncdn.com/i/teamlogos/wnba/500/atl.png,offensive,FGA,fieldGoalsAttempted,Field Goals Attempted,The number of times a 2pt field goal was attempted.,2855,2855
2026,20,NA,ATL,Atlanta Dream,NA,e31837,NA,https://a.espncdn.com/i/teamlogos/wnba/500/atl.png,offensive,FTM,freeThrowsMade,Free Throws Made,The number of times a free throw was made.,770,770
2026,20,NA,ATL,Atlanta Dream,NA,e31837,NA,https://a.espncdn.com/i/teamlogos/wnba/500/atl.png,offensive,FTA,freeThrowsAttempted,Free Throws Attempted,The number of times a free throw was attempted.,979,979
2026,20,NA,ATL,Atlanta Dream,NA,e31837,NA,https://a.espncdn.com/i/teamlogos/wnba/500/atl.png,offensive,3PM,threePointFieldGoalsMade,3-Point Field Goals Made,The number of times a 3pt field goal was made.,354,354
2026,20,NA,ATL,Atlanta Dream,NA,e31837,NA,https://a.espncdn.com/i/teamlogos/wnba/500/atl.png,offensive,3PA,threePointFieldGoalsAttempted,3-Point Field Goals Attempted,The number of times a 3pt field goal was attempted.,1092,1092
2026,20,NA,ATL,Atlanta Dream,NA,e31837,NA,https://a.espncdn.com/i/teamlogos/wnba/500/atl.png,offensive,3P%,threePointFieldGoalPct,3-Point Field Goal Percentage,The ratio of 3pt field goals made to 3pt field goals attempted: 3PM / 3PA.,32.4,32.41758346557617
2026,20,NA,ATL,Atlanta Dream,NA,e31837,NA,https://a.espncdn.com/i/teamlogos/wnba/500/atl.png,offensive,2PM,avgTwoPointFieldGoalsMade,2-Point Field Goals Made per Game,The number of 2-point field goals made per game for a team or player.,22.5,22.5
2026,20,NA,ATL,Atlanta Dream,NA,e31837,NA,https://a.espncdn.com/i/teamlogos/wnba/500/atl.png,offensive,2PA,avgTwoPointFieldGoalsAttempted,2-Point Field Goals Attempted per Game,The number of 2-point field goals attempted per game for a team or player.,44.1,44.075
2026,20,NA,ATL,Atlanta Dream,NA,e31837,NA,https://a.espncdn.com/i/teamlogos/wnba/500/atl.png,defensive,DRPG,avgDefensiveRebounds,Defensive Rebounds Per Game,The average defensive rebounds per game.,24.6,24.625
2026,20,NA,ATL,Atlanta Dream,NA,e31837,NA,https://a.espncdn.com/i/teamlogos/wnba/500/atl.png,defensive,BPG,avgBlocks,Blocks Per Game,The average blocks per game.,3.3,3.3
2026,20,NA,ATL,Atlanta Dream,NA,e31837,NA,https://a.espncdn.com/i/teamlogos/wnba/500/atl.png,defensive,SPG,avgSteals,Steals Per Game,The average steals per game.,9.0,8.95
2026,20,NA,ATL,Atlanta Dream,NA,e31837,NA,https://a.espncdn.com/i/teamlogos/wnba/500/atl.png,defensive,DREB,defensiveRebounds,Defensive Rebounds,The number of times when the defense obtains the possession of the ball after a missed shot by the offense.,985,985
2026,20,NA,ATL,Atlanta Dream,NA,e31837,NA,https://a.espncdn.com/i/teamlogos/wnba/500/atl.png,defensive,STL,steals,Steals,The number of times a defensive player forced a turnover by intercepting or deflecting a pass or a dribble of an offensive player.,358,358
2026,20,NA,ATL,Atlanta Dream,NA,e31837,NA,https://a.espncdn.com/i/teamlogos/wnba/500/atl.png,defensive,BLK,blocks,Blocks,"Short for blocked shot, number of times when a defensive player legally deflects a field goal attempt from an offensive player.",132,132
2026,3,NA,DAL,Dallas Wings,NA,002b5c,NA,https://a.espncdn.com/i/teamlogos/wnba/500/dal.png,general,RPG,avgRebounds,Rebounds Per Game,The average rebounds per game.,34.3,34.275
2026,3,NA,DAL,Dallas Wings,NA,002b5c,NA,https://a.espncdn.com/i/teamlogos/wnba/500/dal.png,general,AST/TO,assistTurnoverRatio,Assist To Turnover Ratio,The average number of assists a player or team records per turnover,2.0,1.9885845
2026,3,NA,DAL,Dallas Wings,NA,002b5c,NA,https://a.espncdn.com/i/teamlogos/wnba/500/dal.png,general,PFPG,avgFouls,Fouls Per Game,The average fouls committed per game.,18.4,18.35
2026,3,NA,DAL,Dallas Wings,NA,002b5c,NA,https://a.espncdn.com/i/teamlogos/wnba/500/dal.png,general,GP,gamesPlayed,Games Played,Games Played,40,40
2026,3,NA,DAL,Dallas Wings,NA,002b5c,NA,https://a.espncdn.com/i/teamlogos/wnba/500/dal.png,general,GS,gamesStarted,Games Started,The number of games started by an athlete.,0,0
2026,3,NA,DAL,Dallas Wings,NA,002b5c,NA,https://a.espncdn.com/i/teamlogos/wnba/500/dal.png,general,MPG,avgMinutes,Minutes Per Game,The average number of minutes per game.,0.0,0
2026,3,NA,DAL,Dallas Wings,NA,002b5c,NA,https://a.espncdn.com/i/teamlogos/wnba/500/dal.png,general,REB,totalRebounds,Rebounds,The total number of rebounds for a team or player,1371,1371
2026,3,NA,DAL,Dallas Wings,NA,002b5c,NA,https://a.espncdn.com/i/teamlogos/wnba/500/dal.png,general,REB,rebounds,Rebounds,The total number of rebounds (offensive and defensive).,1371,1371
2026,3,NA,DAL,Dallas Wings,NA,002b5c,NA,https://a.espncdn.com/i/teamlogos/wnba/500/dal.png,offensive,FT%,freeThrowPct,Free Throw Percentage,The ratio of free throws made to free throws attempted: FTM / FTA,79.1,79.133
2026,3,NA,DAL,Dallas Wings,NA,002b5c,NA,https://a.espncdn.com/i/teamlogos/wnba/500/dal.png,offensive,3P%,threePointPct,3-Point Field Goal Percentage,The ratio of 3pt field goals made to 3pt field goals attempted: 3PM / 3PA.,34.2,34.244
2026,3,NA,DAL,Dallas Wings,NA,002b5c,NA,https://a.espncdn.com/i/teamlogos/wnba/500/dal.png,offensive,AFGM,avgFieldGoalsMade,Average Field Goals Made,The average field goals made per game.,33.1,33.125
2026,3,NA,DAL,Dallas Wings,NA,002b5c,NA,https://a.espncdn.com/i/teamlogos/wnba/500/dal.png,offensive,AFGA,avgFieldGoalsAttempted,Average Field Goals Attempted,The average field goals attempted per game.,70.9,70.9
2026,3,NA,DAL,Dallas Wings,NA,002b5c,NA,https://a.espncdn.com/i/teamlogos/wnba/500/dal.png,offensive,A3PM,avgThreePointFieldGoalsMade,Average 3-Point Field Goals Made,The average three point field goals made per game.,8.2,8.15
2026,3,NA,DAL,Dallas Wings,NA,002b5c,NA,https://a.espncdn.com/i/teamlogos/wnba/500/dal.png,offensive,A3PA,avgThreePointFieldGoalsAttempted,Average 3-Point Field Goals Attempted,The average three point field goals attempted per game.,23.8,23.8
2026,3,NA,DAL,Dallas Wings,NA,002b5c,NA,https://a.espncdn.com/i/teamlogos/wnba/500/dal.png,offensive,AFTM,avgFreeThrowsMade,Average Free Throws Made,The average free throw shots made per game.,14.6,14.6
2026,3,NA,DAL,Dallas Wings,NA,002b5c,NA,https://a.espncdn.com/i/teamlogos/wnba/500/dal.png,offensive,AFTA,avgFreeThrowsAttempted,Average Free Throws Attempted,The average free throw shots attempted per game.,18.5,18.45
2026,3,NA,DAL,Dallas Wings,NA,002b5c,NA,https://a.espncdn.com/i/teamlogos/wnba/500/dal.png,offensive,PPG,avgPoints,Points Per Game,The average number of points scored per game.,89.0,89
2026,3,NA,DAL,Dallas Wings,NA,002b5c,NA,https://a.espncdn.com/i/teamlogos/wnba/500/dal.png,offensive,ORPG,avgOffensiveRebounds,Offensive Rebounds Per Game,The average offensive rebounds per game.,8.5,8.5
2026,3,NA,DAL,Dallas Wings,NA,002b5c,NA,https://a.espncdn.com/i/teamlogos/wnba/500/dal.png,offensive,APG,avgAssists,Assists Per Game,The average assists per game.,21.8,21.775
2026,3,NA,DAL,Dallas Wings,NA,002b5c,NA,https://a.espncdn.com/i/teamlogos/wnba/500/dal.png,offensive,TOPG,avgTurnovers,Turnovers Per Game,The average turnovers committed per game.,11.0,10.95
2026,3,NA,DAL,Dallas Wings,NA,002b5c,NA,https://a.espncdn.com/i/teamlogos/wnba/500/dal.png,offensive,2P%,twoPointFieldGoalPct,2-Point Field Goal Percentage,The percentage of 2-points fields goals made by a team or player.,53.0,53.02547812461853
2026,3,NA,DAL,Dallas Wings,NA,002b5c,NA,https://a.espncdn.com/i/teamlogos/wnba/500/dal.png,offensive,SC-EFF,scoringEfficiency,Scoring Efficiency,The efficiency with which a team or player scores the basketball.,1.255,1.2552892
2026,3,NA,DAL,Dallas Wings,NA,002b5c,NA,https://a.espncdn.com/i/teamlogos/wnba/500/dal.png,offensive,SH-EFF,shootingEfficiency,Shooting Efficiency,The efficiency with which a team or player shoots the basketball.,0.52,0.52468264
2026,3,NA,DAL,Dallas Wings,NA,002b5c,NA,https://a.espncdn.com/i/teamlogos/wnba/500/dal.png,offensive,FG%,fieldGoalPct,Field Goal Percentage,The ratio of field goals made to field goals attempted: FGM / FGA,46.7,46.721
2026,3,NA,DAL,Dallas Wings,NA,002b5c,NA,https://a.espncdn.com/i/teamlogos/wnba/500/dal.png,offensive,2PM,twoPointFieldGoalsMade,2-Point Field Goals Made,The number of 2-point field goals made for a team or player.,999.0,999
2026,3,NA,DAL,Dallas Wings,NA,002b5c,NA,https://a.espncdn.com/i/teamlogos/wnba/500/dal.png,offensive,2PA,twoPointFieldGoalsAttempted,2-Point Field Goals Attempted,The number of 2-point field goals attempted for a team or player.,1884.0,1884
2026,3,NA,DAL,Dallas Wings,NA,002b5c,NA,https://a.espncdn.com/i/teamlogos/wnba/500/dal.png,offensive,PTS,points,Points,The number of points scored.,3560,3560
2026,3,NA,DAL,Dallas Wings,NA,002b5c,NA,https://a.espncdn.com/i/teamlogos/wnba/500/dal.png,offensive,OREB,offensiveRebounds,Offensive Rebounds,The number of times when the offense obtains the possession of the ball after a missed shot.,340,340
2026,3,NA,DAL,Dallas Wings,NA,002b5c,NA,https://a.espncdn.com/i/teamlogos/wnba/500/dal.png,offensive,AST,assists,Assists,"The number of times a player who passes the ball to a teammate in a way that leads to a score by field goal, meaning that he or she was ""assisting"" in the basket. There is some judgment involved in deciding whether a passer should be credited with an assist.",871,871
2026,3,NA,DAL,Dallas Wings,NA,002b5c,NA,https://a.espncdn.com/i/teamlogos/wnba/500/dal.png,offensive,TO,turnovers,Turnovers,The number of times a player loses possession to the other team.,438,438
2026,3,NA,DAL,Dallas Wings,NA,002b5c,NA,https://a.espncdn.com/i/teamlogos/wnba/500/dal.png,offensive,FGM,fieldGoalsMade,Field Goals Made,The number of times a 2pt field goal was made.,1325,1325
2026,3,NA,DAL,Dallas Wings,NA,002b5c,NA,https://a.espncdn.com/i/teamlogos/wnba/500/dal.png,offensive,FGA,fieldGoalsAttempted,Field Goals Attempted,The number of times a 2pt field goal was attempted.,2836,2836
2026,3,NA,DAL,Dallas Wings,NA,002b5c,NA,https://a.espncdn.com/i/teamlogos/wnba/500/dal.png,offensive,FTM,freeThrowsMade,Free Throws Made,The number of times a free throw was made.,584,584
2026,3,NA,DAL,Dallas Wings,NA,002b5c,NA,https://a.espncdn.com/i/teamlogos/wnba/500/dal.png,offensive,FTA,freeThrowsAttempted,Free Throws Attempted,The number of times a free throw was attempted.,738,738
2026,3,NA,DAL,Dallas Wings,NA,002b5c,NA,https://a.espncdn.com/i/teamlogos/wnba/500/dal.png,offensive,3PM,threePointFieldGoalsMade,3-Point Field Goals Made,The number of times a 3pt field goal was made.,326,326
2026,3,NA,DAL,Dallas Wings,NA,002b5c,NA,https://a.espncdn.com/i/teamlogos/wnba/500/dal.png,offensive,3PA,threePointFieldGoalsAttempted,3-Point Field Goals Attempted,The number of times a 3pt field goal was attempted.,952,952
2026,3,NA,DAL,Dallas Wings,NA,002b5c,NA,https://a.espncdn.com/i/teamlogos/wnba/500/dal.png,offensive,3P%,threePointFieldGoalPct,3-Point Field Goal Percentage,The ratio of 3pt field goals made to 3pt field goals attempted: 3PM / 3PA.,34.2,34.24369692802429
2026,3,NA,DAL,Dallas Wings,NA,002b5c,NA,https://a.espncdn.com/i/teamlogos/wnba/500/dal.png,offensive,2PM,avgTwoPointFieldGoalsMade,2-Point Field Goals Made per Game,The number of 2-point field goals made per game for a team or player.,25.0,24.975
2026,3,NA,DAL,Dallas Wings,NA,002b5c,NA,https://a.espncdn.com/i/teamlogos/wnba/500/dal.png,offensive,2PA,avgTwoPointFieldGoalsAttempted,2-Point Field Goals Attempted per Game,The number of 2-point field goals attempted per game for a team or player.,47.1,47.1
2026,3,NA,DAL,Dallas Wings,NA,002b5c,NA,https://a.espncdn.com/i/teamlogos/wnba/500/dal.png,defensive,DRPG,avgDefensiveRebounds,Defensive Rebounds Per Game,The average defensive rebounds per game.,25.8,25.775
2026,3,NA,DAL,Dallas Wings,NA,002b5c,NA,https://a.espncdn.com/i/teamlogos/wnba/500/dal.png,defensive,BPG,avgBlocks,Blocks Per Game,The average blocks per game.,3.9,3.925
2026,3,NA,DAL,Dallas Wings,NA,002b5c,NA,https://a.espncdn.com/i/teamlogos/wnba/500/dal.png,defensive,SPG,avgSteals,Steals Per Game,The average steals per game.,6.7,6.725
2026,3,NA,DAL,Dallas Wings,NA,002b5c,NA,https://a.espncdn.com/i/teamlogos/wnba/500/dal.png,defensive,DREB,defensiveRebounds,Defensive Rebounds,The number of times when the defense obtains the possession of the ball after a missed shot by the offense.,1031,1031
2026,3,NA,DAL,Dallas Wings,NA,002b5c,NA,https://a.espncdn.com/i/teamlogos/wnba/500/dal.png,defensive,STL,steals,Steals,The number of times a defensive player forced a turnover by intercepting or deflecting a pass or a dribble of an offensive player.,269,269
2026,3,NA,DAL,Dallas Wings,NA,002b5c,NA,https://a.espncdn.com/i/teamlogos/wnba/500/dal.png,defensive,BLK,blocks,Blocks,"Short for blocked shot, number of times when a defensive player legally deflects a field goal attempt from an offensive player.",157,157
2026,5,NA,IND,Indiana Fever,NA,002d62,NA,https://a.espncdn.com/i/teamlogos/wnba/500/ind.png,general,RPG,avgRebounds,Rebounds Per Game,The average rebounds per game.,33.2,33.225
2026,5,NA,IND,Indiana Fever,NA,002d62,NA,https://a.espncdn.com/i/teamlogos/wnba/500/ind.png,general,AST/TO,assistTurnoverRatio,Assist To Turnover Ratio,The average number of assists a player or team records per turnover,1.6,1.5503731
2026,5,NA,IND,Indiana Fever,NA,002d62,NA,https://a.espncdn.com/i/teamlogos/wnba/500/ind.png,general,PFPG,avgFouls,Fouls Per Game,The average fouls committed per game.,21.5,21.525
2026,5,NA,IND,Indiana Fever,NA,002d62,NA,https://a.espncdn.com/i/teamlogos/wnba/500/ind.png,general,GP,gamesPlayed,Games Played,Games Played,40,40
2026,5,NA,IND,Indiana Fever,NA,002d62,NA,https://a.espncdn.com/i/teamlogos/wnba/500/ind.png,general,GS,gamesStarted,Games Started,The number of games started by an athlete.,0,0
2026,5,NA,IND,Indiana Fever,NA,002d62,NA,https://a.espncdn.com/i/teamlogos/wnba/500/ind.png,general,MPG,avgMinutes,Minutes Per Game,The average number of minutes per game.,0.0,0
2026,5,NA,IND,Indiana Fever,NA,002d62,NA,https://a.espncdn.com/i/teamlogos/wnba/500/ind.png,general,REB,totalRebounds,Rebounds,The total number of rebounds for a team or player,1329,1329
2026,5,NA,IND,Indiana Fever,NA,002d62,NA,https://a.espncdn.com/i/teamlogos/wnba/500/ind.png,general,REB,rebounds,Rebounds,The total number of rebounds (offensive and defensive).,1329,1329
2026,5,NA,IND,Indiana Fever,NA,002d62,NA,https://a.espncdn.com/i/teamlogos/wnba/500/ind.png,offensive,FT%,freeThrowPct,Free Throw Percentage,The ratio of free throws made to free throws attempted: FTM / FTA,81.0,80.994
2026,5,NA,IND,Indiana Fever,NA,002d62,NA,https://a.espncdn.com/i/teamlogos/wnba/500/ind.png,offensive,3P%,threePointPct,3-Point Field Goal Percentage,The ratio of 3pt field goals made to 3pt field goals attempted: 3PM / 3PA.,39.5,39.526
2026,5,NA,IND,Indiana Fever,NA,002d62,NA,https://a.espncdn.com/i/teamlogos/wnba/500/ind.png,offensive,AFGM,avgFieldGoalsMade,Average Field Goals Made,The average field goals made per game.,34.1,34.125
2026,5,NA,IND,Indiana Fever,NA,002d62,NA,https://a.espncdn.com/i/teamlogos/wnba/500/ind.png,offensive,AFGA,avgFieldGoalsAttempted,Average Field Goals Attempted,The average field goals attempted per game.,69.4,69.425
2026,5,NA,IND,Indiana Fever,NA,002d62,NA,https://a.espncdn.com/i/teamlogos/wnba/500/ind.png,offensive,A3PM,avgThreePointFieldGoalsMade,Average 3-Point Field Goals Made,The average three point field goals made per game.,10.4,10.425
2026,5,NA,IND,Indiana Fever,NA,002d62,NA,https://a.espncdn.com/i/teamlogos/wnba/500/ind.png,offensive,A3PA,avgThreePointFieldGoalsAttempted,Average 3-Point Field Goals Attempted,The average three point field goals attempted per game.,26.4,26.375
2026,5,NA,IND,Indiana Fever,NA,002d62,NA,https://a.espncdn.com/i/teamlogos/wnba/500/ind.png,offensive,AFTM,avgFreeThrowsMade,Average Free Throws Made,The average free throw shots made per game.,18.3,18.325
2026,5,NA,IND,Indiana Fever,NA,002d62,NA,https://a.espncdn.com/i/teamlogos/wnba/500/ind.png,offensive,AFTA,avgFreeThrowsAttempted,Average Free Throws Attempted,The average free throw shots attempted per game.,22.6,22.625
2026,5,NA,IND,Indiana Fever,NA,002d62,NA,https://a.espncdn.com/i/teamlogos/wnba/500/ind.png,offensive,PPG,avgPoints,Points Per Game,The average number of points scored per game.,97.0,97
2026,5,NA,IND,Indiana Fever,NA,002d62,NA,https://a.espncdn.com/i/teamlogos/wnba/500/ind.png,offensive,ORPG,avgOffensiveRebounds,Offensive Rebounds Per Game,The average offensive rebounds per game.,7.8,7.775
2026,5,NA,IND,Indiana Fever,NA,002d62,NA,https://a.espncdn.com/i/teamlogos/wnba/500/ind.png,offensive,APG,avgAssists,Assists Per Game,The average assists per game.,20.8,20.775
2026,5,NA,IND,Indiana Fever,NA,002d62,NA,https://a.espncdn.com/i/teamlogos/wnba/500/ind.png,offensive,TOPG,avgTurnovers,Turnovers Per Game,The average turnovers committed per game.,13.4,13.4
2026,5,NA,IND,Indiana Fever,NA,002d62,NA,https://a.espncdn.com/i/teamlogos/wnba/500/ind.png,offensive,2P%,twoPointFieldGoalPct,2-Point Field Goal Percentage,The percentage of 2-points fields goals made by a team or player.,55.1,55.05226254463196
2026,5,NA,IND,Indiana Fever,NA,002d62,NA,https://a.espncdn.com/i/teamlogos/wnba/500/ind.png,offensive,SC-EFF,scoringEfficiency,Scoring Efficiency,The efficiency with which a team or player scores the basketball.,1.397,1.3971912
2026,5,NA,IND,Indiana Fever,NA,002d62,NA,https://a.espncdn.com/i/teamlogos/wnba/500/ind.png,offensive,SH-EFF,shootingEfficiency,Shooting Efficiency,The efficiency with which a team or player shoots the basketball.,0.57,0.5666187
2026,5,NA,IND,Indiana Fever,NA,002d62,NA,https://a.espncdn.com/i/teamlogos/wnba/500/ind.png,offensive,FG%,fieldGoalPct,Field Goal Percentage,The ratio of field goals made to field goals attempted: FGM / FGA,49.2,49.154
2026,5,NA,IND,Indiana Fever,NA,002d62,NA,https://a.espncdn.com/i/teamlogos/wnba/500/ind.png,offensive,2PM,twoPointFieldGoalsMade,2-Point Field Goals Made,The number of 2-point field goals made for a team or player.,948.0,948
2026,5,NA,IND,Indiana Fever,NA,002d62,NA,https://a.espncdn.com/i/teamlogos/wnba/500/ind.png,offensive,2PA,twoPointFieldGoalsAttempted,2-Point Field Goals Attempted,The number of 2-point field goals attempted for a team or player.,1722.0,1722
2026,5,NA,IND,Indiana Fever,NA,002d62,NA,https://a.espncdn.com/i/teamlogos/wnba/500/ind.png,offensive,PTS,points,Points,The number of points scored.,3880,3880
2026,5,NA,IND,Indiana Fever,NA,002d62,NA,https://a.espncdn.com/i/teamlogos/wnba/500/ind.png,offensive,OREB,offensiveRebounds,Offensive Rebounds,The number of times when the offense obtains the possession of the ball after a missed shot.,311,311
2026,5,NA,IND,Indiana Fever,NA,002d62,NA,https://a.espncdn.com/i/teamlogos/wnba/500/ind.png,offensive,AST,assists,Assists,"The number of times a player who passes the ball to a teammate in a way that leads to a score by field goal, meaning that he or she was ""assisting"" in the basket. There is some judgment involved in deciding whether a passer should be credited with an assist.",831,831
2026,5,NA,IND,Indiana Fever,NA,002d62,NA,https://a.espncdn.com/i/teamlogos/wnba/500/ind.png,offensive,TO,turnovers,Turnovers,The number of times a player loses possession to the other team.,536,536
2026,5,NA,IND,Indiana Fever,NA,002d62,NA,https://a.espncdn.com/i/teamlogos/wnba/500/ind.png,offensive,FGM,fieldGoalsMade,Field Goals Made,The number of times a 2pt field goal was made.,1365,1365
2026,5,NA,IND,Indiana Fever,NA,002d62,NA,https://a.espncdn.com/i/teamlogos/wnba/500/ind.png,offensive,FGA,fieldGoalsAttempted,Field Goals Attempted,The number of times a 2pt field goal was attempted.,2777,2777
2026,5,NA,IND,Indiana Fever,NA,002d62,NA,https://a.espncdn.com/i/teamlogos/wnba/500/ind.png,offensive,FTM,freeThrowsMade,Free Throws Made,The number of times a free throw was made.,733,733
2026,5,NA,IND,Indiana Fever,NA,002d62,NA,https://a.espncdn.com/i/teamlogos/wnba/500/ind.png,offensive,FTA,freeThrowsAttempted,Free Throws Attempted,The number of times a free throw was attempted.,905,905
2026,5,NA,IND,Indiana Fever,NA,002d62,NA,https://a.espncdn.com/i/teamlogos/wnba/500/ind.png,offensive,3PM,threePointFieldGoalsMade,3-Point Field Goals Made,The number of times a 3pt field goal was made.,417,417
2026,5,NA,IND,Indiana Fever,NA,002d62,NA,https://a.espncdn.com/i/teamlogos/wnba/500/ind.png,offensive,3PA,threePointFieldGoalsAttempted,3-Point Field Goals Attempted,The number of times a 3pt field goal was attempted.,1055,1055
2026,5,NA,IND,Indiana Fever,NA,002d62,NA,https://a.espncdn.com/i/teamlogos/wnba/500/ind.png,offensive,3P%,threePointFieldGoalPct,3-Point Field Goal Percentage,The ratio of 3pt field goals made to 3pt field goals attempted: 3PM / 3PA.,39.5,39.526066184043884
2026,5,NA,IND,Indiana Fever,NA,002d62,NA,https://a.espncdn.com/i/teamlogos/wnba/500/ind.png,offensive,2PM,avgTwoPointFieldGoalsMade,2-Point Field Goals Made per Game,The number of 2-point field goals made per game for a team or player.,23.7,23.7
2026,5,NA,IND,Indiana Fever,NA,002d62,NA,https://a.espncdn.com/i/teamlogos/wnba/500/ind.png,offensive,2PA,avgTwoPointFieldGoalsAttempted,2-Point Field Goals Attempted per Game,The number of 2-point field goals attempted per game for a team or player.,43.1,43.05
2026,5,NA,IND,Indiana Fever,NA,002d62,NA,https://a.espncdn.com/i/teamlogos/wnba/500/ind.png,defensive,DRPG,avgDefensiveRebounds,Defensive Rebounds Per Game,The average defensive rebounds per game.,25.5,25.45
2026,5,NA,IND,Indiana Fever,NA,002d62,NA,https://a.espncdn.com/i/teamlogos/wnba/500/ind.png,defensive,BPG,avgBlocks,Blocks Per Game,The average blocks per game.,3.9,3.85
2026,5,NA,IND,Indiana Fever,NA,002d62,NA,https://a.espncdn.com/i/teamlogos/wnba/500/ind.png,defensive,SPG,avgSteals,Steals Per Game,The average steals per game.,6.8,6.825
2026,5,NA,IND,Indiana Fever,NA,002d62,NA,https://a.espncdn.com/i/teamlogos/wnba/500/ind.png,defensive,DREB,defensiveRebounds,Defensive Rebounds,The number of times when the defense obtains the possession of the ball after a missed shot by the offense.,1018,1018
2026,5,NA,IND,Indiana Fever,NA,002d62,NA,https://a.espncdn.com/i/teamlogos/wnba/500/ind.png,defensive,STL,steals,Steals,The number of times a defensive player forced a turnover by intercepting or deflecting a pass or a dribble of an offensive player.,273,273
2026,5,NA,IND,Indiana Fever,NA,002d62,NA,https://a.espncdn.com/i/teamlogos/wnba/500/ind.png,defensive,BLK,blocks,Blocks,"Short for blocked shot, number of times when a defensive player legally deflects a field goal attempt from an offensive player.",154,154
2026,6,NA,LA,Los Angeles Sparks,NA,552583,NA,https://a.espncdn.com/i/teamlogos/wnba/500/la.png,general,RPG,avgRebounds,Rebounds Per Game,The average rebounds per game.,31.2,31.15
2026,6,NA,LA,Los Angeles Sparks,NA,552583,NA,https://a.espncdn.com/i/teamlogos/wnba/500/la.png,general,AST/TO,assistTurnoverRatio,Assist To Turnover Ratio,The average number of assists a player or team records per turnover,1.5,1.5103449
2026,6,NA,LA,Los Angeles Sparks,NA,552583,NA,https://a.espncdn.com/i/teamlogos/wnba/500/la.png,general,PFPG,avgFouls,Fouls Per Game,The average fouls committed per game.,19.7,19.675
2026,6,NA,LA,Los Angeles Sparks,NA,552583,NA,https://a.espncdn.com/i/teamlogos/wnba/500/la.png,general,GP,gamesPlayed,Games Played,Games Played,40,40
2026,6,NA,LA,Los Angeles Sparks,NA,552583,NA,https://a.espncdn.com/i/teamlogos/wnba/500/la.png,general,GS,gamesStarted,Games Started,The number of games started by an athlete.,0,0
2026,6,NA,LA,Los Angeles Sparks,NA,552583,NA,https://a.espncdn.com/i/teamlogos/wnba/500/la.png,general,MPG,avgMinutes,Minutes Per Game,The average number of minutes per game.,0.0,0
2026,6,NA,LA,Los Angeles Sparks,NA,552583,NA,https://a.espncdn.com/i/teamlogos/wnba/500/la.png,general,REB,totalRebounds,Rebounds,The total number of rebounds for a team or player,1246,1246
2026,6,NA,LA,Los Angeles Sparks,NA,552583,NA,https://a.espncdn.com/i/teamlogos/wnba/500/la.png,general,REB,rebounds,Rebounds,The total number of rebounds (offensive and defensive).,1246,1246
2026,6,NA,LA,Los Angeles Sparks,NA,552583,NA,https://a.espncdn.com/i/teamlogos/wnba/500/la.png,offensive,FT%,freeThrowPct,Free Throw Percentage,The ratio of free throws made to free throws attempted: FTM / FTA,78.0,78.046
2026,6,NA,LA,Los Angeles Sparks,NA,552583,NA,https://a.espncdn.com/i/teamlogos/wnba/500/la.png,offensive,3P%,threePointPct,3-Point Field Goal Percentage,The ratio of 3pt field goals made to 3pt field goals attempted: 3PM / 3PA.,33.3,33.301
2026,6,NA,LA,Los Angeles Sparks,NA,552583,NA,https://a.espncdn.com/i/teamlogos/wnba/500/la.png,offensive,AFGM,avgFieldGoalsMade,Average Field Goals Made,The average field goals made per game.,31.7,31.65
2026,6,NA,LA,Los Angeles Sparks,NA,552583,NA,https://a.espncdn.com/i/teamlogos/wnba/500/la.png,offensive,AFGA,avgFieldGoalsAttempted,Average Field Goals Attempted,The average field goals attempted per game.,68.2,68.15
2026,6,NA,LA,Los Angeles Sparks,NA,552583,NA,https://a.espncdn.com/i/teamlogos/wnba/500/la.png,offensive,A3PM,avgThreePointFieldGoalsMade,Average 3-Point Field Goals Made,The average three point field goals made per game.,8.7,8.675
2026,6,NA,LA,Los Angeles Sparks,NA,552583,NA,https://a.espncdn.com/i/teamlogos/wnba/500/la.png,offensive,A3PA,avgThreePointFieldGoalsAttempted,Average 3-Point Field Goals Attempted,The average three point field goals attempted per game.,26.1,26.05
2026,6,NA,LA,Los Angeles Sparks,NA,552583,NA,https://a.espncdn.com/i/teamlogos/wnba/500/la.png,offensive,AFTM,avgFreeThrowsMade,Average Free Throws Made,The average free throw shots made per game.,15.4,15.375
2026,6,NA,LA,Los Angeles Sparks,NA,552583,NA,https://a.espncdn.com/i/teamlogos/wnba/500/la.png,offensive,AFTA,avgFreeThrowsAttempted,Average Free Throws Attempted,The average free throw shots attempted per game.,19.7,19.7
2026,6,NA,LA,Los Angeles Sparks,NA,552583,NA,https://a.espncdn.com/i/teamlogos/wnba/500/la.png,offensive,PPG,avgPoints,Points Per Game,The average number of points scored per game.,87.4,87.35
2026,6,NA,LA,Los Angeles Sparks,NA,552583,NA,https://a.espncdn.com/i/teamlogos/wnba/500/la.png,offensive,ORPG,avgOffensiveRebounds,Offensive Rebounds Per Game,The average offensive rebounds per game.,7.4,7.375
2026,6,NA,LA,Los Angeles Sparks,NA,552583,NA,https://a.espncdn.com/i/teamlogos/wnba/500/la.png,offensive,APG,avgAssists,Assists Per Game,The average assists per game.,21.9,21.9
2026,6,NA,LA,Los Angeles Sparks,NA,552583,NA,https://a.espncdn.com/i/teamlogos/wnba/500/la.png,offensive,TOPG,avgTurnovers,Turnovers Per Game,The average turnovers committed per game.,14.5,14.5
2026,6,NA,LA,Los Angeles Sparks,NA,552583,NA,https://a.espncdn.com/i/teamlogos/wnba/500/la.png,offensive,2P%,twoPointFieldGoalPct,2-Point Field Goal Percentage,The percentage of 2-points fields goals made by a team or player.,54.6,54.57244515419006
2026,6,NA,LA,Los Angeles Sparks,NA,552583,NA,https://a.espncdn.com/i/teamlogos/wnba/500/la.png,offensive,SC-EFF,scoringEfficiency,Scoring Efficiency,The efficiency with which a team or player scores the basketball.,1.282,1.2817315
2026,6,NA,LA,Los Angeles Sparks,NA,552583,NA,https://a.espncdn.com/i/teamlogos/wnba/500/la.png,offensive,SH-EFF,shootingEfficiency,Shooting Efficiency,The efficiency with which a team or player shoots the basketball.,0.53,0.5280631
2026,6,NA,LA,Los Angeles Sparks,NA,552583,NA,https://a.espncdn.com/i/teamlogos/wnba/500/la.png,offensive,FG%,fieldGoalPct,Field Goal Percentage,The ratio of field goals made to field goals attempted: FGM / FGA,46.4,46.442
2026,6,NA,LA,Los Angeles Sparks,NA,552583,NA,https://a.espncdn.com/i/teamlogos/wnba/500/la.png,offensive,2PM,twoPointFieldGoalsMade,2-Point Field Goals Made,The number of 2-point field goals made for a team or player.,919.0,919
2026,6,NA,LA,Los Angeles Sparks,NA,552583,NA,https://a.espncdn.com/i/teamlogos/wnba/500/la.png,offensive,2PA,twoPointFieldGoalsAttempted,2-Point Field Goals Attempted,The number of 2-point field goals attempted for a team or player.,1684.0,1684
2026,6,NA,LA,Los Angeles Sparks,NA,552583,NA,https://a.espncdn.com/i/teamlogos/wnba/500/la.png,offensive,PTS,points,Points,The number of points scored.,3494,3494
2026,6,NA,LA,Los Angeles Sparks,NA,552583,NA,https://a.espncdn.com/i/teamlogos/wnba/500/la.png,offensive,OREB,offensiveRebounds,Offensive Rebounds,The number of times when the offense obtains the possession of the ball after a missed shot.,295,295
2026,6,NA,LA,Los Angeles Sparks,NA,552583,NA,https://a.espncdn.com/i/teamlogos/wnba/500/la.png,offensive,AST,assists,Assists,"The number of times a player who passes the ball to a teammate in a way that leads to a score by field goal, meaning that he or she was ""assisting"" in the basket. There is some judgment involved in deciding whether a passer should be credited with an assist.",876,876
2026,6,NA,LA,Los Angeles Sparks,NA,552583,NA,https://a.espncdn.com/i/teamlogos/wnba/500/la.png,offensive,TO,turnovers,Turnovers,The number of times a player loses possession to the other team.,580,580
2026,6,NA,LA,Los Angeles Sparks,NA,552583,NA,https://a.espncdn.com/i/teamlogos/wnba/500/la.png,offensive,FGM,fieldGoalsMade,Field Goals Made,The number of times a 2pt field goal was made.,1266,1266
2026,6,NA,LA,Los Angeles Sparks,NA,552583,NA,https://a.espncdn.com/i/teamlogos/wnba/500/la.png,offensive,FGA,fieldGoalsAttempted,Field Goals Attempted,The number of times a 2pt field goal was attempted.,2726,2726
2026,6,NA,LA,Los Angeles Sparks,NA,552583,NA,https://a.espncdn.com/i/teamlogos/wnba/500/la.png,offensive,FTM,freeThrowsMade,Free Throws Made,The number of times a free throw was made.,615,615
2026,6,NA,LA,Los Angeles Sparks,NA,552583,NA,https://a.espncdn.com/i/teamlogos/wnba/500/la.png,offensive,FTA,freeThrowsAttempted,Free Throws Attempted,The number of times a free throw was attempted.,788,788
2026,6,NA,LA,Los Angeles Sparks,NA,552583,NA,https://a.espncdn.com/i/teamlogos/wnba/500/la.png,offensive,3PM,threePointFieldGoalsMade,3-Point Field Goals Made,The number of times a 3pt field goal was made.,347,347
2026,6,NA,LA,Los Angeles Sparks,NA,552583,NA,https://a.espncdn.com/i/teamlogos/wnba/500/la.png,offensive,3PA,threePointFieldGoalsAttempted,3-Point Field Goals Attempted,The number of times a 3pt field goal was attempted.,1042,1042
2026,6,NA,LA,Los Angeles Sparks,NA,552583,NA,https://a.espncdn.com/i/teamlogos/wnba/500/la.png,offensive,3P%,threePointFieldGoalPct,3-Point Field Goal Percentage,The ratio of 3pt field goals made to 3pt field goals attempted: 3PM / 3PA.,33.3,33.30134451389313
2026,6,NA,LA,Los Angeles Sparks,NA,552583,NA,https://a.espncdn.com/i/teamlogos/wnba/500/la.png,offensive,2PM,avgTwoPointFieldGoalsMade,2-Point Field Goals Made per Game,The number of 2-point field goals made per game for a team or player.,23.0,22.975
2026,6,NA,LA,Los Angeles Sparks,NA,552583,NA,https://a.espncdn.com/i/teamlogos/wnba/500/la.png,offensive,2PA,avgTwoPointFieldGoalsAttempted,2-Point Field Goals Attempted per Game,The number of 2-point field goals attempted per game for a team or player.,42.1,42.1
2026,6,NA,LA,Los Angeles Sparks,NA,552583,NA,https://a.espncdn.com/i/teamlogos/wnba/500/la.png,defensive,DRPG,avgDefensiveRebounds,Defensive Rebounds Per Game,The average defensive rebounds per game.,23.8,23.775
2026,6,NA,LA,Los Angeles Sparks,NA,552583,NA,https://a.espncdn.com/i/teamlogos/wnba/500/la.png,defensive,BPG,avgBlocks,Blocks Per Game,The average blocks per game.,3.3,3.325
2026,6,NA,LA,Los Angeles Sparks,NA,552583,NA,https://a.espncdn.com/i/teamlogos/wnba/500/la.png,defensive,SPG,avgSteals,Steals Per Game,The average steals per game.,7.8,7.775
2026,6,NA,LA,Los Angeles Sparks,NA,552583,NA,https://a.espncdn.com/i/teamlogos/wnba/500/la.png,defensive,DREB,defensiveRebounds,Defensive Rebounds,The number of times when the defense obtains the possession of the ball after a missed shot by the offense.,951,951
2026,6,NA,LA,Los Angeles Sparks,NA,552583,NA,https://a.espncdn.com/i/teamlogos/wnba/500/la.png,defensive,STL,steals,Steals,The number of times a defensive player forced a turnover by intercepting or deflecting a pass or a dribble of an offensive player.,311,311
2026,6,NA,LA,Los Angeles Sparks,NA,552583,NA,https://a.espncdn.com/i/teamlogos/wnba/500/la.png,defensive,BLK,blocks,Blocks,"Short for blocked shot, number of times when a defensive player legally deflects a field goal attempt from an offensive player.",133,133
2026,8,NA,MIN,Minnesota Lynx,NA,266092,NA,https://a.espncdn.com/i/teamlogos/wnba/500/min.png,general,RPG,avgRebounds,Rebounds Per Game,The average rebounds per game.,34.3,34.325
2026,8,NA,MIN,Minnesota Lynx,NA,266092,NA,https://a.espncdn.com/i/teamlogos/wnba/500/min.png,general,AST/TO,assistTurnoverRatio,Assist To Turnover Ratio,The average number of assists a player or team records per turnover,1.7,1.7484909
2026,8,NA,MIN,Minnesota Lynx,NA,266092,NA,https://a.espncdn.com/i/teamlogos/wnba/500/min.png,general,PFPG,avgFouls,Fouls Per Game,The average fouls committed per game.,18.1,18.1
2026,8,NA,MIN,Minnesota Lynx,NA,266092,NA,https://a.espncdn.com/i/teamlogos/wnba/500/min.png,general,GP,gamesPlayed,Games Played,Games Played,40,40
2026,8,NA,MIN,Minnesota Lynx,NA,266092,NA,https://a.espncdn.com/i/teamlogos/wnba/500/min.png,general,GS,gamesStarted,Games Started,The number of games started by an athlete.,0,0
2026,8,NA,MIN,Minnesota Lynx,NA,266092,NA,https://a.espncdn.com/i/teamlogos/wnba/500/min.png,general,MPG,avgMinutes,Minutes Per Game,The average number of minutes per game.,0.0,0
2026,8,NA,MIN,Minnesota Lynx,NA,266092,NA,https://a.espncdn.com/i/teamlogos/wnba/500/min.png,general,REB,totalRebounds,Rebounds,The total number of rebounds for a team or player,1373,1373
2026,8,NA,MIN,Minnesota Lynx,NA,266092,NA,https://a.espncdn.com/i/teamlogos/wnba/500/min.png,general,REB,rebounds,Rebounds,The total number of rebounds (offensive and defensive).,1373,1373
2026,8,NA,MIN,Minnesota Lynx,NA,266092,NA,https://a.espncdn.com/i/teamlogos/wnba/500/min.png,offensive,FT%,freeThrowPct,Free Throw Percentage,The ratio of free throws made to free throws attempted: FTM / FTA,80.9,80.918
2026,8,NA,MIN,Minnesota Lynx,NA,266092,NA,https://a.espncdn.com/i/teamlogos/wnba/500/min.png,offensive,3P%,threePointPct,3-Point Field Goal Percentage,The ratio of 3pt field goals made to 3pt field goals attempted: 3PM / 3PA.,39.1,39.112
2026,8,NA,MIN,Minnesota Lynx,NA,266092,NA,https://a.espncdn.com/i/teamlogos/wnba/500/min.png,offensive,AFGM,avgFieldGoalsMade,Average Field Goals Made,The average field goals made per game.,34.0,33.975
2026,8,NA,MIN,Minnesota Lynx,NA,266092,NA,https://a.espncdn.com/i/teamlogos/wnba/500/min.png,offensive,AFGA,avgFieldGoalsAttempted,Average Field Goals Attempted,The average field goals attempted per game.,70.5,70.5
2026,8,NA,MIN,Minnesota Lynx,NA,266092,NA,https://a.espncdn.com/i/teamlogos/wnba/500/min.png,offensive,A3PM,avgThreePointFieldGoalsMade,Average 3-Point Field Goals Made,The average three point field goals made per game.,9.3,9.25
2026,8,NA,MIN,Minnesota Lynx,NA,266092,NA,https://a.espncdn.com/i/teamlogos/wnba/500/min.png,offensive,A3PA,avgThreePointFieldGoalsAttempted,Average 3-Point Field Goals Attempted,The average three point field goals attempted per game.,23.7,23.65
2026,8,NA,MIN,Minnesota Lynx,NA,266092,NA,https://a.espncdn.com/i/teamlogos/wnba/500/min.png,offensive,AFTM,avgFreeThrowsMade,Average Free Throws Made,The average free throw shots made per game.,14.1,14.1
2026,8,NA,MIN,Minnesota Lynx,NA,266092,NA,https://a.espncdn.com/i/teamlogos/wnba/500/min.png,offensive,AFTA,avgFreeThrowsAttempted,Average Free Throws Attempted,The average free throw shots attempted per game.,17.4,17.425
2026,8,NA,MIN,Minnesota Lynx,NA,266092,NA,https://a.espncdn.com/i/teamlogos/wnba/500/min.png,offensive,PPG,avgPoints,Points Per Game,The average number of points scored per game.,91.3,91.3
2026,8,NA,MIN,Minnesota Lynx,NA,266092,NA,https://a.espncdn.com/i/teamlogos/wnba/500/min.png,offensive,ORPG,avgOffensiveRebounds,Offensive Rebounds Per Game,The average offensive rebounds per game.,9.3,9.25
2026,8,NA,MIN,Minnesota Lynx,NA,266092,NA,https://a.espncdn.com/i/teamlogos/wnba/500/min.png,offensive,APG,avgAssists,Assists Per Game,The average assists per game.,21.7,21.725
2026,8,NA,MIN,Minnesota Lynx,NA,266092,NA,https://a.espncdn.com/i/teamlogos/wnba/500/min.png,offensive,TOPG,avgTurnovers,Turnovers Per Game,The average turnovers committed per game.,12.4,12.425
2026,8,NA,MIN,Minnesota Lynx,NA,266092,NA,https://a.espncdn.com/i/teamlogos/wnba/500/min.png,offensive,2P%,twoPointFieldGoalPct,2-Point Field Goal Percentage,The percentage of 2-points fields goals made by a team or player.,52.8,52.774810791015625
2026,8,NA,MIN,Minnesota Lynx,NA,266092,NA,https://a.espncdn.com/i/teamlogos/wnba/500/min.png,offensive,SC-EFF,scoringEfficiency,Scoring Efficiency,The efficiency with which a team or player scores the basketball.,1.295,1.2950355
2026,8,NA,MIN,Minnesota Lynx,NA,266092,NA,https://a.espncdn.com/i/teamlogos/wnba/500/min.png,offensive,SH-EFF,shootingEfficiency,Shooting Efficiency,The efficiency with which a team or player shoots the basketball.,0.55,0.5475177
2026,8,NA,MIN,Minnesota Lynx,NA,266092,NA,https://a.espncdn.com/i/teamlogos/wnba/500/min.png,offensive,FG%,fieldGoalPct,Field Goal Percentage,The ratio of field goals made to field goals attempted: FGM / FGA,48.2,48.191
2026,8,NA,MIN,Minnesota Lynx,NA,266092,NA,https://a.espncdn.com/i/teamlogos/wnba/500/min.png,offensive,2PM,twoPointFieldGoalsMade,2-Point Field Goals Made,The number of 2-point field goals made for a team or player.,989.0,989
2026,8,NA,MIN,Minnesota Lynx,NA,266092,NA,https://a.espncdn.com/i/teamlogos/wnba/500/min.png,offensive,2PA,twoPointFieldGoalsAttempted,2-Point Field Goals Attempted,The number of 2-point field goals attempted for a team or player.,1874.0,1874
2026,8,NA,MIN,Minnesota Lynx,NA,266092,NA,https://a.espncdn.com/i/teamlogos/wnba/500/min.png,offensive,PTS,points,Points,The number of points scored.,3652,3652
2026,8,NA,MIN,Minnesota Lynx,NA,266092,NA,https://a.espncdn.com/i/teamlogos/wnba/500/min.png,offensive,OREB,offensiveRebounds,Offensive Rebounds,The number of times when the offense obtains the possession of the ball after a missed shot.,370,370
2026,8,NA,MIN,Minnesota Lynx,NA,266092,NA,https://a.espncdn.com/i/teamlogos/wnba/500/min.png,offensive,AST,assists,Assists,"The number of times a player who passes the ball to a teammate in a way that leads to a score by field goal, meaning that he or she was ""assisting"" in the basket. There is some judgment involved in deciding whether a passer should be credited with an assist.",869,869
2026,8,NA,MIN,Minnesota Lynx,NA,266092,NA,https://a.espncdn.com/i/teamlogos/wnba/500/min.png,offensive,TO,turnovers,Turnovers,The number of times a player loses possession to the other team.,497,497
2026,8,NA,MIN,Minnesota Lynx,NA,266092,NA,https://a.espncdn.com/i/teamlogos/wnba/500/min.png,offensive,FGM,fieldGoalsMade,Field Goals Made,The number of times a 2pt field goal was made.,1359,1359
2026,8,NA,MIN,Minnesota Lynx,NA,266092,NA,https://a.espncdn.com/i/teamlogos/wnba/500/min.png,offensive,FGA,fieldGoalsAttempted,Field Goals Attempted,The number of times a 2pt field goal was attempted.,2820,2820
2026,8,NA,MIN,Minnesota Lynx,NA,266092,NA,https://a.espncdn.com/i/teamlogos/wnba/500/min.png,offensive,FTM,freeThrowsMade,Free Throws Made,The number of times a free throw was made.,564,564
2026,8,NA,MIN,Minnesota Lynx,NA,266092,NA,https://a.espncdn.com/i/teamlogos/wnba/500/min.png,offensive,FTA,freeThrowsAttempted,Free Throws Attempted,The number of times a free throw was attempted.,697,697
2026,8,NA,MIN,Minnesota Lynx,NA,266092,NA,https://a.espncdn.com/i/teamlogos/wnba/500/min.png,offensive,3PM,threePointFieldGoalsMade,3-Point Field Goals Made,The number of times a 3pt field goal was made.,370,370
2026,8,NA,MIN,Minnesota Lynx,NA,266092,NA,https://a.espncdn.com/i/teamlogos/wnba/500/min.png,offensive,3PA,threePointFieldGoalsAttempted,3-Point Field Goals Attempted,The number of times a 3pt field goal was attempted.,946,946
2026,8,NA,MIN,Minnesota Lynx,NA,266092,NA,https://a.espncdn.com/i/teamlogos/wnba/500/min.png,offensive,3P%,threePointFieldGoalPct,3-Point Field Goal Percentage,The ratio of 3pt field goals made to 3pt field goals attempted: 3PM / 3PA.,39.1,39.11204934120178
2026,8,NA,MIN,Minnesota Lynx,NA,266092,NA,https://a.espncdn.com/i/teamlogos/wnba/500/min.png,offensive,2PM,avgTwoPointFieldGoalsMade,2-Point Field Goals Made per Game,The number of 2-point field goals made per game for a team or player.,24.7,24.725
2026,8,NA,MIN,Minnesota Lynx,NA,266092,NA,https://a.espncdn.com/i/teamlogos/wnba/500/min.png,offensive,2PA,avgTwoPointFieldGoalsAttempted,2-Point Field Goals Attempted per Game,The number of 2-point field goals attempted per game for a team or player.,46.9,46.85
2026,8,NA,MIN,Minnesota Lynx,NA,266092,NA,https://a.espncdn.com/i/teamlogos/wnba/500/min.png,defensive,DRPG,avgDefensiveRebounds,Defensive Rebounds Per Game,The average defensive rebounds per game.,25.1,25.075
2026,8,NA,MIN,Minnesota Lynx,NA,266092,NA,https://a.espncdn.com/i/teamlogos/wnba/500/min.png,defensive,BPG,avgBlocks,Blocks Per Game,The average blocks per game.,4.6,4.55
2026,8,NA,MIN,Minnesota Lynx,NA,266092,NA,https://a.espncdn.com/i/teamlogos/wnba/500/min.png,defensive,SPG,avgSteals,Steals Per Game,The average steals per game.,8.9,8.9
2026,8,NA,MIN,Minnesota Lynx,NA,266092,NA,https://a.espncdn.com/i/teamlogos/wnba/500/min.png,defensive,DREB,defensiveRebounds,Defensive Rebounds,The number of times when the defense obtains the possession of the ball after a missed shot by the offense.,1003,1003
2026,8,NA,MIN,Minnesota Lynx,NA,266092,NA,https://a.espncdn.com/i/teamlogos/wnba/500/min.png,defensive,STL,steals,Steals,The number of times a defensive player forced a turnover by intercepting or deflecting a pass or a dribble of an offensive player.,356,356
2026,8,NA,MIN,Minnesota Lynx,NA,266092,NA,https://a.espncdn.com/i/teamlogos/wnba/500/min.png,defensive,BLK,blocks,Blocks,"Short for blocked shot, number of times when a defensive player legally deflects a field goal attempt from an offensive player.",182,182
2026,9,NA,NY,New York Liberty,NA,86cebc,NA,https://a.espncdn.com/i/teamlogos/wnba/500/ny.png,general,RPG,avgRebounds,Rebounds Per Game,The average rebounds per game.,35.3,35.275
2026,9,NA,NY,New York Liberty,NA,86cebc,NA,https://a.espncdn.com/i/teamlogos/wnba/500/ny.png,general,AST/TO,assistTurnoverRatio,Assist To Turnover Ratio,The average number of assists a player or team records per turnover,1.5,1.5378928
2026,9,NA,NY,New York Liberty,NA,86cebc,NA,https://a.espncdn.com/i/teamlogos/wnba/500/ny.png,general,PFPG,avgFouls,Fouls Per Game,The average fouls committed per game.,18.6,18.55
2026,9,NA,NY,New York Liberty,NA,86cebc,NA,https://a.espncdn.com/i/teamlogos/wnba/500/ny.png,general,GP,gamesPlayed,Games Played,Games Played,40,40
2026,9,NA,NY,New York Liberty,NA,86cebc,NA,https://a.espncdn.com/i/teamlogos/wnba/500/ny.png,general,GS,gamesStarted,Games Started,The number of games started by an athlete.,0,0
2026,9,NA,NY,New York Liberty,NA,86cebc,NA,https://a.espncdn.com/i/teamlogos/wnba/500/ny.png,general,MPG,avgMinutes,Minutes Per Game,The average number of minutes per game.,0.0,0
2026,9,NA,NY,New York Liberty,NA,86cebc,NA,https://a.espncdn.com/i/teamlogos/wnba/500/ny.png,general,REB,totalRebounds,Rebounds,The total number of rebounds for a team or player,1411,1411
2026,9,NA,NY,New York Liberty,NA,86cebc,NA,https://a.espncdn.com/i/teamlogos/wnba/500/ny.png,general,REB,rebounds,Rebounds,The total number of rebounds (offensive and defensive).,1411,1411
2026,9,NA,NY,New York Liberty,NA,86cebc,NA,https://a.espncdn.com/i/teamlogos/wnba/500/ny.png,offensive,FT%,freeThrowPct,Free Throw Percentage,The ratio of free throws made to free throws attempted: FTM / FTA,85.0,84.976
2026,9,NA,NY,New York Liberty,NA,86cebc,NA,https://a.espncdn.com/i/teamlogos/wnba/500/ny.png,offensive,3P%,threePointPct,3-Point Field Goal Percentage,The ratio of 3pt field goals made to 3pt field goals attempted: 3PM / 3PA.,35.0,34.991
2026,9,NA,NY,New York Liberty,NA,86cebc,NA,https://a.espncdn.com/i/teamlogos/wnba/500/ny.png,offensive,AFGM,avgFieldGoalsMade,Average Field Goals Made,The average field goals made per game.,31.0,30.975
2026,9,NA,NY,New York Liberty,NA,86cebc,NA,https://a.espncdn.com/i/teamlogos/wnba/500/ny.png,offensive,AFGA,avgFieldGoalsAttempted,Average Field Goals Attempted,The average field goals attempted per game.,67.3,67.3
2026,9,NA,NY,New York Liberty,NA,86cebc,NA,https://a.espncdn.com/i/teamlogos/wnba/500/ny.png,offensive,A3PM,avgThreePointFieldGoalsMade,Average 3-Point Field Goals Made,The average three point field goals made per game.,10.2,10.2
2026,9,NA,NY,New York Liberty,NA,86cebc,NA,https://a.espncdn.com/i/teamlogos/wnba/500/ny.png,offensive,A3PA,avgThreePointFieldGoalsAttempted,Average 3-Point Field Goals Attempted,The average three point field goals attempted per game.,29.2,29.15
2026,9,NA,NY,New York Liberty,NA,86cebc,NA,https://a.espncdn.com/i/teamlogos/wnba/500/ny.png,offensive,AFTM,avgFreeThrowsMade,Average Free Throws Made,The average free throw shots made per game.,17.7,17.675
2026,9,NA,NY,New York Liberty,NA,86cebc,NA,https://a.espncdn.com/i/teamlogos/wnba/500/ny.png,offensive,AFTA,avgFreeThrowsAttempted,Average Free Throws Attempted,The average free throw shots attempted per game.,20.8,20.8
2026,9,NA,NY,New York Liberty,NA,86cebc,NA,https://a.espncdn.com/i/teamlogos/wnba/500/ny.png,offensive,PPG,avgPoints,Points Per Game,The average number of points scored per game.,89.8,89.825
2026,9,NA,NY,New York Liberty,NA,86cebc,NA,https://a.espncdn.com/i/teamlogos/wnba/500/ny.png,offensive,ORPG,avgOffensiveRebounds,Offensive Rebounds Per Game,The average offensive rebounds per game.,8.2,8.2
2026,9,NA,NY,New York Liberty,NA,86cebc,NA,https://a.espncdn.com/i/teamlogos/wnba/500/ny.png,offensive,APG,avgAssists,Assists Per Game,The average assists per game.,20.8,20.8
2026,9,NA,NY,New York Liberty,NA,86cebc,NA,https://a.espncdn.com/i/teamlogos/wnba/500/ny.png,offensive,TOPG,avgTurnovers,Turnovers Per Game,The average turnovers committed per game.,13.5,13.525
2026,9,NA,NY,New York Liberty,NA,86cebc,NA,https://a.espncdn.com/i/teamlogos/wnba/500/ny.png,offensive,2P%,twoPointFieldGoalPct,2-Point Field Goal Percentage,The percentage of 2-points fields goals made by a team or player.,54.5,54.4560968875885
2026,9,NA,NY,New York Liberty,NA,86cebc,NA,https://a.espncdn.com/i/teamlogos/wnba/500/ny.png,offensive,SC-EFF,scoringEfficiency,Scoring Efficiency,The efficiency with which a team or player scores the basketball.,1.335,1.3346953
2026,9,NA,NY,New York Liberty,NA,86cebc,NA,https://a.espncdn.com/i/teamlogos/wnba/500/ny.png,offensive,SH-EFF,shootingEfficiency,Shooting Efficiency,The efficiency with which a team or player shoots the basketball.,0.54,0.5360327
2026,9,NA,NY,New York Liberty,NA,86cebc,NA,https://a.espncdn.com/i/teamlogos/wnba/500/ny.png,offensive,FG%,fieldGoalPct,Field Goal Percentage,The ratio of field goals made to field goals attempted: FGM / FGA,46.0,46.025
2026,9,NA,NY,New York Liberty,NA,86cebc,NA,https://a.espncdn.com/i/teamlogos/wnba/500/ny.png,offensive,2PM,twoPointFieldGoalsMade,2-Point Field Goals Made,The number of 2-point field goals made for a team or player.,831.0,831
2026,9,NA,NY,New York Liberty,NA,86cebc,NA,https://a.espncdn.com/i/teamlogos/wnba/500/ny.png,offensive,2PA,twoPointFieldGoalsAttempted,2-Point Field Goals Attempted,The number of 2-point field goals attempted for a team or player.,1526.0,1526
2026,9,NA,NY,New York Liberty,NA,86cebc,NA,https://a.espncdn.com/i/teamlogos/wnba/500/ny.png,offensive,PTS,points,Points,The number of points scored.,3593,3593
2026,9,NA,NY,New York Liberty,NA,86cebc,NA,https://a.espncdn.com/i/teamlogos/wnba/500/ny.png,offensive,OREB,offensiveRebounds,Offensive Rebounds,The number of times when the offense obtains the possession of the ball after a missed shot.,328,328
2026,9,NA,NY,New York Liberty,NA,86cebc,NA,https://a.espncdn.com/i/teamlogos/wnba/500/ny.png,offensive,AST,assists,Assists,"The number of times a player who passes the ball to a teammate in a way that leads to a score by field goal, meaning that he or she was ""assisting"" in the basket. There is some judgment involved in deciding whether a passer should be credited with an assist.",832,832
2026,9,NA,NY,New York Liberty,NA,86cebc,NA,https://a.espncdn.com/i/teamlogos/wnba/500/ny.png,offensive,TO,turnovers,Turnovers,The number of times a player loses possession to the other team.,541,541
2026,9,NA,NY,New York Liberty,NA,86cebc,NA,https://a.espncdn.com/i/teamlogos/wnba/500/ny.png,offensive,FGM,fieldGoalsMade,Field Goals Made,The number of times a 2pt field goal was made.,1239,1239
2026,9,NA,NY,New York Liberty,NA,86cebc,NA,https://a.espncdn.com/i/teamlogos/wnba/500/ny.png,offensive,FGA,fieldGoalsAttempted,Field Goals Attempted,The number of times a 2pt field goal was attempted.,2692,2692
2026,9,NA,NY,New York Liberty,NA,86cebc,NA,https://a.espncdn.com/i/teamlogos/wnba/500/ny.png,offensive,FTM,freeThrowsMade,Free Throws Made,The number of times a free throw was made.,707,707
2026,9,NA,NY,New York Liberty,NA,86cebc,NA,https://a.espncdn.com/i/teamlogos/wnba/500/ny.png,offensive,FTA,freeThrowsAttempted,Free Throws Attempted,The number of times a free throw was attempted.,832,832
2026,9,NA,NY,New York Liberty,NA,86cebc,NA,https://a.espncdn.com/i/teamlogos/wnba/500/ny.png,offensive,3PM,threePointFieldGoalsMade,3-Point Field Goals Made,The number of times a 3pt field goal was made.,408,408
2026,9,NA,NY,New York Liberty,NA,86cebc,NA,https://a.espncdn.com/i/teamlogos/wnba/500/ny.png,offensive,3PA,threePointFieldGoalsAttempted,3-Point Field Goals Attempted,The number of times a 3pt field goal was attempted.,1166,1166
2026,9,NA,NY,New York Liberty,NA,86cebc,NA,https://a.espncdn.com/i/teamlogos/wnba/500/ny.png,offensive,3P%,threePointFieldGoalPct,3-Point Field Goal Percentage,The ratio of 3pt field goals made to 3pt field goals attempted: 3PM / 3PA.,35.0,34.99142229557037
2026,9,NA,NY,New York Liberty,NA,86cebc,NA,https://a.espncdn.com/i/teamlogos/wnba/500/ny.png,offensive,2PM,avgTwoPointFieldGoalsMade,2-Point Field Goals Made per Game,The number of 2-point field goals made per game for a team or player.,20.8,20.775
2026,9,NA,NY,New York Liberty,NA,86cebc,NA,https://a.espncdn.com/i/teamlogos/wnba/500/ny.png,offensive,2PA,avgTwoPointFieldGoalsAttempted,2-Point Field Goals Attempted per Game,The number of 2-point field goals attempted per game for a team or player.,38.2,38.15
2026,9,NA,NY,New York Liberty,NA,86cebc,NA,https://a.espncdn.com/i/teamlogos/wnba/500/ny.png,defensive,DRPG,avgDefensiveRebounds,Defensive Rebounds Per Game,The average defensive rebounds per game.,27.1,27.075
2026,9,NA,NY,New York Liberty,NA,86cebc,NA,https://a.espncdn.com/i/teamlogos/wnba/500/ny.png,defensive,BPG,avgBlocks,Blocks Per Game,The average blocks per game.,4.2,4.225
2026,9,NA,NY,New York Liberty,NA,86cebc,NA,https://a.espncdn.com/i/teamlogos/wnba/500/ny.png,defensive,SPG,avgSteals,Steals Per Game,The average steals per game.,6.1,6.05
2026,9,NA,NY,New York Liberty,NA,86cebc,NA,https://a.espncdn.com/i/teamlogos/wnba/500/ny.png,defensive,DREB,defensiveRebounds,Defensive Rebounds,The number of times when the defense obtains the possession of the ball after a missed shot by the offense.,1083,1083
2026,9,NA,NY,New York Liberty,NA,86cebc,NA,https://a.espncdn.com/i/teamlogos/wnba/500/ny.png,defensive,STL,steals,Steals,The number of times a defensive player forced a turnover by intercepting or deflecting a pass or a dribble of an offensive player.,242,242
2026,9,NA,NY,New York Liberty,NA,86cebc,NA,https://a.espncdn.com/i/teamlogos/wnba/500/ny.png,defensive,BLK,blocks,Blocks,"Short for blocked shot, number of times when a defensive player legally deflects a field goal attempt from an offensive player.",169,169
