game_id,season,season_type,game_date,game_date_time,team_id,team_uid,team_slug,team_location,team_name,team_abbreviation,team_display_name,team_short_display_name,team_color,team_alternate_color,team_logo,team_home_away,team_score,team_winner,assists,blocks,defensive_rebounds,fast_break_points,field_goal_pct,field_goals_made,field_goals_attempted,flagrant_fouls,fouls,free_throw_pct,free_throws_made,free_throws_attempted,largest_lead,lead_changes,lead_percentage,offensive_rebounds,points_in_paint,steals,team_turnovers,technical_fouls,three_point_field_goal_pct,three_point_field_goals_made,three_point_field_goals_attempted,total_rebounds,total_technical_fouls,total_turnovers,turnover_points,turnovers,opponent_team_id,opponent_team_uid,opponent_team_slug,opponent_team_location,opponent_team_name,opponent_team_abbreviation,opponent_team_display_name,opponent_team_short_display_name,opponent_team_color,opponent_team_alternate_color,opponent_team_logo,opponent_team_score
401857186,2026,2,2026-08-30,2026-08-30T19:00:00Z,8,s:40~l:59~t:8,minnesota-lynx,Minnesota,Lynx,MIN,Minnesota Lynx,Lynx,266092,79bc43,https://a.espncdn.com/i/teamlogos/wnba/500/min.png,away,81,FALSE,17,4,26,17,43,30,70,0,14,79,15,19,2,1,1,6,34,14,0,1,32,6,19,32,1,11,13,11,20,s:40~l:59~t:20,atlanta-dream,Atlanta,Dream,ATL,Atlanta Dream,Dream,e31837,5091cc,https://a.espncdn.com/i/teamlogos/wnba/500/atl.png,89
401857186,2026,2,2026-08-30,2026-08-30T19:00:00Z,20,s:40~l:59~t:20,atlanta-dream,Atlanta,Dream,ATL,Atlanta Dream,Dream,e31837,5091cc,https://a.espncdn.com/i/teamlogos/wnba/500/atl.png,home,89,TRUE,21,3,29,13,46,33,71,0,14,71,10,14,20,1,97,8,40,8,0,0,36,13,36,37,0,18,23,18,8,s:40~l:59~t:8,minnesota-lynx,Minnesota,Lynx,MIN,Minnesota Lynx,Lynx,266092,79bc43,https://a.espncdn.com/i/teamlogos/wnba/500/min.png,81
401857187,2026,2,2026-08-30,2026-08-30T21:00:00Z,6,s:40~l:59~t:6,los-angeles-sparks,Los Angeles,Sparks,LA,Los Angeles Sparks,Sparks,552583,fdb927,https://a.espncdn.com/i/teamlogos/wnba/500/la.png,away,90,TRUE,23,5,35,19,44,32,73,0,16,93,14,15,26,0,96,5,34,12,1,0,39,12,31,40,0,17,21,16,14,s:40~l:59~t:14,seattle-storm,Seattle,Storm,SEA,Seattle Storm,Storm,2c5235,fee11a,https://a.espncdn.com/i/teamlogos/wnba/500/sea.png,74
401857187,2026,2,2026-08-30,2026-08-30T21:00:00Z,14,s:40~l:59~t:14,seattle-storm,Seattle,Storm,SEA,Seattle Storm,Storm,2c5235,fee11a,https://a.espncdn.com/i/teamlogos/wnba/500/sea.png,home,74,FALSE,17,4,29,14,34,28,82,0,19,78,14,18,0,0,0,14,44,11,0,1,18,4,22,43,1,16,17,16,6,s:40~l:59~t:6,los-angeles-sparks,Los Angeles,Sparks,LA,Los Angeles Sparks,Sparks,552583,fdb927,https://a.espncdn.com/i/teamlogos/wnba/500/la.png,90
401857188,2026,2,2026-08-30,2026-08-30T23:00:00Z,129689,s:40~l:59~t:129689,golden-state-valkyries,Golden State,Valkyries,GS,Golden State Valkyries,Valkyries,b38fcf,000000,https://a.espncdn.com/i/teamlogos/wnba/500/gs.png,away,86,TRUE,20,4,23,14,48,29,61,0,12,90,19,21,26,2,93,8,38,9,3,0,31,9,29,31,0,14,6,11,132052,s:40~l:59~t:132052,portland-fire,Portland,Fire,POR,Portland Fire,Fire,cee5eb,000000,https://a.espncdn.com/i/teamlogos/wnba/500/por.png,69
401857188,2026,2,2026-08-30,2026-08-30T23:00:00Z,132052,s:40~l:59~t:132052,portland-fire,Portland,Fire,POR,Portland Fire,Fire,cee5eb,000000,https://a.espncdn.com/i/teamlogos/wnba/500/por.png,home,69,FALSE,19,1,20,5,39,24,62,0,17,85,11,13,2,2,1,9,22,8,1,1,26,10,39,29,1,16,12,15,129689,s:40~l:59~t:129689,golden-state-valkyries,Golden State,Valkyries,GS,Golden State Valkyries,Valkyries,b38fcf,000000,https://a.espncdn.com/i/teamlogos/wnba/500/gs.png,86
401857189,2026,2,2026-08-30,2026-08-31T00:30:00Z,18,s:40~l:59~t:18,connecticut-sun,Connecticut,Sun,CON,Connecticut Sun,Sun,f05023,0a2240,https://a.espncdn.com/i/teamlogos/wnba/500/con.png,away,71,FALSE,16,3,17,11,33,24,73,0,23,73,16,22,1,2,0,12,28,6,0,0,26,7,27,29,0,7,9,7,3,s:40~l:59~t:3,dallas-wings,Dallas,Wings,DAL,Dallas Wings,Wings,002b5c,c4d600,https://a.espncdn.com/i/teamlogos/wnba/500/dal.png,97
401857189,2026,2,2026-08-30,2026-08-31T00:30:00Z,3,s:40~l:59~t:3,dallas-wings,Dallas,Wings,DAL,Dallas Wings,Wings,002b5c,c4d600,https://a.espncdn.com/i/teamlogos/wnba/500/dal.png,home,97,TRUE,20,5,35,12,52,33,63,0,20,77,23,30,32,2,96,6,44,5,1,0,50,8,16,41,0,11,8,10,18,s:40~l:59~t:18,connecticut-sun,Connecticut,Sun,CON,Connecticut Sun,Sun,f05023,0a2240,https://a.espncdn.com/i/teamlogos/wnba/500/con.png,71
401857184,2026,2,2026-08-29,2026-08-29T17:00:00Z,19,s:40~l:59~t:19,chicago-sky,Chicago,Sky,CHI,Chicago Sky,Sky,5091cd,ffd520,https://a.espncdn.com/i/teamlogos/wnba/500/chi.png,away,66,FALSE,18,5,26,12,38,25,66,0,23,67,12,18,5,1,8,3,34,4,0,0,22,4,18,29,0,11,8,11,9,s:40~l:59~t:9,new-york-liberty,New York,Liberty,NY,New York Liberty,Liberty,86cebc,000000,https://a.espncdn.com/i/teamlogos/wnba/500/ny.png,85
401857184,2026,2,2026-08-29,2026-08-29T17:00:00Z,9,s:40~l:59~t:9,new-york-liberty,New York,Liberty,NY,New York Liberty,Liberty,86cebc,000000,https://a.espncdn.com/i/teamlogos/wnba/500/ny.png,home,85,TRUE,17,8,36,10,39,27,70,0,20,91,20,22,24,1,88,8,30,5,0,0,41,11,27,44,0,11,8,11,19,s:40~l:59~t:19,chicago-sky,Chicago,Sky,CHI,Chicago Sky,Sky,5091cd,ffd520,https://a.espncdn.com/i/teamlogos/wnba/500/chi.png,66
401857185,2026,2,2026-08-29,2026-08-30T02:00:00Z,131935,s:40~l:59~t:131935,toronto-tempo,Toronto,Tempo,TOR,Toronto Tempo,Tempo,33476D,7B1B38,https://a.espncdn.com/i/teamlogos/wnba/500/tor.png,away,69,FALSE,17,3,25,5,37,23,62,0,12,83,19,23,0,0,0,7,34,4,0,0,18,4,22,32,0,16,24,16,11,s:40~l:59~t:11,phoenix-mercury,Phoenix,Mercury,PHX,Phoenix Mercury,Mercury,3c286e,fa4b0a,https://a.espncdn.com/i/teamlogos/wnba/500/phx.png,101
401857185,2026,2,2026-08-29,2026-08-30T02:00:00Z,11,s:40~l:59~t:11,phoenix-mercury,Phoenix,Mercury,PHX,Phoenix Mercury,Mercury,3c286e,fa4b0a,https://a.espncdn.com/i/teamlogos/wnba/500/phx.png,home,101,TRUE,27,3,25,28,48,37,77,0,19,92,12,13,47,0,98,10,42,12,2,0,44,15,34,35,0,9,6,7,131935,s:40~l:59~t:131935,toronto-tempo,Toronto,Tempo,TOR,Toronto Tempo,Tempo,33476D,7B1B38,https://a.espncdn.com/i/teamlogos/wnba/500/tor.png,69
401857180,2026,2,2026-08-28,2026-08-28T23:30:00Z,132052,s:40~l:59~t:132052,portland-fire,Portland,Fire,POR,Portland Fire,Fire,cee5eb,000000,https://a.espncdn.com/i/teamlogos/wnba/500/por.png,away,101,TRUE,16,7,24,6,58,38,65,0,24,86,12,14,19,1,94,6,50,11,0,1,43,13,30,30,1,11,17,11,20,s:40~l:59~t:20,atlanta-dream,Atlanta,Dream,ATL,Atlanta Dream,Dream,e31837,5091cc,https://a.espncdn.com/i/teamlogos/wnba/500/atl.png,83
401857180,2026,2,2026-08-28,2026-08-28T23:30:00Z,20,s:40~l:59~t:20,atlanta-dream,Atlanta,Dream,ATL,Atlanta Dream,Dream,e31837,5091cc,https://a.espncdn.com/i/teamlogos/wnba/500/atl.png,home,83,FALSE,20,4,18,13,37,26,71,0,16,79,19,24,3,1,3,16,28,5,1,1,36,12,33,34,1,19,24,18,132052,s:40~l:59~t:132052,portland-fire,Portland,Fire,POR,Portland Fire,Fire,cee5eb,000000,https://a.espncdn.com/i/teamlogos/wnba/500/por.png,101
401857181,2026,2,2026-08-28,2026-08-28T23:30:00Z,18,s:40~l:59~t:18,connecticut-sun,Connecticut,Sun,CON,Connecticut Sun,Sun,f05023,0a2240,https://a.espncdn.com/i/teamlogos/wnba/500/con.png,away,91,FALSE,22,1,20,12,46,35,76,0,23,92,12,13,14,6,31,6,38,9,1,0,32,9,28,26,0,17,23,16,5,s:40~l:59~t:5,indiana-fever,Indiana,Fever,IND,Indiana Fever,Fever,002d62,e03a3e,https://a.espncdn.com/i/teamlogos/wnba/500/ind.png,111
401857181,2026,2,2026-08-28,2026-08-28T23:30:00Z,5,s:40~l:59~t:5,indiana-fever,Indiana,Fever,IND,Indiana Fever,Fever,002d62,e03a3e,https://a.espncdn.com/i/teamlogos/wnba/500/ind.png,home,111,TRUE,23,6,28,18,58,39,67,0,17,66,21,32,23,6,66,6,46,13,0,0,41,12,29,34,0,12,20,12,18,s:40~l:59~t:18,connecticut-sun,Connecticut,Sun,CON,Connecticut Sun,Sun,f05023,0a2240,https://a.espncdn.com/i/teamlogos/wnba/500/con.png,91
401857182,2026,2,2026-08-28,2026-08-29T02:00:00Z,131935,s:40~l:59~t:131935,toronto-tempo,Toronto,Tempo,TOR,Toronto Tempo,Tempo,33476D,7B1B38,https://a.espncdn.com/i/teamlogos/wnba/500/tor.png,away,73,FALSE,18,2,30,2,40,27,67,0,22,69,9,13,3,1,4,7,28,6,1,0,36,10,28,37,0,17,18,16,17,s:40~l:59~t:17,las-vegas-aces,Las Vegas,Aces,LV,Las Vegas Aces,Aces,a7a8aa,000000,https://a.espncdn.com/i/teamlogos/wnba/500/lv.png,93
401857182,2026,2,2026-08-28,2026-08-29T02:00:00Z,17,s:40~l:59~t:17,las-vegas-aces,Las Vegas,Aces,LV,Las Vegas Aces,Aces,a7a8aa,000000,https://a.espncdn.com/i/teamlogos/wnba/500/lv.png,home,93,TRUE,20,4,28,2,43,32,75,0,14,90,19,21,26,1,93,10,36,10,0,0,30,10,33,38,0,7,2,7,131935,s:40~l:59~t:131935,toronto-tempo,Toronto,Tempo,TOR,Toronto Tempo,Tempo,33476D,7B1B38,https://a.espncdn.com/i/teamlogos/wnba/500/tor.png,73
401857183,2026,2,2026-08-28,2026-08-29T02:00:00Z,16,s:40~l:59~t:16,washington-mystics,Washington,Mystics,WSH,Washington Mystics,Mystics,e03a3e,002b5c,https://a.espncdn.com/i/teamlogos/wnba/500/wsh.png,away,82,FALSE,20,2,28,2,49,31,63,0,15,71,12,17,17,12,54,6,34,4,1,1,38,8,21,34,1,17,31,16,6,s:40~l:59~t:6,los-angeles-sparks,Los Angeles,Sparks,LA,Los Angeles Sparks,Sparks,552583,fdb927,https://a.espncdn.com/i/teamlogos/wnba/500/la.png,88
401857183,2026,2,2026-08-28,2026-08-29T02:00:00Z,6,s:40~l:59~t:6,los-angeles-sparks,Los Angeles,Sparks,LA,Los Angeles Sparks,Sparks,552583,fdb927,https://a.espncdn.com/i/teamlogos/wnba/500/la.png,home,88,TRUE,28,5,20,12,56,36,64,0,17,57,8,14,8,12,27,3,50,10,1,0,40,8,20,23,0,10,13,9,16,s:40~l:59~t:16,washington-mystics,Washington,Mystics,WSH,Washington Mystics,Mystics,e03a3e,002b5c,https://a.espncdn.com/i/teamlogos/wnba/500/wsh.png,82
401857178,2026,2,2026-08-27,2026-08-28T00:00:00Z,129689,s:40~l:59~t:129689,golden-state-valkyries,Golden State,Valkyries,GS,Golden State Valkyries,Valkyries,b38fcf,000000,https://a.espncdn.com/i/teamlogos/wnba/500/gs.png,away,79,TRUE,23,2,31,4,42,30,71,0,16,75,6,8,19,4,89,8,22,4,2,0,39,13,33,39,0,9,12,7,9,s:40~l:59~t:9,new-york-liberty,New York,Liberty,NY,New York Liberty,Liberty,86cebc,000000,https://a.espncdn.com/i/teamlogos/wnba/500/ny.png,60
401857178,2026,2,2026-08-27,2026-08-28T00:00:00Z,9,s:40~l:59~t:9,new-york-liberty,New York,Liberty,NY,New York Liberty,Liberty,86cebc,000000,https://a.espncdn.com/i/teamlogos/wnba/500/ny.png,home,60,FALSE,14,6,23,6,30,19,63,1,13,79,15,19,4,4,10,9,24,3,0,0,23,7,31,32,0,9,2,9,129689,s:40~l:59~t:129689,golden-state-valkyries,Golden State,Valkyries,GS,Golden State Valkyries,Valkyries,b38fcf,000000,https://a.espncdn.com/i/teamlogos/wnba/500/gs.png,79
401857179,2026,2,2026-08-27,2026-08-28T02:00:00Z,16,s:40~l:59~t:16,washington-mystics,Washington,Mystics,WSH,Washington Mystics,Mystics,e03a3e,002b5c,https://a.espncdn.com/i/teamlogos/wnba/500/wsh.png,away,80,TRUE,20,4,29,9,48,29,61,1,20,79,15,19,12,3,61,6,44,6,1,0,41,7,17,35,0,17,22,16,11,s:40~l:59~t:11,phoenix-mercury,Phoenix,Mercury,PHX,Phoenix Mercury,Mercury,3c286e,fa4b0a,https://a.espncdn.com/i/teamlogos/wnba/500/phx.png,73
401857179,2026,2,2026-08-27,2026-08-28T02:00:00Z,11,s:40~l:59~t:11,phoenix-mercury,Phoenix,Mercury,PHX,Phoenix Mercury,Mercury,3c286e,fa4b0a,https://a.espncdn.com/i/teamlogos/wnba/500/phx.png,home,73,FALSE,18,5,24,18,41,27,66,0,21,78,14,18,13,3,33,5,38,10,1,0,29,5,17,29,0,16,21,15,16,s:40~l:59~t:16,washington-mystics,Washington,Mystics,WSH,Washington Mystics,Mystics,e03a3e,002b5c,https://a.espncdn.com/i/teamlogos/wnba/500/wsh.png,80
401857176,2026,2,2026-08-26,2026-08-26T23:00:00Z,129689,s:40~l:59~t:129689,golden-state-valkyries,Golden State,Valkyries,GS,Golden State Valkyries,Valkyries,b38fcf,000000,https://a.espncdn.com/i/teamlogos/wnba/500/gs.png,away,89,TRUE,24,10,36,11,54,34,63,0,23,73,11,15,35,0,97,6,42,5,1,1,40,10,25,42,1,13,7,12,18,s:40~l:59~t:18,connecticut-sun,Connecticut,Sun,CON,Connecticut Sun,Sun,f05023,0a2240,https://a.espncdn.com/i/teamlogos/wnba/500/con.png,64
401857176,2026,2,2026-08-26,2026-08-26T23:00:00Z,18,s:40~l:59~t:18,connecticut-sun,Connecticut,Sun,CON,Connecticut Sun,Sun,f05023,0a2240,https://a.espncdn.com/i/teamlogos/wnba/500/con.png,home,64,FALSE,17,3,20,12,31,22,71,1,19,58,14,24,0,0,0,10,28,4,1,0,19,6,31,30,0,11,17,10,129689,s:40~l:59~t:129689,golden-state-valkyries,Golden State,Valkyries,GS,Golden State Valkyries,Valkyries,b38fcf,000000,https://a.espncdn.com/i/teamlogos/wnba/500/gs.png,89
401857177,2026,2,2026-08-26,2026-08-27T02:00:00Z,131935,s:40~l:59~t:131935,toronto-tempo,Toronto,Tempo,TOR,Toronto Tempo,Tempo,33476D,7B1B38,https://a.espncdn.com/i/teamlogos/wnba/500/tor.png,away,78,FALSE,14,1,30,14,37,26,70,0,15,79,22,28,6,13,38,13,44,7,1,0,15,4,26,43,0,17,25,16,14,s:40~l:59~t:14,seattle-storm,Seattle,Storm,SEA,Seattle Storm,Storm,2c5235,fee11a,https://a.espncdn.com/i/teamlogos/wnba/500/sea.png,90
401857177,2026,2,2026-08-26,2026-08-27T02:00:00Z,14,s:40~l:59~t:14,seattle-storm,Seattle,Storm,SEA,Seattle Storm,Storm,2c5235,fee11a,https://a.espncdn.com/i/teamlogos/wnba/500/sea.png,home,90,TRUE,25,8,27,13,44,35,79,0,19,78,14,18,14,13,55,10,50,13,1,0,22,6,27,37,0,11,15,10,131935,s:40~l:59~t:131935,toronto-tempo,Toronto,Tempo,TOR,Toronto Tempo,Tempo,33476D,7B1B38,https://a.espncdn.com/i/teamlogos/wnba/500/tor.png,78
401857173,2026,2,2026-08-25,2026-08-25T23:00:00Z,19,s:40~l:59~t:19,chicago-sky,Chicago,Sky,CHI,Chicago Sky,Sky,5091cd,ffd520,https://a.espncdn.com/i/teamlogos/wnba/500/chi.png,away,81,FALSE,23,8,25,6,42,30,72,0,18,83,15,18,2,2,2,9,44,5,0,0,21,6,29,34,0,9,14,9,18,s:40~l:59~t:18,connecticut-sun,Connecticut,Sun,CON,Connecticut Sun,Sun,f05023,0a2240,https://a.espncdn.com/i/teamlogos/wnba/500/con.png,87
401857173,2026,2,2026-08-25,2026-08-25T23:00:00Z,18,s:40~l:59~t:18,connecticut-sun,Connecticut,Sun,CON,Connecticut Sun,Sun,f05023,0a2240,https://a.espncdn.com/i/teamlogos/wnba/500/con.png,home,87,TRUE,21,4,30,13,43,30,70,0,16,74,20,27,20,2,87,7,40,7,1,0,35,7,20,37,0,7,10,6,19,s:40~l:59~t:19,chicago-sky,Chicago,Sky,CHI,Chicago Sky,Sky,5091cd,ffd520,https://a.espncdn.com/i/teamlogos/wnba/500/chi.png,81
401857174,2026,2,2026-08-25,2026-08-26T00:00:00Z,132052,s:40~l:59~t:132052,portland-fire,Portland,Fire,POR,Portland Fire,Fire,cee5eb,000000,https://a.espncdn.com/i/teamlogos/wnba/500/por.png,away,78,FALSE,20,3,19,7,38,27,72,0,16,82,14,17,0,0,0,14,34,8,1,0,28,10,36,33,0,12,23,11,3,s:40~l:59~t:3,dallas-wings,Dallas,Wings,DAL,Dallas Wings,Wings,002b5c,c4d600,https://a.espncdn.com/i/teamlogos/wnba/500/dal.png,96
401857174,2026,2,2026-08-25,2026-08-26T00:00:00Z,3,s:40~l:59~t:3,dallas-wings,Dallas,Wings,DAL,Dallas Wings,Wings,002b5c,c4d600,https://a.espncdn.com/i/teamlogos/wnba/500/dal.png,home,96,TRUE,26,8,28,15,55,38,69,0,16,69,9,13,26,0,98,10,46,11,0,0,46,11,24,38,0,12,14,12,132052,s:40~l:59~t:132052,portland-fire,Portland,Fire,POR,Portland Fire,Fire,cee5eb,000000,https://a.espncdn.com/i/teamlogos/wnba/500/por.png,78
401857175,2026,2,2026-08-25,2026-08-26T02:00:00Z,16,s:40~l:59~t:16,washington-mystics,Washington,Mystics,WSH,Washington Mystics,Mystics,e03a3e,002b5c,https://a.espncdn.com/i/teamlogos/wnba/500/wsh.png,away,94,TRUE,21,4,25,5,51,35,68,0,19,75,15,20,20,2,89,10,46,4,1,0,43,9,21,35,0,13,20,12,11,s:40~l:59~t:11,phoenix-mercury,Phoenix,Mercury,PHX,Phoenix Mercury,Mercury,3c286e,fa4b0a,https://a.espncdn.com/i/teamlogos/wnba/500/phx.png,84
401857175,2026,2,2026-08-25,2026-08-26T02:00:00Z,11,s:40~l:59~t:11,phoenix-mercury,Phoenix,Mercury,PHX,Phoenix Mercury,Mercury,3c286e,fa4b0a,https://a.espncdn.com/i/teamlogos/wnba/500/phx.png,home,84,FALSE,22,5,20,17,47,33,70,0,21,88,15,17,6,2,8,6,50,9,0,1,18,3,17,26,1,9,10,9,16,s:40~l:59~t:16,washington-mystics,Washington,Mystics,WSH,Washington Mystics,Mystics,e03a3e,002b5c,https://a.espncdn.com/i/teamlogos/wnba/500/wsh.png,94
401857171,2026,2,2026-08-24,2026-08-25T00:00:00Z,129689,s:40~l:59~t:129689,golden-state-valkyries,Golden State,Valkyries,GS,Golden State Valkyries,Valkyries,b38fcf,000000,https://a.espncdn.com/i/teamlogos/wnba/500/gs.png,away,80,TRUE,23,4,20,4,44,31,71,0,16,75,6,8,19,5,65,11,24,12,3,0,36,12,33,31,0,9,3,6,8,s:40~l:59~t:8,minnesota-lynx,Minnesota,Lynx,MIN,Minnesota Lynx,Lynx,266092,79bc43,https://a.espncdn.com/i/teamlogos/wnba/500/min.png,66
401857171,2026,2,2026-08-24,2026-08-25T00:00:00Z,8,s:40~l:59~t:8,minnesota-lynx,Minnesota,Lynx,MIN,Minnesota Lynx,Lynx,266092,79bc43,https://a.espncdn.com/i/teamlogos/wnba/500/min.png,home,66,FALSE,18,4,26,3,36,21,59,0,11,78,14,18,8,5,26,6,20,2,1,0,33,10,30,32,0,18,21,17,129689,s:40~l:59~t:129689,golden-state-valkyries,Golden State,Valkyries,GS,Golden State Valkyries,Valkyries,b38fcf,000000,https://a.espncdn.com/i/teamlogos/wnba/500/gs.png,80
401857172,2026,2,2026-08-24,2026-08-25T02:00:00Z,20,s:40~l:59~t:20,atlanta-dream,Atlanta,Dream,ATL,Atlanta Dream,Dream,e31837,5091cc,https://a.espncdn.com/i/teamlogos/wnba/500/atl.png,away,78,TRUE,17,1,33,2,40,30,75,0,18,80,12,15,16,8,68,15,48,7,1,1,21,6,29,48,1,15,11,14,6,s:40~l:59~t:6,los-angeles-sparks,Los Angeles,Sparks,LA,Los Angeles Sparks,Sparks,552583,fdb927,https://a.espncdn.com/i/teamlogos/wnba/500/la.png,71
401857172,2026,2,2026-08-24,2026-08-25T02:00:00Z,6,s:40~l:59~t:6,los-angeles-sparks,Los Angeles,Sparks,LA,Los Angeles Sparks,Sparks,552583,fdb927,https://a.espncdn.com/i/teamlogos/wnba/500/la.png,home,71,FALSE,19,7,25,2,39,26,67,0,19,89,16,18,6,8,25,7,38,7,0,0,17,3,18,32,0,11,18,11,20,s:40~l:59~t:20,atlanta-dream,Atlanta,Dream,ATL,Atlanta Dream,Dream,e31837,5091cc,https://a.espncdn.com/i/teamlogos/wnba/500/atl.png,78
401857167,2026,2,2026-08-23,2026-08-23T20:00:00Z,14,s:40~l:59~t:14,seattle-storm,Seattle,Storm,SEA,Seattle Storm,Storm,2c5235,fee11a,https://a.espncdn.com/i/teamlogos/wnba/500/sea.png,away,70,FALSE,12,3,22,5,34,25,74,0,17,89,8,9,0,0,0,12,26,9,0,0,31,12,39,34,0,15,22,15,3,s:40~l:59~t:3,dallas-wings,Dallas,Wings,DAL,Dallas Wings,Wings,002b5c,c4d600,https://a.espncdn.com/i/teamlogos/wnba/500/dal.png,92
401857167,2026,2,2026-08-23,2026-08-23T20:00:00Z,3,s:40~l:59~t:3,dallas-wings,Dallas,Wings,DAL,Dallas Wings,Wings,002b5c,c4d600,https://a.espncdn.com/i/teamlogos/wnba/500/dal.png,home,92,TRUE,23,4,34,20,50,33,66,0,11,88,15,17,35,0,98,6,36,6,2,0,48,11,23,40,0,15,15,13,14,s:40~l:59~t:14,seattle-storm,Seattle,Storm,SEA,Seattle Storm,Storm,2c5235,fee11a,https://a.espncdn.com/i/teamlogos/wnba/500/sea.png,70
401857168,2026,2,2026-08-23,2026-08-23T23:00:00Z,5,s:40~l:59~t:5,indiana-fever,Indiana,Fever,IND,Indiana Fever,Fever,002d62,e03a3e,https://a.espncdn.com/i/teamlogos/wnba/500/ind.png,away,113,TRUE,26,3,24,9,53,42,79,0,14,69,11,16,25,10,79,7,48,6,2,0,55,18,33,31,0,9,9,7,19,s:40~l:59~t:19,chicago-sky,Chicago,Sky,CHI,Chicago Sky,Sky,5091cd,ffd520,https://a.espncdn.com/i/teamlogos/wnba/500/chi.png,90
401857168,2026,2,2026-08-23,2026-08-23T23:00:00Z,19,s:40~l:59~t:19,chicago-sky,Chicago,Sky,CHI,Chicago Sky,Sky,5091cd,ffd520,https://a.espncdn.com/i/teamlogos/wnba/500/chi.png,home,90,FALSE,26,6,26,13,51,35,69,0,21,94,16,17,4,10,14,8,56,4,0,0,19,4,21,34,0,14,29,14,5,s:40~l:59~t:5,indiana-fever,Indiana,Fever,IND,Indiana Fever,Fever,002d62,e03a3e,https://a.espncdn.com/i/teamlogos/wnba/500/ind.png,113
401857169,2026,2,2026-08-23,2026-08-23T23:00:00Z,16,s:40~l:59~t:16,washington-mystics,Washington,Mystics,WSH,Washington Mystics,Mystics,e03a3e,002b5c,https://a.espncdn.com/i/teamlogos/wnba/500/wsh.png,away,105,TRUE,22,6,29,7,54,33,61,1,13,73,32,44,10,5,19,9,48,6,4,0,50,7,14,38,0,17,26,13,132052,s:40~l:59~t:132052,portland-fire,Portland,Fire,POR,Portland Fire,Fire,cee5eb,000000,https://a.espncdn.com/i/teamlogos/wnba/500/por.png,100
401857169,2026,2,2026-08-23,2026-08-23T23:00:00Z,132052,s:40~l:59~t:132052,portland-fire,Portland,Fire,POR,Portland Fire,Fire,cee5eb,000000,https://a.espncdn.com/i/teamlogos/wnba/500/por.png,home,100,FALSE,21,2,18,4,49,36,74,0,28,100,15,15,14,5,75,7,42,9,1,0,46,13,28,25,0,13,14,12,16,s:40~l:59~t:16,washington-mystics,Washington,Mystics,WSH,Washington Mystics,Mystics,e03a3e,002b5c,https://a.espncdn.com/i/teamlogos/wnba/500/wsh.png,105
401857170,2026,2,2026-08-23,2026-08-23T23:00:00Z,17,s:40~l:59~t:17,las-vegas-aces,Las Vegas,Aces,LV,Las Vegas Aces,Aces,a7a8aa,000000,https://a.espncdn.com/i/teamlogos/wnba/500/lv.png,away,88,TRUE,22,3,21,10,52,34,65,0,14,75,15,20,20,3,94,8,40,11,1,0,25,5,20,29,0,11,17,10,131935,s:40~l:59~t:131935,toronto-tempo,Toronto,Tempo,TOR,Toronto Tempo,Tempo,33476D,7B1B38,https://a.espncdn.com/i/teamlogos/wnba/500/tor.png,78
401857170,2026,2,2026-08-23,2026-08-23T23:00:00Z,131935,s:40~l:59~t:131935,toronto-tempo,Toronto,Tempo,TOR,Toronto Tempo,Tempo,33476D,7B1B38,https://a.espncdn.com/i/teamlogos/wnba/500/tor.png,home,78,FALSE,22,2,19,9,44,29,66,0,22,83,10,12,2,3,4,9,34,6,0,1,37,10,27,28,1,15,17,15,17,s:40~l:59~t:17,las-vegas-aces,Las Vegas,Aces,LV,Las Vegas Aces,Aces,a7a8aa,000000,https://a.espncdn.com/i/teamlogos/wnba/500/lv.png,88
401857164,2026,2,2026-08-22,2026-08-22T23:00:00Z,5,s:40~l:59~t:5,indiana-fever,Indiana,Fever,IND,Indiana Fever,Fever,002d62,e03a3e,https://a.espncdn.com/i/teamlogos/wnba/500/ind.png,away,102,FALSE,25,0,24,11,57,40,70,0,24,50,11,22,2,6,3,3,46,7,1,1,42,11,26,27,1,9,5,8,9,s:40~l:59~t:9,new-york-liberty,New York,Liberty,NY,New York Liberty,Liberty,86cebc,000000,https://a.espncdn.com/i/teamlogos/wnba/500/ny.png,109
401857164,2026,2,2026-08-22,2026-08-22T23:00:00Z,9,s:40~l:59~t:9,new-york-liberty,New York,Liberty,NY,New York Liberty,Liberty,86cebc,000000,https://a.espncdn.com/i/teamlogos/wnba/500/ny.png,home,109,TRUE,24,3,28,7,58,37,64,0,23,83,24,29,10,6,89,6,52,4,0,0,41,11,27,34,0,14,16,14,5,s:40~l:59~t:5,indiana-fever,Indiana,Fever,IND,Indiana Fever,Fever,002d62,e03a3e,https://a.espncdn.com/i/teamlogos/wnba/500/ind.png,102
401857165,2026,2,2026-08-22,2026-08-23T01:00:00Z,18,s:40~l:59~t:18,connecticut-sun,Connecticut,Sun,CON,Connecticut Sun,Sun,f05023,0a2240,https://a.espncdn.com/i/teamlogos/wnba/500/con.png,away,68,FALSE,16,3,22,2,35,26,74,0,23,67,12,18,2,1,1,8,38,15,0,0,17,4,24,30,0,13,15,13,6,s:40~l:59~t:6,los-angeles-sparks,Los Angeles,Sparks,LA,Los Angeles Sparks,Sparks,552583,fdb927,https://a.espncdn.com/i/teamlogos/wnba/500/la.png,77
401857165,2026,2,2026-08-22,2026-08-23T01:00:00Z,6,s:40~l:59~t:6,los-angeles-sparks,Los Angeles,Sparks,LA,Los Angeles Sparks,Sparks,552583,fdb927,https://a.espncdn.com/i/teamlogos/wnba/500/la.png,home,77,TRUE,19,3,36,13,51,27,53,1,20,79,15,19,22,1,98,4,36,4,1,0,44,8,18,40,0,25,30,24,18,s:40~l:59~t:18,connecticut-sun,Connecticut,Sun,CON,Connecticut Sun,Sun,f05023,0a2240,https://a.espncdn.com/i/teamlogos/wnba/500/con.png,68
401857166,2026,2,2026-08-22,2026-08-23T02:00:00Z,20,s:40~l:59~t:20,atlanta-dream,Atlanta,Dream,ATL,Atlanta Dream,Dream,e31837,5091cc,https://a.espncdn.com/i/teamlogos/wnba/500/atl.png,away,99,TRUE,24,3,24,11,49,37,76,0,24,88,14,16,16,0,99,8,48,12,0,0,29,11,38,32,0,8,7,8,11,s:40~l:59~t:11,phoenix-mercury,Phoenix,Mercury,PHX,Phoenix Mercury,Mercury,3c286e,fa4b0a,https://a.espncdn.com/i/teamlogos/wnba/500/phx.png,89
401857166,2026,2,2026-08-22,2026-08-23T02:00:00Z,11,s:40~l:59~t:11,phoenix-mercury,Phoenix,Mercury,PHX,Phoenix Mercury,Mercury,3c286e,fa4b0a,https://a.espncdn.com/i/teamlogos/wnba/500/phx.png,home,89,FALSE,22,3,28,7,47,29,62,0,18,80,20,25,0,0,0,7,30,5,0,1,48,11,23,35,1,16,18,16,20,s:40~l:59~t:20,atlanta-dream,Atlanta,Dream,ATL,Atlanta Dream,Dream,e31837,5091cc,https://a.espncdn.com/i/teamlogos/wnba/500/atl.png,99
401857161,2026,2,2026-08-21,2026-08-21T23:30:00Z,8,s:40~l:59~t:8,minnesota-lynx,Minnesota,Lynx,MIN,Minnesota Lynx,Lynx,266092,79bc43,https://a.espncdn.com/i/teamlogos/wnba/500/min.png,away,94,TRUE,25,6,20,7,53,37,70,0,18,90,9,10,10,7,90,6,36,9,0,0,41,11,27,26,0,6,10,6,16,s:40~l:59~t:16,washington-mystics,Washington,Mystics,WSH,Washington Mystics,Mystics,e03a3e,002b5c,https://a.espncdn.com/i/teamlogos/wnba/500/wsh.png,84
401857161,2026,2,2026-08-21,2026-08-21T23:30:00Z,16,s:40~l:59~t:16,washington-mystics,Washington,Mystics,WSH,Washington Mystics,Mystics,e03a3e,002b5c,https://a.espncdn.com/i/teamlogos/wnba/500/wsh.png,home,84,FALSE,21,3,23,2,45,30,66,0,9,74,17,23,5,7,9,13,40,2,2,0,33,7,21,36,0,14,21,12,8,s:40~l:59~t:8,minnesota-lynx,Minnesota,Lynx,MIN,Minnesota Lynx,Lynx,266092,79bc43,https://a.espncdn.com/i/teamlogos/wnba/500/min.png,94
401857162,2026,2,2026-08-21,2026-08-21T23:30:00Z,129689,s:40~l:59~t:129689,golden-state-valkyries,Golden State,Valkyries,GS,Golden State Valkyries,Valkyries,b38fcf,000000,https://a.espncdn.com/i/teamlogos/wnba/500/gs.png,away,70,FALSE,17,0,32,9,36,25,70,0,15,68,15,22,4,4,9,6,34,4,1,0,23,5,22,38,0,10,9,9,19,s:40~l:59~t:19,chicago-sky,Chicago,Sky,CHI,Chicago Sky,Sky,5091cd,ffd520,https://a.espncdn.com/i/teamlogos/wnba/500/chi.png,73
401857162,2026,2,2026-08-21,2026-08-21T23:30:00Z,19,s:40~l:59~t:19,chicago-sky,Chicago,Sky,CHI,Chicago Sky,Sky,5091cd,ffd520,https://a.espncdn.com/i/teamlogos/wnba/500/chi.png,home,73,TRUE,19,4,29,4,39,24,61,0,22,69,11,16,21,4,81,2,18,4,0,0,47,14,30,31,0,13,15,13,129689,s:40~l:59~t:129689,golden-state-valkyries,Golden State,Valkyries,GS,Golden State Valkyries,Valkyries,b38fcf,000000,https://a.espncdn.com/i/teamlogos/wnba/500/gs.png,70
401857163,2026,2,2026-08-21,2026-08-22T02:00:00Z,132052,s:40~l:59~t:132052,portland-fire,Portland,Fire,POR,Portland Fire,Fire,cee5eb,000000,https://a.espncdn.com/i/teamlogos/wnba/500/por.png,away,79,FALSE,22,3,19,4,39,27,70,0,26,82,14,17,13,5,61,8,32,4,3,1,35,11,31,27,1,14,15,11,131935,s:40~l:59~t:131935,toronto-tempo,Toronto,Tempo,TOR,Toronto Tempo,Tempo,33476D,7B1B38,https://a.espncdn.com/i/teamlogos/wnba/500/tor.png,82
401857163,2026,2,2026-08-21,2026-08-22T02:00:00Z,131935,s:40~l:59~t:131935,toronto-tempo,Toronto,Tempo,TOR,Toronto Tempo,Tempo,33476D,7B1B38,https://a.espncdn.com/i/teamlogos/wnba/500/tor.png,home,82,TRUE,19,4,27,11,42,25,59,0,23,79,26,33,12,5,33,7,36,5,1,0,27,6,22,34,0,15,21,14,132052,s:40~l:59~t:132052,portland-fire,Portland,Fire,POR,Portland Fire,Fire,cee5eb,000000,https://a.espncdn.com/i/teamlogos/wnba/500/por.png,79
401857158,2026,2,2026-08-20,2026-08-21T00:00:00Z,5,s:40~l:59~t:5,indiana-fever,Indiana,Fever,IND,Indiana Fever,Fever,002d62,e03a3e,https://a.espncdn.com/i/teamlogos/wnba/500/ind.png,away,85,FALSE,17,3,23,6,41,27,66,0,23,92,24,26,8,9,50,5,28,6,2,1,30,7,23,28,1,9,9,7,3,s:40~l:59~t:3,dallas-wings,Dallas,Wings,DAL,Dallas Wings,Wings,002b5c,c4d600,https://a.espncdn.com/i/teamlogos/wnba/500/dal.png,91
401857158,2026,2,2026-08-20,2026-08-21T00:00:00Z,3,s:40~l:59~t:3,dallas-wings,Dallas,Wings,DAL,Dallas Wings,Wings,002b5c,c4d600,https://a.espncdn.com/i/teamlogos/wnba/500/dal.png,home,91,TRUE,22,8,25,10,47,34,72,0,19,67,18,27,11,9,43,7,46,5,1,3,28,5,18,32,3,9,6,8,5,s:40~l:59~t:5,indiana-fever,Indiana,Fever,IND,Indiana Fever,Fever,002d62,e03a3e,https://a.espncdn.com/i/teamlogos/wnba/500/ind.png,85
401857159,2026,2,2026-08-20,2026-08-21T02:00:00Z,18,s:40~l:59~t:18,connecticut-sun,Connecticut,Sun,CON,Connecticut Sun,Sun,f05023,0a2240,https://a.espncdn.com/i/teamlogos/wnba/500/con.png,away,78,FALSE,18,3,18,16,45,29,64,0,23,78,14,18,4,11,18,5,40,7,1,0,27,6,22,23,0,19,28,18,17,s:40~l:59~t:17,las-vegas-aces,Las Vegas,Aces,LV,Las Vegas Aces,Aces,a7a8aa,000000,https://a.espncdn.com/i/teamlogos/wnba/500/lv.png,101
401857159,2026,2,2026-08-20,2026-08-21T02:00:00Z,17,s:40~l:59~t:17,las-vegas-aces,Las Vegas,Aces,LV,Las Vegas Aces,Aces,a7a8aa,000000,https://a.espncdn.com/i/teamlogos/wnba/500/lv.png,home,101,TRUE,23,2,28,6,49,37,75,0,17,82,18,22,24,11,78,12,50,7,0,0,36,9,25,40,0,11,17,11,18,s:40~l:59~t:18,connecticut-sun,Connecticut,Sun,CON,Connecticut Sun,Sun,f05023,0a2240,https://a.espncdn.com/i/teamlogos/wnba/500/con.png,78
401857160,2026,2,2026-08-20,2026-08-21T02:00:00Z,20,s:40~l:59~t:20,atlanta-dream,Atlanta,Dream,ATL,Atlanta Dream,Dream,e31837,5091cc,https://a.espncdn.com/i/teamlogos/wnba/500/atl.png,away,124,TRUE,35,4,26,18,64,46,72,0,20,73,16,22,42,1,96,8,56,11,0,1,62,16,26,34,1,14,19,14,6,s:40~l:59~t:6,los-angeles-sparks,Los Angeles,Sparks,LA,Los Angeles Sparks,Sparks,552583,fdb927,https://a.espncdn.com/i/teamlogos/wnba/500/la.png,88
401857160,2026,2,2026-08-20,2026-08-21T02:00:00Z,6,s:40~l:59~t:6,los-angeles-sparks,Los Angeles,Sparks,LA,Los Angeles Sparks,Sparks,552583,fdb927,https://a.espncdn.com/i/teamlogos/wnba/500/la.png,home,88,FALSE,19,2,18,7,48,29,61,0,23,77,20,26,2,1,1,6,32,6,1,0,37,10,27,24,0,21,35,20,20,s:40~l:59~t:20,atlanta-dream,Atlanta,Dream,ATL,Atlanta Dream,Dream,e31837,5091cc,https://a.espncdn.com/i/teamlogos/wnba/500/atl.png,124
401857156,2026,2,2026-08-19,2026-08-19T23:30:00Z,131935,s:40~l:59~t:131935,toronto-tempo,Toronto,Tempo,TOR,Toronto Tempo,Tempo,33476D,7B1B38,https://a.espncdn.com/i/teamlogos/wnba/500/tor.png,away,82,FALSE,18,3,20,3,43,28,65,0,25,65,15,23,2,5,2,7,30,5,0,0,41,11,27,27,0,8,7,8,16,s:40~l:59~t:16,washington-mystics,Washington,Mystics,WSH,Washington Mystics,Mystics,e03a3e,002b5c,https://a.espncdn.com/i/teamlogos/wnba/500/wsh.png,93
401857156,2026,2,2026-08-19,2026-08-19T23:30:00Z,16,s:40~l:59~t:16,washington-mystics,Washington,Mystics,WSH,Washington Mystics,Mystics,e03a3e,002b5c,https://a.espncdn.com/i/teamlogos/wnba/500/wsh.png,home,93,TRUE,23,4,29,6,45,30,66,0,16,86,24,28,18,5,98,14,38,5,0,0,33,9,27,43,0,16,23,16,131935,s:40~l:59~t:131935,toronto-tempo,Toronto,Tempo,TOR,Toronto Tempo,Tempo,33476D,7B1B38,https://a.espncdn.com/i/teamlogos/wnba/500/tor.png,82
401857157,2026,2,2026-08-19,2026-08-20T02:00:00Z,8,s:40~l:59~t:8,minnesota-lynx,Minnesota,Lynx,MIN,Minnesota Lynx,Lynx,266092,79bc43,https://a.espncdn.com/i/teamlogos/wnba/500/min.png,away,77,TRUE,20,4,25,4,50,28,56,0,17,88,14,16,22,0,98,5,30,3,1,0,37,7,19,30,0,15,9,14,129689,s:40~l:59~t:129689,golden-state-valkyries,Golden State,Valkyries,GS,Golden State Valkyries,Valkyries,b38fcf,000000,https://a.espncdn.com/i/teamlogos/wnba/500/gs.png,66
401857157,2026,2,2026-08-19,2026-08-20T02:00:00Z,129689,s:40~l:59~t:129689,golden-state-valkyries,Golden State,Valkyries,GS,Golden State Valkyries,Valkyries,b38fcf,000000,https://a.espncdn.com/i/teamlogos/wnba/500/gs.png,home,66,FALSE,18,2,20,8,32,25,77,0,19,82,9,11,0,0,0,13,30,8,1,0,19,7,37,33,0,10,11,9,8,s:40~l:59~t:8,minnesota-lynx,Minnesota,Lynx,MIN,Minnesota Lynx,Lynx,266092,79bc43,https://a.espncdn.com/i/teamlogos/wnba/500/min.png,77
401857152,2026,2,2026-08-18,2026-08-18T23:00:00Z,6,s:40~l:59~t:6,los-angeles-sparks,Los Angeles,Sparks,LA,Los Angeles Sparks,Sparks,552583,fdb927,https://a.espncdn.com/i/teamlogos/wnba/500/la.png,away,77,FALSE,18,4,19,9,45,29,64,0,15,74,17,23,0,0,0,10,48,12,0,2,13,2,16,29,2,16,21,16,18,s:40~l:59~t:18,connecticut-sun,Connecticut,Sun,CON,Connecticut Sun,Sun,f05023,0a2240,https://a.espncdn.com/i/teamlogos/wnba/500/con.png,85
401857152,2026,2,2026-08-18,2026-08-18T23:00:00Z,18,s:40~l:59~t:18,connecticut-sun,Connecticut,Sun,CON,Connecticut Sun,Sun,f05023,0a2240,https://a.espncdn.com/i/teamlogos/wnba/500/con.png,home,85,TRUE,23,3,23,23,51,36,71,0,19,82,9,11,21,0,99,10,54,12,1,0,33,4,12,33,0,18,21,17,6,s:40~l:59~t:6,los-angeles-sparks,Los Angeles,Sparks,LA,Los Angeles Sparks,Sparks,552583,fdb927,https://a.espncdn.com/i/teamlogos/wnba/500/la.png,77
401857153,2026,2,2026-08-18,2026-08-18T23:00:00Z,5,s:40~l:59~t:5,indiana-fever,Indiana,Fever,IND,Indiana Fever,Fever,002d62,e03a3e,https://a.espncdn.com/i/teamlogos/wnba/500/ind.png,away,101,TRUE,20,3,25,15,53,37,70,0,22,84,16,19,17,0,97,7,50,7,2,1,44,11,25,32,1,17,21,15,131935,s:40~l:59~t:131935,toronto-tempo,Toronto,Tempo,TOR,Toronto Tempo,Tempo,33476D,7B1B38,https://a.espncdn.com/i/teamlogos/wnba/500/tor.png,95
401857153,2026,2,2026-08-18,2026-08-18T23:00:00Z,131935,s:40~l:59~t:131935,toronto-tempo,Toronto,Tempo,TOR,Toronto Tempo,Tempo,33476D,7B1B38,https://a.espncdn.com/i/teamlogos/wnba/500/tor.png,home,95,FALSE,19,6,23,17,39,34,87,0,20,75,15,20,0,0,0,18,32,6,1,1,32,12,37,41,1,12,15,11,5,s:40~l:59~t:5,indiana-fever,Indiana,Fever,IND,Indiana Fever,Fever,002d62,e03a3e,https://a.espncdn.com/i/teamlogos/wnba/500/ind.png,101
401857154,2026,2,2026-08-18,2026-08-19T01:00:00Z,9,s:40~l:59~t:9,new-york-liberty,New York,Liberty,NY,New York Liberty,Liberty,86cebc,000000,https://a.espncdn.com/i/teamlogos/wnba/500/ny.png,away,86,FALSE,24,4,28,15,46,33,72,0,18,85,11,13,6,11,12,7,46,7,2,1,25,9,36,35,1,17,16,15,19,s:40~l:59~t:19,chicago-sky,Chicago,Sky,CHI,Chicago Sky,Sky,5091cd,ffd520,https://a.espncdn.com/i/teamlogos/wnba/500/chi.png,93
401857154,2026,2,2026-08-18,2026-08-19T01:00:00Z,19,s:40~l:59~t:19,chicago-sky,Chicago,Sky,CHI,Chicago Sky,Sky,5091cd,ffd520,https://a.espncdn.com/i/teamlogos/wnba/500/chi.png,home,93,TRUE,24,2,30,12,44,35,79,0,15,73,16,22,13,11,77,14,48,8,0,0,25,7,28,44,0,13,11,13,9,s:40~l:59~t:9,new-york-liberty,New York,Liberty,NY,New York Liberty,Liberty,86cebc,000000,https://a.espncdn.com/i/teamlogos/wnba/500/ny.png,86
401857155,2026,2,2026-08-18,2026-08-19T01:00:00Z,20,s:40~l:59~t:20,atlanta-dream,Atlanta,Dream,ATL,Atlanta Dream,Dream,e31837,5091cc,https://a.espncdn.com/i/teamlogos/wnba/500/atl.png,away,97,TRUE,18,3,28,8,45,32,71,1,22,93,25,27,15,4,82,4,44,15,0,0,35,8,23,32,0,11,5,11,17,s:40~l:59~t:17,las-vegas-aces,Las Vegas,Aces,LV,Las Vegas Aces,Aces,a7a8aa,000000,https://a.espncdn.com/i/teamlogos/wnba/500/lv.png,82
401857155,2026,2,2026-08-18,2026-08-19T01:00:00Z,17,s:40~l:59~t:17,las-vegas-aces,Las Vegas,Aces,LV,Las Vegas Aces,Aces,a7a8aa,000000,https://a.espncdn.com/i/teamlogos/wnba/500/lv.png,home,82,FALSE,15,12,26,3,40,25,63,0,22,88,22,25,3,4,10,7,22,4,0,1,36,10,28,33,1,17,18,17,20,s:40~l:59~t:20,atlanta-dream,Atlanta,Dream,ATL,Atlanta Dream,Dream,e31837,5091cc,https://a.espncdn.com/i/teamlogos/wnba/500/atl.png,97
401857151,2026,2,2026-08-17,2026-08-18T02:00:00Z,3,s:40~l:59~t:3,dallas-wings,Dallas,Wings,DAL,Dallas Wings,Wings,002b5c,c4d600,https://a.espncdn.com/i/teamlogos/wnba/500/dal.png,away,70,FALSE,15,4,29,9,45,26,58,0,16,87,13,15,7,5,22,4,32,7,2,0,23,5,22,33,0,18,20,16,129689,s:40~l:59~t:129689,golden-state-valkyries,Golden State,Valkyries,GS,Golden State Valkyries,Valkyries,b38fcf,000000,https://a.espncdn.com/i/teamlogos/wnba/500/gs.png,78
401857151,2026,2,2026-08-17,2026-08-18T02:00:00Z,129689,s:40~l:59~t:129689,golden-state-valkyries,Golden State,Valkyries,GS,Golden State Valkyries,Valkyries,b38fcf,000000,https://a.espncdn.com/i/teamlogos/wnba/500/gs.png,home,78,TRUE,17,1,20,2,38,27,72,0,14,86,12,14,20,5,72,10,22,7,0,0,33,12,36,30,0,11,13,11,3,s:40~l:59~t:3,dallas-wings,Dallas,Wings,DAL,Dallas Wings,Wings,002b5c,c4d600,https://a.espncdn.com/i/teamlogos/wnba/500/dal.png,70
401857148,2026,2,2026-08-16,2026-08-16T21:00:00Z,19,s:40~l:59~t:19,chicago-sky,Chicago,Sky,CHI,Chicago Sky,Sky,5091cd,ffd520,https://a.espncdn.com/i/teamlogos/wnba/500/chi.png,away,82,TRUE,17,7,35,6,36,27,75,0,24,81,22,27,21,1,92,12,36,11,2,0,26,6,23,47,0,19,16,17,14,s:40~l:59~t:14,seattle-storm,Seattle,Storm,SEA,Seattle Storm,Storm,2c5235,fee11a,https://a.espncdn.com/i/teamlogos/wnba/500/sea.png,80
401857148,2026,2,2026-08-16,2026-08-16T21:00:00Z,14,s:40~l:59~t:14,seattle-storm,Seattle,Storm,SEA,Seattle Storm,Storm,2c5235,fee11a,https://a.espncdn.com/i/teamlogos/wnba/500/sea.png,home,80,FALSE,21,13,29,14,40,29,72,0,17,80,16,20,2,1,1,5,46,7,0,0,25,6,24,34,0,18,24,18,19,s:40~l:59~t:19,chicago-sky,Chicago,Sky,CHI,Chicago Sky,Sky,5091cd,ffd520,https://a.espncdn.com/i/teamlogos/wnba/500/chi.png,82
401857150,2026,2,2026-08-16,2026-08-16T21:00:00Z,5,s:40~l:59~t:5,indiana-fever,Indiana,Fever,IND,Indiana Fever,Fever,002d62,e03a3e,https://a.espncdn.com/i/teamlogos/wnba/500/ind.png,away,95,TRUE,18,6,30,4,44,36,81,0,19,74,17,23,9,14,43,10,48,8,0,0,25,6,24,40,0,9,8,9,20,s:40~l:59~t:20,atlanta-dream,Atlanta,Dream,ATL,Atlanta Dream,Dream,e31837,5091cc,https://a.espncdn.com/i/teamlogos/wnba/500/atl.png,91
401857150,2026,2,2026-08-16,2026-08-16T21:00:00Z,20,s:40~l:59~t:20,atlanta-dream,Atlanta,Dream,ATL,Atlanta Dream,Dream,e31837,5091cc,https://a.espncdn.com/i/teamlogos/wnba/500/atl.png,home,91,FALSE,21,4,29,12,35,29,82,0,24,96,25,26,10,14,44,11,36,2,1,0,25,8,32,40,0,15,22,14,5,s:40~l:59~t:5,indiana-fever,Indiana,Fever,IND,Indiana Fever,Fever,002d62,e03a3e,https://a.espncdn.com/i/teamlogos/wnba/500/ind.png,95
401857149,2026,2,2026-08-16,2026-08-16T23:00:00Z,132052,s:40~l:59~t:132052,portland-fire,Portland,Fire,POR,Portland Fire,Fire,cee5eb,000000,https://a.espncdn.com/i/teamlogos/wnba/500/por.png,away,88,TRUE,15,4,26,3,45,32,71,0,23,67,14,21,4,6,15,10,36,6,0,1,27,10,37,36,1,11,14,11,11,s:40~l:59~t:11,phoenix-mercury,Phoenix,Mercury,PHX,Phoenix Mercury,Mercury,3c286e,fa4b0a,https://a.espncdn.com/i/teamlogos/wnba/500/phx.png,85
401857149,2026,2,2026-08-16,2026-08-16T23:00:00Z,11,s:40~l:59~t:11,phoenix-mercury,Phoenix,Mercury,PHX,Phoenix Mercury,Mercury,3c286e,fa4b0a,https://a.espncdn.com/i/teamlogos/wnba/500/phx.png,home,85,FALSE,18,1,29,5,42,28,67,0,20,80,20,25,9,6,79,7,36,5,1,0,33,9,27,36,0,13,14,12,132052,s:40~l:59~t:132052,portland-fire,Portland,Fire,POR,Portland Fire,Fire,cee5eb,000000,https://a.espncdn.com/i/teamlogos/wnba/500/por.png,88
401857145,2026,2,2026-08-15,2026-08-15T17:00:00Z,9,s:40~l:59~t:9,new-york-liberty,New York,Liberty,NY,New York Liberty,Liberty,86cebc,000000,https://a.espncdn.com/i/teamlogos/wnba/500/ny.png,away,82,TRUE,18,4,27,8,46,30,65,0,21,82,9,11,12,2,63,3,34,3,0,0,48,13,27,30,0,12,10,12,18,s:40~l:59~t:18,connecticut-sun,Connecticut,Sun,CON,Connecticut Sun,Sun,f05023,0a2240,https://a.espncdn.com/i/teamlogos/wnba/500/con.png,75
401857145,2026,2,2026-08-15,2026-08-15T17:00:00Z,18,s:40~l:59~t:18,connecticut-sun,Connecticut,Sun,CON,Connecticut Sun,Sun,f05023,0a2240,https://a.espncdn.com/i/teamlogos/wnba/500/con.png,home,75,FALSE,17,7,26,4,36,24,67,0,17,86,19,22,10,2,35,9,28,4,2,0,28,8,29,35,0,12,15,10,9,s:40~l:59~t:9,new-york-liberty,New York,Liberty,NY,New York Liberty,Liberty,86cebc,000000,https://a.espncdn.com/i/teamlogos/wnba/500/ny.png,82
401857146,2026,2,2026-08-15,2026-08-15T23:30:00Z,6,s:40~l:59~t:6,los-angeles-sparks,Los Angeles,Sparks,LA,Los Angeles Sparks,Sparks,552583,fdb927,https://a.espncdn.com/i/teamlogos/wnba/500/la.png,away,70,FALSE,20,2,24,9,39,24,61,0,18,81,13,16,9,5,39,3,30,11,0,1,35,9,26,27,1,14,15,14,16,s:40~l:59~t:16,washington-mystics,Washington,Mystics,WSH,Washington Mystics,Mystics,e03a3e,002b5c,https://a.espncdn.com/i/teamlogos/wnba/500/wsh.png,80
401857146,2026,2,2026-08-15,2026-08-15T23:30:00Z,16,s:40~l:59~t:16,washington-mystics,Washington,Mystics,WSH,Washington Mystics,Mystics,e03a3e,002b5c,https://a.espncdn.com/i/teamlogos/wnba/500/wsh.png,home,80,TRUE,23,4,32,9,47,34,72,0,17,67,8,12,10,5,51,11,60,10,0,0,19,4,21,43,0,12,7,12,6,s:40~l:59~t:6,los-angeles-sparks,Los Angeles,Sparks,LA,Los Angeles Sparks,Sparks,552583,fdb927,https://a.espncdn.com/i/teamlogos/wnba/500/la.png,70
401857147,2026,2,2026-08-15,2026-08-16T00:00:00Z,8,s:40~l:59~t:8,minnesota-lynx,Minnesota,Lynx,MIN,Minnesota Lynx,Lynx,266092,79bc43,https://a.espncdn.com/i/teamlogos/wnba/500/min.png,away,92,TRUE,14,1,25,3,50,32,64,0,22,94,17,18,10,7,70,7,32,9,1,0,42,11,26,32,0,16,13,15,17,s:40~l:59~t:17,las-vegas-aces,Las Vegas,Aces,LV,Las Vegas Aces,Aces,a7a8aa,000000,https://a.espncdn.com/i/teamlogos/wnba/500/lv.png,87
401857147,2026,2,2026-08-15,2026-08-16T00:00:00Z,17,s:40~l:59~t:17,las-vegas-aces,Las Vegas,Aces,LV,Las Vegas Aces,Aces,a7a8aa,000000,https://a.espncdn.com/i/teamlogos/wnba/500/lv.png,home,87,FALSE,20,2,17,9,45,31,69,1,14,89,16,18,5,7,18,12,30,7,0,0,32,9,28,29,0,13,8,13,8,s:40~l:59~t:8,minnesota-lynx,Minnesota,Lynx,MIN,Minnesota Lynx,Lynx,266092,79bc43,https://a.espncdn.com/i/teamlogos/wnba/500/min.png,92
401857143,2026,2,2026-08-14,2026-08-14T23:30:00Z,3,s:40~l:59~t:3,dallas-wings,Dallas,Wings,DAL,Dallas Wings,Wings,002b5c,c4d600,https://a.espncdn.com/i/teamlogos/wnba/500/dal.png,away,87,FALSE,18,6,20,7,43,31,72,0,19,90,18,20,5,12,32,11,36,3,2,0,24,7,29,31,0,12,13,10,5,s:40~l:59~t:5,indiana-fever,Indiana,Fever,IND,Indiana Fever,Fever,002d62,e03a3e,https://a.espncdn.com/i/teamlogos/wnba/500/ind.png,98
401857143,2026,2,2026-08-14,2026-08-14T23:30:00Z,5,s:40~l:59~t:5,indiana-fever,Indiana,Fever,IND,Indiana Fever,Fever,002d62,e03a3e,https://a.espncdn.com/i/teamlogos/wnba/500/ind.png,home,98,TRUE,14,2,25,13,53,39,74,0,21,85,11,13,13,12,51,9,50,4,0,1,38,9,24,34,1,9,10,9,3,s:40~l:59~t:3,dallas-wings,Dallas,Wings,DAL,Dallas Wings,Wings,002b5c,c4d600,https://a.espncdn.com/i/teamlogos/wnba/500/dal.png,87
401857144,2026,2,2026-08-14,2026-08-15T02:00:00Z,132052,s:40~l:59~t:132052,portland-fire,Portland,Fire,POR,Portland Fire,Fire,cee5eb,000000,https://a.espncdn.com/i/teamlogos/wnba/500/por.png,away,84,TRUE,22,4,32,6,43,31,72,0,18,59,10,17,16,0,96,11,38,8,1,0,32,12,37,43,0,15,28,14,14,s:40~l:59~t:14,seattle-storm,Seattle,Storm,SEA,Seattle Storm,Storm,2c5235,fee11a,https://a.espncdn.com/i/teamlogos/wnba/500/sea.png,82
401857144,2026,2,2026-08-14,2026-08-15T02:00:00Z,14,s:40~l:59~t:14,seattle-storm,Seattle,Storm,SEA,Seattle Storm,Storm,2c5235,fee11a,https://a.espncdn.com/i/teamlogos/wnba/500/sea.png,home,82,FALSE,18,4,31,5,33,27,81,0,17,82,14,17,0,0,0,14,24,5,1,0,36,14,39,45,0,12,12,11,132052,s:40~l:59~t:132052,portland-fire,Portland,Fire,POR,Portland Fire,Fire,cee5eb,000000,https://a.espncdn.com/i/teamlogos/wnba/500/por.png,84
401857140,2026,2,2026-08-13,2026-08-13T23:00:00Z,20,s:40~l:59~t:20,atlanta-dream,Atlanta,Dream,ATL,Atlanta Dream,Dream,e31837,5091cc,https://a.espncdn.com/i/teamlogos/wnba/500/atl.png,away,104,TRUE,19,9,35,8,43,29,67,0,22,89,32,36,37,5,90,10,28,8,2,0,54,14,26,45,0,12,12,10,18,s:40~l:59~t:18,connecticut-sun,Connecticut,Sun,CON,Connecticut Sun,Sun,f05023,0a2240,https://a.espncdn.com/i/teamlogos/wnba/500/con.png,69
401857140,2026,2,2026-08-13,2026-08-13T23:00:00Z,18,s:40~l:59~t:18,connecticut-sun,Connecticut,Sun,CON,Connecticut Sun,Sun,f05023,0a2240,https://a.espncdn.com/i/teamlogos/wnba/500/con.png,home,69,FALSE,15,8,23,5,30,21,70,1,25,76,19,25,2,5,3,13,20,6,0,1,40,8,20,36,1,10,20,10,20,s:40~l:59~t:20,atlanta-dream,Atlanta,Dream,ATL,Atlanta Dream,Dream,e31837,5091cc,https://a.espncdn.com/i/teamlogos/wnba/500/atl.png,104
401857141,2026,2,2026-08-13,2026-08-14T00:00:00Z,6,s:40~l:59~t:6,los-angeles-sparks,Los Angeles,Sparks,LA,Los Angeles Sparks,Sparks,552583,fdb927,https://a.espncdn.com/i/teamlogos/wnba/500/la.png,away,81,FALSE,22,5,27,14,47,32,68,0,20,54,7,13,4,2,6,9,36,7,1,2,33,10,30,36,2,15,21,14,9,s:40~l:59~t:9,new-york-liberty,New York,Liberty,NY,New York Liberty,Liberty,86cebc,000000,https://a.espncdn.com/i/teamlogos/wnba/500/ny.png,85
401857141,2026,2,2026-08-13,2026-08-14T00:00:00Z,9,s:40~l:59~t:9,new-york-liberty,New York,Liberty,NY,New York Liberty,Liberty,86cebc,000000,https://a.espncdn.com/i/teamlogos/wnba/500/ny.png,home,85,TRUE,22,1,27,16,42,32,77,0,18,78,14,18,28,2,92,14,50,12,0,0,26,7,27,41,0,11,14,11,6,s:40~l:59~t:6,los-angeles-sparks,Los Angeles,Sparks,LA,Los Angeles Sparks,Sparks,552583,fdb927,https://a.espncdn.com/i/teamlogos/wnba/500/la.png,81
401857142,2026,2,2026-08-13,2026-08-14T02:00:00Z,16,s:40~l:59~t:16,washington-mystics,Washington,Mystics,WSH,Washington Mystics,Mystics,e03a3e,002b5c,https://a.espncdn.com/i/teamlogos/wnba/500/wsh.png,away,76,FALSE,16,1,28,4,51,31,61,0,21,50,8,16,2,2,1,7,50,5,2,0,40,6,15,35,0,17,21,15,17,s:40~l:59~t:17,las-vegas-aces,Las Vegas,Aces,LV,Las Vegas Aces,Aces,a7a8aa,000000,https://a.espncdn.com/i/teamlogos/wnba/500/lv.png,83
401857142,2026,2,2026-08-13,2026-08-14T02:00:00Z,17,s:40~l:59~t:17,las-vegas-aces,Las Vegas,Aces,LV,Las Vegas Aces,Aces,a7a8aa,000000,https://a.espncdn.com/i/teamlogos/wnba/500/lv.png,home,83,TRUE,19,4,23,8,41,24,59,0,21,93,25,27,12,2,94,4,22,3,0,0,40,10,25,27,0,12,14,12,16,s:40~l:59~t:16,washington-mystics,Washington,Mystics,WSH,Washington Mystics,Mystics,e03a3e,002b5c,https://a.espncdn.com/i/teamlogos/wnba/500/wsh.png,76
401857137,2026,2,2026-08-12,2026-08-13T00:00:00Z,131935,s:40~l:59~t:131935,toronto-tempo,Toronto,Tempo,TOR,Toronto Tempo,Tempo,33476D,7B1B38,https://a.espncdn.com/i/teamlogos/wnba/500/tor.png,away,88,FALSE,19,4,23,8,42,32,76,0,23,89,16,18,2,3,4,14,42,6,0,1,27,8,30,37,1,16,11,16,3,s:40~l:59~t:3,dallas-wings,Dallas,Wings,DAL,Dallas Wings,Wings,002b5c,c4d600,https://a.espncdn.com/i/teamlogos/wnba/500/dal.png,94
401857137,2026,2,2026-08-12,2026-08-13T00:00:00Z,3,s:40~l:59~t:3,dallas-wings,Dallas,Wings,DAL,Dallas Wings,Wings,002b5c,c4d600,https://a.espncdn.com/i/teamlogos/wnba/500/dal.png,home,94,TRUE,24,5,23,14,44,31,70,0,21,88,23,26,18,3,94,7,36,9,0,0,35,9,26,30,0,9,9,9,131935,s:40~l:59~t:131935,toronto-tempo,Toronto,Tempo,TOR,Toronto Tempo,Tempo,33476D,7B1B38,https://a.espncdn.com/i/teamlogos/wnba/500/tor.png,88
401857138,2026,2,2026-08-12,2026-08-13T02:00:00Z,19,s:40~l:59~t:19,chicago-sky,Chicago,Sky,CHI,Chicago Sky,Sky,5091cd,ffd520,https://a.espncdn.com/i/teamlogos/wnba/500/chi.png,away,71,FALSE,19,2,22,5,43,27,63,0,18,73,11,15,8,1,33,7,36,10,1,1,32,6,19,29,1,18,25,17,129689,s:40~l:59~t:129689,golden-state-valkyries,Golden State,Valkyries,GS,Golden State Valkyries,Valkyries,b38fcf,000000,https://a.espncdn.com/i/teamlogos/wnba/500/gs.png,91
401857138,2026,2,2026-08-12,2026-08-13T02:00:00Z,129689,s:40~l:59~t:129689,golden-state-valkyries,Golden State,Valkyries,GS,Golden State Valkyries,Valkyries,b38fcf,000000,https://a.espncdn.com/i/teamlogos/wnba/500/gs.png,home,91,TRUE,17,3,22,15,51,32,63,0,15,79,19,24,23,1,61,8,42,16,2,0,38,8,21,30,0,15,18,13,19,s:40~l:59~t:19,chicago-sky,Chicago,Sky,CHI,Chicago Sky,Sky,5091cd,ffd520,https://a.espncdn.com/i/teamlogos/wnba/500/chi.png,71
401857139,2026,2,2026-08-12,2026-08-13T02:00:00Z,8,s:40~l:59~t:8,minnesota-lynx,Minnesota,Lynx,MIN,Minnesota Lynx,Lynx,266092,79bc43,https://a.espncdn.com/i/teamlogos/wnba/500/min.png,away,85,TRUE,22,5,29,10,46,30,65,0,16,73,19,26,29,1,97,6,40,9,1,1,30,6,20,35,1,11,19,10,132052,s:40~l:59~t:132052,portland-fire,Portland,Fire,POR,Portland Fire,Fire,cee5eb,000000,https://a.espncdn.com/i/teamlogos/wnba/500/por.png,81
401857139,2026,2,2026-08-12,2026-08-13T02:00:00Z,132052,s:40~l:59~t:132052,portland-fire,Portland,Fire,POR,Portland Fire,Fire,cee5eb,000000,https://a.espncdn.com/i/teamlogos/wnba/500/por.png,home,81,FALSE,21,4,28,11,45,32,71,0,19,56,9,16,2,1,1,11,46,7,0,0,26,8,31,39,0,14,16,14,8,s:40~l:59~t:8,minnesota-lynx,Minnesota,Lynx,MIN,Minnesota Lynx,Lynx,266092,79bc43,https://a.espncdn.com/i/teamlogos/wnba/500/min.png,85
401857134,2026,2,2026-08-11,2026-08-11T23:30:00Z,9,s:40~l:59~t:9,new-york-liberty,New York,Liberty,NY,New York Liberty,Liberty,86cebc,000000,https://a.espncdn.com/i/teamlogos/wnba/500/ny.png,away,92,FALSE,23,5,26,8,46,35,76,0,18,85,11,13,2,2,2,13,44,7,0,1,31,11,36,39,1,13,20,13,5,s:40~l:59~t:5,indiana-fever,Indiana,Fever,IND,Indiana Fever,Fever,002d62,e03a3e,https://a.espncdn.com/i/teamlogos/wnba/500/ind.png,106
401857134,2026,2,2026-08-11,2026-08-11T23:30:00Z,5,s:40~l:59~t:5,indiana-fever,Indiana,Fever,IND,Indiana Fever,Fever,002d62,e03a3e,https://a.espncdn.com/i/teamlogos/wnba/500/ind.png,home,106,TRUE,22,4,23,9,54,37,69,0,17,84,16,19,21,2,96,4,34,7,0,0,64,16,25,27,0,11,11,11,9,s:40~l:59~t:9,new-york-liberty,New York,Liberty,NY,New York Liberty,Liberty,86cebc,000000,https://a.espncdn.com/i/teamlogos/wnba/500/ny.png,92
401857135,2026,2,2026-08-11,2026-08-12T02:00:00Z,16,s:40~l:59~t:16,washington-mystics,Washington,Mystics,WSH,Washington Mystics,Mystics,e03a3e,002b5c,https://a.espncdn.com/i/teamlogos/wnba/500/wsh.png,away,76,FALSE,20,2,27,7,43,29,68,0,17,72,13,18,6,10,18,14,42,5,0,0,28,5,18,41,0,16,26,16,17,s:40~l:59~t:17,las-vegas-aces,Las Vegas,Aces,LV,Las Vegas Aces,Aces,a7a8aa,000000,https://a.espncdn.com/i/teamlogos/wnba/500/lv.png,86
401857135,2026,2,2026-08-11,2026-08-12T02:00:00Z,17,s:40~l:59~t:17,las-vegas-aces,Las Vegas,Aces,LV,Las Vegas Aces,Aces,a7a8aa,000000,https://a.espncdn.com/i/teamlogos/wnba/500/lv.png,home,86,TRUE,20,5,21,9,46,32,70,0,15,93,13,14,13,10,74,9,28,9,0,0,39,9,23,30,0,8,8,8,16,s:40~l:59~t:16,washington-mystics,Washington,Mystics,WSH,Washington Mystics,Mystics,e03a3e,002b5c,https://a.espncdn.com/i/teamlogos/wnba/500/wsh.png,76
401857136,2026,2,2026-08-11,2026-08-12T02:00:00Z,11,s:40~l:59~t:11,phoenix-mercury,Phoenix,Mercury,PHX,Phoenix Mercury,Mercury,3c286e,fa4b0a,https://a.espncdn.com/i/teamlogos/wnba/500/phx.png,away,94,TRUE,22,5,29,13,52,31,60,0,23,77,23,30,7,16,49,7,38,12,1,1,36,9,25,36,1,24,24,23,6,s:40~l:59~t:6,los-angeles-sparks,Los Angeles,Sparks,LA,Los Angeles Sparks,Sparks,552583,fdb927,https://a.espncdn.com/i/teamlogos/wnba/500/la.png,87
401857136,2026,2,2026-08-11,2026-08-12T02:00:00Z,6,s:40~l:59~t:6,los-angeles-sparks,Los Angeles,Sparks,LA,Los Angeles Sparks,Sparks,552583,fdb927,https://a.espncdn.com/i/teamlogos/wnba/500/la.png,home,87,FALSE,25,2,22,9,43,32,74,0,25,73,16,22,7,16,35,11,44,11,0,0,22,7,32,33,0,17,22,17,11,s:40~l:59~t:11,phoenix-mercury,Phoenix,Mercury,PHX,Phoenix Mercury,Mercury,3c286e,fa4b0a,https://a.espncdn.com/i/teamlogos/wnba/500/phx.png,94
401857132,2026,2,2026-08-10,2026-08-11T00:00:00Z,131935,s:40~l:59~t:131935,toronto-tempo,Toronto,Tempo,TOR,Toronto Tempo,Tempo,33476D,7B1B38,https://a.espncdn.com/i/teamlogos/wnba/500/tor.png,away,95,FALSE,20,4,20,8,52,35,67,0,22,71,15,21,3,6,5,5,46,7,0,1,38,10,26,25,1,13,11,13,20,s:40~l:59~t:20,atlanta-dream,Atlanta,Dream,ATL,Atlanta Dream,Dream,e31837,5091cc,https://a.espncdn.com/i/teamlogos/wnba/500/atl.png,107
401857132,2026,2,2026-08-10,2026-08-11T00:00:00Z,20,s:40~l:59~t:20,atlanta-dream,Atlanta,Dream,ATL,Atlanta Dream,Dream,e31837,5091cc,https://a.espncdn.com/i/teamlogos/wnba/500/atl.png,home,107,TRUE,29,3,27,1,51,36,70,0,20,70,21,30,25,6,91,12,44,7,2,0,44,14,32,39,0,14,17,12,131935,s:40~l:59~t:131935,toronto-tempo,Toronto,Tempo,TOR,Toronto Tempo,Tempo,33476D,7B1B38,https://a.espncdn.com/i/teamlogos/wnba/500/tor.png,95
401857133,2026,2,2026-08-10,2026-08-11T02:00:00Z,19,s:40~l:59~t:19,chicago-sky,Chicago,Sky,CHI,Chicago Sky,Sky,5091cd,ffd520,https://a.espncdn.com/i/teamlogos/wnba/500/chi.png,away,88,FALSE,18,3,22,9,42,30,72,0,22,79,22,28,0,0,0,13,48,9,0,0,30,6,20,35,0,15,22,15,14,s:40~l:59~t:14,seattle-storm,Seattle,Storm,SEA,Seattle Storm,Storm,2c5235,fee11a,https://a.espncdn.com/i/teamlogos/wnba/500/sea.png,97
401857133,2026,2,2026-08-10,2026-08-11T02:00:00Z,14,s:40~l:59~t:14,seattle-storm,Seattle,Storm,SEA,Seattle Storm,Storm,2c5235,fee11a,https://a.espncdn.com/i/teamlogos/wnba/500/sea.png,home,97,TRUE,22,4,27,7,45,32,71,0,20,89,25,28,17,0,94,9,38,9,0,0,38,8,21,36,0,14,9,14,19,s:40~l:59~t:19,chicago-sky,Chicago,Sky,CHI,Chicago Sky,Sky,5091cd,ffd520,https://a.espncdn.com/i/teamlogos/wnba/500/chi.png,88
401857128,2026,2,2026-08-09,2026-08-09T16:30:00Z,17,s:40~l:59~t:17,las-vegas-aces,Las Vegas,Aces,LV,Las Vegas Aces,Aces,a7a8aa,000000,https://a.espncdn.com/i/teamlogos/wnba/500/lv.png,away,71,FALSE,17,2,19,5,40,25,63,0,18,79,11,14,0,0,0,5,26,6,0,0,34,10,29,24,0,14,18,14,9,s:40~l:59~t:9,new-york-liberty,New York,Liberty,NY,New York Liberty,Liberty,86cebc,000000,https://a.espncdn.com/i/teamlogos/wnba/500/ny.png,111
401857128,2026,2,2026-08-09,2026-08-09T16:30:00Z,9,s:40~l:59~t:9,new-york-liberty,New York,Liberty,NY,New York Liberty,Liberty,86cebc,000000,https://a.espncdn.com/i/teamlogos/wnba/500/ny.png,home,111,TRUE,25,4,32,8,53,40,75,0,13,81,17,21,40,0,99,13,52,8,0,0,44,14,32,45,0,13,10,13,17,s:40~l:59~t:17,las-vegas-aces,Las Vegas,Aces,LV,Las Vegas Aces,Aces,a7a8aa,000000,https://a.espncdn.com/i/teamlogos/wnba/500/lv.png,71
401857129,2026,2,2026-08-09,2026-08-09T19:00:00Z,11,s:40~l:59~t:11,phoenix-mercury,Phoenix,Mercury,PHX,Phoenix Mercury,Mercury,3c286e,fa4b0a,https://a.espncdn.com/i/teamlogos/wnba/500/phx.png,away,75,FALSE,22,3,27,4,42,29,69,0,15,75,6,8,0,0,0,6,30,5,0,0,38,11,29,33,0,16,18,16,16,s:40~l:59~t:16,washington-mystics,Washington,Mystics,WSH,Washington Mystics,Mystics,e03a3e,002b5c,https://a.espncdn.com/i/teamlogos/wnba/500/wsh.png,95
401857129,2026,2,2026-08-09,2026-08-09T19:00:00Z,16,s:40~l:59~t:16,washington-mystics,Washington,Mystics,WSH,Washington Mystics,Mystics,e03a3e,002b5c,https://a.espncdn.com/i/teamlogos/wnba/500/wsh.png,home,95,TRUE,24,4,30,15,50,36,72,0,17,63,12,19,29,0,95,10,42,11,0,0,38,11,29,40,0,8,13,8,11,s:40~l:59~t:11,phoenix-mercury,Phoenix,Mercury,PHX,Phoenix Mercury,Mercury,3c286e,fa4b0a,https://a.espncdn.com/i/teamlogos/wnba/500/phx.png,75
401857130,2026,2,2026-08-09,2026-08-09T19:30:00Z,3,s:40~l:59~t:3,dallas-wings,Dallas,Wings,DAL,Dallas Wings,Wings,002b5c,c4d600,https://a.espncdn.com/i/teamlogos/wnba/500/dal.png,away,90,FALSE,24,0,26,11,54,37,68,0,8,91,10,11,8,6,18,8,44,5,1,0,30,6,20,34,0,19,26,18,8,s:40~l:59~t:8,minnesota-lynx,Minnesota,Lynx,MIN,Minnesota Lynx,Lynx,266092,79bc43,https://a.espncdn.com/i/teamlogos/wnba/500/min.png,103
401857130,2026,2,2026-08-09,2026-08-09T19:30:00Z,8,s:40~l:59~t:8,minnesota-lynx,Minnesota,Lynx,MIN,Minnesota Lynx,Lynx,266092,79bc43,https://a.espncdn.com/i/teamlogos/wnba/500/min.png,home,103,TRUE,29,3,18,14,56,40,72,1,12,56,5,9,16,6,70,6,34,12,0,0,46,18,39,24,0,11,10,11,3,s:40~l:59~t:3,dallas-wings,Dallas,Wings,DAL,Dallas Wings,Wings,002b5c,c4d600,https://a.espncdn.com/i/teamlogos/wnba/500/dal.png,90
401857131,2026,2,2026-08-09,2026-08-09T23:00:00Z,129689,s:40~l:59~t:129689,golden-state-valkyries,Golden State,Valkyries,GS,Golden State Valkyries,Valkyries,b38fcf,000000,https://a.espncdn.com/i/teamlogos/wnba/500/gs.png,away,84,TRUE,22,2,25,2,46,32,69,0,16,89,8,9,19,0,99,11,34,7,2,1,35,12,34,36,1,15,18,13,6,s:40~l:59~t:6,los-angeles-sparks,Los Angeles,Sparks,LA,Los Angeles Sparks,Sparks,552583,fdb927,https://a.espncdn.com/i/teamlogos/wnba/500/la.png,78
401857131,2026,2,2026-08-09,2026-08-09T23:00:00Z,6,s:40~l:59~t:6,los-angeles-sparks,Los Angeles,Sparks,LA,Los Angeles Sparks,Sparks,552583,fdb927,https://a.espncdn.com/i/teamlogos/wnba/500/la.png,home,78,FALSE,18,1,17,5,46,32,70,0,17,44,4,9,0,0,0,11,38,6,0,0,32,10,31,28,0,11,19,11,129689,s:40~l:59~t:129689,golden-state-valkyries,Golden State,Valkyries,GS,Golden State Valkyries,Valkyries,b38fcf,000000,https://a.espncdn.com/i/teamlogos/wnba/500/gs.png,84
401857125,2026,2,2026-08-08,2026-08-08T17:00:00Z,17,s:40~l:59~t:17,las-vegas-aces,Las Vegas,Aces,LV,Las Vegas Aces,Aces,a7a8aa,000000,https://a.espncdn.com/i/teamlogos/wnba/500/lv.png,away,87,FALSE,17,4,25,3,43,30,69,1,11,94,17,18,6,5,9,12,34,3,0,0,37,10,27,37,0,16,22,16,8,s:40~l:59~t:8,minnesota-lynx,Minnesota,Lynx,MIN,Minnesota Lynx,Lynx,266092,79bc43,https://a.espncdn.com/i/teamlogos/wnba/500/min.png,98
401857125,2026,2,2026-08-08,2026-08-08T17:00:00Z,8,s:40~l:59~t:8,minnesota-lynx,Minnesota,Lynx,MIN,Minnesota Lynx,Lynx,266092,79bc43,https://a.espncdn.com/i/teamlogos/wnba/500/min.png,home,98,TRUE,24,4,25,8,49,37,76,0,20,90,9,10,14,5,87,9,38,10,0,0,52,15,29,34,0,14,11,14,17,s:40~l:59~t:17,las-vegas-aces,Las Vegas,Aces,LV,Las Vegas Aces,Aces,a7a8aa,000000,https://a.espncdn.com/i/teamlogos/wnba/500/lv.png,87
401857126,2026,2,2026-08-08,2026-08-08T19:30:00Z,5,s:40~l:59~t:5,indiana-fever,Indiana,Fever,IND,Indiana Fever,Fever,002d62,e03a3e,https://a.espncdn.com/i/teamlogos/wnba/500/ind.png,away,90,TRUE,23,7,27,11,51,35,68,0,18,69,11,16,17,4,80,7,46,8,1,2,41,9,22,34,2,14,16,13,19,s:40~l:59~t:19,chicago-sky,Chicago,Sky,CHI,Chicago Sky,Sky,5091cd,ffd520,https://a.espncdn.com/i/teamlogos/wnba/500/chi.png,86
401857126,2026,2,2026-08-08,2026-08-08T19:30:00Z,19,s:40~l:59~t:19,chicago-sky,Chicago,Sky,CHI,Chicago Sky,Sky,5091cd,ffd520,https://a.espncdn.com/i/teamlogos/wnba/500/chi.png,home,86,FALSE,25,2,23,9,46,31,68,1,22,75,15,20,5,4,10,7,38,10,1,1,41,9,22,30,1,13,15,12,5,s:40~l:59~t:5,indiana-fever,Indiana,Fever,IND,Indiana Fever,Fever,002d62,e03a3e,https://a.espncdn.com/i/teamlogos/wnba/500/ind.png,90
401857127,2026,2,2026-08-08,2026-08-09T00:30:00Z,14,s:40~l:59~t:14,seattle-storm,Seattle,Storm,SEA,Seattle Storm,Storm,2c5235,fee11a,https://a.espncdn.com/i/teamlogos/wnba/500/sea.png,away,93,FALSE,19,6,21,4,47,32,68,0,20,84,16,19,5,9,17,6,32,6,1,0,36,13,36,27,0,14,17,13,132052,s:40~l:59~t:132052,portland-fire,Portland,Fire,POR,Portland Fire,Fire,cee5eb,000000,https://a.espncdn.com/i/teamlogos/wnba/500/por.png,100
401857127,2026,2,2026-08-08,2026-08-09T00:30:00Z,132052,s:40~l:59~t:132052,portland-fire,Portland,Fire,POR,Portland Fire,Fire,cee5eb,000000,https://a.espncdn.com/i/teamlogos/wnba/500/por.png,home,100,TRUE,25,1,27,12,52,34,66,0,18,85,17,20,15,9,80,4,32,6,2,0,42,15,36,31,0,12,19,10,14,s:40~l:59~t:14,seattle-storm,Seattle,Storm,SEA,Seattle Storm,Storm,2c5235,fee11a,https://a.espncdn.com/i/teamlogos/wnba/500/sea.png,93
401857122,2026,2,2026-08-07,2026-08-07T23:30:00Z,11,s:40~l:59~t:11,phoenix-mercury,Phoenix,Mercury,PHX,Phoenix Mercury,Mercury,3c286e,fa4b0a,https://a.espncdn.com/i/teamlogos/wnba/500/phx.png,away,72,FALSE,19,1,23,2,40,27,68,0,21,57,13,23,16,5,75,6,40,10,1,0,18,5,28,29,0,11,13,10,18,s:40~l:59~t:18,connecticut-sun,Connecticut,Sun,CON,Connecticut Sun,Sun,f05023,0a2240,https://a.espncdn.com/i/teamlogos/wnba/500/con.png,75
401857122,2026,2,2026-08-07,2026-08-07T23:30:00Z,18,s:40~l:59~t:18,connecticut-sun,Connecticut,Sun,CON,Connecticut Sun,Sun,f05023,0a2240,https://a.espncdn.com/i/teamlogos/wnba/500/con.png,home,75,TRUE,19,5,31,6,47,27,57,0,24,70,14,20,4,5,12,3,32,5,0,0,35,7,20,34,0,18,20,18,11,s:40~l:59~t:11,phoenix-mercury,Phoenix,Mercury,PHX,Phoenix Mercury,Mercury,3c286e,fa4b0a,https://a.espncdn.com/i/teamlogos/wnba/500/phx.png,72
401857123,2026,2,2026-08-07,2026-08-07T23:30:00Z,20,s:40~l:59~t:20,atlanta-dream,Atlanta,Dream,ATL,Atlanta Dream,Dream,e31837,5091cc,https://a.espncdn.com/i/teamlogos/wnba/500/atl.png,away,74,FALSE,16,7,26,9,32,25,77,0,29,67,18,27,3,1,6,14,34,5,2,0,29,6,21,40,0,18,20,16,16,s:40~l:59~t:16,washington-mystics,Washington,Mystics,WSH,Washington Mystics,Mystics,e03a3e,002b5c,https://a.espncdn.com/i/teamlogos/wnba/500/wsh.png,79
401857123,2026,2,2026-08-07,2026-08-07T23:30:00Z,16,s:40~l:59~t:16,washington-mystics,Washington,Mystics,WSH,Washington Mystics,Mystics,e03a3e,002b5c,https://a.espncdn.com/i/teamlogos/wnba/500/wsh.png,home,79,TRUE,14,12,35,10,47,29,62,0,27,44,15,34,16,1,94,11,46,6,1,0,43,6,14,46,0,18,17,17,20,s:40~l:59~t:20,atlanta-dream,Atlanta,Dream,ATL,Atlanta Dream,Dream,e31837,5091cc,https://a.espncdn.com/i/teamlogos/wnba/500/atl.png,74
401857124,2026,2,2026-08-07,2026-08-08T01:30:00Z,129689,s:40~l:59~t:129689,golden-state-valkyries,Golden State,Valkyries,GS,Golden State Valkyries,Valkyries,b38fcf,000000,https://a.espncdn.com/i/teamlogos/wnba/500/gs.png,away,94,TRUE,27,5,29,15,46,33,71,0,24,89,16,18,20,5,79,9,38,8,1,0,35,12,34,38,0,8,4,7,3,s:40~l:59~t:3,dallas-wings,Dallas,Wings,DAL,Dallas Wings,Wings,002b5c,c4d600,https://a.espncdn.com/i/teamlogos/wnba/500/dal.png,76
401857124,2026,2,2026-08-07,2026-08-08T01:30:00Z,3,s:40~l:59~t:3,dallas-wings,Dallas,Wings,DAL,Dallas Wings,Wings,002b5c,c4d600,https://a.espncdn.com/i/teamlogos/wnba/500/dal.png,home,76,FALSE,8,3,24,5,34,21,62,0,15,71,27,38,6,5,18,15,24,7,0,0,28,7,25,39,0,13,17,13,129689,s:40~l:59~t:129689,golden-state-valkyries,Golden State,Valkyries,GS,Golden State Valkyries,Valkyries,b38fcf,000000,https://a.espncdn.com/i/teamlogos/wnba/500/gs.png,94
401857119,2026,2,2026-08-06,2026-08-06T23:00:00Z,17,s:40~l:59~t:17,las-vegas-aces,Las Vegas,Aces,LV,Las Vegas Aces,Aces,a7a8aa,000000,https://a.espncdn.com/i/teamlogos/wnba/500/lv.png,away,86,TRUE,24,4,27,12,41,35,86,0,24,79,11,14,9,12,51,12,42,9,0,0,23,5,22,39,0,16,22,16,5,s:40~l:59~t:5,indiana-fever,Indiana,Fever,IND,Indiana Fever,Fever,002d62,e03a3e,https://a.espncdn.com/i/teamlogos/wnba/500/ind.png,84
401857119,2026,2,2026-08-06,2026-08-06T23:00:00Z,5,s:40~l:59~t:5,indiana-fever,Indiana,Fever,IND,Indiana Fever,Fever,002d62,e03a3e,https://a.espncdn.com/i/teamlogos/wnba/500/ind.png,home,84,FALSE,16,4,32,10,46,31,67,0,16,75,15,20,20,12,38,6,38,10,1,0,35,7,20,38,0,22,18,21,17,s:40~l:59~t:17,las-vegas-aces,Las Vegas,Aces,LV,Las Vegas Aces,Aces,a7a8aa,000000,https://a.espncdn.com/i/teamlogos/wnba/500/lv.png,86
401857120,2026,2,2026-08-06,2026-08-07T01:00:00Z,6,s:40~l:59~t:6,los-angeles-sparks,Los Angeles,Sparks,LA,Los Angeles Sparks,Sparks,552583,fdb927,https://a.espncdn.com/i/teamlogos/wnba/500/la.png,away,89,TRUE,27,4,25,14,50,34,68,0,13,75,12,16,7,9,16,10,46,6,0,0,38,9,24,35,0,13,15,13,8,s:40~l:59~t:8,minnesota-lynx,Minnesota,Lynx,MIN,Minnesota Lynx,Lynx,266092,79bc43,https://a.espncdn.com/i/teamlogos/wnba/500/min.png,82
401857120,2026,2,2026-08-06,2026-08-07T01:00:00Z,8,s:40~l:59~t:8,minnesota-lynx,Minnesota,Lynx,MIN,Minnesota Lynx,Lynx,266092,79bc43,https://a.espncdn.com/i/teamlogos/wnba/500/min.png,home,82,FALSE,17,2,21,9,42,31,73,0,22,85,11,13,11,9,80,14,28,7,1,0,31,9,29,35,0,14,16,13,6,s:40~l:59~t:6,los-angeles-sparks,Los Angeles,Sparks,LA,Los Angeles Sparks,Sparks,552583,fdb927,https://a.espncdn.com/i/teamlogos/wnba/500/la.png,89
401857121,2026,2,2026-08-06,2026-08-07T02:00:00Z,131935,s:40~l:59~t:131935,toronto-tempo,Toronto,Tempo,TOR,Toronto Tempo,Tempo,33476D,7B1B38,https://a.espncdn.com/i/teamlogos/wnba/500/tor.png,away,83,FALSE,23,3,24,5,40,29,72,0,18,67,16,24,3,6,6,12,36,7,1,0,29,9,31,36,0,17,21,16,132052,s:40~l:59~t:132052,portland-fire,Portland,Fire,POR,Portland Fire,Fire,cee5eb,000000,https://a.espncdn.com/i/teamlogos/wnba/500/por.png,97
401857121,2026,2,2026-08-06,2026-08-07T02:00:00Z,132052,s:40~l:59~t:132052,portland-fire,Portland,Fire,POR,Portland Fire,Fire,cee5eb,000000,https://a.espncdn.com/i/teamlogos/wnba/500/por.png,home,97,TRUE,23,4,25,12,50,33,66,0,22,83,20,24,27,6,86,8,40,7,1,1,41,11,27,33,1,16,17,15,131935,s:40~l:59~t:131935,toronto-tempo,Toronto,Tempo,TOR,Toronto Tempo,Tempo,33476D,7B1B38,https://a.espncdn.com/i/teamlogos/wnba/500/tor.png,83
401857115,2026,2,2026-08-05,2026-08-05T23:00:00Z,11,s:40~l:59~t:11,phoenix-mercury,Phoenix,Mercury,PHX,Phoenix Mercury,Mercury,3c286e,fa4b0a,https://a.espncdn.com/i/teamlogos/wnba/500/phx.png,away,82,FALSE,22,2,24,7,41,26,64,0,13,88,23,26,0,0,0,4,36,4,1,1,29,7,24,28,1,10,11,9,20,s:40~l:59~t:20,atlanta-dream,Atlanta,Dream,ATL,Atlanta Dream,Dream,e31837,5091cc,https://a.espncdn.com/i/teamlogos/wnba/500/atl.png,96
401857115,2026,2,2026-08-05,2026-08-05T23:00:00Z,20,s:40~l:59~t:20,atlanta-dream,Atlanta,Dream,ATL,Atlanta Dream,Dream,e31837,5091cc,https://a.espncdn.com/i/teamlogos/wnba/500/atl.png,home,96,TRUE,29,6,31,10,47,33,70,0,22,94,16,17,20,0,98,7,36,3,1,0,42,14,33,38,0,13,11,12,11,s:40~l:59~t:11,phoenix-mercury,Phoenix,Mercury,PHX,Phoenix Mercury,Mercury,3c286e,fa4b0a,https://a.espncdn.com/i/teamlogos/wnba/500/phx.png,82
401857116,2026,2,2026-08-05,2026-08-05T23:00:00Z,14,s:40~l:59~t:14,seattle-storm,Seattle,Storm,SEA,Seattle Storm,Storm,2c5235,fee11a,https://a.espncdn.com/i/teamlogos/wnba/500/sea.png,away,86,FALSE,23,3,22,6,46,36,79,0,19,64,7,11,2,1,3,13,52,7,0,0,32,7,22,35,0,10,11,10,9,s:40~l:59~t:9,new-york-liberty,New York,Liberty,NY,New York Liberty,Liberty,86cebc,000000,https://a.espncdn.com/i/teamlogos/wnba/500/ny.png,92
401857116,2026,2,2026-08-05,2026-08-05T23:00:00Z,9,s:40~l:59~t:9,new-york-liberty,New York,Liberty,NY,New York Liberty,Liberty,86cebc,000000,https://a.espncdn.com/i/teamlogos/wnba/500/ny.png,home,92,TRUE,25,3,30,16,44,33,75,0,13,90,19,21,15,1,95,8,50,7,2,0,24,7,29,38,0,12,11,10,14,s:40~l:59~t:14,seattle-storm,Seattle,Storm,SEA,Seattle Storm,Storm,2c5235,fee11a,https://a.espncdn.com/i/teamlogos/wnba/500/sea.png,86
401857117,2026,2,2026-08-05,2026-08-05T23:30:00Z,3,s:40~l:59~t:3,dallas-wings,Dallas,Wings,DAL,Dallas Wings,Wings,002b5c,c4d600,https://a.espncdn.com/i/teamlogos/wnba/500/dal.png,away,92,FALSE,23,6,25,18,50,34,68,0,26,71,15,21,20,1,89,7,36,6,1,0,39,9,23,32,0,10,9,9,16,s:40~l:59~t:16,washington-mystics,Washington,Mystics,WSH,Washington Mystics,Mystics,e03a3e,002b5c,https://a.espncdn.com/i/teamlogos/wnba/500/wsh.png,96
401857117,2026,2,2026-08-05,2026-08-05T23:30:00Z,16,s:40~l:59~t:16,washington-mystics,Washington,Mystics,WSH,Washington Mystics,Mystics,e03a3e,002b5c,https://a.espncdn.com/i/teamlogos/wnba/500/wsh.png,home,96,TRUE,19,3,26,7,50,33,66,0,21,85,22,26,5,1,8,8,48,6,1,0,36,8,22,34,0,12,12,11,3,s:40~l:59~t:3,dallas-wings,Dallas,Wings,DAL,Dallas Wings,Wings,002b5c,c4d600,https://a.espncdn.com/i/teamlogos/wnba/500/dal.png,92
401857118,2026,2,2026-08-05,2026-08-06T01:00:00Z,6,s:40~l:59~t:6,los-angeles-sparks,Los Angeles,Sparks,LA,Los Angeles Sparks,Sparks,552583,fdb927,https://a.espncdn.com/i/teamlogos/wnba/500/la.png,away,88,FALSE,27,5,26,8,47,32,68,0,19,75,15,20,3,10,6,9,38,6,2,0,38,9,24,35,0,16,15,14,19,s:40~l:59~t:19,chicago-sky,Chicago,Sky,CHI,Chicago Sky,Sky,5091cd,ffd520,https://a.espncdn.com/i/teamlogos/wnba/500/chi.png,95
401857118,2026,2,2026-08-05,2026-08-06T01:00:00Z,19,s:40~l:59~t:19,chicago-sky,Chicago,Sky,CHI,Chicago Sky,Sky,5091cd,ffd520,https://a.espncdn.com/i/teamlogos/wnba/500/chi.png,home,95,TRUE,28,6,26,12,53,35,66,0,18,84,16,19,15,10,91,3,40,7,0,0,45,9,20,29,0,12,18,12,6,s:40~l:59~t:6,los-angeles-sparks,Los Angeles,Sparks,LA,Los Angeles Sparks,Sparks,552583,fdb927,https://a.espncdn.com/i/teamlogos/wnba/500/la.png,88
401857114,2026,2,2026-08-04,2026-08-05T02:00:00Z,131935,s:40~l:59~t:131935,toronto-tempo,Toronto,Tempo,TOR,Toronto Tempo,Tempo,33476D,7B1B38,https://a.espncdn.com/i/teamlogos/wnba/500/tor.png,away,81,FALSE,22,3,22,2,47,28,59,1,19,87,13,15,13,4,29,5,30,8,1,1,41,12,29,27,1,16,27,15,129689,s:40~l:59~t:129689,golden-state-valkyries,Golden State,Valkyries,GS,Golden State Valkyries,Valkyries,b38fcf,000000,https://a.espncdn.com/i/teamlogos/wnba/500/gs.png,92
401857114,2026,2,2026-08-04,2026-08-05T02:00:00Z,129689,s:40~l:59~t:129689,golden-state-valkyries,Golden State,Valkyries,GS,Golden State Valkyries,Valkyries,b38fcf,000000,https://a.espncdn.com/i/teamlogos/wnba/500/gs.png,home,92,TRUE,21,2,23,7,46,31,68,0,14,78,18,23,13,4,67,15,38,9,2,1,36,12,33,38,1,14,21,12,131935,s:40~l:59~t:131935,toronto-tempo,Toronto,Tempo,TOR,Toronto Tempo,Tempo,33476D,7B1B38,https://a.espncdn.com/i/teamlogos/wnba/500/tor.png,81
401857111,2026,2,2026-08-03,2026-08-03T23:00:00Z,17,s:40~l:59~t:17,las-vegas-aces,Las Vegas,Aces,LV,Las Vegas Aces,Aces,a7a8aa,000000,https://a.espncdn.com/i/teamlogos/wnba/500/lv.png,away,109,TRUE,24,6,25,9,62,44,71,1,16,79,11,14,28,6,82,5,62,5,0,0,53,10,19,30,0,9,14,9,20,s:40~l:59~t:20,atlanta-dream,Atlanta,Dream,ATL,Atlanta Dream,Dream,e31837,5091cc,https://a.espncdn.com/i/teamlogos/wnba/500/atl.png,87
401857111,2026,2,2026-08-03,2026-08-03T23:00:00Z,20,s:40~l:59~t:20,atlanta-dream,Atlanta,Dream,ATL,Atlanta Dream,Dream,e31837,5091cc,https://a.espncdn.com/i/teamlogos/wnba/500/atl.png,home,87,FALSE,19,2,22,7,44,33,75,0,14,85,17,20,5,6,10,12,52,5,0,0,17,4,24,34,0,11,21,11,17,s:40~l:59~t:17,las-vegas-aces,Las Vegas,Aces,LV,Las Vegas Aces,Aces,a7a8aa,000000,https://a.espncdn.com/i/teamlogos/wnba/500/lv.png,109
401857112,2026,2,2026-08-03,2026-08-03T23:00:00Z,14,s:40~l:59~t:14,seattle-storm,Seattle,Storm,SEA,Seattle Storm,Storm,2c5235,fee11a,https://a.espncdn.com/i/teamlogos/wnba/500/sea.png,away,83,FALSE,21,3,22,18,41,29,71,0,18,84,16,19,0,0,0,7,36,7,1,0,31,9,29,29,0,8,12,7,9,s:40~l:59~t:9,new-york-liberty,New York,Liberty,NY,New York Liberty,Liberty,86cebc,000000,https://a.espncdn.com/i/teamlogos/wnba/500/ny.png,95
401857112,2026,2,2026-08-03,2026-08-03T23:00:00Z,9,s:40~l:59~t:9,new-york-liberty,New York,Liberty,NY,New York Liberty,Liberty,86cebc,000000,https://a.espncdn.com/i/teamlogos/wnba/500/ny.png,home,95,TRUE,23,6,27,20,50,34,68,0,14,81,13,16,18,0,99,9,38,2,3,0,41,14,34,36,0,15,20,12,14,s:40~l:59~t:14,seattle-storm,Seattle,Storm,SEA,Seattle Storm,Storm,2c5235,fee11a,https://a.espncdn.com/i/teamlogos/wnba/500/sea.png,83
401857113,2026,2,2026-08-03,2026-08-04T01:00:00Z,11,s:40~l:59~t:11,phoenix-mercury,Phoenix,Mercury,PHX,Phoenix Mercury,Mercury,3c286e,fa4b0a,https://a.espncdn.com/i/teamlogos/wnba/500/phx.png,away,106,TRUE,26,5,30,8,51,32,63,0,21,78,31,40,12,9,55,6,40,5,0,0,42,11,26,36,0,12,11,12,19,s:40~l:59~t:19,chicago-sky,Chicago,Sky,CHI,Chicago Sky,Sky,5091cd,ffd520,https://a.espncdn.com/i/teamlogos/wnba/500/chi.png,101
401857113,2026,2,2026-08-03,2026-08-04T01:00:00Z,19,s:40~l:59~t:19,chicago-sky,Chicago,Sky,CHI,Chicago Sky,Sky,5091cd,ffd520,https://a.espncdn.com/i/teamlogos/wnba/500/chi.png,home,101,FALSE,29,1,27,15,49,37,76,1,26,68,17,25,7,9,41,9,48,5,0,1,38,10,26,36,1,8,10,8,11,s:40~l:59~t:11,phoenix-mercury,Phoenix,Mercury,PHX,Phoenix Mercury,Mercury,3c286e,fa4b0a,https://a.espncdn.com/i/teamlogos/wnba/500/phx.png,106
401857107,2026,2,2026-08-02,2026-08-02T17:00:00Z,5,s:40~l:59~t:5,indiana-fever,Indiana,Fever,IND,Indiana Fever,Fever,002d62,e03a3e,https://a.espncdn.com/i/teamlogos/wnba/500/ind.png,away,100,FALSE,27,2,18,0,57,39,68,0,15,73,11,15,4,3,6,5,46,4,0,0,46,11,24,23,0,12,15,12,8,s:40~l:59~t:8,minnesota-lynx,Minnesota,Lynx,MIN,Minnesota Lynx,Lynx,266092,79bc43,https://a.espncdn.com/i/teamlogos/wnba/500/min.png,108
401857107,2026,2,2026-08-02,2026-08-02T17:00:00Z,8,s:40~l:59~t:8,minnesota-lynx,Minnesota,Lynx,MIN,Minnesota Lynx,Lynx,266092,79bc43,https://a.espncdn.com/i/teamlogos/wnba/500/min.png,home,108,TRUE,28,3,22,9,57,43,76,0,16,73,11,15,15,3,88,11,46,6,2,1,44,11,25,33,1,8,8,6,5,s:40~l:59~t:5,indiana-fever,Indiana,Fever,IND,Indiana Fever,Fever,002d62,e03a3e,https://a.espncdn.com/i/teamlogos/wnba/500/ind.png,100
401857108,2026,2,2026-08-02,2026-08-02T19:30:00Z,6,s:40~l:59~t:6,los-angeles-sparks,Los Angeles,Sparks,LA,Los Angeles Sparks,Sparks,552583,fdb927,https://a.espncdn.com/i/teamlogos/wnba/500/la.png,away,106,TRUE,33,5,23,18,52,39,75,0,16,86,12,14,7,10,28,9,46,8,1,0,55,16,29,32,0,14,14,13,132052,s:40~l:59~t:132052,portland-fire,Portland,Fire,POR,Portland Fire,Fire,cee5eb,000000,https://a.espncdn.com/i/teamlogos/wnba/500/por.png,101
401857108,2026,2,2026-08-02,2026-08-02T19:30:00Z,132052,s:40~l:59~t:132052,portland-fire,Portland,Fire,POR,Portland Fire,Fire,cee5eb,000000,https://a.espncdn.com/i/teamlogos/wnba/500/por.png,home,101,FALSE,21,2,23,14,45,35,77,0,21,89,16,18,10,10,61,11,36,8,0,0,41,15,37,34,0,14,19,14,6,s:40~l:59~t:6,los-angeles-sparks,Los Angeles,Sparks,LA,Los Angeles Sparks,Sparks,552583,fdb927,https://a.espncdn.com/i/teamlogos/wnba/500/la.png,106
401857109,2026,2,2026-08-02,2026-08-02T23:00:00Z,18,s:40~l:59~t:18,connecticut-sun,Connecticut,Sun,CON,Connecticut Sun,Sun,f05023,0a2240,https://a.espncdn.com/i/teamlogos/wnba/500/con.png,away,63,FALSE,14,3,22,7,34,23,67,0,18,62,8,13,5,5,7,9,24,6,2,0,39,9,23,31,0,17,16,15,3,s:40~l:59~t:3,dallas-wings,Dallas,Wings,DAL,Dallas Wings,Wings,002b5c,c4d600,https://a.espncdn.com/i/teamlogos/wnba/500/dal.png,83
401857109,2026,2,2026-08-02,2026-08-02T23:00:00Z,3,s:40~l:59~t:3,dallas-wings,Dallas,Wings,DAL,Dallas Wings,Wings,002b5c,c4d600,https://a.espncdn.com/i/teamlogos/wnba/500/dal.png,home,83,TRUE,22,4,31,8,48,33,69,0,15,83,10,12,31,5,91,7,46,10,0,0,39,7,18,38,0,14,14,14,18,s:40~l:59~t:18,connecticut-sun,Connecticut,Sun,CON,Connecticut Sun,Sun,f05023,0a2240,https://a.espncdn.com/i/teamlogos/wnba/500/con.png,63
401857110,2026,2,2026-08-02,2026-08-03T00:30:00Z,131935,s:40~l:59~t:131935,toronto-tempo,Toronto,Tempo,TOR,Toronto Tempo,Tempo,33476D,7B1B38,https://a.espncdn.com/i/teamlogos/wnba/500/tor.png,away,79,FALSE,20,1,24,7,43,29,67,0,21,74,14,19,5,8,12,10,36,3,1,0,23,7,30,34,0,13,15,12,129689,s:40~l:59~t:129689,golden-state-valkyries,Golden State,Valkyries,GS,Golden State Valkyries,Valkyries,b38fcf,000000,https://a.espncdn.com/i/teamlogos/wnba/500/gs.png,96
401857110,2026,2,2026-08-02,2026-08-03T00:30:00Z,129689,s:40~l:59~t:129689,golden-state-valkyries,Golden State,Valkyries,GS,Golden State Valkyries,Valkyries,b38fcf,000000,https://a.espncdn.com/i/teamlogos/wnba/500/gs.png,home,96,TRUE,26,5,22,7,49,33,67,0,20,89,16,18,17,8,82,4,34,8,1,0,48,14,29,26,0,8,12,7,131935,s:40~l:59~t:131935,toronto-tempo,Toronto,Tempo,TOR,Toronto Tempo,Tempo,33476D,7B1B38,https://a.espncdn.com/i/teamlogos/wnba/500/tor.png,79
401857105,2026,2,2026-08-01,2026-08-01T17:00:00Z,17,s:40~l:59~t:17,las-vegas-aces,Las Vegas,Aces,LV,Las Vegas Aces,Aces,a7a8aa,000000,https://a.espncdn.com/i/teamlogos/wnba/500/lv.png,away,83,FALSE,21,8,31,9,43,32,74,0,19,78,14,18,13,5,81,9,38,5,1,0,23,5,22,40,0,17,12,16,19,s:40~l:59~t:19,chicago-sky,Chicago,Sky,CHI,Chicago Sky,Sky,5091cd,ffd520,https://a.espncdn.com/i/teamlogos/wnba/500/chi.png,84
401857105,2026,2,2026-08-01,2026-08-01T17:00:00Z,19,s:40~l:59~t:19,chicago-sky,Chicago,Sky,CHI,Chicago Sky,Sky,5091cd,ffd520,https://a.espncdn.com/i/teamlogos/wnba/500/chi.png,home,84,TRUE,19,4,21,7,40,31,77,0,20,64,14,22,4,5,6,11,34,9,1,0,40,8,20,32,0,14,18,13,17,s:40~l:59~t:17,las-vegas-aces,Las Vegas,Aces,LV,Las Vegas Aces,Aces,a7a8aa,000000,https://a.espncdn.com/i/teamlogos/wnba/500/lv.png,83
401857106,2026,2,2026-08-01,2026-08-01T19:00:00Z,9,s:40~l:59~t:9,new-york-liberty,New York,Liberty,NY,New York Liberty,Liberty,86cebc,000000,https://a.espncdn.com/i/teamlogos/wnba/500/ny.png,away,94,TRUE,26,3,28,2,49,33,68,0,24,100,19,19,13,6,78,9,44,2,3,1,32,9,28,37,1,17,27,14,11,s:40~l:59~t:11,phoenix-mercury,Phoenix,Mercury,PHX,Phoenix Mercury,Mercury,3c286e,fa4b0a,https://a.espncdn.com/i/teamlogos/wnba/500/phx.png,92
401857106,2026,2,2026-08-01,2026-08-01T19:00:00Z,11,s:40~l:59~t:11,phoenix-mercury,Phoenix,Mercury,PHX,Phoenix Mercury,Mercury,3c286e,fa4b0a,https://a.espncdn.com/i/teamlogos/wnba/500/phx.png,home,92,FALSE,21,2,20,10,51,32,63,0,20,79,22,28,10,6,18,3,46,7,0,0,32,6,19,23,0,10,17,10,9,s:40~l:59~t:9,new-york-liberty,New York,Liberty,NY,New York Liberty,Liberty,86cebc,000000,https://a.espncdn.com/i/teamlogos/wnba/500/ny.png,94
401857102,2026,2,2026-07-31,2026-07-31T23:30:00Z,14,s:40~l:59~t:14,seattle-storm,Seattle,Storm,SEA,Seattle Storm,Storm,2c5235,fee11a,https://a.espncdn.com/i/teamlogos/wnba/500/sea.png,away,89,FALSE,17,5,22,10,44,30,68,0,26,80,24,30,4,5,10,8,42,10,1,0,22,5,23,30,0,20,18,19,20,s:40~l:59~t:20,atlanta-dream,Atlanta,Dream,ATL,Atlanta Dream,Dream,e31837,5091cc,https://a.espncdn.com/i/teamlogos/wnba/500/atl.png,98
401857102,2026,2,2026-07-31,2026-07-31T23:30:00Z,20,s:40~l:59~t:20,atlanta-dream,Atlanta,Dream,ATL,Atlanta Dream,Dream,e31837,5091cc,https://a.espncdn.com/i/teamlogos/wnba/500/atl.png,home,98,TRUE,24,7,22,13,42,27,64,1,19,87,34,39,17,5,86,11,32,14,0,0,38,10,26,33,0,17,23,17,14,s:40~l:59~t:14,seattle-storm,Seattle,Storm,SEA,Seattle Storm,Storm,2c5235,fee11a,https://a.espncdn.com/i/teamlogos/wnba/500/sea.png,89
401857103,2026,2,2026-07-31,2026-07-31T23:30:00Z,3,s:40~l:59~t:3,dallas-wings,Dallas,Wings,DAL,Dallas Wings,Wings,002b5c,c4d600,https://a.espncdn.com/i/teamlogos/wnba/500/dal.png,away,75,FALSE,19,7,26,6,40,28,70,0,23,85,11,13,2,8,5,6,24,3,1,0,24,8,33,32,0,7,6,6,16,s:40~l:59~t:16,washington-mystics,Washington,Mystics,WSH,Washington Mystics,Mystics,e03a3e,002b5c,https://a.espncdn.com/i/teamlogos/wnba/500/wsh.png,81
401857103,2026,2,2026-07-31,2026-07-31T23:30:00Z,16,s:40~l:59~t:16,washington-mystics,Washington,Mystics,WSH,Washington Mystics,Mystics,e03a3e,002b5c,https://a.espncdn.com/i/teamlogos/wnba/500/wsh.png,home,81,TRUE,17,4,29,8,37,26,71,1,15,87,27,31,10,8,91,13,40,1,1,1,12,2,17,42,1,8,8,7,3,s:40~l:59~t:3,dallas-wings,Dallas,Wings,DAL,Dallas Wings,Wings,002b5c,c4d600,https://a.espncdn.com/i/teamlogos/wnba/500/dal.png,75
401857104,2026,2,2026-07-31,2026-08-01T02:00:00Z,5,s:40~l:59~t:5,indiana-fever,Indiana,Fever,IND,Indiana Fever,Fever,002d62,e03a3e,https://a.espncdn.com/i/teamlogos/wnba/500/ind.png,away,112,TRUE,24,4,22,14,53,36,68,0,21,88,30,34,20,6,77,8,46,14,2,1,34,10,29,30,1,15,16,13,132052,s:40~l:59~t:132052,portland-fire,Portland,Fire,POR,Portland Fire,Fire,cee5eb,000000,https://a.espncdn.com/i/teamlogos/wnba/500/por.png,98
401857104,2026,2,2026-07-31,2026-08-01T02:00:00Z,132052,s:40~l:59~t:132052,portland-fire,Portland,Fire,POR,Portland Fire,Fire,cee5eb,000000,https://a.espncdn.com/i/teamlogos/wnba/500/por.png,home,98,FALSE,26,3,18,8,52,35,67,0,24,78,14,18,7,6,12,7,40,8,0,1,45,14,31,25,1,20,31,20,5,s:40~l:59~t:5,indiana-fever,Indiana,Fever,IND,Indiana Fever,Fever,002d62,e03a3e,https://a.espncdn.com/i/teamlogos/wnba/500/ind.png,112
401857099,2026,2,2026-07-30,2026-07-31T00:00:00Z,8,s:40~l:59~t:8,minnesota-lynx,Minnesota,Lynx,MIN,Minnesota Lynx,Lynx,266092,79bc43,https://a.espncdn.com/i/teamlogos/wnba/500/min.png,away,104,TRUE,26,5,22,4,49,40,82,0,13,85,11,13,36,3,71,14,38,14,0,0,46,13,28,36,0,10,10,10,131935,s:40~l:59~t:131935,toronto-tempo,Toronto,Tempo,TOR,Toronto Tempo,Tempo,33476D,7B1B38,https://a.espncdn.com/i/teamlogos/wnba/500/tor.png,72
401857099,2026,2,2026-07-30,2026-07-31T00:00:00Z,131935,s:40~l:59~t:131935,toronto-tempo,Toronto,Tempo,TOR,Toronto Tempo,Tempo,33476D,7B1B38,https://a.espncdn.com/i/teamlogos/wnba/500/tor.png,home,72,FALSE,19,4,20,12,45,28,62,0,12,55,6,11,9,3,17,6,36,6,2,0,36,10,28,26,0,24,31,22,8,s:40~l:59~t:8,minnesota-lynx,Minnesota,Lynx,MIN,Minnesota Lynx,Lynx,266092,79bc43,https://a.espncdn.com/i/teamlogos/wnba/500/min.png,104
401857100,2026,2,2026-07-30,2026-07-31T00:00:00Z,18,s:40~l:59~t:18,connecticut-sun,Connecticut,Sun,CON,Connecticut Sun,Sun,f05023,0a2240,https://a.espncdn.com/i/teamlogos/wnba/500/con.png,away,88,FALSE,20,6,26,4,44,31,70,0,26,79,19,24,14,6,68,8,42,10,0,0,32,7,22,34,0,16,25,16,19,s:40~l:59~t:19,chicago-sky,Chicago,Sky,CHI,Chicago Sky,Sky,5091cd,ffd520,https://a.espncdn.com/i/teamlogos/wnba/500/chi.png,94
401857100,2026,2,2026-07-30,2026-07-31T00:00:00Z,19,s:40~l:59~t:19,chicago-sky,Chicago,Sky,CHI,Chicago Sky,Sky,5091cd,ffd520,https://a.espncdn.com/i/teamlogos/wnba/500/chi.png,home,94,TRUE,21,4,22,16,48,32,67,0,17,88,23,26,10,6,25,6,48,10,1,1,32,7,22,28,1,14,14,13,18,s:40~l:59~t:18,connecticut-sun,Connecticut,Sun,CON,Connecticut Sun,Sun,f05023,0a2240,https://a.espncdn.com/i/teamlogos/wnba/500/con.png,88
401857101,2026,2,2026-07-30,2026-07-31T02:00:00Z,9,s:40~l:59~t:9,new-york-liberty,New York,Liberty,NY,New York Liberty,Liberty,86cebc,000000,https://a.espncdn.com/i/teamlogos/wnba/500/ny.png,away,99,FALSE,20,1,26,12,51,35,68,0,20,84,21,25,3,9,10,8,50,9,1,1,36,8,22,34,1,13,10,12,17,s:40~l:59~t:17,las-vegas-aces,Las Vegas,Aces,LV,Las Vegas Aces,Aces,a7a8aa,000000,https://a.espncdn.com/i/teamlogos/wnba/500/lv.png,104
401857101,2026,2,2026-07-30,2026-07-31T02:00:00Z,17,s:40~l:59~t:17,las-vegas-aces,Las Vegas,Aces,LV,Las Vegas Aces,Aces,a7a8aa,000000,https://a.espncdn.com/i/teamlogos/wnba/500/lv.png,home,104,TRUE,25,4,23,8,52,33,64,0,21,93,25,27,10,9,87,3,34,5,0,0,46,13,28,26,0,10,12,10,9,s:40~l:59~t:9,new-york-liberty,New York,Liberty,NY,New York Liberty,Liberty,86cebc,000000,https://a.espncdn.com/i/teamlogos/wnba/500/ny.png,99
401857097,2026,2,2026-07-29,2026-07-30T00:00:00Z,20,s:40~l:59~t:20,atlanta-dream,Atlanta,Dream,ATL,Atlanta Dream,Dream,e31837,5091cc,https://a.espncdn.com/i/teamlogos/wnba/500/atl.png,away,82,TRUE,22,4,25,4,44,31,70,0,20,76,19,25,2,7,3,12,58,11,1,2,6,1,16,37,2,16,22,15,3,s:40~l:59~t:3,dallas-wings,Dallas,Wings,DAL,Dallas Wings,Wings,002b5c,c4d600,https://a.espncdn.com/i/teamlogos/wnba/500/dal.png,81
401857097,2026,2,2026-07-29,2026-07-30T00:00:00Z,3,s:40~l:59~t:3,dallas-wings,Dallas,Wings,DAL,Dallas Wings,Wings,002b5c,c4d600,https://a.espncdn.com/i/teamlogos/wnba/500/dal.png,home,81,FALSE,19,5,24,15,49,34,69,1,19,64,9,14,15,7,88,8,40,9,2,0,27,4,15,32,0,18,15,16,20,s:40~l:59~t:20,atlanta-dream,Atlanta,Dream,ATL,Atlanta Dream,Dream,e31837,5091cc,https://a.espncdn.com/i/teamlogos/wnba/500/atl.png,82
401857098,2026,2,2026-07-29,2026-07-30T02:00:00Z,129689,s:40~l:59~t:129689,golden-state-valkyries,Golden State,Valkyries,GS,Golden State Valkyries,Valkyries,b38fcf,000000,https://a.espncdn.com/i/teamlogos/wnba/500/gs.png,away,89,FALSE,24,1,20,2,41,31,76,0,34,79,15,19,13,4,45,13,38,7,2,1,36,12,33,33,1,9,12,7,11,s:40~l:59~t:11,phoenix-mercury,Phoenix,Mercury,PHX,Phoenix Mercury,Mercury,3c286e,fa4b0a,https://a.espncdn.com/i/teamlogos/wnba/500/phx.png,91
401857098,2026,2,2026-07-29,2026-07-30T02:00:00Z,11,s:40~l:59~t:11,phoenix-mercury,Phoenix,Mercury,PHX,Phoenix Mercury,Mercury,3c286e,fa4b0a,https://a.espncdn.com/i/teamlogos/wnba/500/phx.png,home,91,TRUE,19,7,28,14,49,27,55,0,23,74,32,43,8,4,45,6,40,3,0,1,31,5,16,34,1,10,14,10,129689,s:40~l:59~t:129689,golden-state-valkyries,Golden State,Valkyries,GS,Golden State Valkyries,Valkyries,b38fcf,000000,https://a.espncdn.com/i/teamlogos/wnba/500/gs.png,89
401857092,2026,2,2026-07-28,2026-07-28T23:30:00Z,18,s:40~l:59~t:18,connecticut-sun,Connecticut,Sun,CON,Connecticut Sun,Sun,f05023,0a2240,https://a.espncdn.com/i/teamlogos/wnba/500/con.png,away,84,FALSE,24,8,21,9,41,31,75,0,26,61,11,18,7,4,30,8,32,6,2,1,44,11,25,29,1,12,13,10,16,s:40~l:59~t:16,washington-mystics,Washington,Mystics,WSH,Washington Mystics,Mystics,e03a3e,002b5c,https://a.espncdn.com/i/teamlogos/wnba/500/wsh.png,92
401857092,2026,2,2026-07-28,2026-07-28T23:30:00Z,16,s:40~l:59~t:16,washington-mystics,Washington,Mystics,WSH,Washington Mystics,Mystics,e03a3e,002b5c,https://a.espncdn.com/i/teamlogos/wnba/500/wsh.png,home,92,TRUE,20,7,27,5,43,29,67,0,17,85,28,33,18,4,63,14,44,5,0,0,50,6,12,41,0,14,13,14,18,s:40~l:59~t:18,connecticut-sun,Connecticut,Sun,CON,Connecticut Sun,Sun,f05023,0a2240,https://a.espncdn.com/i/teamlogos/wnba/500/con.png,84
401857093,2026,2,2026-07-28,2026-07-29T00:00:00Z,131935,s:40~l:59~t:131935,toronto-tempo,Toronto,Tempo,TOR,Toronto Tempo,Tempo,33476D,7B1B38,https://a.espncdn.com/i/teamlogos/wnba/500/tor.png,away,93,FALSE,22,4,26,10,45,33,73,0,18,82,14,17,5,5,22,10,34,7,2,0,37,13,35,36,0,17,16,15,8,s:40~l:59~t:8,minnesota-lynx,Minnesota,Lynx,MIN,Minnesota Lynx,Lynx,266092,79bc43,https://a.espncdn.com/i/teamlogos/wnba/500/min.png,100
401857093,2026,2,2026-07-28,2026-07-29T00:00:00Z,8,s:40~l:59~t:8,minnesota-lynx,Minnesota,Lynx,MIN,Minnesota Lynx,Lynx,266092,79bc43,https://a.espncdn.com/i/teamlogos/wnba/500/min.png,home,100,TRUE,26,4,24,14,51,37,72,0,20,75,12,16,17,5,72,7,42,8,0,0,56,14,25,31,0,11,13,11,131935,s:40~l:59~t:131935,toronto-tempo,Toronto,Tempo,TOR,Toronto Tempo,Tempo,33476D,7B1B38,https://a.espncdn.com/i/teamlogos/wnba/500/tor.png,93
401857094,2026,2,2026-07-28,2026-07-29T01:30:00Z,5,s:40~l:59~t:5,indiana-fever,Indiana,Fever,IND,Indiana Fever,Fever,002d62,e03a3e,https://a.espncdn.com/i/teamlogos/wnba/500/ind.png,away,105,TRUE,16,3,30,8,52,33,64,0,21,100,26,26,20,2,97,6,36,3,2,0,54,13,24,36,0,13,13,11,14,s:40~l:59~t:14,seattle-storm,Seattle,Storm,SEA,Seattle Storm,Storm,2c5235,fee11a,https://a.espncdn.com/i/teamlogos/wnba/500/sea.png,95
401857094,2026,2,2026-07-28,2026-07-29T01:30:00Z,14,s:40~l:59~t:14,seattle-storm,Seattle,Storm,SEA,Seattle Storm,Storm,2c5235,fee11a,https://a.espncdn.com/i/teamlogos/wnba/500/sea.png,home,95,FALSE,17,2,20,10,41,32,79,0,22,74,20,27,1,2,0,16,40,6,1,0,32,11,34,36,0,5,8,4,5,s:40~l:59~t:5,indiana-fever,Indiana,Fever,IND,Indiana Fever,Fever,002d62,e03a3e,https://a.espncdn.com/i/teamlogos/wnba/500/ind.png,105
401857095,2026,2,2026-07-28,2026-07-29T02:00:00Z,132052,s:40~l:59~t:132052,portland-fire,Portland,Fire,POR,Portland Fire,Fire,cee5eb,000000,https://a.espncdn.com/i/teamlogos/wnba/500/por.png,away,83,FALSE,18,1,21,7,40,27,68,0,23,80,20,25,0,0,0,12,34,5,0,1,29,9,31,33,1,13,19,13,17,s:40~l:59~t:17,las-vegas-aces,Las Vegas,Aces,LV,Las Vegas Aces,Aces,a7a8aa,000000,https://a.espncdn.com/i/teamlogos/wnba/500/lv.png,98
401857095,2026,2,2026-07-28,2026-07-29T02:00:00Z,17,s:40~l:59~t:17,las-vegas-aces,Las Vegas,Aces,LV,Las Vegas Aces,Aces,a7a8aa,000000,https://a.espncdn.com/i/teamlogos/wnba/500/lv.png,home,98,TRUE,21,3,28,19,58,33,57,0,21,88,23,26,18,0,99,2,44,7,0,0,41,9,22,30,0,12,12,12,132052,s:40~l:59~t:132052,portland-fire,Portland,Fire,POR,Portland Fire,Fire,cee5eb,000000,https://a.espncdn.com/i/teamlogos/wnba/500/por.png,83
401857096,2026,2,2026-07-28,2026-07-29T02:00:00Z,9,s:40~l:59~t:9,new-york-liberty,New York,Liberty,NY,New York Liberty,Liberty,86cebc,000000,https://a.espncdn.com/i/teamlogos/wnba/500/ny.png,away,113,TRUE,27,7,21,8,59,41,70,0,13,88,14,16,11,12,39,7,48,10,1,0,53,17,32,28,0,18,30,17,6,s:40~l:59~t:6,los-angeles-sparks,Los Angeles,Sparks,LA,Los Angeles Sparks,Sparks,552583,fdb927,https://a.espncdn.com/i/teamlogos/wnba/500/la.png,109
401857096,2026,2,2026-07-28,2026-07-29T02:00:00Z,6,s:40~l:59~t:6,los-angeles-sparks,Los Angeles,Sparks,LA,Los Angeles Sparks,Sparks,552583,fdb927,https://a.espncdn.com/i/teamlogos/wnba/500/la.png,home,109,FALSE,35,1,19,9,60,44,73,0,17,71,5,7,9,12,53,2,46,10,0,0,52,16,31,21,0,15,21,15,9,s:40~l:59~t:9,new-york-liberty,New York,Liberty,NY,New York Liberty,Liberty,86cebc,000000,https://a.espncdn.com/i/teamlogos/wnba/500/ny.png,113
401857320,2026,2,2026-07-25,2026-07-26T00:30:00Z,133383,s:40~l:59~t:133383,team-spoon,Team Spoon,TEAM SPOON,SPO,TEAM SPOON,TEAM SPOON,NA,NA,NA,away,129,TRUE,42,2,45,38,50,53,107,0,5,75,3,4,18,12,96,14,56,7,0,0,33,20,61,59,0,15,12,15,133384,s:40~l:59~t:133384,team-coop,Team Coop,TEAM COOP,COOP,TEAM COOP,TEAM COOP,NA,NA,NA,122
401857320,2026,2,2026-07-25,2026-07-26T00:30:00Z,133384,s:40~l:59~t:133384,team-coop,Team Coop,TEAM COOP,COOP,TEAM COOP,TEAM COOP,NA,NA,NA,home,122,FALSE,36,1,36,11,42,50,118,0,5,100,1,1,1,12,3,16,58,10,0,0,32,21,66,52,0,9,19,9,133383,s:40~l:59~t:133383,team-spoon,Team Spoon,TEAM SPOON,SPO,TEAM SPOON,TEAM SPOON,NA,NA,NA,129
401857086,2026,2,2026-07-22,2026-07-22T19:00:00Z,11,s:40~l:59~t:11,phoenix-mercury,Phoenix,Mercury,PHX,Phoenix Mercury,Mercury,3c286e,fa4b0a,https://a.espncdn.com/i/teamlogos/wnba/500/phx.png,away,86,TRUE,28,5,26,20,47,35,74,0,23,69,9,13,8,8,78,7,54,10,0,0,26,7,27,33,0,12,11,12,6,s:40~l:59~t:6,los-angeles-sparks,Los Angeles,Sparks,LA,Los Angeles Sparks,Sparks,552583,fdb927,https://a.espncdn.com/i/teamlogos/wnba/500/la.png,82
401857086,2026,2,2026-07-22,2026-07-22T19:00:00Z,6,s:40~l:59~t:6,los-angeles-sparks,Los Angeles,Sparks,LA,Los Angeles Sparks,Sparks,552583,fdb927,https://a.espncdn.com/i/teamlogos/wnba/500/la.png,home,82,FALSE,20,5,27,3,40,28,70,0,21,81,17,21,3,8,4,10,36,5,0,0,32,9,28,37,0,18,17,18,11,s:40~l:59~t:11,phoenix-mercury,Phoenix,Mercury,PHX,Phoenix Mercury,Mercury,3c286e,fa4b0a,https://a.espncdn.com/i/teamlogos/wnba/500/phx.png,86
401857087,2026,2,2026-07-22,2026-07-22T19:00:00Z,8,s:40~l:59~t:8,minnesota-lynx,Minnesota,Lynx,MIN,Minnesota Lynx,Lynx,266092,79bc43,https://a.espncdn.com/i/teamlogos/wnba/500/min.png,away,86,TRUE,23,3,21,6,39,31,79,0,13,88,15,17,11,7,52,15,42,13,0,0,39,9,23,36,0,11,10,11,14,s:40~l:59~t:14,seattle-storm,Seattle,Storm,SEA,Seattle Storm,Storm,2c5235,fee11a,https://a.espncdn.com/i/teamlogos/wnba/500/sea.png,76
401857087,2026,2,2026-07-22,2026-07-22T19:00:00Z,14,s:40~l:59~t:14,seattle-storm,Seattle,Storm,SEA,Seattle Storm,Storm,2c5235,fee11a,https://a.espncdn.com/i/teamlogos/wnba/500/sea.png,home,76,FALSE,18,7,30,15,41,30,74,0,12,73,11,15,6,7,37,11,48,7,1,0,16,5,32,41,0,19,19,18,8,s:40~l:59~t:8,minnesota-lynx,Minnesota,Lynx,MIN,Minnesota Lynx,Lynx,266092,79bc43,https://a.espncdn.com/i/teamlogos/wnba/500/min.png,86
401857088,2026,2,2026-07-22,2026-07-22T23:00:00Z,19,s:40~l:59~t:19,chicago-sky,Chicago,Sky,CHI,Chicago Sky,Sky,5091cd,ffd520,https://a.espncdn.com/i/teamlogos/wnba/500/chi.png,away,94,FALSE,27,6,26,14,48,34,71,0,20,90,19,21,12,10,80,4,42,8,1,2,33,7,21,30,2,10,16,9,9,s:40~l:59~t:9,new-york-liberty,New York,Liberty,NY,New York Liberty,Liberty,86cebc,000000,https://a.espncdn.com/i/teamlogos/wnba/500/ny.png,95
401857088,2026,2,2026-07-22,2026-07-22T23:00:00Z,9,s:40~l:59~t:9,new-york-liberty,New York,Liberty,NY,New York Liberty,Liberty,86cebc,000000,https://a.espncdn.com/i/teamlogos/wnba/500/ny.png,home,95,TRUE,17,6,27,7,41,29,71,0,16,93,26,28,5,10,14,10,34,1,0,1,39,11,28,37,1,13,16,13,19,s:40~l:59~t:19,chicago-sky,Chicago,Sky,CHI,Chicago Sky,Sky,5091cd,ffd520,https://a.espncdn.com/i/teamlogos/wnba/500/chi.png,94
401857089,2026,2,2026-07-22,2026-07-22T23:30:00Z,17,s:40~l:59~t:17,las-vegas-aces,Las Vegas,Aces,LV,Las Vegas Aces,Aces,a7a8aa,000000,https://a.espncdn.com/i/teamlogos/wnba/500/lv.png,away,99,FALSE,18,6,20,8,55,34,62,1,25,90,26,29,9,13,71,4,38,10,1,0,36,5,14,24,0,9,8,8,16,s:40~l:59~t:16,washington-mystics,Washington,Mystics,WSH,Washington Mystics,Mystics,e03a3e,002b5c,https://a.espncdn.com/i/teamlogos/wnba/500/wsh.png,100
401857089,2026,2,2026-07-22,2026-07-22T23:30:00Z,16,s:40~l:59~t:16,washington-mystics,Washington,Mystics,WSH,Washington Mystics,Mystics,e03a3e,002b5c,https://a.espncdn.com/i/teamlogos/wnba/500/wsh.png,home,100,TRUE,24,1,22,4,49,35,71,0,22,74,23,31,6,13,24,12,48,3,0,0,54,7,13,34,0,13,12,13,17,s:40~l:59~t:17,las-vegas-aces,Las Vegas,Aces,LV,Las Vegas Aces,Aces,a7a8aa,000000,https://a.espncdn.com/i/teamlogos/wnba/500/lv.png,99
401857090,2026,2,2026-07-22,2026-07-23T00:00:00Z,18,s:40~l:59~t:18,connecticut-sun,Connecticut,Sun,CON,Connecticut Sun,Sun,f05023,0a2240,https://a.espncdn.com/i/teamlogos/wnba/500/con.png,away,88,FALSE,21,4,17,8,44,35,79,1,25,67,10,15,2,1,1,11,50,8,1,2,40,8,20,28,2,15,24,14,5,s:40~l:59~t:5,indiana-fever,Indiana,Fever,IND,Indiana Fever,Fever,002d62,e03a3e,https://a.espncdn.com/i/teamlogos/wnba/500/ind.png,123
401857090,2026,2,2026-07-22,2026-07-23T00:00:00Z,5,s:40~l:59~t:5,indiana-fever,Indiana,Fever,IND,Indiana Fever,Fever,002d62,e03a3e,https://a.espncdn.com/i/teamlogos/wnba/500/ind.png,home,123,TRUE,29,7,27,11,62,45,73,0,18,81,22,27,36,1,99,8,64,7,2,1,50,11,22,35,1,15,18,13,18,s:40~l:59~t:18,connecticut-sun,Connecticut,Sun,CON,Connecticut Sun,Sun,f05023,0a2240,https://a.espncdn.com/i/teamlogos/wnba/500/con.png,88
401857091,2026,2,2026-07-22,2026-07-23T02:00:00Z,3,s:40~l:59~t:3,dallas-wings,Dallas,Wings,DAL,Dallas Wings,Wings,002b5c,c4d600,https://a.espncdn.com/i/teamlogos/wnba/500/dal.png,away,101,TRUE,28,2,26,11,49,35,72,0,18,79,19,24,12,7,69,9,32,7,0,0,40,12,30,35,0,13,22,13,132052,s:40~l:59~t:132052,portland-fire,Portland,Fire,POR,Portland Fire,Fire,cee5eb,000000,https://a.espncdn.com/i/teamlogos/wnba/500/por.png,97
401857091,2026,2,2026-07-22,2026-07-23T02:00:00Z,132052,s:40~l:59~t:132052,portland-fire,Portland,Fire,POR,Portland Fire,Fire,cee5eb,000000,https://a.espncdn.com/i/teamlogos/wnba/500/por.png,home,97,FALSE,24,2,19,9,57,37,65,1,21,76,13,17,8,7,25,3,48,6,0,2,38,10,26,22,2,11,10,11,3,s:40~l:59~t:3,dallas-wings,Dallas,Wings,DAL,Dallas Wings,Wings,002b5c,c4d600,https://a.espncdn.com/i/teamlogos/wnba/500/dal.png,101
401857083,2026,2,2026-07-20,2026-07-21T00:00:00Z,17,s:40~l:59~t:17,las-vegas-aces,Las Vegas,Aces,LV,Las Vegas Aces,Aces,a7a8aa,000000,https://a.espncdn.com/i/teamlogos/wnba/500/lv.png,away,109,TRUE,29,7,27,14,58,45,78,0,12,83,5,6,28,7,87,4,54,6,0,1,37,14,38,31,1,7,7,7,131935,s:40~l:59~t:131935,toronto-tempo,Toronto,Tempo,TOR,Toronto Tempo,Tempo,33476D,7B1B38,https://a.espncdn.com/i/teamlogos/wnba/500/tor.png,83
401857083,2026,2,2026-07-20,2026-07-21T00:00:00Z,131935,s:40~l:59~t:131935,toronto-tempo,Toronto,Tempo,TOR,Toronto Tempo,Tempo,33476D,7B1B38,https://a.espncdn.com/i/teamlogos/wnba/500/tor.png,home,83,FALSE,19,1,27,3,39,29,74,0,13,89,17,19,5,7,10,13,36,6,3,1,26,8,31,40,1,14,20,11,17,s:40~l:59~t:17,las-vegas-aces,Las Vegas,Aces,LV,Las Vegas Aces,Aces,a7a8aa,000000,https://a.espncdn.com/i/teamlogos/wnba/500/lv.png,109
401892393,2026,2,2026-07-20,2026-07-21T00:00:00Z,9,s:40~l:59~t:9,new-york-liberty,New York,Liberty,NY,New York Liberty,Liberty,86cebc,000000,https://a.espncdn.com/i/teamlogos/wnba/500/ny.png,away,99,TRUE,17,6,31,7,42,35,84,0,17,87,20,23,7,14,41,17,44,3,2,1,28,9,32,48,1,8,9,6,3,s:40~l:59~t:3,dallas-wings,Dallas,Wings,DAL,Dallas Wings,Wings,002b5c,c4d600,https://a.espncdn.com/i/teamlogos/wnba/500/dal.png,98
401892393,2026,2,2026-07-20,2026-07-21T00:00:00Z,3,s:40~l:59~t:3,dallas-wings,Dallas,Wings,DAL,Dallas Wings,Wings,002b5c,c4d600,https://a.espncdn.com/i/teamlogos/wnba/500/dal.png,home,98,FALSE,27,7,27,16,47,36,76,0,26,79,15,19,12,14,47,7,32,1,1,1,52,11,21,34,1,8,7,7,9,s:40~l:59~t:9,new-york-liberty,New York,Liberty,NY,New York Liberty,Liberty,86cebc,000000,https://a.espncdn.com/i/teamlogos/wnba/500/ny.png,99
401857084,2026,2,2026-07-20,2026-07-21T02:00:00Z,16,s:40~l:59~t:16,washington-mystics,Washington,Mystics,WSH,Washington Mystics,Mystics,e03a3e,002b5c,https://a.espncdn.com/i/teamlogos/wnba/500/wsh.png,away,90,TRUE,25,5,29,8,52,32,61,0,14,81,17,21,10,15,41,6,40,4,1,1,43,9,21,35,1,17,19,16,129689,s:40~l:59~t:129689,golden-state-valkyries,Golden State,Valkyries,GS,Golden State Valkyries,Valkyries,b38fcf,000000,https://a.espncdn.com/i/teamlogos/wnba/500/gs.png,82
401857084,2026,2,2026-07-20,2026-07-21T02:00:00Z,129689,s:40~l:59~t:129689,golden-state-valkyries,Golden State,Valkyries,GS,Golden State Valkyries,Valkyries,b38fcf,000000,https://a.espncdn.com/i/teamlogos/wnba/500/gs.png,home,82,FALSE,21,4,16,5,43,31,72,0,15,73,8,11,9,15,45,7,32,10,1,0,36,12,33,23,0,9,14,8,16,s:40~l:59~t:16,washington-mystics,Washington,Mystics,WSH,Washington Mystics,Mystics,e03a3e,002b5c,https://a.espncdn.com/i/teamlogos/wnba/500/wsh.png,90
401857085,2026,2,2026-07-20,2026-07-21T02:00:00Z,8,s:40~l:59~t:8,minnesota-lynx,Minnesota,Lynx,MIN,Minnesota Lynx,Lynx,266092,79bc43,https://a.espncdn.com/i/teamlogos/wnba/500/min.png,away,105,TRUE,20,2,24,20,49,37,76,2,18,95,21,22,11,14,70,11,42,10,0,0,42,10,24,35,0,9,13,9,14,s:40~l:59~t:14,seattle-storm,Seattle,Storm,SEA,Seattle Storm,Storm,2c5235,fee11a,https://a.espncdn.com/i/teamlogos/wnba/500/sea.png,102
401857085,2026,2,2026-07-20,2026-07-21T02:00:00Z,14,s:40~l:59~t:14,seattle-storm,Seattle,Storm,SEA,Seattle Storm,Storm,2c5235,fee11a,https://a.espncdn.com/i/teamlogos/wnba/500/sea.png,home,102,FALSE,23,4,22,7,50,35,70,0,15,86,19,22,4,14,19,10,38,4,0,0,46,13,28,32,0,15,21,15,8,s:40~l:59~t:8,minnesota-lynx,Minnesota,Lynx,MIN,Minnesota Lynx,Lynx,266092,79bc43,https://a.espncdn.com/i/teamlogos/wnba/500/min.png,105
401857080,2026,2,2026-07-19,2026-07-19T17:00:00Z,6,s:40~l:59~t:6,los-angeles-sparks,Los Angeles,Sparks,LA,Los Angeles Sparks,Sparks,552583,fdb927,https://a.espncdn.com/i/teamlogos/wnba/500/la.png,away,82,FALSE,23,6,25,4,49,33,68,1,23,91,10,11,4,9,8,5,50,9,0,0,29,6,21,30,0,13,14,13,3,s:40~l:59~t:3,dallas-wings,Dallas,Wings,DAL,Dallas Wings,Wings,002b5c,c4d600,https://a.espncdn.com/i/teamlogos/wnba/500/dal.png,90
401857080,2026,2,2026-07-19,2026-07-19T17:00:00Z,3,s:40~l:59~t:3,dallas-wings,Dallas,Wings,DAL,Dallas Wings,Wings,002b5c,c4d600,https://a.espncdn.com/i/teamlogos/wnba/500/dal.png,home,90,TRUE,21,2,24,6,49,34,69,0,21,79,15,19,11,9,90,10,44,8,1,0,37,7,19,34,0,17,19,16,6,s:40~l:59~t:6,los-angeles-sparks,Los Angeles,Sparks,LA,Los Angeles Sparks,Sparks,552583,fdb927,https://a.espncdn.com/i/teamlogos/wnba/500/la.png,82
401857081,2026,2,2026-07-19,2026-07-19T20:00:00Z,19,s:40~l:59~t:19,chicago-sky,Chicago,Sky,CHI,Chicago Sky,Sky,5091cd,ffd520,https://a.espncdn.com/i/teamlogos/wnba/500/chi.png,away,91,FALSE,18,4,23,13,52,35,67,0,20,71,15,21,4,8,10,4,58,9,0,1,29,6,21,27,1,11,12,11,20,s:40~l:59~t:20,atlanta-dream,Atlanta,Dream,ATL,Atlanta Dream,Dream,e31837,5091cc,https://a.espncdn.com/i/teamlogos/wnba/500/atl.png,93
401857081,2026,2,2026-07-19,2026-07-19T20:00:00Z,20,s:40~l:59~t:20,atlanta-dream,Atlanta,Dream,ATL,Atlanta Dream,Dream,e31837,5091cc,https://a.espncdn.com/i/teamlogos/wnba/500/atl.png,home,93,TRUE,24,5,26,11,42,31,74,0,19,85,23,27,22,8,85,13,46,5,1,1,29,8,28,39,1,12,12,11,19,s:40~l:59~t:19,chicago-sky,Chicago,Sky,CHI,Chicago Sky,Sky,5091cd,ffd520,https://a.espncdn.com/i/teamlogos/wnba/500/chi.png,91
401857082,2026,2,2026-07-19,2026-07-19T23:00:00Z,18,s:40~l:59~t:18,connecticut-sun,Connecticut,Sun,CON,Connecticut Sun,Sun,f05023,0a2240,https://a.espncdn.com/i/teamlogos/wnba/500/con.png,away,63,FALSE,13,4,26,3,38,22,58,0,25,79,15,19,2,9,6,9,34,6,0,0,29,4,14,35,0,21,22,21,11,s:40~l:59~t:11,phoenix-mercury,Phoenix,Mercury,PHX,Phoenix Mercury,Mercury,3c286e,fa4b0a,https://a.espncdn.com/i/teamlogos/wnba/500/phx.png,72
401857082,2026,2,2026-07-19,2026-07-19T23:00:00Z,11,s:40~l:59~t:11,phoenix-mercury,Phoenix,Mercury,PHX,Phoenix Mercury,Mercury,3c286e,fa4b0a,https://a.espncdn.com/i/teamlogos/wnba/500/phx.png,home,72,TRUE,19,3,24,12,41,26,63,0,17,78,18,23,10,9,81,8,44,11,0,0,13,2,15,32,0,14,9,14,18,s:40~l:59~t:18,connecticut-sun,Connecticut,Sun,CON,Connecticut Sun,Sun,f05023,0a2240,https://a.espncdn.com/i/teamlogos/wnba/500/con.png,63
401857077,2026,2,2026-07-18,2026-07-19T00:00:00Z,9,s:40~l:59~t:9,new-york-liberty,New York,Liberty,NY,New York Liberty,Liberty,86cebc,000000,https://a.espncdn.com/i/teamlogos/wnba/500/ny.png,away,88,FALSE,19,6,20,3,45,30,67,1,24,60,15,25,13,3,59,7,32,8,2,0,41,13,32,27,0,17,30,15,5,s:40~l:59~t:5,indiana-fever,Indiana,Fever,IND,Indiana Fever,Fever,002d62,e03a3e,https://a.espncdn.com/i/teamlogos/wnba/500/ind.png,108
401857077,2026,2,2026-07-18,2026-07-19T00:00:00Z,5,s:40~l:59~t:5,indiana-fever,Indiana,Fever,IND,Indiana Fever,Fever,002d62,e03a3e,https://a.espncdn.com/i/teamlogos/wnba/500/ind.png,home,108,TRUE,22,5,24,18,54,37,69,0,24,74,20,27,25,3,40,8,38,7,1,1,50,14,28,32,1,17,17,16,9,s:40~l:59~t:9,new-york-liberty,New York,Liberty,NY,New York Liberty,Liberty,86cebc,000000,https://a.espncdn.com/i/teamlogos/wnba/500/ny.png,88
401857078,2026,2,2026-07-18,2026-07-19T00:00:00Z,132052,s:40~l:59~t:132052,portland-fire,Portland,Fire,POR,Portland Fire,Fire,cee5eb,000000,https://a.espncdn.com/i/teamlogos/wnba/500/por.png,away,93,FALSE,25,2,24,9,48,37,77,0,16,86,6,7,0,0,0,9,46,7,1,0,43,13,30,33,0,11,15,10,8,s:40~l:59~t:8,minnesota-lynx,Minnesota,Lynx,MIN,Minnesota Lynx,Lynx,266092,79bc43,https://a.espncdn.com/i/teamlogos/wnba/500/min.png,101
401857078,2026,2,2026-07-18,2026-07-19T00:00:00Z,8,s:40~l:59~t:8,minnesota-lynx,Minnesota,Lynx,MIN,Minnesota Lynx,Lynx,266092,79bc43,https://a.espncdn.com/i/teamlogos/wnba/500/min.png,home,101,TRUE,29,9,26,18,55,41,75,0,9,77,10,13,19,0,96,8,54,6,0,0,39,9,23,34,0,10,10,10,132052,s:40~l:59~t:132052,portland-fire,Portland,Fire,POR,Portland Fire,Fire,cee5eb,000000,https://a.espncdn.com/i/teamlogos/wnba/500/por.png,93
401857079,2026,2,2026-07-18,2026-07-19T00:30:00Z,16,s:40~l:59~t:16,washington-mystics,Washington,Mystics,WSH,Washington Mystics,Mystics,e03a3e,002b5c,https://a.espncdn.com/i/teamlogos/wnba/500/wsh.png,away,69,FALSE,18,5,26,2,45,27,60,0,17,82,9,11,8,10,51,11,40,5,2,0,26,6,23,37,0,14,22,12,129689,s:40~l:59~t:129689,golden-state-valkyries,Golden State,Valkyries,GS,Golden State Valkyries,Valkyries,b38fcf,000000,https://a.espncdn.com/i/teamlogos/wnba/500/gs.png,74
401857079,2026,2,2026-07-18,2026-07-19T00:30:00Z,129689,s:40~l:59~t:129689,golden-state-valkyries,Golden State,Valkyries,GS,Golden State Valkyries,Valkyries,b38fcf,000000,https://a.espncdn.com/i/teamlogos/wnba/500/gs.png,home,74,TRUE,21,2,18,4,41,24,59,0,16,70,14,20,9,10,43,8,16,8,0,0,36,12,33,26,0,8,8,8,16,s:40~l:59~t:16,washington-mystics,Washington,Mystics,WSH,Washington Mystics,Mystics,e03a3e,002b5c,https://a.espncdn.com/i/teamlogos/wnba/500/wsh.png,69
401857073,2026,2,2026-07-17,2026-07-17T23:30:00Z,14,s:40~l:59~t:14,seattle-storm,Seattle,Storm,SEA,Seattle Storm,Storm,2c5235,fee11a,https://a.espncdn.com/i/teamlogos/wnba/500/sea.png,away,107,FALSE,27,3,22,11,57,43,76,0,24,72,13,18,8,5,32,13,66,8,1,0,38,8,21,35,0,18,22,17,5,s:40~l:59~t:5,indiana-fever,Indiana,Fever,IND,Indiana Fever,Fever,002d62,e03a3e,https://a.espncdn.com/i/teamlogos/wnba/500/ind.png,110
401857073,2026,2,2026-07-17,2026-07-17T23:30:00Z,5,s:40~l:59~t:5,indiana-fever,Indiana,Fever,IND,Indiana Fever,Fever,002d62,e03a3e,https://a.espncdn.com/i/teamlogos/wnba/500/ind.png,home,110,TRUE,21,3,13,6,50,36,72,0,17,90,28,31,17,5,66,13,44,12,1,1,43,10,23,26,1,13,18,12,14,s:40~l:59~t:14,seattle-storm,Seattle,Storm,SEA,Seattle Storm,Storm,2c5235,fee11a,https://a.espncdn.com/i/teamlogos/wnba/500/sea.png,107
401857074,2026,2,2026-07-17,2026-07-17T23:30:00Z,20,s:40~l:59~t:20,atlanta-dream,Atlanta,Dream,ATL,Atlanta Dream,Dream,e31837,5091cc,https://a.espncdn.com/i/teamlogos/wnba/500/atl.png,away,111,TRUE,28,1,17,11,55,39,71,0,26,86,24,28,19,7,66,11,60,11,0,1,32,9,28,28,1,10,22,10,131935,s:40~l:59~t:131935,toronto-tempo,Toronto,Tempo,TOR,Toronto Tempo,Tempo,33476D,7B1B38,https://a.espncdn.com/i/teamlogos/wnba/500/tor.png,92
401857074,2026,2,2026-07-17,2026-07-17T23:30:00Z,131935,s:40~l:59~t:131935,toronto-tempo,Toronto,Tempo,TOR,Toronto Tempo,Tempo,33476D,7B1B38,https://a.espncdn.com/i/teamlogos/wnba/500/tor.png,home,92,FALSE,19,3,18,0,54,30,56,0,23,88,22,25,7,7,28,4,38,3,0,0,48,10,21,22,0,20,29,20,20,s:40~l:59~t:20,atlanta-dream,Atlanta,Dream,ATL,Atlanta Dream,Dream,e31837,5091cc,https://a.espncdn.com/i/teamlogos/wnba/500/atl.png,111
401857075,2026,2,2026-07-17,2026-07-17T23:30:00Z,6,s:40~l:59~t:6,los-angeles-sparks,Los Angeles,Sparks,LA,Los Angeles Sparks,Sparks,552583,fdb927,https://a.espncdn.com/i/teamlogos/wnba/500/la.png,away,82,FALSE,20,5,28,10,45,29,65,0,17,78,18,23,6,5,19,6,40,4,1,0,23,6,26,34,0,18,14,17,19,s:40~l:59~t:19,chicago-sky,Chicago,Sky,CHI,Chicago Sky,Sky,5091cd,ffd520,https://a.espncdn.com/i/teamlogos/wnba/500/chi.png,96
401857075,2026,2,2026-07-17,2026-07-17T23:30:00Z,19,s:40~l:59~t:19,chicago-sky,Chicago,Sky,CHI,Chicago Sky,Sky,5091cd,ffd520,https://a.espncdn.com/i/teamlogos/wnba/500/chi.png,home,96,TRUE,27,3,26,11,46,37,80,0,22,69,11,16,16,5,75,8,42,5,0,1,34,11,32,34,1,9,15,9,6,s:40~l:59~t:6,los-angeles-sparks,Los Angeles,Sparks,LA,Los Angeles Sparks,Sparks,552583,fdb927,https://a.espncdn.com/i/teamlogos/wnba/500/la.png,82
401857076,2026,2,2026-07-17,2026-07-18T02:00:00Z,18,s:40~l:59~t:18,connecticut-sun,Connecticut,Sun,CON,Connecticut Sun,Sun,f05023,0a2240,https://a.espncdn.com/i/teamlogos/wnba/500/con.png,away,96,TRUE,24,5,27,19,52,36,69,0,21,78,18,23,20,0,99,7,46,7,0,1,30,6,20,34,1,11,12,11,11,s:40~l:59~t:11,phoenix-mercury,Phoenix,Mercury,PHX,Phoenix Mercury,Mercury,3c286e,fa4b0a,https://a.espncdn.com/i/teamlogos/wnba/500/phx.png,83
401857076,2026,2,2026-07-17,2026-07-18T02:00:00Z,11,s:40~l:59~t:11,phoenix-mercury,Phoenix,Mercury,PHX,Phoenix Mercury,Mercury,3c286e,fa4b0a,https://a.espncdn.com/i/teamlogos/wnba/500/phx.png,home,83,FALSE,18,2,23,6,46,30,65,0,18,83,19,23,0,0,0,4,48,5,2,1,27,4,15,27,1,15,25,13,18,s:40~l:59~t:18,connecticut-sun,Connecticut,Sun,CON,Connecticut Sun,Sun,f05023,0a2240,https://a.espncdn.com/i/teamlogos/wnba/500/con.png,96
401857071,2026,2,2026-07-16,2026-07-16T23:00:00Z,132052,s:40~l:59~t:132052,portland-fire,Portland,Fire,POR,Portland Fire,Fire,cee5eb,000000,https://a.espncdn.com/i/teamlogos/wnba/500/por.png,away,75,TRUE,20,2,22,2,43,29,67,0,26,78,7,9,23,1,95,8,34,10,0,0,28,10,36,30,0,11,10,11,16,s:40~l:59~t:16,washington-mystics,Washington,Mystics,WSH,Washington Mystics,Mystics,e03a3e,002b5c,https://a.espncdn.com/i/teamlogos/wnba/500/wsh.png,56
401857071,2026,2,2026-07-16,2026-07-16T23:00:00Z,16,s:40~l:59~t:16,washington-mystics,Washington,Mystics,WSH,Washington Mystics,Mystics,e03a3e,002b5c,https://a.espncdn.com/i/teamlogos/wnba/500/wsh.png,home,56,FALSE,11,4,26,1,30,19,64,0,15,70,16,23,4,1,3,19,34,4,1,0,10,2,21,45,0,20,22,19,132052,s:40~l:59~t:132052,portland-fire,Portland,Fire,POR,Portland Fire,Fire,cee5eb,000000,https://a.espncdn.com/i/teamlogos/wnba/500/por.png,75
401857068,2026,2,2026-07-15,2026-07-15T16:00:00Z,14,s:40~l:59~t:14,seattle-storm,Seattle,Storm,SEA,Seattle Storm,Storm,2c5235,fee11a,https://a.espncdn.com/i/teamlogos/wnba/500/sea.png,away,90,FALSE,24,4,29,17,46,36,78,0,18,61,14,23,2,2,1,16,56,10,0,0,16,4,25,45,0,16,20,16,19,s:40~l:59~t:19,chicago-sky,Chicago,Sky,CHI,Chicago Sky,Sky,5091cd,ffd520,https://a.espncdn.com/i/teamlogos/wnba/500/chi.png,95
401857068,2026,2,2026-07-15,2026-07-15T16:00:00Z,19,s:40~l:59~t:19,chicago-sky,Chicago,Sky,CHI,Chicago Sky,Sky,5091cd,ffd520,https://a.espncdn.com/i/teamlogos/wnba/500/chi.png,home,95,TRUE,27,4,23,6,47,35,74,0,16,74,14,19,14,2,96,6,46,11,1,0,34,11,32,29,0,14,17,13,14,s:40~l:59~t:14,seattle-storm,Seattle,Storm,SEA,Seattle Storm,Storm,2c5235,fee11a,https://a.espncdn.com/i/teamlogos/wnba/500/sea.png,90
401857069,2026,2,2026-07-15,2026-07-15T17:00:00Z,6,s:40~l:59~t:6,los-angeles-sparks,Los Angeles,Sparks,LA,Los Angeles Sparks,Sparks,552583,fdb927,https://a.espncdn.com/i/teamlogos/wnba/500/la.png,away,87,FALSE,22,1,26,9,48,31,65,0,17,84,16,19,9,7,46,5,32,6,3,1,32,9,28,31,1,20,30,17,8,s:40~l:59~t:8,minnesota-lynx,Minnesota,Lynx,MIN,Minnesota Lynx,Lynx,266092,79bc43,https://a.espncdn.com/i/teamlogos/wnba/500/min.png,96
401857069,2026,2,2026-07-15,2026-07-15T17:00:00Z,8,s:40~l:59~t:8,minnesota-lynx,Minnesota,Lynx,MIN,Minnesota Lynx,Lynx,266092,79bc43,https://a.espncdn.com/i/teamlogos/wnba/500/min.png,home,96,TRUE,21,4,18,16,50,34,68,0,17,83,20,24,13,7,49,7,34,13,1,0,32,8,25,25,0,12,14,11,6,s:40~l:59~t:6,los-angeles-sparks,Los Angeles,Sparks,LA,Los Angeles Sparks,Sparks,552583,fdb927,https://a.espncdn.com/i/teamlogos/wnba/500/la.png,87
401857070,2026,2,2026-07-15,2026-07-16T00:00:00Z,129689,s:40~l:59~t:129689,golden-state-valkyries,Golden State,Valkyries,GS,Golden State Valkyries,Valkyries,b38fcf,000000,https://a.espncdn.com/i/teamlogos/wnba/500/gs.png,away,88,TRUE,16,4,24,10,52,30,58,0,16,87,20,23,15,2,97,6,34,9,3,0,33,8,24,30,0,17,16,14,5,s:40~l:59~t:5,indiana-fever,Indiana,Fever,IND,Indiana Fever,Fever,002d62,e03a3e,https://a.espncdn.com/i/teamlogos/wnba/500/ind.png,75
401857070,2026,2,2026-07-15,2026-07-16T00:00:00Z,5,s:40~l:59~t:5,indiana-fever,Indiana,Fever,IND,Indiana Fever,Fever,002d62,e03a3e,https://a.espncdn.com/i/teamlogos/wnba/500/ind.png,home,75,FALSE,14,2,16,4,40,27,67,0,19,75,12,16,1,2,1,10,32,8,1,1,36,9,25,26,1,16,22,15,129689,s:40~l:59~t:129689,golden-state-valkyries,Golden State,Valkyries,GS,Golden State Valkyries,Valkyries,b38fcf,000000,https://a.espncdn.com/i/teamlogos/wnba/500/gs.png,88
401857066,2026,2,2026-07-14,2026-07-14T15:00:00Z,132052,s:40~l:59~t:132052,portland-fire,Portland,Fire,POR,Portland Fire,Fire,cee5eb,000000,https://a.espncdn.com/i/teamlogos/wnba/500/por.png,away,87,FALSE,19,3,20,16,48,29,60,0,14,95,20,21,4,4,7,4,36,10,1,1,35,9,26,24,1,16,11,15,18,s:40~l:59~t:18,connecticut-sun,Connecticut,Sun,CON,Connecticut Sun,Sun,f05023,0a2240,https://a.espncdn.com/i/teamlogos/wnba/500/con.png,90
401857066,2026,2,2026-07-14,2026-07-14T15:00:00Z,18,s:40~l:59~t:18,connecticut-sun,Connecticut,Sun,CON,Connecticut Sun,Sun,f05023,0a2240,https://a.espncdn.com/i/teamlogos/wnba/500/con.png,home,90,TRUE,28,4,20,4,52,35,67,0,21,85,17,20,15,4,91,11,46,11,2,0,21,3,14,31,0,16,26,14,132052,s:40~l:59~t:132052,portland-fire,Portland,Fire,POR,Portland Fire,Fire,cee5eb,000000,https://a.espncdn.com/i/teamlogos/wnba/500/por.png,87
401857067,2026,2,2026-07-14,2026-07-14T23:00:00Z,16,s:40~l:59~t:16,washington-mystics,Washington,Mystics,WSH,Washington Mystics,Mystics,e03a3e,002b5c,https://a.espncdn.com/i/teamlogos/wnba/500/wsh.png,away,79,TRUE,18,6,29,6,40,30,75,0,17,79,15,19,17,2,51,18,52,3,0,0,17,4,23,47,0,11,15,11,131935,s:40~l:59~t:131935,toronto-tempo,Toronto,Tempo,TOR,Toronto Tempo,Tempo,33476D,7B1B38,https://a.espncdn.com/i/teamlogos/wnba/500/tor.png,62
401857067,2026,2,2026-07-14,2026-07-14T23:00:00Z,131935,s:40~l:59~t:131935,toronto-tempo,Toronto,Tempo,TOR,Toronto Tempo,Tempo,33476D,7B1B38,https://a.espncdn.com/i/teamlogos/wnba/500/tor.png,home,62,FALSE,15,4,21,0,35,23,65,0,22,90,9,10,11,2,44,5,24,3,0,0,27,7,26,26,0,10,11,10,16,s:40~l:59~t:16,washington-mystics,Washington,Mystics,WSH,Washington Mystics,Mystics,e03a3e,002b5c,https://a.espncdn.com/i/teamlogos/wnba/500/wsh.png,79
401857064,2026,2,2026-07-13,2026-07-13T23:00:00Z,6,s:40~l:59~t:6,los-angeles-sparks,Los Angeles,Sparks,LA,Los Angeles Sparks,Sparks,552583,fdb927,https://a.espncdn.com/i/teamlogos/wnba/500/la.png,away,92,FALSE,18,3,19,4,52,35,67,0,23,81,13,16,3,6,9,6,48,11,0,0,38,9,24,25,0,18,21,18,20,s:40~l:59~t:20,atlanta-dream,Atlanta,Dream,ATL,Atlanta Dream,Dream,e31837,5091cc,https://a.espncdn.com/i/teamlogos/wnba/500/atl.png,101
401857064,2026,2,2026-07-13,2026-07-13T23:00:00Z,20,s:40~l:59~t:20,atlanta-dream,Atlanta,Dream,ATL,Atlanta Dream,Dream,e31837,5091cc,https://a.espncdn.com/i/teamlogos/wnba/500/atl.png,home,101,TRUE,22,1,23,16,49,36,73,0,17,87,20,23,14,6,81,12,54,11,0,0,32,9,28,35,0,17,15,17,6,s:40~l:59~t:6,los-angeles-sparks,Los Angeles,Sparks,LA,Los Angeles Sparks,Sparks,552583,fdb927,https://a.espncdn.com/i/teamlogos/wnba/500/la.png,92
401857065,2026,2,2026-07-13,2026-07-14T01:00:00Z,11,s:40~l:59~t:11,phoenix-mercury,Phoenix,Mercury,PHX,Phoenix Mercury,Mercury,3c286e,fa4b0a,https://a.espncdn.com/i/teamlogos/wnba/500/phx.png,away,100,FALSE,28,0,22,6,56,35,63,0,18,90,19,21,9,23,65,4,36,5,0,0,44,11,25,26,0,14,17,14,8,s:40~l:59~t:8,minnesota-lynx,Minnesota,Lynx,MIN,Minnesota Lynx,Lynx,266092,79bc43,https://a.espncdn.com/i/teamlogos/wnba/500/min.png,104
401857065,2026,2,2026-07-13,2026-07-14T01:00:00Z,8,s:40~l:59~t:8,minnesota-lynx,Minnesota,Lynx,MIN,Minnesota Lynx,Lynx,266092,79bc43,https://a.espncdn.com/i/teamlogos/wnba/500/min.png,home,104,TRUE,20,4,20,16,56,34,61,0,21,92,24,26,5,23,29,4,40,9,0,0,41,12,29,24,0,12,13,12,11,s:40~l:59~t:11,phoenix-mercury,Phoenix,Mercury,PHX,Phoenix Mercury,Mercury,3c286e,fa4b0a,https://a.espncdn.com/i/teamlogos/wnba/500/phx.png,100
401857060,2026,2,2026-07-12,2026-07-12T19:00:00Z,9,s:40~l:59~t:9,new-york-liberty,New York,Liberty,NY,New York Liberty,Liberty,86cebc,000000,https://a.espncdn.com/i/teamlogos/wnba/500/ny.png,away,91,FALSE,16,4,23,2,43,33,76,1,19,91,20,22,0,0,0,10,48,11,1,3,19,5,26,33,3,18,29,17,131935,s:40~l:59~t:131935,toronto-tempo,Toronto,Tempo,TOR,Toronto Tempo,Tempo,33476D,7B1B38,https://a.espncdn.com/i/teamlogos/wnba/500/tor.png,93
401857060,2026,2,2026-07-12,2026-07-12T19:00:00Z,131935,s:40~l:59~t:131935,toronto-tempo,Toronto,Tempo,TOR,Toronto Tempo,Tempo,33476D,7B1B38,https://a.espncdn.com/i/teamlogos/wnba/500/tor.png,home,93,TRUE,22,3,25,28,52,34,66,0,28,89,16,18,20,0,87,5,40,10,0,1,38,9,24,30,1,23,27,23,9,s:40~l:59~t:9,new-york-liberty,New York,Liberty,NY,New York Liberty,Liberty,86cebc,000000,https://a.espncdn.com/i/teamlogos/wnba/500/ny.png,91
401857061,2026,2,2026-07-12,2026-07-12T19:00:00Z,14,s:40~l:59~t:14,seattle-storm,Seattle,Storm,SEA,Seattle Storm,Storm,2c5235,fee11a,https://a.espncdn.com/i/teamlogos/wnba/500/sea.png,away,79,FALSE,12,4,27,15,43,30,70,0,25,78,14,18,9,11,71,16,48,12,1,0,26,5,19,43,0,20,24,19,16,s:40~l:59~t:16,washington-mystics,Washington,Mystics,WSH,Washington Mystics,Mystics,e03a3e,002b5c,https://a.espncdn.com/i/teamlogos/wnba/500/wsh.png,84
401857061,2026,2,2026-07-12,2026-07-12T19:00:00Z,16,s:40~l:59~t:16,washington-mystics,Washington,Mystics,WSH,Washington Mystics,Mystics,e03a3e,002b5c,https://a.espncdn.com/i/teamlogos/wnba/500/wsh.png,home,84,TRUE,23,3,23,2,43,31,72,0,17,74,17,23,6,11,23,9,38,10,0,0,26,5,19,32,0,15,18,15,14,s:40~l:59~t:14,seattle-storm,Seattle,Storm,SEA,Seattle Storm,Storm,2c5235,fee11a,https://a.espncdn.com/i/teamlogos/wnba/500/sea.png,79
401857062,2026,2,2026-07-12,2026-07-12T23:00:00Z,19,s:40~l:59~t:19,chicago-sky,Chicago,Sky,CHI,Chicago Sky,Sky,5091cd,ffd520,https://a.espncdn.com/i/teamlogos/wnba/500/chi.png,away,91,FALSE,16,1,30,12,48,36,75,0,16,92,12,13,10,9,53,6,54,3,1,0,32,7,22,36,0,7,11,6,3,s:40~l:59~t:3,dallas-wings,Dallas,Wings,DAL,Dallas Wings,Wings,002b5c,c4d600,https://a.espncdn.com/i/teamlogos/wnba/500/dal.png,96
401857062,2026,2,2026-07-12,2026-07-12T23:00:00Z,3,s:40~l:59~t:3,dallas-wings,Dallas,Wings,DAL,Dallas Wings,Wings,002b5c,c4d600,https://a.espncdn.com/i/teamlogos/wnba/500/dal.png,home,96,TRUE,23,3,26,13,48,36,75,0,13,79,15,19,6,9,44,7,38,4,0,0,36,9,25,33,0,5,9,5,19,s:40~l:59~t:19,chicago-sky,Chicago,Sky,CHI,Chicago Sky,Sky,5091cd,ffd520,https://a.espncdn.com/i/teamlogos/wnba/500/chi.png,91
401857063,2026,2,2026-07-12,2026-07-13T01:00:00Z,5,s:40~l:59~t:5,indiana-fever,Indiana,Fever,IND,Indiana Fever,Fever,002d62,e03a3e,https://a.espncdn.com/i/teamlogos/wnba/500/ind.png,away,109,TRUE,18,1,30,2,56,38,68,0,17,95,18,19,34,0,98,5,38,6,1,0,48,15,31,35,0,10,6,9,17,s:40~l:59~t:17,las-vegas-aces,Las Vegas,Aces,LV,Las Vegas Aces,Aces,a7a8aa,000000,https://a.espncdn.com/i/teamlogos/wnba/500/lv.png,75
401857063,2026,2,2026-07-12,2026-07-13T01:00:00Z,17,s:40~l:59~t:17,las-vegas-aces,Las Vegas,Aces,LV,Las Vegas Aces,Aces,a7a8aa,000000,https://a.espncdn.com/i/teamlogos/wnba/500/lv.png,home,75,FALSE,17,4,19,6,39,27,69,0,19,85,17,20,0,0,0,9,36,4,0,0,24,4,17,28,0,11,4,11,5,s:40~l:59~t:5,indiana-fever,Indiana,Fever,IND,Indiana Fever,Fever,002d62,e03a3e,https://a.espncdn.com/i/teamlogos/wnba/500/ind.png,109
401857057,2026,2,2026-07-11,2026-07-11T17:00:00Z,9,s:40~l:59~t:9,new-york-liberty,New York,Liberty,NY,New York Liberty,Liberty,86cebc,000000,https://a.espncdn.com/i/teamlogos/wnba/500/ny.png,away,85,FALSE,20,2,23,7,43,32,75,0,16,89,8,9,6,6,26,11,32,8,0,3,34,13,38,34,3,14,18,14,8,s:40~l:59~t:8,minnesota-lynx,Minnesota,Lynx,MIN,Minnesota Lynx,Lynx,266092,79bc43,https://a.espncdn.com/i/teamlogos/wnba/500/min.png,90
401857057,2026,2,2026-07-11,2026-07-11T17:00:00Z,8,s:40~l:59~t:8,minnesota-lynx,Minnesota,Lynx,MIN,Minnesota Lynx,Lynx,266092,79bc43,https://a.espncdn.com/i/teamlogos/wnba/500/min.png,home,90,TRUE,18,3,25,6,42,29,69,0,18,78,18,23,15,6,69,15,22,9,2,1,50,14,28,40,1,14,27,12,9,s:40~l:59~t:9,new-york-liberty,New York,Liberty,NY,New York Liberty,Liberty,86cebc,000000,https://a.espncdn.com/i/teamlogos/wnba/500/ny.png,85
401857059,2026,2,2026-07-11,2026-07-11T20:00:00Z,132052,s:40~l:59~t:132052,portland-fire,Portland,Fire,POR,Portland Fire,Fire,cee5eb,000000,https://a.espncdn.com/i/teamlogos/wnba/500/por.png,away,102,TRUE,28,4,24,5,60,36,60,0,26,84,16,19,12,14,69,2,40,7,1,0,48,14,29,26,0,17,16,16,20,s:40~l:59~t:20,atlanta-dream,Atlanta,Dream,ATL,Atlanta Dream,Dream,e31837,5091cc,https://a.espncdn.com/i/teamlogos/wnba/500/atl.png,92
401857059,2026,2,2026-07-11,2026-07-11T20:00:00Z,20,s:40~l:59~t:20,atlanta-dream,Atlanta,Dream,ATL,Atlanta Dream,Dream,e31837,5091cc,https://a.espncdn.com/i/teamlogos/wnba/500/atl.png,home,92,FALSE,25,3,20,10,44,33,75,0,23,83,20,24,7,14,19,12,52,8,0,0,20,6,30,32,0,12,19,12,132052,s:40~l:59~t:132052,portland-fire,Portland,Fire,POR,Portland Fire,Fire,cee5eb,000000,https://a.espncdn.com/i/teamlogos/wnba/500/por.png,102
401857058,2026,2,2026-07-11,2026-07-11T22:00:00Z,11,s:40~l:59~t:11,phoenix-mercury,Phoenix,Mercury,PHX,Phoenix Mercury,Mercury,3c286e,fa4b0a,https://a.espncdn.com/i/teamlogos/wnba/500/phx.png,away,58,FALSE,14,0,26,7,35,23,66,0,16,63,5,8,0,0,0,3,28,3,1,0,23,7,31,29,0,18,24,17,17,s:40~l:59~t:17,las-vegas-aces,Las Vegas,Aces,LV,Las Vegas Aces,Aces,a7a8aa,000000,https://a.espncdn.com/i/teamlogos/wnba/500/lv.png,106
401857058,2026,2,2026-07-11,2026-07-11T22:00:00Z,17,s:40~l:59~t:17,las-vegas-aces,Las Vegas,Aces,LV,Las Vegas Aces,Aces,a7a8aa,000000,https://a.espncdn.com/i/teamlogos/wnba/500/lv.png,home,106,TRUE,31,2,35,7,51,39,77,0,14,88,14,16,54,0,97,12,42,8,1,0,40,14,35,47,0,9,13,8,11,s:40~l:59~t:11,phoenix-mercury,Phoenix,Mercury,PHX,Phoenix Mercury,Mercury,3c286e,fa4b0a,https://a.espncdn.com/i/teamlogos/wnba/500/phx.png,58
401857054,2026,2,2026-07-10,2026-07-10T23:30:00Z,129689,s:40~l:59~t:129689,golden-state-valkyries,Golden State,Valkyries,GS,Golden State Valkyries,Valkyries,b38fcf,000000,https://a.espncdn.com/i/teamlogos/wnba/500/gs.png,away,79,TRUE,19,6,21,2,52,31,60,0,21,69,9,13,22,1,62,9,44,11,2,0,44,8,18,30,0,17,13,15,18,s:40~l:59~t:18,connecticut-sun,Connecticut,Sun,CON,Connecticut Sun,Sun,f05023,0a2240,https://a.espncdn.com/i/teamlogos/wnba/500/con.png,64
401857054,2026,2,2026-07-10,2026-07-10T23:30:00Z,18,s:40~l:59~t:18,connecticut-sun,Connecticut,Sun,CON,Connecticut Sun,Sun,f05023,0a2240,https://a.espncdn.com/i/teamlogos/wnba/500/con.png,home,64,FALSE,19,3,17,11,41,24,58,0,20,71,12,17,9,1,37,6,38,10,2,0,25,4,16,23,0,22,19,20,129689,s:40~l:59~t:129689,golden-state-valkyries,Golden State,Valkyries,GS,Golden State Valkyries,Valkyries,b38fcf,000000,https://a.espncdn.com/i/teamlogos/wnba/500/gs.png,79
401857055,2026,2,2026-07-10,2026-07-10T23:30:00Z,3,s:40~l:59~t:3,dallas-wings,Dallas,Wings,DAL,Dallas Wings,Wings,002b5c,c4d600,https://a.espncdn.com/i/teamlogos/wnba/500/dal.png,away,108,TRUE,22,1,21,12,53,39,74,0,17,90,19,21,13,14,25,11,32,5,1,0,44,11,25,32,0,7,7,6,131935,s:40~l:59~t:131935,toronto-tempo,Toronto,Tempo,TOR,Toronto Tempo,Tempo,33476D,7B1B38,https://a.espncdn.com/i/teamlogos/wnba/500/tor.png,95
401857055,2026,2,2026-07-10,2026-07-10T23:30:00Z,131935,s:40~l:59~t:131935,toronto-tempo,Toronto,Tempo,TOR,Toronto Tempo,Tempo,33476D,7B1B38,https://a.espncdn.com/i/teamlogos/wnba/500/tor.png,home,95,FALSE,24,2,20,9,55,35,64,0,19,79,11,14,13,14,62,4,36,3,2,0,47,14,30,24,0,14,18,12,3,s:40~l:59~t:3,dallas-wings,Dallas,Wings,DAL,Dallas Wings,Wings,002b5c,c4d600,https://a.espncdn.com/i/teamlogos/wnba/500/dal.png,108
401857056,2026,2,2026-07-10,2026-07-11T02:00:00Z,19,s:40~l:59~t:19,chicago-sky,Chicago,Sky,CHI,Chicago Sky,Sky,5091cd,ffd520,https://a.espncdn.com/i/teamlogos/wnba/500/chi.png,away,87,FALSE,21,3,28,10,44,31,71,0,20,86,19,22,4,6,10,8,50,5,0,0,24,6,25,36,0,15,25,15,6,s:40~l:59~t:6,los-angeles-sparks,Los Angeles,Sparks,LA,Los Angeles Sparks,Sparks,552583,fdb927,https://a.espncdn.com/i/teamlogos/wnba/500/la.png,102
401857056,2026,2,2026-07-10,2026-07-11T02:00:00Z,6,s:40~l:59~t:6,los-angeles-sparks,Los Angeles,Sparks,LA,Los Angeles Sparks,Sparks,552583,fdb927,https://a.espncdn.com/i/teamlogos/wnba/500/la.png,home,102,TRUE,32,4,27,14,51,39,76,0,20,67,10,15,15,6,79,5,40,11,1,0,45,14,31,32,0,12,16,11,19,s:40~l:59~t:19,chicago-sky,Chicago,Sky,CHI,Chicago Sky,Sky,5091cd,ffd520,https://a.espncdn.com/i/teamlogos/wnba/500/chi.png,87
401857051,2026,2,2026-07-09,2026-07-10T00:00:00Z,14,s:40~l:59~t:14,seattle-storm,Seattle,Storm,SEA,Seattle Storm,Storm,2c5235,fee11a,https://a.espncdn.com/i/teamlogos/wnba/500/sea.png,away,78,FALSE,21,3,29,5,45,30,66,0,20,79,15,19,5,5,6,6,54,6,2,0,15,3,20,35,0,23,28,21,20,s:40~l:59~t:20,atlanta-dream,Atlanta,Dream,ATL,Atlanta Dream,Dream,e31837,5091cc,https://a.espncdn.com/i/teamlogos/wnba/500/atl.png,89
401857051,2026,2,2026-07-09,2026-07-10T00:00:00Z,20,s:40~l:59~t:20,atlanta-dream,Atlanta,Dream,ATL,Atlanta Dream,Dream,e31837,5091cc,https://a.espncdn.com/i/teamlogos/wnba/500/atl.png,home,89,TRUE,18,4,27,18,42,30,72,0,18,88,23,26,20,5,90,10,46,14,1,1,23,6,26,37,1,16,19,15,14,s:40~l:59~t:14,seattle-storm,Seattle,Storm,SEA,Seattle Storm,Storm,2c5235,fee11a,https://a.espncdn.com/i/teamlogos/wnba/500/sea.png,78
401857052,2026,2,2026-07-09,2026-07-10T02:00:00Z,5,s:40~l:59~t:5,indiana-fever,Indiana,Fever,IND,Indiana Fever,Fever,002d62,e03a3e,https://a.espncdn.com/i/teamlogos/wnba/500/ind.png,away,92,TRUE,18,4,24,9,50,35,70,0,16,100,10,10,12,16,55,6,32,8,2,1,44,12,27,30,1,12,9,10,11,s:40~l:59~t:11,phoenix-mercury,Phoenix,Mercury,PHX,Phoenix Mercury,Mercury,3c286e,fa4b0a,https://a.espncdn.com/i/teamlogos/wnba/500/phx.png,89
401857052,2026,2,2026-07-09,2026-07-10T02:00:00Z,11,s:40~l:59~t:11,phoenix-mercury,Phoenix,Mercury,PHX,Phoenix Mercury,Mercury,3c286e,fa4b0a,https://a.espncdn.com/i/teamlogos/wnba/500/phx.png,home,89,FALSE,23,1,23,4,49,35,71,0,14,80,8,10,10,16,38,4,42,4,1,0,41,11,27,27,0,12,25,11,5,s:40~l:59~t:5,indiana-fever,Indiana,Fever,IND,Indiana Fever,Fever,002d62,e03a3e,https://a.espncdn.com/i/teamlogos/wnba/500/ind.png,92
401857053,2026,2,2026-07-09,2026-07-10T02:00:00Z,17,s:40~l:59~t:17,las-vegas-aces,Las Vegas,Aces,LV,Las Vegas Aces,Aces,a7a8aa,000000,https://a.espncdn.com/i/teamlogos/wnba/500/lv.png,away,88,TRUE,23,5,23,9,51,31,61,0,17,82,18,22,20,0,95,4,42,13,0,0,40,8,20,27,0,12,20,12,132052,s:40~l:59~t:132052,portland-fire,Portland,Fire,POR,Portland Fire,Fire,cee5eb,000000,https://a.espncdn.com/i/teamlogos/wnba/500/por.png,80
401857053,2026,2,2026-07-09,2026-07-10T02:00:00Z,132052,s:40~l:59~t:132052,portland-fire,Portland,Fire,POR,Portland Fire,Fire,cee5eb,000000,https://a.espncdn.com/i/teamlogos/wnba/500/por.png,home,80,FALSE,17,3,24,12,44,27,61,0,19,75,15,20,0,0,0,6,28,8,0,0,34,11,32,30,0,17,25,17,17,s:40~l:59~t:17,las-vegas-aces,Las Vegas,Aces,LV,Las Vegas Aces,Aces,a7a8aa,000000,https://a.espncdn.com/i/teamlogos/wnba/500/lv.png,88
401857048,2026,2,2026-07-08,2026-07-08T23:00:00Z,129689,s:40~l:59~t:129689,golden-state-valkyries,Golden State,Valkyries,GS,Golden State Valkyries,Valkyries,b38fcf,000000,https://a.espncdn.com/i/teamlogos/wnba/500/gs.png,away,83,TRUE,18,3,20,0,45,26,58,0,20,80,20,25,13,9,58,11,26,7,2,0,37,11,30,31,0,16,18,14,131935,s:40~l:59~t:131935,toronto-tempo,Toronto,Tempo,TOR,Toronto Tempo,Tempo,33476D,7B1B38,https://a.espncdn.com/i/teamlogos/wnba/500/tor.png,75
401857048,2026,2,2026-07-08,2026-07-08T23:00:00Z,131935,s:40~l:59~t:131935,toronto-tempo,Toronto,Tempo,TOR,Toronto Tempo,Tempo,33476D,7B1B38,https://a.espncdn.com/i/teamlogos/wnba/500/tor.png,home,75,FALSE,19,0,19,9,48,26,54,0,20,94,17,18,6,9,32,4,36,6,0,0,27,6,22,23,0,20,20,20,129689,s:40~l:59~t:129689,golden-state-valkyries,Golden State,Valkyries,GS,Golden State Valkyries,Valkyries,b38fcf,000000,https://a.espncdn.com/i/teamlogos/wnba/500/gs.png,83
401857049,2026,2,2026-07-08,2026-07-08T23:30:00Z,8,s:40~l:59~t:8,minnesota-lynx,Minnesota,Lynx,MIN,Minnesota Lynx,Lynx,266092,79bc43,https://a.espncdn.com/i/teamlogos/wnba/500/min.png,away,86,TRUE,21,7,24,9,47,28,60,0,20,74,20,27,7,13,35,9,32,8,0,0,45,10,22,33,0,14,13,14,18,s:40~l:59~t:18,connecticut-sun,Connecticut,Sun,CON,Connecticut Sun,Sun,f05023,0a2240,https://a.espncdn.com/i/teamlogos/wnba/500/con.png,80
401857049,2026,2,2026-07-08,2026-07-08T23:30:00Z,18,s:40~l:59~t:18,connecticut-sun,Connecticut,Sun,CON,Connecticut Sun,Sun,f05023,0a2240,https://a.espncdn.com/i/teamlogos/wnba/500/con.png,home,80,FALSE,20,7,26,7,40,26,65,0,20,81,22,27,8,13,51,10,36,9,0,0,26,6,23,36,0,18,16,18,8,s:40~l:59~t:8,minnesota-lynx,Minnesota,Lynx,MIN,Minnesota Lynx,Lynx,266092,79bc43,https://a.espncdn.com/i/teamlogos/wnba/500/min.png,86
401857050,2026,2,2026-07-08,2026-07-09T02:00:00Z,5,s:40~l:59~t:5,indiana-fever,Indiana,Fever,IND,Indiana Fever,Fever,002d62,e03a3e,https://a.espncdn.com/i/teamlogos/wnba/500/ind.png,away,92,FALSE,18,5,29,4,43,33,77,0,22,71,15,21,10,3,38,12,38,8,1,0,32,11,34,41,0,17,22,16,6,s:40~l:59~t:6,los-angeles-sparks,Los Angeles,Sparks,LA,Los Angeles Sparks,Sparks,552583,fdb927,https://a.espncdn.com/i/teamlogos/wnba/500/la.png,106
401857050,2026,2,2026-07-08,2026-07-09T02:00:00Z,6,s:40~l:59~t:6,los-angeles-sparks,Los Angeles,Sparks,LA,Los Angeles Sparks,Sparks,552583,fdb927,https://a.espncdn.com/i/teamlogos/wnba/500/la.png,home,106,TRUE,25,0,30,27,51,40,79,0,18,85,17,20,14,3,60,7,60,11,1,0,45,9,20,37,0,12,8,11,5,s:40~l:59~t:5,indiana-fever,Indiana,Fever,IND,Indiana Fever,Fever,002d62,e03a3e,https://a.espncdn.com/i/teamlogos/wnba/500/ind.png,92
401857046,2026,2,2026-07-07,2026-07-08T00:00:00Z,3,s:40~l:59~t:3,dallas-wings,Dallas,Wings,DAL,Dallas Wings,Wings,002b5c,c4d600,https://a.espncdn.com/i/teamlogos/wnba/500/dal.png,away,88,TRUE,29,5,28,11,46,35,76,0,17,100,12,12,16,8,73,10,44,3,2,0,26,6,23,38,0,11,9,9,9,s:40~l:59~t:9,new-york-liberty,New York,Liberty,NY,New York Liberty,Liberty,86cebc,000000,https://a.espncdn.com/i/teamlogos/wnba/500/ny.png,77
401857046,2026,2,2026-07-07,2026-07-08T00:00:00Z,9,s:40~l:59~t:9,new-york-liberty,New York,Liberty,NY,New York Liberty,Liberty,86cebc,000000,https://a.espncdn.com/i/teamlogos/wnba/500/ny.png,home,77,FALSE,16,4,27,14,40,26,65,0,18,91,20,22,7,8,24,7,42,3,0,1,19,5,26,34,1,14,18,14,3,s:40~l:59~t:3,dallas-wings,Dallas,Wings,DAL,Dallas Wings,Wings,002b5c,c4d600,https://a.espncdn.com/i/teamlogos/wnba/500/dal.png,88
401857047,2026,2,2026-07-07,2026-07-08T02:00:00Z,19,s:40~l:59~t:19,chicago-sky,Chicago,Sky,CHI,Chicago Sky,Sky,5091cd,ffd520,https://a.espncdn.com/i/teamlogos/wnba/500/chi.png,away,77,TRUE,21,5,28,4,42,26,62,0,23,70,14,20,20,1,91,7,30,11,2,1,41,11,27,35,1,19,15,17,11,s:40~l:59~t:11,phoenix-mercury,Phoenix,Mercury,PHX,Phoenix Mercury,Mercury,3c286e,fa4b0a,https://a.espncdn.com/i/teamlogos/wnba/500/phx.png,66
401857047,2026,2,2026-07-07,2026-07-08T02:00:00Z,11,s:40~l:59~t:11,phoenix-mercury,Phoenix,Mercury,PHX,Phoenix Mercury,Mercury,3c286e,fa4b0a,https://a.espncdn.com/i/teamlogos/wnba/500/phx.png,home,66,FALSE,9,3,25,10,37,20,54,0,19,79,19,24,5,1,8,6,22,11,0,2,29,7,24,31,2,20,25,20,19,s:40~l:59~t:19,chicago-sky,Chicago,Sky,CHI,Chicago Sky,Sky,5091cd,ffd520,https://a.espncdn.com/i/teamlogos/wnba/500/chi.png,77
401857043,2026,2,2026-07-06,2026-07-06T23:30:00Z,129689,s:40~l:59~t:129689,golden-state-valkyries,Golden State,Valkyries,GS,Golden State Valkyries,Valkyries,b38fcf,000000,https://a.espncdn.com/i/teamlogos/wnba/500/gs.png,away,62,TRUE,14,5,21,8,35,26,74,0,16,100,4,4,15,3,62,9,24,10,1,0,18,6,34,30,0,6,6,5,16,s:40~l:59~t:16,washington-mystics,Washington,Mystics,WSH,Washington Mystics,Mystics,e03a3e,002b5c,https://a.espncdn.com/i/teamlogos/wnba/500/wsh.png,49
401857043,2026,2,2026-07-06,2026-07-06T23:30:00Z,16,s:40~l:59~t:16,washington-mystics,Washington,Mystics,WSH,Washington Mystics,Mystics,e03a3e,002b5c,https://a.espncdn.com/i/teamlogos/wnba/500/wsh.png,home,49,FALSE,14,3,31,4,30,18,60,0,13,67,10,15,5,3,25,10,30,1,3,0,13,3,24,41,0,17,14,14,129689,s:40~l:59~t:129689,golden-state-valkyries,Golden State,Valkyries,GS,Golden State Valkyries,Valkyries,b38fcf,000000,https://a.espncdn.com/i/teamlogos/wnba/500/gs.png,62
401857044,2026,2,2026-07-06,2026-07-07T00:00:00Z,18,s:40~l:59~t:18,connecticut-sun,Connecticut,Sun,CON,Connecticut Sun,Sun,f05023,0a2240,https://a.espncdn.com/i/teamlogos/wnba/500/con.png,away,90,TRUE,21,6,25,5,50,33,66,0,20,59,17,29,9,10,84,7,42,11,0,0,47,7,15,32,0,12,15,12,8,s:40~l:59~t:8,minnesota-lynx,Minnesota,Lynx,MIN,Minnesota Lynx,Lynx,266092,79bc43,https://a.espncdn.com/i/teamlogos/wnba/500/min.png,89
401857044,2026,2,2026-07-06,2026-07-07T00:00:00Z,8,s:40~l:59~t:8,minnesota-lynx,Minnesota,Lynx,MIN,Minnesota Lynx,Lynx,266092,79bc43,https://a.espncdn.com/i/teamlogos/wnba/500/min.png,home,89,FALSE,24,7,24,9,44,31,71,0,23,89,17,19,2,10,8,8,30,5,1,0,33,10,30,32,0,13,11,12,18,s:40~l:59~t:18,connecticut-sun,Connecticut,Sun,CON,Connecticut Sun,Sun,f05023,0a2240,https://a.espncdn.com/i/teamlogos/wnba/500/con.png,90
401857045,2026,2,2026-07-06,2026-07-07T02:00:00Z,14,s:40~l:59~t:14,seattle-storm,Seattle,Storm,SEA,Seattle Storm,Storm,2c5235,fee11a,https://a.espncdn.com/i/teamlogos/wnba/500/sea.png,away,82,TRUE,18,3,37,15,43,32,75,0,20,89,8,9,26,1,98,7,38,14,0,1,30,10,33,44,1,13,10,13,6,s:40~l:59~t:6,los-angeles-sparks,Los Angeles,Sparks,LA,Los Angeles Sparks,Sparks,552583,fdb927,https://a.espncdn.com/i/teamlogos/wnba/500/la.png,64
401857045,2026,2,2026-07-06,2026-07-07T02:00:00Z,6,s:40~l:59~t:6,los-angeles-sparks,Los Angeles,Sparks,LA,Los Angeles Sparks,Sparks,552583,fdb927,https://a.espncdn.com/i/teamlogos/wnba/500/la.png,home,64,FALSE,18,1,31,4,34,22,65,0,13,75,15,20,2,1,2,4,30,7,1,0,17,5,29,35,0,19,25,18,14,s:40~l:59~t:14,seattle-storm,Seattle,Storm,SEA,Seattle Storm,Storm,2c5235,fee11a,https://a.espncdn.com/i/teamlogos/wnba/500/sea.png,82
401857041,2026,2,2026-07-05,2026-07-05T19:00:00Z,3,s:40~l:59~t:3,dallas-wings,Dallas,Wings,DAL,Dallas Wings,Wings,002b5c,c4d600,https://a.espncdn.com/i/teamlogos/wnba/500/dal.png,away,89,TRUE,16,6,26,15,44,33,75,0,22,93,13,14,20,0,99,16,38,7,0,0,36,10,28,42,0,11,16,11,131935,s:40~l:59~t:131935,toronto-tempo,Toronto,Tempo,TOR,Toronto Tempo,Tempo,33476D,7B1B38,https://a.espncdn.com/i/teamlogos/wnba/500/tor.png,76
401857041,2026,2,2026-07-05,2026-07-05T19:00:00Z,131935,s:40~l:59~t:131935,toronto-tempo,Toronto,Tempo,TOR,Toronto Tempo,Tempo,33476D,7B1B38,https://a.espncdn.com/i/teamlogos/wnba/500/tor.png,home,76,FALSE,16,3,22,19,39,28,72,0,14,71,10,14,0,0,0,13,32,5,1,1,34,10,29,35,1,14,23,13,3,s:40~l:59~t:3,dallas-wings,Dallas,Wings,DAL,Dallas Wings,Wings,002b5c,c4d600,https://a.espncdn.com/i/teamlogos/wnba/500/dal.png,89
401857042,2026,2,2026-07-05,2026-07-05T23:00:00Z,5,s:40~l:59~t:5,indiana-fever,Indiana,Fever,IND,Indiana Fever,Fever,002d62,e03a3e,https://a.espncdn.com/i/teamlogos/wnba/500/ind.png,away,84,TRUE,18,3,26,4,43,30,70,0,20,75,15,20,18,12,76,13,32,5,0,0,39,9,23,39,0,7,8,7,17,s:40~l:59~t:17,las-vegas-aces,Las Vegas,Aces,LV,Las Vegas Aces,Aces,a7a8aa,000000,https://a.espncdn.com/i/teamlogos/wnba/500/lv.png,68
401857042,2026,2,2026-07-05,2026-07-05T23:00:00Z,17,s:40~l:59~t:17,las-vegas-aces,Las Vegas,Aces,LV,Las Vegas Aces,Aces,a7a8aa,000000,https://a.espncdn.com/i/teamlogos/wnba/500/lv.png,home,68,FALSE,14,1,24,4,40,22,55,0,17,80,20,25,5,12,18,6,32,5,0,0,21,4,19,30,0,13,13,13,5,s:40~l:59~t:5,indiana-fever,Indiana,Fever,IND,Indiana Fever,Fever,002d62,e03a3e,https://a.espncdn.com/i/teamlogos/wnba/500/ind.png,84
401857039,2026,2,2026-07-04,2026-07-04T17:00:00Z,129689,s:40~l:59~t:129689,golden-state-valkyries,Golden State,Valkyries,GS,Golden State Valkyries,Valkyries,b38fcf,000000,https://a.espncdn.com/i/teamlogos/wnba/500/gs.png,away,88,TRUE,19,4,22,9,46,31,67,1,28,76,13,17,10,22,51,8,34,15,1,1,38,13,34,30,1,15,13,14,20,s:40~l:59~t:20,atlanta-dream,Atlanta,Dream,ATL,Atlanta Dream,Dream,e31837,5091cc,https://a.espncdn.com/i/teamlogos/wnba/500/atl.png,83
401857039,2026,2,2026-07-04,2026-07-04T17:00:00Z,20,s:40~l:59~t:20,atlanta-dream,Atlanta,Dream,ATL,Atlanta Dream,Dream,e31837,5091cc,https://a.espncdn.com/i/teamlogos/wnba/500/atl.png,home,83,FALSE,18,1,25,10,39,26,66,0,20,70,23,33,5,22,32,12,36,6,0,1,31,8,26,37,1,17,23,17,129689,s:40~l:59~t:129689,golden-state-valkyries,Golden State,Valkyries,GS,Golden State Valkyries,Valkyries,b38fcf,000000,https://a.espncdn.com/i/teamlogos/wnba/500/gs.png,88
401857040,2026,2,2026-07-04,2026-07-05T01:00:00Z,132052,s:40~l:59~t:132052,portland-fire,Portland,Fire,POR,Portland Fire,Fire,cee5eb,000000,https://a.espncdn.com/i/teamlogos/wnba/500/por.png,away,77,TRUE,17,3,37,8,37,25,68,0,19,92,23,25,9,11,55,10,38,9,1,0,16,4,25,47,0,20,21,19,14,s:40~l:59~t:14,seattle-storm,Seattle,Storm,SEA,Seattle Storm,Storm,2c5235,fee11a,https://a.espncdn.com/i/teamlogos/wnba/500/sea.png,72
401857040,2026,2,2026-07-04,2026-07-05T01:00:00Z,14,s:40~l:59~t:14,seattle-storm,Seattle,Storm,SEA,Seattle Storm,Storm,2c5235,fee11a,https://a.espncdn.com/i/teamlogos/wnba/500/sea.png,home,72,FALSE,16,3,25,12,34,24,71,0,22,89,16,18,12,11,36,6,32,14,0,0,28,8,29,31,0,14,19,14,132052,s:40~l:59~t:132052,portland-fire,Portland,Fire,POR,Portland Fire,Fire,cee5eb,000000,https://a.espncdn.com/i/teamlogos/wnba/500/por.png,77
401857037,2026,2,2026-07-03,2026-07-03T23:30:00Z,8,s:40~l:59~t:8,minnesota-lynx,Minnesota,Lynx,MIN,Minnesota Lynx,Lynx,266092,79bc43,https://a.espncdn.com/i/teamlogos/wnba/500/min.png,away,86,FALSE,22,1,15,2,40,34,85,0,15,89,8,9,2,7,4,16,46,8,0,0,32,10,31,31,0,8,10,8,9,s:40~l:59~t:9,new-york-liberty,New York,Liberty,NY,New York Liberty,Liberty,86cebc,000000,https://a.espncdn.com/i/teamlogos/wnba/500/ny.png,99
401857037,2026,2,2026-07-03,2026-07-03T23:30:00Z,9,s:40~l:59~t:9,new-york-liberty,New York,Liberty,NY,New York Liberty,Liberty,86cebc,000000,https://a.espncdn.com/i/teamlogos/wnba/500/ny.png,home,99,TRUE,26,6,27,10,58,36,62,0,13,94,17,18,17,7,91,7,52,8,2,0,40,10,25,34,0,17,17,15,8,s:40~l:59~t:8,minnesota-lynx,Minnesota,Lynx,MIN,Minnesota Lynx,Lynx,266092,79bc43,https://a.espncdn.com/i/teamlogos/wnba/500/min.png,86
401857038,2026,2,2026-07-03,2026-07-04T02:00:00Z,19,s:40~l:59~t:19,chicago-sky,Chicago,Sky,CHI,Chicago Sky,Sky,5091cd,ffd520,https://a.espncdn.com/i/teamlogos/wnba/500/chi.png,away,90,FALSE,20,4,26,9,43,28,65,0,29,87,27,31,3,2,10,6,40,8,0,0,35,7,20,32,0,18,21,18,17,s:40~l:59~t:17,las-vegas-aces,Las Vegas,Aces,LV,Las Vegas Aces,Aces,a7a8aa,000000,https://a.espncdn.com/i/teamlogos/wnba/500/lv.png,98
401857038,2026,2,2026-07-03,2026-07-04T02:00:00Z,17,s:40~l:59~t:17,las-vegas-aces,Las Vegas,Aces,LV,Las Vegas Aces,Aces,a7a8aa,000000,https://a.espncdn.com/i/teamlogos/wnba/500/lv.png,home,98,TRUE,17,6,28,7,51,35,69,0,19,80,24,30,14,2,82,6,46,10,0,1,18,4,22,34,1,13,9,13,19,s:40~l:59~t:19,chicago-sky,Chicago,Sky,CHI,Chicago Sky,Sky,5091cd,ffd520,https://a.espncdn.com/i/teamlogos/wnba/500/chi.png,90
401857034,2026,2,2026-07-02,2026-07-02T23:30:00Z,20,s:40~l:59~t:20,atlanta-dream,Atlanta,Dream,ATL,Atlanta Dream,Dream,e31837,5091cc,https://a.espncdn.com/i/teamlogos/wnba/500/atl.png,away,76,FALSE,19,3,17,13,37,29,79,0,23,61,11,18,10,10,76,16,42,12,0,3,23,7,30,33,3,15,16,15,16,s:40~l:59~t:16,washington-mystics,Washington,Mystics,WSH,Washington Mystics,Mystics,e03a3e,002b5c,https://a.espncdn.com/i/teamlogos/wnba/500/wsh.png,81
401857034,2026,2,2026-07-02,2026-07-02T23:30:00Z,16,s:40~l:59~t:16,washington-mystics,Washington,Mystics,WSH,Washington Mystics,Mystics,e03a3e,002b5c,https://a.espncdn.com/i/teamlogos/wnba/500/wsh.png,home,81,TRUE,20,3,30,4,55,31,56,0,22,53,10,19,5,10,19,8,40,2,1,2,56,9,16,38,2,27,28,26,20,s:40~l:59~t:20,atlanta-dream,Atlanta,Dream,ATL,Atlanta Dream,Dream,e31837,5091cc,https://a.espncdn.com/i/teamlogos/wnba/500/atl.png,76
401857035,2026,2,2026-07-02,2026-07-03T00:00:00Z,3,s:40~l:59~t:3,dallas-wings,Dallas,Wings,DAL,Dallas Wings,Wings,002b5c,c4d600,https://a.espncdn.com/i/teamlogos/wnba/500/dal.png,away,86,TRUE,18,3,26,7,49,33,68,2,25,69,11,16,6,4,15,5,38,4,1,0,35,9,26,31,0,15,19,14,18,s:40~l:59~t:18,connecticut-sun,Connecticut,Sun,CON,Connecticut Sun,Sun,f05023,0a2240,https://a.espncdn.com/i/teamlogos/wnba/500/con.png,83
401857035,2026,2,2026-07-02,2026-07-03T00:00:00Z,18,s:40~l:59~t:18,connecticut-sun,Connecticut,Sun,CON,Connecticut Sun,Sun,f05023,0a2240,https://a.espncdn.com/i/teamlogos/wnba/500/con.png,home,83,FALSE,16,4,23,3,45,29,64,0,23,63,22,35,14,4,80,11,42,7,0,0,33,3,9,34,0,14,18,14,3,s:40~l:59~t:3,dallas-wings,Dallas,Wings,DAL,Dallas Wings,Wings,002b5c,c4d600,https://a.espncdn.com/i/teamlogos/wnba/500/dal.png,86
401857036,2026,2,2026-07-02,2026-07-03T02:00:00Z,14,s:40~l:59~t:14,seattle-storm,Seattle,Storm,SEA,Seattle Storm,Storm,2c5235,fee11a,https://a.espncdn.com/i/teamlogos/wnba/500/sea.png,away,67,FALSE,19,6,24,7,42,26,62,0,17,58,7,12,2,1,1,5,28,5,0,2,32,8,25,29,2,13,20,13,11,s:40~l:59~t:11,phoenix-mercury,Phoenix,Mercury,PHX,Phoenix Mercury,Mercury,3c286e,fa4b0a,https://a.espncdn.com/i/teamlogos/wnba/500/phx.png,90
401857036,2026,2,2026-07-02,2026-07-03T02:00:00Z,11,s:40~l:59~t:11,phoenix-mercury,Phoenix,Mercury,PHX,Phoenix Mercury,Mercury,3c286e,fa4b0a,https://a.espncdn.com/i/teamlogos/wnba/500/phx.png,home,90,TRUE,23,4,27,16,45,33,73,0,13,68,13,19,26,1,97,13,40,9,1,0,42,11,26,40,0,11,15,10,14,s:40~l:59~t:14,seattle-storm,Seattle,Storm,SEA,Seattle Storm,Storm,2c5235,fee11a,https://a.espncdn.com/i/teamlogos/wnba/500/sea.png,67
401857321,2026,2,2026-06-30,2026-06-30T23:00:00Z,17,s:40~l:59~t:17,las-vegas-aces,Las Vegas,Aces,LV,Las Vegas Aces,Aces,a7a8aa,000000,https://a.espncdn.com/i/teamlogos/wnba/500/lv.png,away,85,FALSE,21,0,20,15,43,34,79,0,24,79,11,14,2,2,1,10,46,8,0,0,23,6,26,30,0,9,8,9,9,s:40~l:59~t:9,new-york-liberty,New York,Liberty,NY,New York Liberty,Liberty,86cebc,000000,https://a.espncdn.com/i/teamlogos/wnba/500/ny.png,93
401857321,2026,2,2026-06-30,2026-06-30T23:00:00Z,9,s:40~l:59~t:9,new-york-liberty,New York,Liberty,NY,New York Liberty,Liberty,86cebc,000000,https://a.espncdn.com/i/teamlogos/wnba/500/ny.png,home,93,TRUE,18,5,32,11,47,31,66,0,19,83,24,29,17,2,95,10,46,6,0,0,28,7,25,42,0,13,19,13,17,s:40~l:59~t:17,las-vegas-aces,Las Vegas,Aces,LV,Las Vegas Aces,Aces,a7a8aa,000000,https://a.espncdn.com/i/teamlogos/wnba/500/lv.png,85
401857030,2026,2,2026-06-28,2026-06-28T18:00:00Z,8,s:40~l:59~t:8,minnesota-lynx,Minnesota,Lynx,MIN,Minnesota Lynx,Lynx,266092,79bc43,https://a.espncdn.com/i/teamlogos/wnba/500/min.png,away,85,TRUE,19,5,27,2,43,31,72,0,15,82,14,17,23,1,98,9,38,9,0,1,39,9,23,36,1,10,19,10,3,s:40~l:59~t:3,dallas-wings,Dallas,Wings,DAL,Dallas Wings,Wings,002b5c,c4d600,https://a.espncdn.com/i/teamlogos/wnba/500/dal.png,77
401857030,2026,2,2026-06-28,2026-06-28T18:00:00Z,3,s:40~l:59~t:3,dallas-wings,Dallas,Wings,DAL,Dallas Wings,Wings,002b5c,c4d600,https://a.espncdn.com/i/teamlogos/wnba/500/dal.png,home,77,FALSE,13,3,27,12,38,28,74,1,15,93,14,15,2,1,1,11,28,7,1,0,30,7,23,38,0,16,14,15,8,s:40~l:59~t:8,minnesota-lynx,Minnesota,Lynx,MIN,Minnesota Lynx,Lynx,266092,79bc43,https://a.espncdn.com/i/teamlogos/wnba/500/min.png,85
401857031,2026,2,2026-06-28,2026-06-28T19:00:00Z,132052,s:40~l:59~t:132052,portland-fire,Portland,Fire,POR,Portland Fire,Fire,cee5eb,000000,https://a.espncdn.com/i/teamlogos/wnba/500/por.png,away,123,FALSE,29,8,32,22,45,45,101,0,39,90,19,21,9,12,52,12,60,12,2,0,36,14,39,44,0,24,32,22,16,s:40~l:59~t:16,washington-mystics,Washington,Mystics,WSH,Washington Mystics,Mystics,e03a3e,002b5c,https://a.espncdn.com/i/teamlogos/wnba/500/wsh.png,124
401857031,2026,2,2026-06-28,2026-06-28T19:00:00Z,16,s:40~l:59~t:16,washington-mystics,Washington,Mystics,WSH,Washington Mystics,Mystics,e03a3e,002b5c,https://a.espncdn.com/i/teamlogos/wnba/500/wsh.png,home,124,TRUE,32,9,33,16,43,42,98,0,23,73,30,41,12,12,26,12,64,10,2,0,34,10,29,45,0,19,25,17,132052,s:40~l:59~t:132052,portland-fire,Portland,Fire,POR,Portland Fire,Fire,cee5eb,000000,https://a.espncdn.com/i/teamlogos/wnba/500/por.png,123
401857032,2026,2,2026-06-28,2026-06-28T20:00:00Z,17,s:40~l:59~t:17,las-vegas-aces,Las Vegas,Aces,LV,Las Vegas Aces,Aces,a7a8aa,000000,https://a.espncdn.com/i/teamlogos/wnba/500/lv.png,away,107,TRUE,20,4,26,13,52,33,63,0,21,84,31,37,18,15,80,6,38,9,0,0,40,10,25,32,0,11,13,11,19,s:40~l:59~t:19,chicago-sky,Chicago,Sky,CHI,Chicago Sky,Sky,5091cd,ffd520,https://a.espncdn.com/i/teamlogos/wnba/500/chi.png,99
401857032,2026,2,2026-06-28,2026-06-28T20:00:00Z,19,s:40~l:59~t:19,chicago-sky,Chicago,Sky,CHI,Chicago Sky,Sky,5091cd,ffd520,https://a.espncdn.com/i/teamlogos/wnba/500/chi.png,home,99,FALSE,27,1,25,3,46,37,80,0,26,64,16,25,5,15,12,11,54,8,0,1,38,9,24,36,1,11,18,11,17,s:40~l:59~t:17,las-vegas-aces,Las Vegas,Aces,LV,Las Vegas Aces,Aces,a7a8aa,000000,https://a.espncdn.com/i/teamlogos/wnba/500/lv.png,107
401857033,2026,2,2026-06-28,2026-06-28T23:00:00Z,9,s:40~l:59~t:9,new-york-liberty,New York,Liberty,NY,New York Liberty,Liberty,86cebc,000000,https://a.espncdn.com/i/teamlogos/wnba/500/ny.png,away,67,FALSE,14,2,20,6,40,21,52,0,21,76,16,21,0,0,0,4,22,5,1,2,36,9,25,24,2,12,15,11,129689,s:40~l:59~t:129689,golden-state-valkyries,Golden State,Valkyries,GS,Golden State Valkyries,Valkyries,b38fcf,000000,https://a.espncdn.com/i/teamlogos/wnba/500/gs.png,76
401857033,2026,2,2026-06-28,2026-06-28T23:00:00Z,129689,s:40~l:59~t:129689,golden-state-valkyries,Golden State,Valkyries,GS,Golden State Valkyries,Valkyries,b38fcf,000000,https://a.espncdn.com/i/teamlogos/wnba/500/gs.png,home,76,TRUE,20,2,23,8,43,28,65,0,24,72,13,18,22,0,98,7,30,5,0,0,25,7,28,30,0,8,6,8,9,s:40~l:59~t:9,new-york-liberty,New York,Liberty,NY,New York Liberty,Liberty,86cebc,000000,https://a.espncdn.com/i/teamlogos/wnba/500/ny.png,67
401857027,2026,2,2026-06-27,2026-06-27T18:00:00Z,11,s:40~l:59~t:11,phoenix-mercury,Phoenix,Mercury,PHX,Phoenix Mercury,Mercury,3c286e,fa4b0a,https://a.espncdn.com/i/teamlogos/wnba/500/phx.png,away,89,TRUE,16,2,25,17,43,29,67,0,16,72,21,29,9,11,37,7,38,10,1,1,37,10,27,32,1,9,8,8,131935,s:40~l:59~t:131935,toronto-tempo,Toronto,Tempo,TOR,Toronto Tempo,Tempo,33476D,7B1B38,https://a.espncdn.com/i/teamlogos/wnba/500/tor.png,80
401857027,2026,2,2026-06-27,2026-06-27T18:00:00Z,131935,s:40~l:59~t:131935,toronto-tempo,Toronto,Tempo,TOR,Toronto Tempo,Tempo,33476D,7B1B38,https://a.espncdn.com/i/teamlogos/wnba/500/tor.png,home,80,FALSE,26,2,31,10,46,31,67,0,24,50,6,12,8,11,46,4,34,4,0,0,40,12,30,35,0,12,13,12,11,s:40~l:59~t:11,phoenix-mercury,Phoenix,Mercury,PHX,Phoenix Mercury,Mercury,3c286e,fa4b0a,https://a.espncdn.com/i/teamlogos/wnba/500/phx.png,89
401857028,2026,2,2026-06-27,2026-06-28T00:00:00Z,6,s:40~l:59~t:6,los-angeles-sparks,Los Angeles,Sparks,LA,Los Angeles Sparks,Sparks,552583,fdb927,https://a.espncdn.com/i/teamlogos/wnba/500/la.png,away,87,FALSE,21,4,20,8,43,33,77,0,23,81,17,21,2,1,1,5,48,4,1,0,20,4,20,25,0,10,6,9,5,s:40~l:59~t:5,indiana-fever,Indiana,Fever,IND,Indiana Fever,Fever,002d62,e03a3e,https://a.espncdn.com/i/teamlogos/wnba/500/ind.png,111
401857028,2026,2,2026-06-27,2026-06-28T00:00:00Z,5,s:40~l:59~t:5,indiana-fever,Indiana,Fever,IND,Indiana Fever,Fever,002d62,e03a3e,https://a.espncdn.com/i/teamlogos/wnba/500/ind.png,home,111,TRUE,23,6,32,20,55,37,67,0,24,82,27,33,35,1,97,9,52,6,0,1,53,10,19,41,1,12,19,12,6,s:40~l:59~t:6,los-angeles-sparks,Los Angeles,Sparks,LA,Los Angeles Sparks,Sparks,552583,fdb927,https://a.espncdn.com/i/teamlogos/wnba/500/la.png,87
401857029,2026,2,2026-06-27,2026-06-28T01:00:00Z,20,s:40~l:59~t:20,atlanta-dream,Atlanta,Dream,ATL,Atlanta Dream,Dream,e31837,5091cc,https://a.espncdn.com/i/teamlogos/wnba/500/atl.png,away,90,FALSE,22,0,20,8,43,30,70,0,18,88,23,26,0,0,0,6,46,7,0,0,24,7,29,26,0,13,8,13,14,s:40~l:59~t:14,seattle-storm,Seattle,Storm,SEA,Seattle Storm,Storm,2c5235,fee11a,https://a.espncdn.com/i/teamlogos/wnba/500/sea.png,105
401857029,2026,2,2026-06-27,2026-06-28T01:00:00Z,14,s:40~l:59~t:14,seattle-storm,Seattle,Storm,SEA,Seattle Storm,Storm,2c5235,fee11a,https://a.espncdn.com/i/teamlogos/wnba/500/sea.png,home,105,TRUE,27,4,26,4,60,38,63,0,21,75,15,20,17,0,99,8,44,5,1,1,61,14,23,34,1,18,16,17,20,s:40~l:59~t:20,atlanta-dream,Atlanta,Dream,ATL,Atlanta Dream,Dream,e31837,5091cc,https://a.espncdn.com/i/teamlogos/wnba/500/atl.png,90
401857024,2026,2,2026-06-26,2026-06-26T23:30:00Z,16,s:40~l:59~t:16,washington-mystics,Washington,Mystics,WSH,Washington Mystics,Mystics,e03a3e,002b5c,https://a.espncdn.com/i/teamlogos/wnba/500/wsh.png,away,57,FALSE,16,4,33,0,35,19,55,0,15,56,14,25,5,5,27,12,24,3,1,0,28,5,18,45,0,22,22,21,18,s:40~l:59~t:18,connecticut-sun,Connecticut,Sun,CON,Connecticut Sun,Sun,f05023,0a2240,https://a.espncdn.com/i/teamlogos/wnba/500/con.png,68
401857024,2026,2,2026-06-26,2026-06-26T23:30:00Z,18,s:40~l:59~t:18,connecticut-sun,Connecticut,Sun,CON,Connecticut Sun,Sun,f05023,0a2240,https://a.espncdn.com/i/teamlogos/wnba/500/con.png,home,68,TRUE,18,6,22,13,41,28,68,0,20,70,7,10,12,5,70,5,40,12,1,0,42,5,12,27,0,10,5,9,16,s:40~l:59~t:16,washington-mystics,Washington,Mystics,WSH,Washington Mystics,Mystics,e03a3e,002b5c,https://a.espncdn.com/i/teamlogos/wnba/500/wsh.png,57
401857025,2026,2,2026-06-26,2026-06-26T23:30:00Z,132052,s:40~l:59~t:132052,portland-fire,Portland,Fire,POR,Portland Fire,Fire,cee5eb,000000,https://a.espncdn.com/i/teamlogos/wnba/500/por.png,away,94,FALSE,19,4,13,10,41,32,79,0,23,78,21,27,3,1,3,11,46,10,0,0,30,9,30,24,0,9,11,9,19,s:40~l:59~t:19,chicago-sky,Chicago,Sky,CHI,Chicago Sky,Sky,5091cd,ffd520,https://a.espncdn.com/i/teamlogos/wnba/500/chi.png,124
401857025,2026,2,2026-06-26,2026-06-26T23:30:00Z,19,s:40~l:59~t:19,chicago-sky,Chicago,Sky,CHI,Chicago Sky,Sky,5091cd,ffd520,https://a.espncdn.com/i/teamlogos/wnba/500/chi.png,home,124,TRUE,38,9,26,11,66,45,68,0,19,79,19,24,32,1,96,6,56,2,0,2,54,15,28,32,2,14,13,14,132052,s:40~l:59~t:132052,portland-fire,Portland,Fire,POR,Portland Fire,Fire,cee5eb,000000,https://a.espncdn.com/i/teamlogos/wnba/500/por.png,94
401857026,2026,2,2026-06-26,2026-06-27T02:00:00Z,20,s:40~l:59~t:20,atlanta-dream,Atlanta,Dream,ATL,Atlanta Dream,Dream,e31837,5091cc,https://a.espncdn.com/i/teamlogos/wnba/500/atl.png,away,75,FALSE,10,4,20,17,34,23,67,0,21,85,23,27,6,14,55,7,34,14,0,0,30,6,20,27,0,14,7,14,129689,s:40~l:59~t:129689,golden-state-valkyries,Golden State,Valkyries,GS,Golden State Valkyries,Valkyries,b38fcf,000000,https://a.espncdn.com/i/teamlogos/wnba/500/gs.png,78
401857026,2026,2,2026-06-26,2026-06-27T02:00:00Z,129689,s:40~l:59~t:129689,golden-state-valkyries,Golden State,Valkyries,GS,Golden State Valkyries,Valkyries,b38fcf,000000,https://a.espncdn.com/i/teamlogos/wnba/500/gs.png,home,78,TRUE,14,9,26,6,44,27,62,0,22,76,19,25,6,14,26,6,38,6,0,0,23,5,22,32,0,18,20,18,20,s:40~l:59~t:20,atlanta-dream,Atlanta,Dream,ATL,Atlanta Dream,Dream,e31837,5091cc,https://a.espncdn.com/i/teamlogos/wnba/500/atl.png,75
401857021,2026,2,2026-06-25,2026-06-25T23:00:00Z,6,s:40~l:59~t:6,los-angeles-sparks,Los Angeles,Sparks,LA,Los Angeles Sparks,Sparks,552583,fdb927,https://a.espncdn.com/i/teamlogos/wnba/500/la.png,away,97,FALSE,20,2,22,13,43,33,77,0,23,77,20,26,0,0,0,8,36,7,0,0,29,11,38,30,0,8,12,8,131935,s:40~l:59~t:131935,toronto-tempo,Toronto,Tempo,TOR,Toronto Tempo,Tempo,33476D,7B1B38,https://a.espncdn.com/i/teamlogos/wnba/500/tor.png,125
401857021,2026,2,2026-06-25,2026-06-25T23:00:00Z,131935,s:40~l:59~t:131935,toronto-tempo,Toronto,Tempo,TOR,Toronto Tempo,Tempo,33476D,7B1B38,https://a.espncdn.com/i/teamlogos/wnba/500/tor.png,home,125,TRUE,26,4,37,20,51,41,80,0,23,85,23,27,35,0,99,15,38,5,0,0,48,20,42,52,0,10,10,10,6,s:40~l:59~t:6,los-angeles-sparks,Los Angeles,Sparks,LA,Los Angeles Sparks,Sparks,552583,fdb927,https://a.espncdn.com/i/teamlogos/wnba/500/la.png,97
401857022,2026,2,2026-06-25,2026-06-26T02:00:00Z,3,s:40~l:59~t:3,dallas-wings,Dallas,Wings,DAL,Dallas Wings,Wings,002b5c,c4d600,https://a.espncdn.com/i/teamlogos/wnba/500/dal.png,away,84,FALSE,18,2,21,8,49,34,70,0,25,88,14,16,2,1,2,3,52,7,1,0,10,2,21,24,0,13,20,12,17,s:40~l:59~t:17,las-vegas-aces,Las Vegas,Aces,LV,Las Vegas Aces,Aces,a7a8aa,000000,https://a.espncdn.com/i/teamlogos/wnba/500/lv.png,99
401857022,2026,2,2026-06-25,2026-06-26T02:00:00Z,17,s:40~l:59~t:17,las-vegas-aces,Las Vegas,Aces,LV,Las Vegas Aces,Aces,a7a8aa,000000,https://a.espncdn.com/i/teamlogos/wnba/500/lv.png,home,99,TRUE,20,2,28,16,53,32,60,0,20,82,27,33,20,1,94,7,40,5,1,0,44,8,18,35,0,16,14,15,3,s:40~l:59~t:3,dallas-wings,Dallas,Wings,DAL,Dallas Wings,Wings,002b5c,c4d600,https://a.espncdn.com/i/teamlogos/wnba/500/dal.png,84
401857023,2026,2,2026-06-25,2026-06-26T02:00:00Z,9,s:40~l:59~t:9,new-york-liberty,New York,Liberty,NY,New York Liberty,Liberty,86cebc,000000,https://a.espncdn.com/i/teamlogos/wnba/500/ny.png,away,88,FALSE,21,3,21,4,45,32,71,0,15,70,14,20,4,5,6,7,42,9,3,0,28,10,36,28,0,16,15,13,14,s:40~l:59~t:14,seattle-storm,Seattle,Storm,SEA,Seattle Storm,Storm,2c5235,fee11a,https://a.espncdn.com/i/teamlogos/wnba/500/sea.png,99
401857023,2026,2,2026-06-25,2026-06-26T02:00:00Z,14,s:40~l:59~t:14,seattle-storm,Seattle,Storm,SEA,Seattle Storm,Storm,2c5235,fee11a,https://a.espncdn.com/i/teamlogos/wnba/500/sea.png,home,99,TRUE,18,3,26,21,52,39,75,0,21,80,12,15,16,5,92,13,54,8,1,0,32,9,28,39,0,16,13,15,9,s:40~l:59~t:9,new-york-liberty,New York,Liberty,NY,New York Liberty,Liberty,86cebc,000000,https://a.espncdn.com/i/teamlogos/wnba/500/ny.png,88
401857017,2026,2,2026-06-24,2026-06-24T23:30:00Z,11,s:40~l:59~t:11,phoenix-mercury,Phoenix,Mercury,PHX,Phoenix Mercury,Mercury,3c286e,fa4b0a,https://a.espncdn.com/i/teamlogos/wnba/500/phx.png,away,111,TRUE,21,3,20,17,59,39,66,0,19,79,26,33,6,13,23,6,52,8,3,1,35,7,20,26,1,13,10,10,5,s:40~l:59~t:5,indiana-fever,Indiana,Fever,IND,Indiana Fever,Fever,002d62,e03a3e,https://a.espncdn.com/i/teamlogos/wnba/500/ind.png,109
401857017,2026,2,2026-06-24,2026-06-24T23:30:00Z,5,s:40~l:59~t:5,indiana-fever,Indiana,Fever,IND,Indiana Fever,Fever,002d62,e03a3e,https://a.espncdn.com/i/teamlogos/wnba/500/ind.png,home,109,FALSE,30,1,21,4,59,39,66,1,29,95,18,19,8,13,70,5,48,6,0,0,48,13,27,26,0,16,23,16,11,s:40~l:59~t:11,phoenix-mercury,Phoenix,Mercury,PHX,Phoenix Mercury,Mercury,3c286e,fa4b0a,https://a.espncdn.com/i/teamlogos/wnba/500/phx.png,111
401857018,2026,2,2026-06-24,2026-06-24T23:30:00Z,8,s:40~l:59~t:8,minnesota-lynx,Minnesota,Lynx,MIN,Minnesota Lynx,Lynx,266092,79bc43,https://a.espncdn.com/i/teamlogos/wnba/500/min.png,away,78,TRUE,19,6,30,11,38,27,71,0,25,73,16,22,4,7,21,7,34,7,0,1,27,8,30,37,1,13,16,13,16,s:40~l:59~t:16,washington-mystics,Washington,Mystics,WSH,Washington Mystics,Mystics,e03a3e,002b5c,https://a.espncdn.com/i/teamlogos/wnba/500/wsh.png,76
401857018,2026,2,2026-06-24,2026-06-24T23:30:00Z,16,s:40~l:59~t:16,washington-mystics,Washington,Mystics,WSH,Washington Mystics,Mystics,e03a3e,002b5c,https://a.espncdn.com/i/teamlogos/wnba/500/wsh.png,home,76,FALSE,17,2,34,8,43,26,61,0,22,70,19,27,12,7,74,6,38,4,1,0,31,5,16,40,0,18,13,17,8,s:40~l:59~t:8,minnesota-lynx,Minnesota,Lynx,MIN,Minnesota Lynx,Lynx,266092,79bc43,https://a.espncdn.com/i/teamlogos/wnba/500/min.png,78
401857019,2026,2,2026-06-24,2026-06-25T00:00:00Z,132052,s:40~l:59~t:132052,portland-fire,Portland,Fire,POR,Portland Fire,Fire,cee5eb,000000,https://a.espncdn.com/i/teamlogos/wnba/500/por.png,away,78,FALSE,20,5,21,0,38,26,69,1,23,80,16,20,6,7,14,8,30,7,1,0,40,10,25,29,0,12,17,11,19,s:40~l:59~t:19,chicago-sky,Chicago,Sky,CHI,Chicago Sky,Sky,5091cd,ffd520,https://a.espncdn.com/i/teamlogos/wnba/500/chi.png,101
401857019,2026,2,2026-06-24,2026-06-25T00:00:00Z,19,s:40~l:59~t:19,chicago-sky,Chicago,Sky,CHI,Chicago Sky,Sky,5091cd,ffd520,https://a.espncdn.com/i/teamlogos/wnba/500/chi.png,home,101,TRUE,27,6,26,13,52,36,69,0,18,79,23,29,27,7,77,12,56,6,2,0,32,6,19,38,0,14,9,12,132052,s:40~l:59~t:132052,portland-fire,Portland,Fire,POR,Portland Fire,Fire,cee5eb,000000,https://a.espncdn.com/i/teamlogos/wnba/500/por.png,78
401857020,2026,2,2026-06-24,2026-06-25T02:00:00Z,20,s:40~l:59~t:20,atlanta-dream,Atlanta,Dream,ATL,Atlanta Dream,Dream,e31837,5091cc,https://a.espncdn.com/i/teamlogos/wnba/500/atl.png,away,66,FALSE,16,3,22,18,39,25,64,0,16,55,12,22,4,3,10,12,42,6,2,0,22,4,18,34,0,13,12,11,129689,s:40~l:59~t:129689,golden-state-valkyries,Golden State,Valkyries,GS,Golden State Valkyries,Valkyries,b38fcf,000000,https://a.espncdn.com/i/teamlogos/wnba/500/gs.png,77
401857020,2026,2,2026-06-24,2026-06-25T02:00:00Z,129689,s:40~l:59~t:129689,golden-state-valkyries,Golden State,Valkyries,GS,Golden State Valkyries,Valkyries,b38fcf,000000,https://a.espncdn.com/i/teamlogos/wnba/500/gs.png,home,77,TRUE,20,7,26,6,45,27,60,0,20,67,8,12,26,3,87,6,22,5,5,0,47,15,32,32,0,17,11,12,20,s:40~l:59~t:20,atlanta-dream,Atlanta,Dream,ATL,Atlanta Dream,Dream,e31837,5091cc,https://a.espncdn.com/i/teamlogos/wnba/500/atl.png,66
401857016,2026,2,2026-06-23,2026-06-24T02:00:00Z,9,s:40~l:59~t:9,new-york-liberty,New York,Liberty,NY,New York Liberty,Liberty,86cebc,000000,https://a.espncdn.com/i/teamlogos/wnba/500/ny.png,away,87,TRUE,19,5,29,2,46,30,65,0,12,88,14,16,19,1,94,5,30,3,1,1,42,13,31,34,1,12,19,11,17,s:40~l:59~t:17,las-vegas-aces,Las Vegas,Aces,LV,Las Vegas Aces,Aces,a7a8aa,000000,https://a.espncdn.com/i/teamlogos/wnba/500/lv.png,76
401857016,2026,2,2026-06-23,2026-06-24T02:00:00Z,17,s:40~l:59~t:17,las-vegas-aces,Las Vegas,Aces,LV,Las Vegas Aces,Aces,a7a8aa,000000,https://a.espncdn.com/i/teamlogos/wnba/500/lv.png,home,76,FALSE,23,4,27,14,43,31,72,0,14,75,6,8,2,1,2,5,32,9,1,0,30,8,27,32,0,8,10,7,9,s:40~l:59~t:9,new-york-liberty,New York,Liberty,NY,New York Liberty,Liberty,86cebc,000000,https://a.espncdn.com/i/teamlogos/wnba/500/ny.png,87
401857012,2026,2,2026-06-22,2026-06-22T23:00:00Z,19,s:40~l:59~t:19,chicago-sky,Chicago,Sky,CHI,Chicago Sky,Sky,5091cd,ffd520,https://a.espncdn.com/i/teamlogos/wnba/500/chi.png,away,63,FALSE,10,2,17,0,23,17,73,0,21,78,25,32,3,2,7,11,24,6,1,0,13,4,30,28,0,14,15,13,18,s:40~l:59~t:18,connecticut-sun,Connecticut,Sun,CON,Connecticut Sun,Sun,f05023,0a2240,https://a.espncdn.com/i/teamlogos/wnba/500/con.png,92
401857012,2026,2,2026-06-22,2026-06-22T23:00:00Z,18,s:40~l:59~t:18,connecticut-sun,Connecticut,Sun,CON,Connecticut Sun,Sun,f05023,0a2240,https://a.espncdn.com/i/teamlogos/wnba/500/con.png,home,92,TRUE,21,9,39,14,51,34,67,0,29,77,20,26,33,2,80,10,52,10,1,1,31,4,13,49,1,17,15,16,19,s:40~l:59~t:19,chicago-sky,Chicago,Sky,CHI,Chicago Sky,Sky,5091cd,ffd520,https://a.espncdn.com/i/teamlogos/wnba/500/chi.png,63
401857013,2026,2,2026-06-22,2026-06-22T23:30:00Z,131935,s:40~l:59~t:131935,toronto-tempo,Toronto,Tempo,TOR,Toronto Tempo,Tempo,33476D,7B1B38,https://a.espncdn.com/i/teamlogos/wnba/500/tor.png,away,87,FALSE,22,6,26,16,45,28,62,0,23,79,22,28,0,0,0,5,38,8,0,0,32,9,28,31,0,17,22,17,20,s:40~l:59~t:20,atlanta-dream,Atlanta,Dream,ATL,Atlanta Dream,Dream,e31837,5091cc,https://a.espncdn.com/i/teamlogos/wnba/500/atl.png,94
401857013,2026,2,2026-06-22,2026-06-22T23:30:00Z,20,s:40~l:59~t:20,atlanta-dream,Atlanta,Dream,ATL,Atlanta Dream,Dream,e31837,5091cc,https://a.espncdn.com/i/teamlogos/wnba/500/atl.png,home,94,TRUE,23,1,23,14,44,34,78,0,26,81,17,21,23,0,99,9,50,8,1,1,31,9,29,32,1,12,17,11,131935,s:40~l:59~t:131935,toronto-tempo,Toronto,Tempo,TOR,Toronto Tempo,Tempo,33476D,7B1B38,https://a.espncdn.com/i/teamlogos/wnba/500/tor.png,87
401857014,2026,2,2026-06-22,2026-06-23T00:00:00Z,11,s:40~l:59~t:11,phoenix-mercury,Phoenix,Mercury,PHX,Phoenix Mercury,Mercury,3c286e,fa4b0a,https://a.espncdn.com/i/teamlogos/wnba/500/phx.png,away,77,FALSE,19,2,21,14,41,28,68,0,25,76,16,21,16,4,39,8,40,5,1,2,20,5,25,29,2,13,19,12,5,s:40~l:59~t:5,indiana-fever,Indiana,Fever,IND,Indiana Fever,Fever,002d62,e03a3e,https://a.espncdn.com/i/teamlogos/wnba/500/ind.png,86
401857014,2026,2,2026-06-22,2026-06-23T00:00:00Z,5,s:40~l:59~t:5,indiana-fever,Indiana,Fever,IND,Indiana Fever,Fever,002d62,e03a3e,https://a.espncdn.com/i/teamlogos/wnba/500/ind.png,home,86,TRUE,15,2,27,10,42,27,64,0,23,76,22,29,21,4,55,12,26,6,1,4,29,10,34,39,4,15,17,14,11,s:40~l:59~t:11,phoenix-mercury,Phoenix,Mercury,PHX,Phoenix Mercury,Mercury,3c286e,fa4b0a,https://a.espncdn.com/i/teamlogos/wnba/500/phx.png,77
401857015,2026,2,2026-06-22,2026-06-23T02:00:00Z,3,s:40~l:59~t:3,dallas-wings,Dallas,Wings,DAL,Dallas Wings,Wings,002b5c,c4d600,https://a.espncdn.com/i/teamlogos/wnba/500/dal.png,away,112,TRUE,30,2,25,23,54,48,89,0,14,78,7,9,13,19,49,9,62,9,1,0,38,9,24,34,0,9,12,8,14,s:40~l:59~t:14,seattle-storm,Seattle,Storm,SEA,Seattle Storm,Storm,2c5235,fee11a,https://a.espncdn.com/i/teamlogos/wnba/500/sea.png,110
401857015,2026,2,2026-06-22,2026-06-23T02:00:00Z,14,s:40~l:59~t:14,seattle-storm,Seattle,Storm,SEA,Seattle Storm,Storm,2c5235,fee11a,https://a.espncdn.com/i/teamlogos/wnba/500/sea.png,home,110,FALSE,29,6,29,9,51,39,77,0,12,90,19,21,9,19,38,5,44,5,0,0,45,13,29,34,0,13,20,13,3,s:40~l:59~t:3,dallas-wings,Dallas,Wings,DAL,Dallas Wings,Wings,002b5c,c4d600,https://a.espncdn.com/i/teamlogos/wnba/500/dal.png,112
401857009,2026,2,2026-06-21,2026-06-21T20:00:00Z,129689,s:40~l:59~t:129689,golden-state-valkyries,Golden State,Valkyries,GS,Golden State Valkyries,Valkyries,b38fcf,000000,https://a.espncdn.com/i/teamlogos/wnba/500/gs.png,away,73,FALSE,10,1,20,4,42,28,67,0,15,67,12,18,4,6,9,11,28,7,0,1,17,5,30,31,1,10,17,10,17,s:40~l:59~t:17,las-vegas-aces,Las Vegas,Aces,LV,Las Vegas Aces,Aces,a7a8aa,000000,https://a.espncdn.com/i/teamlogos/wnba/500/lv.png,92
401857009,2026,2,2026-06-21,2026-06-21T20:00:00Z,17,s:40~l:59~t:17,las-vegas-aces,Las Vegas,Aces,LV,Las Vegas Aces,Aces,a7a8aa,000000,https://a.espncdn.com/i/teamlogos/wnba/500/lv.png,home,92,TRUE,21,3,23,6,62,36,58,0,18,90,9,10,28,6,88,2,46,5,0,1,46,11,24,25,1,11,13,11,129689,s:40~l:59~t:129689,golden-state-valkyries,Golden State,Valkyries,GS,Golden State Valkyries,Valkyries,b38fcf,000000,https://a.espncdn.com/i/teamlogos/wnba/500/gs.png,73
401857010,2026,2,2026-06-21,2026-06-21T22:00:00Z,16,s:40~l:59~t:16,washington-mystics,Washington,Mystics,WSH,Washington Mystics,Mystics,e03a3e,002b5c,https://a.espncdn.com/i/teamlogos/wnba/500/wsh.png,away,84,TRUE,20,3,25,0,46,28,61,0,16,72,21,29,6,11,6,8,42,7,2,0,37,7,19,33,0,18,26,16,8,s:40~l:59~t:8,minnesota-lynx,Minnesota,Lynx,MIN,Minnesota Lynx,Lynx,266092,79bc43,https://a.espncdn.com/i/teamlogos/wnba/500/min.png,79
401857010,2026,2,2026-06-21,2026-06-21T22:00:00Z,8,s:40~l:59~t:8,minnesota-lynx,Minnesota,Lynx,MIN,Minnesota Lynx,Lynx,266092,79bc43,https://a.espncdn.com/i/teamlogos/wnba/500/min.png,home,79,FALSE,18,7,20,8,44,31,71,0,25,93,13,14,10,11,78,7,44,11,2,0,19,4,21,27,0,14,22,12,16,s:40~l:59~t:16,washington-mystics,Washington,Mystics,WSH,Washington Mystics,Mystics,e03a3e,002b5c,https://a.espncdn.com/i/teamlogos/wnba/500/wsh.png,84
401857011,2026,2,2026-06-21,2026-06-22T00:00:00Z,9,s:40~l:59~t:9,new-york-liberty,New York,Liberty,NY,New York Liberty,Liberty,86cebc,000000,https://a.espncdn.com/i/teamlogos/wnba/500/ny.png,away,97,FALSE,23,3,29,10,49,34,69,0,21,84,16,19,17,5,87,9,42,7,1,0,36,13,36,38,0,17,14,16,6,s:40~l:59~t:6,los-angeles-sparks,Los Angeles,Sparks,LA,Los Angeles Sparks,Sparks,552583,fdb927,https://a.espncdn.com/i/teamlogos/wnba/500/la.png,98
401857011,2026,2,2026-06-21,2026-06-22T00:00:00Z,6,s:40~l:59~t:6,los-angeles-sparks,Los Angeles,Sparks,LA,Los Angeles Sparks,Sparks,552583,fdb927,https://a.espncdn.com/i/teamlogos/wnba/500/la.png,home,98,TRUE,28,2,19,12,52,40,77,0,20,75,9,12,3,5,6,7,60,5,0,0,33,9,27,26,0,9,13,9,9,s:40~l:59~t:9,new-york-liberty,New York,Liberty,NY,New York Liberty,Liberty,86cebc,000000,https://a.espncdn.com/i/teamlogos/wnba/500/ny.png,97
401857006,2026,2,2026-06-20,2026-06-20T17:00:00Z,5,s:40~l:59~t:5,indiana-fever,Indiana,Fever,IND,Indiana Fever,Fever,002d62,e03a3e,https://a.espncdn.com/i/teamlogos/wnba/500/ind.png,away,96,FALSE,20,3,26,2,49,33,67,0,29,81,17,21,11,8,52,4,34,1,0,2,43,13,30,30,2,19,18,19,20,s:40~l:59~t:20,atlanta-dream,Atlanta,Dream,ATL,Atlanta Dream,Dream,e31837,5091cc,https://a.espncdn.com/i/teamlogos/wnba/500/atl.png,113
401857006,2026,2,2026-06-20,2026-06-20T17:00:00Z,20,s:40~l:59~t:20,atlanta-dream,Atlanta,Dream,ATL,Atlanta Dream,Dream,e31837,5091cc,https://a.espncdn.com/i/teamlogos/wnba/500/atl.png,home,113,TRUE,25,5,23,20,50,40,80,1,24,68,21,31,22,8,46,12,54,10,1,1,46,12,26,35,1,9,15,8,5,s:40~l:59~t:5,indiana-fever,Indiana,Fever,IND,Indiana Fever,Fever,002d62,e03a3e,https://a.espncdn.com/i/teamlogos/wnba/500/ind.png,96
401857007,2026,2,2026-06-20,2026-06-20T19:07:00Z,14,s:40~l:59~t:14,seattle-storm,Seattle,Storm,SEA,Seattle Storm,Storm,2c5235,fee11a,https://a.espncdn.com/i/teamlogos/wnba/500/sea.png,away,73,FALSE,17,2,20,4,36,25,70,0,24,88,15,17,6,7,22,9,30,7,1,0,29,8,28,29,0,11,17,10,11,s:40~l:59~t:11,phoenix-mercury,Phoenix,Mercury,PHX,Phoenix Mercury,Mercury,3c286e,fa4b0a,https://a.espncdn.com/i/teamlogos/wnba/500/phx.png,93
401857007,2026,2,2026-06-20,2026-06-20T19:07:00Z,11,s:40~l:59~t:11,phoenix-mercury,Phoenix,Mercury,PHX,Phoenix Mercury,Mercury,3c286e,fa4b0a,https://a.espncdn.com/i/teamlogos/wnba/500/phx.png,home,93,TRUE,26,8,32,13,49,31,63,0,13,81,21,26,26,7,75,7,34,4,2,1,34,10,29,39,1,16,16,14,14,s:40~l:59~t:14,seattle-storm,Seattle,Storm,SEA,Seattle Storm,Storm,2c5235,fee11a,https://a.espncdn.com/i/teamlogos/wnba/500/sea.png,73
401857008,2026,2,2026-06-20,2026-06-21T00:00:00Z,19,s:40~l:59~t:19,chicago-sky,Chicago,Sky,CHI,Chicago Sky,Sky,5091cd,ffd520,https://a.espncdn.com/i/teamlogos/wnba/500/chi.png,away,92,FALSE,22,3,30,9,47,33,70,0,24,66,19,29,17,1,97,13,48,9,0,0,30,7,23,43,0,15,25,15,3,s:40~l:59~t:3,dallas-wings,Dallas,Wings,DAL,Dallas Wings,Wings,002b5c,c4d600,https://a.espncdn.com/i/teamlogos/wnba/500/dal.png,93
401857008,2026,2,2026-06-20,2026-06-21T00:00:00Z,3,s:40~l:59~t:3,dallas-wings,Dallas,Wings,DAL,Dallas Wings,Wings,002b5c,c4d600,https://a.espncdn.com/i/teamlogos/wnba/500/dal.png,home,93,TRUE,17,7,26,15,45,33,73,0,23,81,17,21,1,1,1,9,38,7,1,1,40,10,25,35,1,14,18,13,19,s:40~l:59~t:19,chicago-sky,Chicago,Sky,CHI,Chicago Sky,Sky,5091cd,ffd520,https://a.espncdn.com/i/teamlogos/wnba/500/chi.png,92
401857003,2026,2,2026-06-19,2026-06-19T23:30:00Z,131935,s:40~l:59~t:131935,toronto-tempo,Toronto,Tempo,TOR,Toronto Tempo,Tempo,33476D,7B1B38,https://a.espncdn.com/i/teamlogos/wnba/500/tor.png,away,101,TRUE,27,4,23,7,49,37,76,0,23,89,8,9,7,8,23,10,32,5,0,0,56,19,34,33,0,15,20,15,18,s:40~l:59~t:18,connecticut-sun,Connecticut,Sun,CON,Connecticut Sun,Sun,f05023,0a2240,https://a.espncdn.com/i/teamlogos/wnba/500/con.png,97
401857003,2026,2,2026-06-19,2026-06-19T23:30:00Z,18,s:40~l:59~t:18,connecticut-sun,Connecticut,Sun,CON,Connecticut Sun,Sun,f05023,0a2240,https://a.espncdn.com/i/teamlogos/wnba/500/con.png,home,97,FALSE,21,4,23,8,46,35,76,0,13,81,21,26,16,8,75,12,54,9,0,0,27,6,22,35,0,8,7,8,131935,s:40~l:59~t:131935,toronto-tempo,Toronto,Tempo,TOR,Toronto Tempo,Tempo,33476D,7B1B38,https://a.espncdn.com/i/teamlogos/wnba/500/tor.png,101
401857004,2026,2,2026-06-19,2026-06-19T23:30:00Z,16,s:40~l:59~t:16,washington-mystics,Washington,Mystics,WSH,Washington Mystics,Mystics,e03a3e,002b5c,https://a.espncdn.com/i/teamlogos/wnba/500/wsh.png,away,86,TRUE,20,2,23,12,48,30,62,0,23,69,22,32,5,12,33,8,48,9,0,0,22,4,18,31,0,11,12,11,9,s:40~l:59~t:9,new-york-liberty,New York,Liberty,NY,New York Liberty,Liberty,86cebc,000000,https://a.espncdn.com/i/teamlogos/wnba/500/ny.png,83
401857004,2026,2,2026-06-19,2026-06-19T23:30:00Z,9,s:40~l:59~t:9,new-york-liberty,New York,Liberty,NY,New York Liberty,Liberty,86cebc,000000,https://a.espncdn.com/i/teamlogos/wnba/500/ny.png,home,83,FALSE,20,6,25,8,44,29,66,0,26,75,15,20,8,12,43,5,36,5,0,0,29,10,34,30,0,14,10,14,16,s:40~l:59~t:16,washington-mystics,Washington,Mystics,WSH,Washington Mystics,Mystics,e03a3e,002b5c,https://a.espncdn.com/i/teamlogos/wnba/500/wsh.png,86
401857005,2026,2,2026-06-19,2026-06-20T02:00:00Z,8,s:40~l:59~t:8,minnesota-lynx,Minnesota,Lynx,MIN,Minnesota Lynx,Lynx,266092,79bc43,https://a.espncdn.com/i/teamlogos/wnba/500/min.png,away,81,TRUE,18,9,30,4,40,27,68,0,17,91,21,23,7,9,39,12,38,8,1,1,46,6,13,42,1,14,14,13,129689,s:40~l:59~t:129689,golden-state-valkyries,Golden State,Valkyries,GS,Golden State Valkyries,Valkyries,b38fcf,000000,https://a.espncdn.com/i/teamlogos/wnba/500/gs.png,75
401857005,2026,2,2026-06-19,2026-06-20T02:00:00Z,129689,s:40~l:59~t:129689,golden-state-valkyries,Golden State,Valkyries,GS,Golden State Valkyries,Valkyries,b38fcf,000000,https://a.espncdn.com/i/teamlogos/wnba/500/gs.png,home,75,FALSE,17,3,25,3,35,26,74,0,16,65,11,17,12,9,55,13,22,8,1,0,30,12,40,38,0,14,12,13,8,s:40~l:59~t:8,minnesota-lynx,Minnesota,Lynx,MIN,Minnesota Lynx,Lynx,266092,79bc43,https://a.espncdn.com/i/teamlogos/wnba/500/min.png,81
401857002,2026,2,2026-06-18,2026-06-18T23:30:00Z,20,s:40~l:59~t:20,atlanta-dream,Atlanta,Dream,ATL,Atlanta Dream,Dream,e31837,5091cc,https://a.espncdn.com/i/teamlogos/wnba/500/atl.png,away,108,TRUE,21,3,21,17,54,37,69,0,27,77,27,35,13,10,78,8,60,11,0,2,39,7,18,29,2,12,13,12,5,s:40~l:59~t:5,indiana-fever,Indiana,Fever,IND,Indiana Fever,Fever,002d62,e03a3e,https://a.espncdn.com/i/teamlogos/wnba/500/ind.png,101
401857002,2026,2,2026-06-18,2026-06-18T23:30:00Z,5,s:40~l:59~t:5,indiana-fever,Indiana,Fever,IND,Indiana Fever,Fever,002d62,e03a3e,https://a.espncdn.com/i/teamlogos/wnba/500/ind.png,home,101,FALSE,16,3,21,8,56,35,63,0,26,79,23,29,5,10,14,5,46,7,0,0,47,8,17,26,0,18,20,18,20,s:40~l:59~t:20,atlanta-dream,Atlanta,Dream,ATL,Atlanta Dream,Dream,e31837,5091cc,https://a.espncdn.com/i/teamlogos/wnba/500/atl.png,108
401856996,2026,2,2026-06-17,2026-06-17T23:00:00Z,16,s:40~l:59~t:16,washington-mystics,Washington,Mystics,WSH,Washington Mystics,Mystics,e03a3e,002b5c,https://a.espncdn.com/i/teamlogos/wnba/500/wsh.png,away,88,TRUE,18,1,29,6,47,26,55,0,20,97,29,30,11,8,84,4,36,2,0,0,39,7,18,33,0,13,20,13,18,s:40~l:59~t:18,connecticut-sun,Connecticut,Sun,CON,Connecticut Sun,Sun,f05023,0a2240,https://a.espncdn.com/i/teamlogos/wnba/500/con.png,81
401856996,2026,2,2026-06-17,2026-06-17T23:00:00Z,18,s:40~l:59~t:18,connecticut-sun,Connecticut,Sun,CON,Connecticut Sun,Sun,f05023,0a2240,https://a.espncdn.com/i/teamlogos/wnba/500/con.png,home,81,FALSE,16,3,19,4,46,31,68,0,25,65,15,23,4,8,8,7,48,8,0,1,20,4,20,26,1,5,5,5,16,s:40~l:59~t:16,washington-mystics,Washington,Mystics,WSH,Washington Mystics,Mystics,e03a3e,002b5c,https://a.espncdn.com/i/teamlogos/wnba/500/wsh.png,88
401856997,2026,2,2026-06-17,2026-06-18T00:00:00Z,9,s:40~l:59~t:9,new-york-liberty,New York,Liberty,NY,New York Liberty,Liberty,86cebc,000000,https://a.espncdn.com/i/teamlogos/wnba/500/ny.png,away,96,TRUE,20,5,24,8,50,33,66,0,12,91,21,23,6,15,49,10,46,7,1,0,33,9,27,34,0,14,7,13,19,s:40~l:59~t:19,chicago-sky,Chicago,Sky,CHI,Chicago Sky,Sky,5091cd,ffd520,https://a.espncdn.com/i/teamlogos/wnba/500/chi.png,95
401856997,2026,2,2026-06-17,2026-06-18T00:00:00Z,19,s:40~l:59~t:19,chicago-sky,Chicago,Sky,CHI,Chicago Sky,Sky,5091cd,ffd520,https://a.espncdn.com/i/teamlogos/wnba/500/chi.png,home,95,FALSE,23,4,21,12,49,35,71,0,22,87,13,15,15,15,42,7,42,10,1,1,52,12,23,28,1,11,10,10,9,s:40~l:59~t:9,new-york-liberty,New York,Liberty,NY,New York Liberty,Liberty,86cebc,000000,https://a.espncdn.com/i/teamlogos/wnba/500/ny.png,96
401856998,2026,2,2026-06-17,2026-06-18T02:00:00Z,3,s:40~l:59~t:3,dallas-wings,Dallas,Wings,DAL,Dallas Wings,Wings,002b5c,c4d600,https://a.espncdn.com/i/teamlogos/wnba/500/dal.png,away,80,FALSE,19,3,23,9,47,30,64,0,20,69,11,16,12,1,31,2,32,10,0,0,41,9,22,25,0,8,10,8,129689,s:40~l:59~t:129689,golden-state-valkyries,Golden State,Valkyries,GS,Golden State Valkyries,Valkyries,b38fcf,000000,https://a.espncdn.com/i/teamlogos/wnba/500/gs.png,91
401856998,2026,2,2026-06-17,2026-06-18T02:00:00Z,129689,s:40~l:59~t:129689,golden-state-valkyries,Golden State,Valkyries,GS,Golden State Valkyries,Valkyries,b38fcf,000000,https://a.espncdn.com/i/teamlogos/wnba/500/gs.png,home,91,TRUE,20,3,32,6,46,29,63,0,14,78,21,27,12,1,65,9,32,4,0,0,48,12,25,41,0,13,21,13,3,s:40~l:59~t:3,dallas-wings,Dallas,Wings,DAL,Dallas Wings,Wings,002b5c,c4d600,https://a.espncdn.com/i/teamlogos/wnba/500/dal.png,80
401856999,2026,2,2026-06-17,2026-06-18T02:00:00Z,8,s:40~l:59~t:8,minnesota-lynx,Minnesota,Lynx,MIN,Minnesota Lynx,Lynx,266092,79bc43,https://a.espncdn.com/i/teamlogos/wnba/500/min.png,away,99,TRUE,21,3,26,6,56,40,72,1,27,71,10,14,22,5,86,8,52,11,0,0,43,9,21,34,0,20,16,20,6,s:40~l:59~t:6,los-angeles-sparks,Los Angeles,Sparks,LA,Los Angeles Sparks,Sparks,552583,fdb927,https://a.espncdn.com/i/teamlogos/wnba/500/la.png,83
401856999,2026,2,2026-06-17,2026-06-18T02:00:00Z,6,s:40~l:59~t:6,los-angeles-sparks,Los Angeles,Sparks,LA,Los Angeles Sparks,Sparks,552583,fdb927,https://a.espncdn.com/i/teamlogos/wnba/500/la.png,home,83,FALSE,20,1,21,4,42,25,60,0,18,81,26,32,4,5,9,5,36,8,1,1,27,7,26,26,1,19,25,18,8,s:40~l:59~t:8,minnesota-lynx,Minnesota,Lynx,MIN,Minnesota Lynx,Lynx,266092,79bc43,https://a.espncdn.com/i/teamlogos/wnba/500/min.png,99
401857000,2026,2,2026-06-17,2026-06-18T02:00:00Z,17,s:40~l:59~t:17,las-vegas-aces,Las Vegas,Aces,LV,Las Vegas Aces,Aces,a7a8aa,000000,https://a.espncdn.com/i/teamlogos/wnba/500/lv.png,away,86,TRUE,25,6,20,18,46,31,68,0,13,76,19,25,10,12,44,9,42,18,0,0,24,5,21,29,0,9,17,9,11,s:40~l:59~t:11,phoenix-mercury,Phoenix,Mercury,PHX,Phoenix Mercury,Mercury,3c286e,fa4b0a,https://a.espncdn.com/i/teamlogos/wnba/500/phx.png,76
401857000,2026,2,2026-06-17,2026-06-18T02:00:00Z,11,s:40~l:59~t:11,phoenix-mercury,Phoenix,Mercury,PHX,Phoenix Mercury,Mercury,3c286e,fa4b0a,https://a.espncdn.com/i/teamlogos/wnba/500/phx.png,home,76,FALSE,18,2,25,14,47,27,57,0,19,93,13,14,9,12,45,5,30,5,2,1,43,9,21,30,1,22,28,20,17,s:40~l:59~t:17,las-vegas-aces,Las Vegas,Aces,LV,Las Vegas Aces,Aces,a7a8aa,000000,https://a.espncdn.com/i/teamlogos/wnba/500/lv.png,86
401857001,2026,2,2026-06-17,2026-06-18T02:00:00Z,14,s:40~l:59~t:14,seattle-storm,Seattle,Storm,SEA,Seattle Storm,Storm,2c5235,fee11a,https://a.espncdn.com/i/teamlogos/wnba/500/sea.png,away,89,FALSE,22,3,23,11,48,32,67,1,18,84,16,19,12,9,54,8,40,5,2,0,38,9,24,31,0,14,14,12,132052,s:40~l:59~t:132052,portland-fire,Portland,Fire,POR,Portland Fire,Fire,cee5eb,000000,https://a.espncdn.com/i/teamlogos/wnba/500/por.png,94
401857001,2026,2,2026-06-17,2026-06-18T02:00:00Z,132052,s:40~l:59~t:132052,portland-fire,Portland,Fire,POR,Portland Fire,Fire,cee5eb,000000,https://a.espncdn.com/i/teamlogos/wnba/500/por.png,home,94,TRUE,20,7,18,4,39,27,70,0,18,85,23,27,9,9,33,14,18,7,2,0,40,17,42,32,0,14,13,12,14,s:40~l:59~t:14,seattle-storm,Seattle,Storm,SEA,Seattle Storm,Storm,2c5235,fee11a,https://a.espncdn.com/i/teamlogos/wnba/500/sea.png,89
401856995,2026,2,2026-06-16,2026-06-16T23:00:00Z,131935,s:40~l:59~t:131935,toronto-tempo,Toronto,Tempo,TOR,Toronto Tempo,Tempo,33476D,7B1B38,https://a.espncdn.com/i/teamlogos/wnba/500/tor.png,away,91,FALSE,25,1,22,12,45,34,75,0,27,63,12,19,4,11,10,5,44,9,0,0,44,11,25,27,0,12,15,12,5,s:40~l:59~t:5,indiana-fever,Indiana,Fever,IND,Indiana Fever,Fever,002d62,e03a3e,https://a.espncdn.com/i/teamlogos/wnba/500/ind.png,113
401856995,2026,2,2026-06-16,2026-06-16T23:00:00Z,5,s:40~l:59~t:5,indiana-fever,Indiana,Fever,IND,Indiana Fever,Fever,002d62,e03a3e,https://a.espncdn.com/i/teamlogos/wnba/500/ind.png,home,113,TRUE,25,5,33,10,52,36,69,0,18,85,28,33,24,11,80,10,44,4,1,0,43,13,30,43,0,17,12,16,131935,s:40~l:59~t:131935,toronto-tempo,Toronto,Tempo,TOR,Toronto Tempo,Tempo,33476D,7B1B38,https://a.espncdn.com/i/teamlogos/wnba/500/tor.png,91
401856992,2026,2,2026-06-15,2026-06-16T00:00:00Z,17,s:40~l:59~t:17,las-vegas-aces,Las Vegas,Aces,LV,Las Vegas Aces,Aces,a7a8aa,000000,https://a.espncdn.com/i/teamlogos/wnba/500/lv.png,away,66,FALSE,24,3,24,5,40,27,68,0,18,78,7,9,0,0,0,7,40,5,0,1,24,5,21,31,1,14,18,14,3,s:40~l:59~t:3,dallas-wings,Dallas,Wings,DAL,Dallas Wings,Wings,002b5c,c4d600,https://a.espncdn.com/i/teamlogos/wnba/500/dal.png,96
401856992,2026,2,2026-06-15,2026-06-16T00:00:00Z,3,s:40~l:59~t:3,dallas-wings,Dallas,Wings,DAL,Dallas Wings,Wings,002b5c,c4d600,https://a.espncdn.com/i/teamlogos/wnba/500/dal.png,home,96,TRUE,30,3,33,12,49,35,71,0,14,76,16,21,30,0,97,8,42,10,1,1,36,10,28,41,1,8,8,7,17,s:40~l:59~t:17,las-vegas-aces,Las Vegas,Aces,LV,Las Vegas Aces,Aces,a7a8aa,000000,https://a.espncdn.com/i/teamlogos/wnba/500/lv.png,66
401856993,2026,2,2026-06-15,2026-06-16T00:00:00Z,132052,s:40~l:59~t:132052,portland-fire,Portland,Fire,POR,Portland Fire,Fire,cee5eb,000000,https://a.espncdn.com/i/teamlogos/wnba/500/por.png,away,74,FALSE,21,2,17,9,41,28,69,0,24,73,8,11,4,1,5,10,36,7,1,0,33,10,30,27,0,22,26,21,8,s:40~l:59~t:8,minnesota-lynx,Minnesota,Lynx,MIN,Minnesota Lynx,Lynx,266092,79bc43,https://a.espncdn.com/i/teamlogos/wnba/500/min.png,107
401856993,2026,2,2026-06-15,2026-06-16T00:00:00Z,8,s:40~l:59~t:8,minnesota-lynx,Minnesota,Lynx,MIN,Minnesota Lynx,Lynx,266092,79bc43,https://a.espncdn.com/i/teamlogos/wnba/500/min.png,home,107,TRUE,31,5,24,27,55,42,77,0,14,59,13,22,35,1,94,16,60,14,0,1,43,10,23,40,1,13,21,13,132052,s:40~l:59~t:132052,portland-fire,Portland,Fire,POR,Portland Fire,Fire,cee5eb,000000,https://a.espncdn.com/i/teamlogos/wnba/500/por.png,74
401856994,2026,2,2026-06-15,2026-06-16T02:00:00Z,6,s:40~l:59~t:6,los-angeles-sparks,Los Angeles,Sparks,LA,Los Angeles Sparks,Sparks,552583,fdb927,https://a.espncdn.com/i/teamlogos/wnba/500/la.png,away,58,FALSE,16,4,25,2,33,20,60,0,18,75,15,20,0,0,0,8,30,4,1,0,14,3,21,33,0,16,22,15,129689,s:40~l:59~t:129689,golden-state-valkyries,Golden State,Valkyries,GS,Golden State Valkyries,Valkyries,b38fcf,000000,https://a.espncdn.com/i/teamlogos/wnba/500/gs.png,78
401856994,2026,2,2026-06-15,2026-06-16T02:00:00Z,129689,s:40~l:59~t:129689,golden-state-valkyries,Golden State,Valkyries,GS,Golden State Valkyries,Valkyries,b38fcf,000000,https://a.espncdn.com/i/teamlogos/wnba/500/gs.png,home,78,TRUE,19,4,26,7,42,28,66,0,20,79,15,19,24,0,98,7,36,13,1,1,33,7,21,33,1,10,12,9,6,s:40~l:59~t:6,los-angeles-sparks,Los Angeles,Sparks,LA,Los Angeles Sparks,Sparks,552583,fdb927,https://a.espncdn.com/i/teamlogos/wnba/500/la.png,58
401856990,2026,2,2026-06-14,2026-06-14T19:00:00Z,16,s:40~l:59~t:16,washington-mystics,Washington,Mystics,WSH,Washington Mystics,Mystics,e03a3e,002b5c,https://a.espncdn.com/i/teamlogos/wnba/500/wsh.png,away,64,FALSE,17,3,20,6,34,24,71,0,19,56,9,16,4,3,13,12,30,6,2,0,28,7,25,32,0,18,23,16,9,s:40~l:59~t:9,new-york-liberty,New York,Liberty,NY,New York Liberty,Liberty,86cebc,000000,https://a.espncdn.com/i/teamlogos/wnba/500/ny.png,86
401856990,2026,2,2026-06-14,2026-06-14T19:00:00Z,9,s:40~l:59~t:9,new-york-liberty,New York,Liberty,NY,New York Liberty,Liberty,86cebc,000000,https://a.espncdn.com/i/teamlogos/wnba/500/ny.png,home,86,TRUE,22,10,25,7,49,28,57,0,16,86,19,22,22,3,85,5,30,9,2,0,42,11,26,30,0,19,13,17,16,s:40~l:59~t:16,washington-mystics,Washington,Mystics,WSH,Washington Mystics,Mystics,e03a3e,002b5c,https://a.espncdn.com/i/teamlogos/wnba/500/wsh.png,64
401856991,2026,2,2026-06-14,2026-06-14T19:00:00Z,20,s:40~l:59~t:20,atlanta-dream,Atlanta,Dream,ATL,Atlanta Dream,Dream,e31837,5091cc,https://a.espncdn.com/i/teamlogos/wnba/500/atl.png,away,102,TRUE,22,4,30,23,44,36,82,0,18,80,16,20,27,1,58,14,44,8,3,0,39,14,36,44,0,11,15,8,131935,s:40~l:59~t:131935,toronto-tempo,Toronto,Tempo,TOR,Toronto Tempo,Tempo,33476D,7B1B38,https://a.espncdn.com/i/teamlogos/wnba/500/tor.png,77
401856991,2026,2,2026-06-14,2026-06-14T19:00:00Z,131935,s:40~l:59~t:131935,toronto-tempo,Toronto,Tempo,TOR,Toronto Tempo,Tempo,33476D,7B1B38,https://a.espncdn.com/i/teamlogos/wnba/500/tor.png,home,77,FALSE,23,7,19,4,43,28,65,1,19,75,12,16,13,1,34,5,32,5,0,0,38,9,24,24,0,15,15,15,20,s:40~l:59~t:20,atlanta-dream,Atlanta,Dream,ATL,Atlanta Dream,Dream,e31837,5091cc,https://a.espncdn.com/i/teamlogos/wnba/500/atl.png,102
401856986,2026,2,2026-06-13,2026-06-13T22:00:00Z,5,s:40~l:59~t:5,indiana-fever,Indiana,Fever,IND,Indiana Fever,Fever,002d62,e03a3e,https://a.espncdn.com/i/teamlogos/wnba/500/ind.png,away,85,TRUE,19,5,29,3,49,30,61,0,16,68,13,19,11,9,78,9,34,4,2,2,41,12,29,38,2,19,25,17,18,s:40~l:59~t:18,connecticut-sun,Connecticut,Sun,CON,Connecticut Sun,Sun,f05023,0a2240,https://a.espncdn.com/i/teamlogos/wnba/500/con.png,75
401856986,2026,2,2026-06-13,2026-06-13T22:00:00Z,18,s:40~l:59~t:18,connecticut-sun,Connecticut,Sun,CON,Connecticut Sun,Sun,f05023,0a2240,https://a.espncdn.com/i/teamlogos/wnba/500/con.png,home,75,FALSE,24,4,17,7,43,32,75,0,22,67,6,9,6,9,15,9,36,7,0,1,29,5,17,26,1,9,14,9,5,s:40~l:59~t:5,indiana-fever,Indiana,Fever,IND,Indiana Fever,Fever,002d62,e03a3e,https://a.espncdn.com/i/teamlogos/wnba/500/ind.png,85
401856987,2026,2,2026-06-13,2026-06-14T00:00:00Z,8,s:40~l:59~t:8,minnesota-lynx,Minnesota,Lynx,MIN,Minnesota Lynx,Lynx,266092,79bc43,https://a.espncdn.com/i/teamlogos/wnba/500/min.png,away,97,FALSE,16,3,20,10,49,36,74,0,19,89,16,18,1,6,1,11,42,8,1,1,43,9,21,31,1,11,11,10,17,s:40~l:59~t:17,las-vegas-aces,Las Vegas,Aces,LV,Las Vegas Aces,Aces,a7a8aa,000000,https://a.espncdn.com/i/teamlogos/wnba/500/lv.png,100
401856987,2026,2,2026-06-13,2026-06-14T00:00:00Z,17,s:40~l:59~t:17,las-vegas-aces,Las Vegas,Aces,LV,Las Vegas Aces,Aces,a7a8aa,000000,https://a.espncdn.com/i/teamlogos/wnba/500/lv.png,home,100,TRUE,24,3,22,8,54,36,67,0,15,89,17,19,15,6,98,11,42,8,0,0,44,11,25,33,0,11,18,11,8,s:40~l:59~t:8,minnesota-lynx,Minnesota,Lynx,MIN,Minnesota Lynx,Lynx,266092,79bc43,https://a.espncdn.com/i/teamlogos/wnba/500/min.png,97
401856988,2026,2,2026-06-13,2026-06-14T00:30:00Z,3,s:40~l:59~t:3,dallas-wings,Dallas,Wings,DAL,Dallas Wings,Wings,002b5c,c4d600,https://a.espncdn.com/i/teamlogos/wnba/500/dal.png,away,83,FALSE,18,4,29,12,39,29,74,1,15,69,18,26,4,14,18,12,36,7,0,0,25,7,28,41,0,10,9,10,132052,s:40~l:59~t:132052,portland-fire,Portland,Fire,POR,Portland Fire,Fire,cee5eb,000000,https://a.espncdn.com/i/teamlogos/wnba/500/por.png,84
401856988,2026,2,2026-06-13,2026-06-14T00:30:00Z,132052,s:40~l:59~t:132052,portland-fire,Portland,Fire,POR,Portland Fire,Fire,cee5eb,000000,https://a.espncdn.com/i/teamlogos/wnba/500/por.png,home,84,TRUE,26,5,27,14,44,30,68,0,24,77,10,13,10,14,71,5,28,5,1,0,45,14,31,32,0,13,18,12,3,s:40~l:59~t:3,dallas-wings,Dallas,Wings,DAL,Dallas Wings,Wings,002b5c,c4d600,https://a.espncdn.com/i/teamlogos/wnba/500/dal.png,83
401856989,2026,2,2026-06-13,2026-06-14T02:00:00Z,6,s:40~l:59~t:6,los-angeles-sparks,Los Angeles,Sparks,LA,Los Angeles Sparks,Sparks,552583,fdb927,https://a.espncdn.com/i/teamlogos/wnba/500/la.png,away,111,TRUE,21,8,27,10,48,38,79,0,19,87,20,23,11,14,45,10,40,8,1,0,44,15,34,37,0,12,8,11,11,s:40~l:59~t:11,phoenix-mercury,Phoenix,Mercury,PHX,Phoenix Mercury,Mercury,3c286e,fa4b0a,https://a.espncdn.com/i/teamlogos/wnba/500/phx.png,102
401856989,2026,2,2026-06-13,2026-06-14T02:00:00Z,11,s:40~l:59~t:11,phoenix-mercury,Phoenix,Mercury,PHX,Phoenix Mercury,Mercury,3c286e,fa4b0a,https://a.espncdn.com/i/teamlogos/wnba/500/phx.png,home,102,FALSE,26,5,29,11,50,40,80,0,23,60,9,15,8,14,47,9,46,6,0,0,37,13,35,38,0,15,15,15,6,s:40~l:59~t:6,los-angeles-sparks,Los Angeles,Sparks,LA,Los Angeles Sparks,Sparks,552583,fdb927,https://a.espncdn.com/i/teamlogos/wnba/500/la.png,111
401856984,2026,2,2026-06-12,2026-06-12T23:30:00Z,131935,s:40~l:59~t:131935,toronto-tempo,Toronto,Tempo,TOR,Toronto Tempo,Tempo,33476D,7B1B38,https://a.espncdn.com/i/teamlogos/wnba/500/tor.png,away,85,FALSE,23,5,16,17,48,31,64,0,24,89,16,18,4,11,24,5,40,18,1,1,32,7,22,21,1,18,14,17,16,s:40~l:59~t:16,washington-mystics,Washington,Mystics,WSH,Washington Mystics,Mystics,e03a3e,002b5c,https://a.espncdn.com/i/teamlogos/wnba/500/wsh.png,86
401856984,2026,2,2026-06-12,2026-06-12T23:30:00Z,16,s:40~l:59~t:16,washington-mystics,Washington,Mystics,WSH,Washington Mystics,Mystics,e03a3e,002b5c,https://a.espncdn.com/i/teamlogos/wnba/500/wsh.png,home,86,TRUE,22,2,24,5,48,31,65,0,14,85,22,26,18,11,63,15,54,8,0,0,11,2,18,39,0,22,22,22,131935,s:40~l:59~t:131935,toronto-tempo,Toronto,Tempo,TOR,Toronto Tempo,Tempo,33476D,7B1B38,https://a.espncdn.com/i/teamlogos/wnba/500/tor.png,85
401856985,2026,2,2026-06-12,2026-06-13T02:00:00Z,129689,s:40~l:59~t:129689,golden-state-valkyries,Golden State,Valkyries,GS,Golden State Valkyries,Valkyries,b38fcf,000000,https://a.espncdn.com/i/teamlogos/wnba/500/gs.png,away,76,TRUE,18,6,23,10,36,24,66,0,18,87,20,23,15,7,55,10,22,6,1,1,22,8,37,33,1,14,24,13,14,s:40~l:59~t:14,seattle-storm,Seattle,Storm,SEA,Seattle Storm,Storm,2c5235,fee11a,https://a.espncdn.com/i/teamlogos/wnba/500/sea.png,72
401856985,2026,2,2026-06-12,2026-06-13T02:00:00Z,14,s:40~l:59~t:14,seattle-storm,Seattle,Storm,SEA,Seattle Storm,Storm,2c5235,fee11a,https://a.espncdn.com/i/teamlogos/wnba/500/sea.png,home,72,FALSE,17,5,25,8,38,25,66,0,23,67,12,18,11,7,33,6,28,6,1,0,43,10,23,31,0,12,17,11,129689,s:40~l:59~t:129689,golden-state-valkyries,Golden State,Valkyries,GS,Golden State Valkyries,Valkyries,b38fcf,000000,https://a.espncdn.com/i/teamlogos/wnba/500/gs.png,76
401856980,2026,2,2026-06-11,2026-06-11T23:00:00Z,19,s:40~l:59~t:19,chicago-sky,Chicago,Sky,CHI,Chicago Sky,Sky,5091cd,ffd520,https://a.espncdn.com/i/teamlogos/wnba/500/chi.png,away,106,FALSE,22,7,21,15,44,34,77,0,25,82,31,38,6,9,16,13,48,6,1,1,29,7,24,34,1,17,29,16,5,s:40~l:59~t:5,indiana-fever,Indiana,Fever,IND,Indiana Fever,Fever,002d62,e03a3e,https://a.espncdn.com/i/teamlogos/wnba/500/ind.png,114
401856980,2026,2,2026-06-11,2026-06-11T23:00:00Z,5,s:40~l:59~t:5,indiana-fever,Indiana,Fever,IND,Indiana Fever,Fever,002d62,e03a3e,https://a.espncdn.com/i/teamlogos/wnba/500/ind.png,home,114,TRUE,22,6,27,12,45,39,87,0,27,94,29,31,19,9,75,19,58,8,3,1,25,7,28,46,1,18,20,15,19,s:40~l:59~t:19,chicago-sky,Chicago,Sky,CHI,Chicago Sky,Sky,5091cd,ffd520,https://a.espncdn.com/i/teamlogos/wnba/500/chi.png,106
401856981,2026,2,2026-06-11,2026-06-11T23:30:00Z,9,s:40~l:59~t:9,new-york-liberty,New York,Liberty,NY,New York Liberty,Liberty,86cebc,000000,https://a.espncdn.com/i/teamlogos/wnba/500/ny.png,away,104,TRUE,24,4,33,0,54,32,59,0,22,86,24,28,18,2,81,7,32,2,1,1,52,16,31,40,1,20,23,19,20,s:40~l:59~t:20,atlanta-dream,Atlanta,Dream,ATL,Atlanta Dream,Dream,e31837,5091cc,https://a.espncdn.com/i/teamlogos/wnba/500/atl.png,90
401856981,2026,2,2026-06-11,2026-06-11T23:30:00Z,20,s:40~l:59~t:20,atlanta-dream,Atlanta,Dream,ATL,Atlanta Dream,Dream,e31837,5091cc,https://a.espncdn.com/i/teamlogos/wnba/500/atl.png,home,90,FALSE,22,2,15,14,44,33,75,0,21,56,15,27,6,2,11,9,48,11,0,2,31,9,29,24,2,5,10,5,9,s:40~l:59~t:9,new-york-liberty,New York,Liberty,NY,New York Liberty,Liberty,86cebc,000000,https://a.espncdn.com/i/teamlogos/wnba/500/ny.png,104
401856982,2026,2,2026-06-11,2026-06-12T01:00:00Z,11,s:40~l:59~t:11,phoenix-mercury,Phoenix,Mercury,PHX,Phoenix Mercury,Mercury,3c286e,fa4b0a,https://a.espncdn.com/i/teamlogos/wnba/500/phx.png,away,70,FALSE,21,1,23,13,39,25,64,0,15,78,14,18,0,0,0,7,22,10,0,0,33,6,18,30,0,16,23,16,3,s:40~l:59~t:3,dallas-wings,Dallas,Wings,DAL,Dallas Wings,Wings,002b5c,c4d600,https://a.espncdn.com/i/teamlogos/wnba/500/dal.png,85
401856982,2026,2,2026-06-11,2026-06-12T01:00:00Z,3,s:40~l:59~t:3,dallas-wings,Dallas,Wings,DAL,Dallas Wings,Wings,002b5c,c4d600,https://a.espncdn.com/i/teamlogos/wnba/500/dal.png,home,85,TRUE,24,4,30,15,52,37,71,0,17,88,7,8,22,0,96,7,50,9,2,0,22,4,18,37,0,18,10,16,11,s:40~l:59~t:11,phoenix-mercury,Phoenix,Mercury,PHX,Phoenix Mercury,Mercury,3c286e,fa4b0a,https://a.espncdn.com/i/teamlogos/wnba/500/phx.png,70
401856983,2026,2,2026-06-11,2026-06-12T02:00:00Z,17,s:40~l:59~t:17,las-vegas-aces,Las Vegas,Aces,LV,Las Vegas Aces,Aces,a7a8aa,000000,https://a.espncdn.com/i/teamlogos/wnba/500/lv.png,away,105,TRUE,25,4,25,14,50,36,72,1,15,66,19,29,16,11,59,17,32,6,0,0,50,14,28,42,0,14,16,14,132052,s:40~l:59~t:132052,portland-fire,Portland,Fire,POR,Portland Fire,Fire,cee5eb,000000,https://a.espncdn.com/i/teamlogos/wnba/500/por.png,89
401856983,2026,2,2026-06-11,2026-06-12T02:00:00Z,132052,s:40~l:59~t:132052,portland-fire,Portland,Fire,POR,Portland Fire,Fire,cee5eb,000000,https://a.espncdn.com/i/teamlogos/wnba/500/por.png,home,89,FALSE,22,3,18,10,53,36,68,0,25,75,9,12,6,11,31,1,54,7,1,1,31,8,26,19,1,10,17,9,17,s:40~l:59~t:17,las-vegas-aces,Las Vegas,Aces,LV,Las Vegas Aces,Aces,a7a8aa,000000,https://a.espncdn.com/i/teamlogos/wnba/500/lv.png,105
401856978,2026,2,2026-06-10,2026-06-10T23:00:00Z,18,s:40~l:59~t:18,connecticut-sun,Connecticut,Sun,CON,Connecticut Sun,Sun,f05023,0a2240,https://a.espncdn.com/i/teamlogos/wnba/500/con.png,away,102,FALSE,21,6,24,11,46,34,74,0,29,68,25,37,14,8,72,18,40,3,1,1,36,9,25,42,1,19,23,18,131935,s:40~l:59~t:131935,toronto-tempo,Toronto,Tempo,TOR,Toronto Tempo,Tempo,33476D,7B1B38,https://a.espncdn.com/i/teamlogos/wnba/500/tor.png,106
401856978,2026,2,2026-06-10,2026-06-10T23:00:00Z,131935,s:40~l:59~t:131935,toronto-tempo,Toronto,Tempo,TOR,Toronto Tempo,Tempo,33476D,7B1B38,https://a.espncdn.com/i/teamlogos/wnba/500/tor.png,home,106,TRUE,18,3,17,12,45,31,69,0,32,84,36,43,6,8,19,11,42,12,0,0,33,8,24,28,0,11,12,11,18,s:40~l:59~t:18,connecticut-sun,Connecticut,Sun,CON,Connecticut Sun,Sun,f05023,0a2240,https://a.espncdn.com/i/teamlogos/wnba/500/con.png,102
401856979,2026,2,2026-06-10,2026-06-11T02:00:00Z,6,s:40~l:59~t:6,los-angeles-sparks,Los Angeles,Sparks,LA,Los Angeles Sparks,Sparks,552583,fdb927,https://a.espncdn.com/i/teamlogos/wnba/500/la.png,away,88,TRUE,20,4,25,9,39,29,75,0,17,84,21,25,9,11,54,13,34,10,1,0,26,9,35,38,0,10,11,9,14,s:40~l:59~t:14,seattle-storm,Seattle,Storm,SEA,Seattle Storm,Storm,2c5235,fee11a,https://a.espncdn.com/i/teamlogos/wnba/500/sea.png,83
401856979,2026,2,2026-06-10,2026-06-11T02:00:00Z,14,s:40~l:59~t:14,seattle-storm,Seattle,Storm,SEA,Seattle Storm,Storm,2c5235,fee11a,https://a.espncdn.com/i/teamlogos/wnba/500/sea.png,home,83,FALSE,26,4,30,10,47,30,64,0,21,88,14,16,9,11,37,5,36,5,0,0,31,9,29,35,0,15,13,15,6,s:40~l:59~t:6,los-angeles-sparks,Los Angeles,Sparks,LA,Los Angeles Sparks,Sparks,552583,fdb927,https://a.espncdn.com/i/teamlogos/wnba/500/la.png,88
401856975,2026,2,2026-06-09,2026-06-09T23:00:00Z,20,s:40~l:59~t:20,atlanta-dream,Atlanta,Dream,ATL,Atlanta Dream,Dream,e31837,5091cc,https://a.espncdn.com/i/teamlogos/wnba/500/atl.png,away,82,TRUE,18,0,24,11,44,31,70,0,15,94,15,16,10,15,54,12,48,9,1,0,19,5,26,36,0,17,19,16,19,s:40~l:59~t:19,chicago-sky,Chicago,Sky,CHI,Chicago Sky,Sky,5091cd,ffd520,https://a.espncdn.com/i/teamlogos/wnba/500/chi.png,75
401856975,2026,2,2026-06-09,2026-06-09T23:00:00Z,19,s:40~l:59~t:19,chicago-sky,Chicago,Sky,CHI,Chicago Sky,Sky,5091cd,ffd520,https://a.espncdn.com/i/teamlogos/wnba/500/chi.png,home,75,FALSE,17,7,21,10,45,24,53,0,21,76,19,25,6,15,32,4,26,6,1,1,53,8,15,25,1,16,25,15,20,s:40~l:59~t:20,atlanta-dream,Atlanta,Dream,ATL,Atlanta Dream,Dream,e31837,5091cc,https://a.espncdn.com/i/teamlogos/wnba/500/atl.png,82
401856976,2026,2,2026-06-09,2026-06-10T00:00:00Z,3,s:40~l:59~t:3,dallas-wings,Dallas,Wings,DAL,Dallas Wings,Wings,002b5c,c4d600,https://a.espncdn.com/i/teamlogos/wnba/500/dal.png,away,76,FALSE,19,3,23,16,38,29,77,0,18,100,10,10,2,3,3,8,26,9,1,1,29,8,28,31,1,13,19,12,8,s:40~l:59~t:8,minnesota-lynx,Minnesota,Lynx,MIN,Minnesota Lynx,Lynx,266092,79bc43,https://a.espncdn.com/i/teamlogos/wnba/500/min.png,100
401856976,2026,2,2026-06-09,2026-06-10T00:00:00Z,8,s:40~l:59~t:8,minnesota-lynx,Minnesota,Lynx,MIN,Minnesota Lynx,Lynx,266092,79bc43,https://a.espncdn.com/i/teamlogos/wnba/500/min.png,home,100,TRUE,21,3,35,14,54,38,71,0,11,94,17,18,27,3,93,6,46,9,0,0,50,7,14,41,0,12,10,12,3,s:40~l:59~t:3,dallas-wings,Dallas,Wings,DAL,Dallas Wings,Wings,002b5c,c4d600,https://a.espncdn.com/i/teamlogos/wnba/500/dal.png,76
401856977,2026,2,2026-06-09,2026-06-10T02:00:00Z,11,s:40~l:59~t:11,phoenix-mercury,Phoenix,Mercury,PHX,Phoenix Mercury,Mercury,3c286e,fa4b0a,https://a.espncdn.com/i/teamlogos/wnba/500/phx.png,away,81,FALSE,23,2,24,20,46,30,65,0,20,67,12,18,6,4,11,9,32,7,4,2,36,9,25,33,2,16,17,12,129689,s:40~l:59~t:129689,golden-state-valkyries,Golden State,Valkyries,GS,Golden State Valkyries,Valkyries,b38fcf,000000,https://a.espncdn.com/i/teamlogos/wnba/500/gs.png,87
401856977,2026,2,2026-06-09,2026-06-10T02:00:00Z,129689,s:40~l:59~t:129689,golden-state-valkyries,Golden State,Valkyries,GS,Golden State Valkyries,Valkyries,b38fcf,000000,https://a.espncdn.com/i/teamlogos/wnba/500/gs.png,home,87,TRUE,18,2,21,4,44,27,61,0,21,82,23,28,18,4,87,6,34,8,0,0,34,10,29,27,0,9,11,9,11,s:40~l:59~t:11,phoenix-mercury,Phoenix,Mercury,PHX,Phoenix Mercury,Mercury,3c286e,fa4b0a,https://a.espncdn.com/i/teamlogos/wnba/500/phx.png,81
401856972,2026,2,2026-06-08,2026-06-08T23:00:00Z,9,s:40~l:59~t:9,new-york-liberty,New York,Liberty,NY,New York Liberty,Liberty,86cebc,000000,https://a.espncdn.com/i/teamlogos/wnba/500/ny.png,away,89,TRUE,17,4,33,6,48,29,61,1,24,86,25,29,13,3,90,9,38,4,0,1,27,6,22,42,1,19,11,19,18,s:40~l:59~t:18,connecticut-sun,Connecticut,Sun,CON,Connecticut Sun,Sun,f05023,0a2240,https://a.espncdn.com/i/teamlogos/wnba/500/con.png,80
401856972,2026,2,2026-06-08,2026-06-08T23:00:00Z,18,s:40~l:59~t:18,connecticut-sun,Connecticut,Sun,CON,Connecticut Sun,Sun,f05023,0a2240,https://a.espncdn.com/i/teamlogos/wnba/500/con.png,home,80,FALSE,21,3,21,6,46,32,70,1,28,57,13,23,3,3,8,7,48,8,0,0,23,3,13,28,0,10,5,10,9,s:40~l:59~t:9,new-york-liberty,New York,Liberty,NY,New York Liberty,Liberty,86cebc,000000,https://a.espncdn.com/i/teamlogos/wnba/500/ny.png,89
401856973,2026,2,2026-06-08,2026-06-08T23:00:00Z,5,s:40~l:59~t:5,indiana-fever,Indiana,Fever,IND,Indiana Fever,Fever,002d62,e03a3e,https://a.espncdn.com/i/teamlogos/wnba/500/ind.png,away,78,TRUE,19,4,25,15,44,29,66,0,26,71,10,14,17,5,90,3,34,8,3,0,34,10,29,28,0,20,21,17,16,s:40~l:59~t:16,washington-mystics,Washington,Mystics,WSH,Washington Mystics,Mystics,e03a3e,002b5c,https://a.espncdn.com/i/teamlogos/wnba/500/wsh.png,76
401856973,2026,2,2026-06-08,2026-06-08T23:00:00Z,16,s:40~l:59~t:16,washington-mystics,Washington,Mystics,WSH,Washington Mystics,Mystics,e03a3e,002b5c,https://a.espncdn.com/i/teamlogos/wnba/500/wsh.png,home,76,FALSE,21,6,26,10,43,25,58,0,23,71,17,24,2,5,8,5,32,5,0,0,50,9,18,31,0,15,17,15,5,s:40~l:59~t:5,indiana-fever,Indiana,Fever,IND,Indiana Fever,Fever,002d62,e03a3e,https://a.espncdn.com/i/teamlogos/wnba/500/ind.png,78
401856974,2026,2,2026-06-08,2026-06-09T02:00:00Z,14,s:40~l:59~t:14,seattle-storm,Seattle,Storm,SEA,Seattle Storm,Storm,2c5235,fee11a,https://a.espncdn.com/i/teamlogos/wnba/500/sea.png,away,91,FALSE,22,1,21,10,45,33,74,0,23,87,13,15,6,10,18,6,36,10,0,1,44,12,27,27,1,9,10,9,17,s:40~l:59~t:17,las-vegas-aces,Las Vegas,Aces,LV,Las Vegas Aces,Aces,a7a8aa,000000,https://a.espncdn.com/i/teamlogos/wnba/500/lv.png,101
401856974,2026,2,2026-06-08,2026-06-09T02:00:00Z,17,s:40~l:59~t:17,las-vegas-aces,Las Vegas,Aces,LV,Las Vegas Aces,Aces,a7a8aa,000000,https://a.espncdn.com/i/teamlogos/wnba/500/lv.png,home,101,TRUE,27,5,28,4,50,35,70,0,13,88,21,24,15,10,75,11,40,4,1,0,36,10,28,39,0,13,19,12,14,s:40~l:59~t:14,seattle-storm,Seattle,Storm,SEA,Seattle Storm,Storm,2c5235,fee11a,https://a.espncdn.com/i/teamlogos/wnba/500/sea.png,91
401856970,2026,2,2026-06-07,2026-06-07T19:00:00Z,19,s:40~l:59~t:19,chicago-sky,Chicago,Sky,CHI,Chicago Sky,Sky,5091cd,ffd520,https://a.espncdn.com/i/teamlogos/wnba/500/chi.png,away,68,FALSE,15,5,30,14,35,23,65,0,24,62,16,26,0,0,0,7,30,4,0,0,24,6,25,37,0,16,13,16,131935,s:40~l:59~t:131935,toronto-tempo,Toronto,Tempo,TOR,Toronto Tempo,Tempo,33476D,7B1B38,https://a.espncdn.com/i/teamlogos/wnba/500/tor.png,85
401856970,2026,2,2026-06-07,2026-06-07T19:00:00Z,131935,s:40~l:59~t:131935,toronto-tempo,Toronto,Tempo,TOR,Toronto Tempo,Tempo,33476D,7B1B38,https://a.espncdn.com/i/teamlogos/wnba/500/tor.png,home,85,TRUE,19,4,33,12,39,30,77,0,22,78,21,27,21,0,98,11,46,7,1,0,18,4,22,44,0,10,6,9,19,s:40~l:59~t:19,chicago-sky,Chicago,Sky,CHI,Chicago Sky,Sky,5091cd,ffd520,https://a.espncdn.com/i/teamlogos/wnba/500/chi.png,68
401856971,2026,2,2026-06-07,2026-06-07T23:00:00Z,132052,s:40~l:59~t:132052,portland-fire,Portland,Fire,POR,Portland Fire,Fire,cee5eb,000000,https://a.espncdn.com/i/teamlogos/wnba/500/por.png,away,72,FALSE,19,5,28,11,36,26,72,0,21,77,17,22,2,8,9,14,42,5,2,1,11,3,28,42,1,17,23,15,6,s:40~l:59~t:6,los-angeles-sparks,Los Angeles,Sparks,LA,Los Angeles Sparks,Sparks,552583,fdb927,https://a.espncdn.com/i/teamlogos/wnba/500/la.png,89
401856971,2026,2,2026-06-07,2026-06-07T23:00:00Z,6,s:40~l:59~t:6,los-angeles-sparks,Los Angeles,Sparks,LA,Los Angeles Sparks,Sparks,552583,fdb927,https://a.espncdn.com/i/teamlogos/wnba/500/la.png,home,89,TRUE,17,4,27,10,43,32,75,0,22,77,17,22,18,8,81,15,44,11,0,0,27,8,30,42,0,12,9,12,132052,s:40~l:59~t:132052,portland-fire,Portland,Fire,POR,Portland Fire,Fire,cee5eb,000000,https://a.espncdn.com/i/teamlogos/wnba/500/por.png,72
401856966,2026,2,2026-06-06,2026-06-06T17:00:00Z,14,s:40~l:59~t:14,seattle-storm,Seattle,Storm,SEA,Seattle Storm,Storm,2c5235,fee11a,https://a.espncdn.com/i/teamlogos/wnba/500/sea.png,away,68,FALSE,16,1,25,6,35,22,63,0,12,81,13,16,12,3,37,10,20,7,2,0,31,11,36,35,0,23,25,21,8,s:40~l:59~t:8,minnesota-lynx,Minnesota,Lynx,MIN,Minnesota Lynx,Lynx,266092,79bc43,https://a.espncdn.com/i/teamlogos/wnba/500/min.png,88
401856966,2026,2,2026-06-06,2026-06-06T17:00:00Z,8,s:40~l:59~t:8,minnesota-lynx,Minnesota,Lynx,MIN,Minnesota Lynx,Lynx,266092,79bc43,https://a.espncdn.com/i/teamlogos/wnba/500/min.png,home,88,TRUE,27,4,23,11,48,37,77,0,16,75,6,8,21,3,59,13,50,13,2,0,30,8,27,36,0,14,14,12,14,s:40~l:59~t:14,seattle-storm,Seattle,Storm,SEA,Seattle Storm,Storm,2c5235,fee11a,https://a.espncdn.com/i/teamlogos/wnba/500/sea.png,68
401856967,2026,2,2026-06-06,2026-06-06T19:00:00Z,129689,s:40~l:59~t:129689,golden-state-valkyries,Golden State,Valkyries,GS,Golden State Valkyries,Valkyries,b38fcf,000000,https://a.espncdn.com/i/teamlogos/wnba/500/gs.png,away,79,FALSE,14,1,28,7,39,28,72,0,19,71,12,17,4,7,15,10,28,4,0,1,31,11,35,38,1,9,11,9,17,s:40~l:59~t:17,las-vegas-aces,Las Vegas,Aces,LV,Las Vegas Aces,Aces,a7a8aa,000000,https://a.espncdn.com/i/teamlogos/wnba/500/lv.png,84
401856967,2026,2,2026-06-06,2026-06-06T19:00:00Z,17,s:40~l:59~t:17,las-vegas-aces,Las Vegas,Aces,LV,Las Vegas Aces,Aces,a7a8aa,000000,https://a.espncdn.com/i/teamlogos/wnba/500/lv.png,home,84,TRUE,22,2,30,2,43,27,63,0,19,77,17,22,12,7,73,6,20,3,0,0,43,13,30,36,0,11,11,11,129689,s:40~l:59~t:129689,golden-state-valkyries,Golden State,Valkyries,GS,Golden State Valkyries,Valkyries,b38fcf,000000,https://a.espncdn.com/i/teamlogos/wnba/500/gs.png,79
401856968,2026,2,2026-06-06,2026-06-06T22:00:00Z,16,s:40~l:59~t:16,washington-mystics,Washington,Mystics,WSH,Washington Mystics,Mystics,e03a3e,002b5c,https://a.espncdn.com/i/teamlogos/wnba/500/wsh.png,away,77,FALSE,17,4,18,5,45,26,58,0,26,74,20,27,4,4,5,8,40,4,0,3,31,5,16,26,3,17,26,17,20,s:40~l:59~t:20,atlanta-dream,Atlanta,Dream,ATL,Atlanta Dream,Dream,e31837,5091cc,https://a.espncdn.com/i/teamlogos/wnba/500/atl.png,109
401856968,2026,2,2026-06-06,2026-06-06T22:00:00Z,20,s:40~l:59~t:20,atlanta-dream,Atlanta,Dream,ATL,Atlanta Dream,Dream,e31837,5091cc,https://a.espncdn.com/i/teamlogos/wnba/500/atl.png,home,109,TRUE,21,4,26,21,48,32,66,0,26,78,32,41,35,4,91,16,34,16,1,0,52,13,25,42,0,12,17,11,16,s:40~l:59~t:16,washington-mystics,Washington,Mystics,WSH,Washington Mystics,Mystics,e03a3e,002b5c,https://a.espncdn.com/i/teamlogos/wnba/500/wsh.png,77
401856969,2026,2,2026-06-06,2026-06-07T00:00:00Z,5,s:40~l:59~t:5,indiana-fever,Indiana,Fever,IND,Indiana Fever,Fever,002d62,e03a3e,https://a.espncdn.com/i/teamlogos/wnba/500/ind.png,away,75,FALSE,20,5,32,2,40,29,72,0,27,60,9,15,12,7,82,9,38,4,1,1,32,8,25,41,1,15,15,14,9,s:40~l:59~t:9,new-york-liberty,New York,Liberty,NY,New York Liberty,Liberty,86cebc,000000,https://a.espncdn.com/i/teamlogos/wnba/500/ny.png,83
401856969,2026,2,2026-06-06,2026-06-07T00:00:00Z,9,s:40~l:59~t:9,new-york-liberty,New York,Liberty,NY,New York Liberty,Liberty,86cebc,000000,https://a.espncdn.com/i/teamlogos/wnba/500/ny.png,home,83,TRUE,14,2,34,6,36,24,66,0,19,83,33,40,11,7,13,13,40,9,0,0,11,2,18,47,0,11,4,11,5,s:40~l:59~t:5,indiana-fever,Indiana,Fever,IND,Indiana Fever,Fever,002d62,e03a3e,https://a.espncdn.com/i/teamlogos/wnba/500/ind.png,75
401856963,2026,2,2026-06-05,2026-06-05T23:30:00Z,18,s:40~l:59~t:18,connecticut-sun,Connecticut,Sun,CON,Connecticut Sun,Sun,f05023,0a2240,https://a.espncdn.com/i/teamlogos/wnba/500/con.png,away,80,FALSE,19,7,26,9,42,30,71,1,21,76,16,21,15,2,46,14,42,6,-5,1,22,4,18,40,1,10,19,15,19,s:40~l:59~t:19,chicago-sky,Chicago,Sky,CHI,Chicago Sky,Sky,5091cd,ffd520,https://a.espncdn.com/i/teamlogos/wnba/500/chi.png,85
401856963,2026,2,2026-06-05,2026-06-05T23:30:00Z,19,s:40~l:59~t:19,chicago-sky,Chicago,Sky,CHI,Chicago Sky,Sky,5091cd,ffd520,https://a.espncdn.com/i/teamlogos/wnba/500/chi.png,home,85,TRUE,21,7,21,10,46,31,67,0,22,77,17,22,7,2,47,7,40,9,0,2,38,6,16,28,2,12,15,12,18,s:40~l:59~t:18,connecticut-sun,Connecticut,Sun,CON,Connecticut Sun,Sun,f05023,0a2240,https://a.espncdn.com/i/teamlogos/wnba/500/con.png,80
401856964,2026,2,2026-06-05,2026-06-06T02:00:00Z,3,s:40~l:59~t:3,dallas-wings,Dallas,Wings,DAL,Dallas Wings,Wings,002b5c,c4d600,https://a.espncdn.com/i/teamlogos/wnba/500/dal.png,away,104,TRUE,30,2,20,12,53,41,77,0,18,67,12,18,8,18,31,13,48,10,0,0,40,10,25,33,0,12,15,12,6,s:40~l:59~t:6,los-angeles-sparks,Los Angeles,Sparks,LA,Los Angeles Sparks,Sparks,552583,fdb927,https://a.espncdn.com/i/teamlogos/wnba/500/la.png,96
401856964,2026,2,2026-06-05,2026-06-06T02:00:00Z,6,s:40~l:59~t:6,los-angeles-sparks,Los Angeles,Sparks,LA,Los Angeles Sparks,Sparks,552583,fdb927,https://a.espncdn.com/i/teamlogos/wnba/500/la.png,home,96,FALSE,25,2,22,9,54,36,67,0,16,71,15,21,9,18,63,8,52,5,0,1,32,9,28,30,1,17,17,17,3,s:40~l:59~t:3,dallas-wings,Dallas,Wings,DAL,Dallas Wings,Wings,002b5c,c4d600,https://a.espncdn.com/i/teamlogos/wnba/500/dal.png,104
401856965,2026,2,2026-06-05,2026-06-06T02:00:00Z,11,s:40~l:59~t:11,phoenix-mercury,Phoenix,Mercury,PHX,Phoenix Mercury,Mercury,3c286e,fa4b0a,https://a.espncdn.com/i/teamlogos/wnba/500/phx.png,away,78,TRUE,21,5,17,9,42,26,62,0,19,86,19,22,10,4,95,7,24,10,0,1,33,7,21,24,1,12,8,12,132052,s:40~l:59~t:132052,portland-fire,Portland,Fire,POR,Portland Fire,Fire,cee5eb,000000,https://a.espncdn.com/i/teamlogos/wnba/500/por.png,72
401856965,2026,2,2026-06-05,2026-06-06T02:00:00Z,132052,s:40~l:59~t:132052,portland-fire,Portland,Fire,POR,Portland Fire,Fire,cee5eb,000000,https://a.espncdn.com/i/teamlogos/wnba/500/por.png,home,72,FALSE,18,2,24,0,42,24,57,0,19,82,14,17,1,4,2,8,28,3,2,0,38,10,26,32,0,22,23,20,11,s:40~l:59~t:11,phoenix-mercury,Phoenix,Mercury,PHX,Phoenix Mercury,Mercury,3c286e,fa4b0a,https://a.espncdn.com/i/teamlogos/wnba/500/phx.png,78
401856961,2026,2,2026-06-04,2026-06-04T23:00:00Z,20,s:40~l:59~t:20,atlanta-dream,Atlanta,Dream,ATL,Atlanta Dream,Dream,e31837,5091cc,https://a.espncdn.com/i/teamlogos/wnba/500/atl.png,away,71,FALSE,14,3,21,9,34,23,67,0,19,79,19,24,4,3,21,9,34,9,3,0,29,6,21,30,0,14,14,11,5,s:40~l:59~t:5,indiana-fever,Indiana,Fever,IND,Indiana Fever,Fever,002d62,e03a3e,https://a.espncdn.com/i/teamlogos/wnba/500/ind.png,83
401856961,2026,2,2026-06-04,2026-06-04T23:00:00Z,5,s:40~l:59~t:5,indiana-fever,Indiana,Fever,IND,Indiana Fever,Fever,002d62,e03a3e,https://a.espncdn.com/i/teamlogos/wnba/500/ind.png,home,83,TRUE,16,7,29,7,48,30,63,0,22,80,12,15,15,3,72,6,32,6,1,0,44,11,25,35,0,15,9,14,20,s:40~l:59~t:20,atlanta-dream,Atlanta,Dream,ATL,Atlanta Dream,Dream,e31837,5091cc,https://a.espncdn.com/i/teamlogos/wnba/500/atl.png,71
401856962,2026,2,2026-06-04,2026-06-05T01:00:00Z,129689,s:40~l:59~t:129689,golden-state-valkyries,Golden State,Valkyries,GS,Golden State Valkyries,Valkyries,b38fcf,000000,https://a.espncdn.com/i/teamlogos/wnba/500/gs.png,away,84,FALSE,21,7,22,7,39,30,76,0,18,100,10,10,7,9,58,9,30,6,0,1,38,14,37,31,1,7,11,7,8,s:40~l:59~t:8,minnesota-lynx,Minnesota,Lynx,MIN,Minnesota Lynx,Lynx,266092,79bc43,https://a.espncdn.com/i/teamlogos/wnba/500/min.png,87
401856962,2026,2,2026-06-04,2026-06-05T01:00:00Z,8,s:40~l:59~t:8,minnesota-lynx,Minnesota,Lynx,MIN,Minnesota Lynx,Lynx,266092,79bc43,https://a.espncdn.com/i/teamlogos/wnba/500/min.png,home,87,TRUE,18,7,29,8,40,29,73,0,15,84,16,19,6,9,33,14,14,4,0,0,50,13,26,43,0,12,21,12,129689,s:40~l:59~t:129689,golden-state-valkyries,Golden State,Valkyries,GS,Golden State Valkyries,Valkyries,b38fcf,000000,https://a.espncdn.com/i/teamlogos/wnba/500/gs.png,84
401856959,2026,2,2026-06-03,2026-06-03T23:30:00Z,131935,s:40~l:59~t:131935,toronto-tempo,Toronto,Tempo,TOR,Toronto Tempo,Tempo,33476D,7B1B38,https://a.espncdn.com/i/teamlogos/wnba/500/tor.png,away,82,FALSE,17,3,24,13,45,34,75,0,17,80,8,10,5,14,16,8,46,7,0,0,32,6,19,32,0,7,4,7,9,s:40~l:59~t:9,new-york-liberty,New York,Liberty,NY,New York Liberty,Liberty,86cebc,000000,https://a.espncdn.com/i/teamlogos/wnba/500/ny.png,97
401856959,2026,2,2026-06-03,2026-06-03T23:30:00Z,9,s:40~l:59~t:9,new-york-liberty,New York,Liberty,NY,New York Liberty,Liberty,86cebc,000000,https://a.espncdn.com/i/teamlogos/wnba/500/ny.png,home,97,TRUE,24,4,29,3,46,33,71,0,13,85,17,20,21,14,81,11,36,3,2,0,44,14,32,40,0,12,6,10,131935,s:40~l:59~t:131935,toronto-tempo,Toronto,Tempo,TOR,Toronto Tempo,Tempo,33476D,7B1B38,https://a.espncdn.com/i/teamlogos/wnba/500/tor.png,82
401856960,2026,2,2026-06-03,2026-06-04T02:00:00Z,11,s:40~l:59~t:11,phoenix-mercury,Phoenix,Mercury,PHX,Phoenix Mercury,Mercury,3c286e,fa4b0a,https://a.espncdn.com/i/teamlogos/wnba/500/phx.png,away,72,TRUE,17,6,34,17,38,24,64,0,15,78,21,27,13,5,75,10,34,11,1,0,14,3,22,44,0,14,14,13,14,s:40~l:59~t:14,seattle-storm,Seattle,Storm,SEA,Seattle Storm,Storm,2c5235,fee11a,https://a.espncdn.com/i/teamlogos/wnba/500/sea.png,68
401856960,2026,2,2026-06-03,2026-06-04T02:00:00Z,14,s:40~l:59~t:14,seattle-storm,Seattle,Storm,SEA,Seattle Storm,Storm,2c5235,fee11a,https://a.espncdn.com/i/teamlogos/wnba/500/sea.png,home,68,FALSE,17,5,30,11,38,28,73,0,18,60,3,5,6,5,20,4,28,10,0,0,27,9,33,34,0,14,14,14,11,s:40~l:59~t:11,phoenix-mercury,Phoenix,Mercury,PHX,Phoenix Mercury,Mercury,3c286e,fa4b0a,https://a.espncdn.com/i/teamlogos/wnba/500/phx.png,72
401856955,2026,2,2026-06-02,2026-06-02T23:30:00Z,18,s:40~l:59~t:18,connecticut-sun,Connecticut,Sun,CON,Connecticut Sun,Sun,f05023,0a2240,https://a.espncdn.com/i/teamlogos/wnba/500/con.png,away,75,FALSE,17,5,25,4,47,26,55,1,18,66,19,29,5,11,30,3,36,8,0,1,24,4,17,28,1,14,16,14,20,s:40~l:59~t:20,atlanta-dream,Atlanta,Dream,ATL,Atlanta Dream,Dream,e31837,5091cc,https://a.espncdn.com/i/teamlogos/wnba/500/atl.png,91
401856955,2026,2,2026-06-02,2026-06-02T23:30:00Z,20,s:40~l:59~t:20,atlanta-dream,Atlanta,Dream,ATL,Atlanta Dream,Dream,e31837,5091cc,https://a.espncdn.com/i/teamlogos/wnba/500/atl.png,home,91,TRUE,22,1,26,10,47,32,68,0,20,72,13,18,17,11,58,9,34,10,1,1,38,14,37,35,1,14,8,13,18,s:40~l:59~t:18,connecticut-sun,Connecticut,Sun,CON,Connecticut Sun,Sun,f05023,0a2240,https://a.espncdn.com/i/teamlogos/wnba/500/con.png,75
401856956,2026,2,2026-06-02,2026-06-02T23:30:00Z,19,s:40~l:59~t:19,chicago-sky,Chicago,Sky,CHI,Chicago Sky,Sky,5091cd,ffd520,https://a.espncdn.com/i/teamlogos/wnba/500/chi.png,away,72,FALSE,19,10,24,7,44,28,64,0,22,63,10,16,5,9,17,5,38,9,1,1,38,6,16,29,1,19,24,18,16,s:40~l:59~t:16,washington-mystics,Washington,Mystics,WSH,Washington Mystics,Mystics,e03a3e,002b5c,https://a.espncdn.com/i/teamlogos/wnba/500/wsh.png,90
401856956,2026,2,2026-06-02,2026-06-02T23:30:00Z,16,s:40~l:59~t:16,washington-mystics,Washington,Mystics,WSH,Washington Mystics,Mystics,e03a3e,002b5c,https://a.espncdn.com/i/teamlogos/wnba/500/wsh.png,home,90,TRUE,18,2,29,8,44,32,73,1,16,63,20,32,22,9,74,17,46,11,0,1,35,6,17,46,1,16,14,16,19,s:40~l:59~t:19,chicago-sky,Chicago,Sky,CHI,Chicago Sky,Sky,5091cd,ffd520,https://a.espncdn.com/i/teamlogos/wnba/500/chi.png,72
401856957,2026,2,2026-06-02,2026-06-03T02:00:00Z,132052,s:40~l:59~t:132052,portland-fire,Portland,Fire,POR,Portland Fire,Fire,cee5eb,000000,https://a.espncdn.com/i/teamlogos/wnba/500/por.png,away,77,FALSE,19,2,20,2,46,28,61,1,18,75,12,16,4,2,9,8,38,3,0,0,38,9,24,28,0,15,19,15,129689,s:40~l:59~t:129689,golden-state-valkyries,Golden State,Valkyries,GS,Golden State Valkyries,Valkyries,b38fcf,000000,https://a.espncdn.com/i/teamlogos/wnba/500/gs.png,95
401856957,2026,2,2026-06-02,2026-06-03T02:00:00Z,129689,s:40~l:59~t:129689,golden-state-valkyries,Golden State,Valkyries,GS,Golden State Valkyries,Valkyries,b38fcf,000000,https://a.espncdn.com/i/teamlogos/wnba/500/gs.png,home,95,TRUE,25,4,19,9,46,32,69,0,16,72,13,18,22,2,84,9,26,9,0,0,45,18,40,28,0,7,4,7,132052,s:40~l:59~t:132052,portland-fire,Portland,Fire,POR,Portland Fire,Fire,cee5eb,000000,https://a.espncdn.com/i/teamlogos/wnba/500/por.png,77
401856958,2026,2,2026-06-02,2026-06-03T02:00:00Z,17,s:40~l:59~t:17,las-vegas-aces,Las Vegas,Aces,LV,Las Vegas Aces,Aces,a7a8aa,000000,https://a.espncdn.com/i/teamlogos/wnba/500/lv.png,away,79,TRUE,24,8,36,15,45,31,69,0,23,56,9,16,15,3,89,8,38,7,0,2,33,8,24,44,2,10,8,10,6,s:40~l:59~t:6,los-angeles-sparks,Los Angeles,Sparks,LA,Los Angeles Sparks,Sparks,552583,fdb927,https://a.espncdn.com/i/teamlogos/wnba/500/la.png,69
401856958,2026,2,2026-06-02,2026-06-03T02:00:00Z,6,s:40~l:59~t:6,los-angeles-sparks,Los Angeles,Sparks,LA,Los Angeles Sparks,Sparks,552583,fdb927,https://a.espncdn.com/i/teamlogos/wnba/500/la.png,home,69,FALSE,13,4,30,10,31,20,65,0,16,85,23,27,2,3,5,8,26,4,0,1,26,6,23,38,1,11,9,11,17,s:40~l:59~t:17,las-vegas-aces,Las Vegas,Aces,LV,Las Vegas Aces,Aces,a7a8aa,000000,https://a.espncdn.com/i/teamlogos/wnba/500/lv.png,79
401856953,2026,2,2026-06-01,2026-06-02T00:00:00Z,14,s:40~l:59~t:14,seattle-storm,Seattle,Storm,SEA,Seattle Storm,Storm,2c5235,fee11a,https://a.espncdn.com/i/teamlogos/wnba/500/sea.png,away,56,FALSE,11,7,30,4,33,20,61,0,22,71,12,17,0,0,0,6,24,6,0,0,21,4,19,36,0,17,16,17,3,s:40~l:59~t:3,dallas-wings,Dallas,Wings,DAL,Dallas Wings,Wings,002b5c,c4d600,https://a.espncdn.com/i/teamlogos/wnba/500/dal.png,79
401856953,2026,2,2026-06-01,2026-06-02T00:00:00Z,3,s:40~l:59~t:3,dallas-wings,Dallas,Wings,DAL,Dallas Wings,Wings,002b5c,c4d600,https://a.espncdn.com/i/teamlogos/wnba/500/dal.png,home,79,TRUE,19,1,30,2,36,29,81,0,15,67,16,24,28,0,99,18,36,7,3,0,20,5,25,48,0,11,10,8,14,s:40~l:59~t:14,seattle-storm,Seattle,Storm,SEA,Seattle Storm,Storm,2c5235,fee11a,https://a.espncdn.com/i/teamlogos/wnba/500/sea.png,56
401856954,2026,2,2026-06-01,2026-06-02T02:00:00Z,8,s:40~l:59~t:8,minnesota-lynx,Minnesota,Lynx,MIN,Minnesota Lynx,Lynx,266092,79bc43,https://a.espncdn.com/i/teamlogos/wnba/500/min.png,away,111,TRUE,28,5,27,14,64,44,69,0,22,100,13,13,37,1,97,8,50,10,2,1,59,10,17,35,1,13,13,11,11,s:40~l:59~t:11,phoenix-mercury,Phoenix,Mercury,PHX,Phoenix Mercury,Mercury,3c286e,fa4b0a,https://a.espncdn.com/i/teamlogos/wnba/500/phx.png,77
401856954,2026,2,2026-06-01,2026-06-02T02:00:00Z,11,s:40~l:59~t:11,phoenix-mercury,Phoenix,Mercury,PHX,Phoenix Mercury,Mercury,3c286e,fa4b0a,https://a.espncdn.com/i/teamlogos/wnba/500/phx.png,home,77,FALSE,18,0,13,4,34,22,64,0,12,85,23,27,2,1,1,11,18,6,0,0,37,10,27,24,0,14,23,14,8,s:40~l:59~t:8,minnesota-lynx,Minnesota,Lynx,MIN,Minnesota Lynx,Lynx,266092,79bc43,https://a.espncdn.com/i/teamlogos/wnba/500/min.png,111
401856952,2026,2,2026-05-31,2026-05-31T19:30:00Z,17,s:40~l:59~t:17,las-vegas-aces,Las Vegas,Aces,LV,Las Vegas Aces,Aces,a7a8aa,000000,https://a.espncdn.com/i/teamlogos/wnba/500/lv.png,away,91,TRUE,26,8,33,5,48,33,69,1,18,81,17,21,24,12,73,12,38,5,0,0,36,8,22,45,0,15,8,15,129689,s:40~l:59~t:129689,golden-state-valkyries,Golden State,Valkyries,GS,Golden State Valkyries,Valkyries,b38fcf,000000,https://a.espncdn.com/i/teamlogos/wnba/500/gs.png,81
401856952,2026,2,2026-05-31,2026-05-31T19:30:00Z,129689,s:40~l:59~t:129689,golden-state-valkyries,Golden State,Valkyries,GS,Golden State Valkyries,Valkyries,b38fcf,000000,https://a.espncdn.com/i/teamlogos/wnba/500/gs.png,home,81,FALSE,16,0,24,8,34,25,74,0,21,88,15,17,4,12,20,9,16,9,0,0,46,16,35,33,0,12,14,12,17,s:40~l:59~t:17,las-vegas-aces,Las Vegas,Aces,LV,Las Vegas Aces,Aces,a7a8aa,000000,https://a.espncdn.com/i/teamlogos/wnba/500/lv.png,91
401856949,2026,2,2026-05-30,2026-05-30T17:00:00Z,14,s:40~l:59~t:14,seattle-storm,Seattle,Storm,SEA,Seattle Storm,Storm,2c5235,fee11a,https://a.espncdn.com/i/teamlogos/wnba/500/sea.png,away,72,FALSE,21,4,23,4,41,29,71,0,20,88,7,8,3,5,6,9,36,7,1,0,26,7,27,32,0,18,23,17,131935,s:40~l:59~t:131935,toronto-tempo,Toronto,Tempo,TOR,Toronto Tempo,Tempo,33476D,7B1B38,https://a.espncdn.com/i/teamlogos/wnba/500/tor.png,93
401856949,2026,2,2026-05-30,2026-05-30T17:00:00Z,131935,s:40~l:59~t:131935,toronto-tempo,Toronto,Tempo,TOR,Toronto Tempo,Tempo,33476D,7B1B38,https://a.espncdn.com/i/teamlogos/wnba/500/tor.png,home,93,TRUE,14,1,28,17,44,26,59,0,13,94,31,33,25,5,87,6,26,12,2,1,34,10,29,34,1,14,6,12,14,s:40~l:59~t:14,seattle-storm,Seattle,Storm,SEA,Seattle Storm,Storm,2c5235,fee11a,https://a.espncdn.com/i/teamlogos/wnba/500/sea.png,72
401856950,2026,2,2026-05-30,2026-05-30T22:00:00Z,6,s:40~l:59~t:6,los-angeles-sparks,Los Angeles,Sparks,LA,Los Angeles Sparks,Sparks,552583,fdb927,https://a.espncdn.com/i/teamlogos/wnba/500/la.png,away,81,FALSE,16,7,18,9,41,27,66,1,24,73,19,26,6,11,17,11,34,9,1,0,32,8,25,29,0,17,21,16,18,s:40~l:59~t:18,connecticut-sun,Connecticut,Sun,CON,Connecticut Sun,Sun,f05023,0a2240,https://a.espncdn.com/i/teamlogos/wnba/500/con.png,84
401856950,2026,2,2026-05-30,2026-05-30T22:00:00Z,18,s:40~l:59~t:18,connecticut-sun,Connecticut,Sun,CON,Connecticut Sun,Sun,f05023,0a2240,https://a.espncdn.com/i/teamlogos/wnba/500/con.png,home,84,TRUE,18,9,25,14,42,28,67,0,29,71,22,31,9,11,76,12,32,11,0,0,27,6,22,37,0,16,16,16,6,s:40~l:59~t:6,los-angeles-sparks,Los Angeles,Sparks,LA,Los Angeles Sparks,Sparks,552583,fdb927,https://a.espncdn.com/i/teamlogos/wnba/500/la.png,81
401856951,2026,2,2026-05-30,2026-05-31T00:00:00Z,5,s:40~l:59~t:5,indiana-fever,Indiana,Fever,IND,Indiana Fever,Fever,002d62,e03a3e,https://a.espncdn.com/i/teamlogos/wnba/500/ind.png,away,84,FALSE,21,3,17,11,41,24,58,0,24,89,31,35,6,1,8,9,34,6,1,1,23,5,22,26,1,18,16,17,132052,s:40~l:59~t:132052,portland-fire,Portland,Fire,POR,Portland Fire,Fire,cee5eb,000000,https://a.espncdn.com/i/teamlogos/wnba/500/por.png,100
401856951,2026,2,2026-05-30,2026-05-31T00:00:00Z,132052,s:40~l:59~t:132052,portland-fire,Portland,Fire,POR,Portland Fire,Fire,cee5eb,000000,https://a.espncdn.com/i/teamlogos/wnba/500/por.png,home,100,TRUE,26,5,17,6,51,36,70,0,26,95,19,20,26,1,89,8,52,8,1,1,39,9,23,25,1,12,14,11,5,s:40~l:59~t:5,indiana-fever,Indiana,Fever,IND,Indiana Fever,Fever,002d62,e03a3e,https://a.espncdn.com/i/teamlogos/wnba/500/ind.png,84
401856945,2026,2,2026-05-29,2026-05-29T23:30:00Z,11,s:40~l:59~t:11,phoenix-mercury,Phoenix,Mercury,PHX,Phoenix Mercury,Mercury,3c286e,fa4b0a,https://a.espncdn.com/i/teamlogos/wnba/500/phx.png,away,68,FALSE,14,3,20,7,34,21,62,0,20,91,20,22,0,0,0,3,22,11,0,0,25,6,24,23,0,9,8,9,9,s:40~l:59~t:9,new-york-liberty,New York,Liberty,NY,New York Liberty,Liberty,86cebc,000000,https://a.espncdn.com/i/teamlogos/wnba/500/ny.png,75
401856945,2026,2,2026-05-29,2026-05-29T23:30:00Z,9,s:40~l:59~t:9,new-york-liberty,New York,Liberty,NY,New York Liberty,Liberty,86cebc,000000,https://a.espncdn.com/i/teamlogos/wnba/500/ny.png,home,75,TRUE,18,5,33,4,43,26,60,0,21,88,15,17,11,0,93,7,30,5,3,1,32,8,25,40,1,19,22,16,11,s:40~l:59~t:11,phoenix-mercury,Phoenix,Mercury,PHX,Phoenix Mercury,Mercury,3c286e,fa4b0a,https://a.espncdn.com/i/teamlogos/wnba/500/phx.png,68
401856946,2026,2,2026-05-29,2026-05-29T23:30:00Z,6,s:40~l:59~t:6,los-angeles-sparks,Los Angeles,Sparks,LA,Los Angeles Sparks,Sparks,552583,fdb927,https://a.espncdn.com/i/teamlogos/wnba/500/la.png,away,92,TRUE,23,2,20,4,50,33,66,1,24,71,20,28,9,7,55,9,50,8,0,1,30,6,20,29,1,14,12,14,16,s:40~l:59~t:16,washington-mystics,Washington,Mystics,WSH,Washington Mystics,Mystics,e03a3e,002b5c,https://a.espncdn.com/i/teamlogos/wnba/500/wsh.png,87
401856946,2026,2,2026-05-29,2026-05-29T23:30:00Z,16,s:40~l:59~t:16,washington-mystics,Washington,Mystics,WSH,Washington Mystics,Mystics,e03a3e,002b5c,https://a.espncdn.com/i/teamlogos/wnba/500/wsh.png,home,87,FALSE,26,4,24,2,51,31,61,0,27,69,20,29,7,7,36,7,50,4,1,0,23,5,22,31,0,16,19,15,6,s:40~l:59~t:6,los-angeles-sparks,Los Angeles,Sparks,LA,Los Angeles Sparks,Sparks,552583,fdb927,https://a.espncdn.com/i/teamlogos/wnba/500/la.png,92
401856947,2026,2,2026-05-29,2026-05-29T23:30:00Z,8,s:40~l:59~t:8,minnesota-lynx,Minnesota,Lynx,MIN,Minnesota Lynx,Lynx,266092,79bc43,https://a.espncdn.com/i/teamlogos/wnba/500/min.png,away,79,TRUE,20,7,37,10,39,28,71,0,17,83,15,18,21,3,88,6,28,13,0,0,29,8,28,43,0,14,10,14,19,s:40~l:59~t:19,chicago-sky,Chicago,Sky,CHI,Chicago Sky,Sky,5091cd,ffd520,https://a.espncdn.com/i/teamlogos/wnba/500/chi.png,58
401856947,2026,2,2026-05-29,2026-05-29T23:30:00Z,19,s:40~l:59~t:19,chicago-sky,Chicago,Sky,CHI,Chicago Sky,Sky,5091cd,ffd520,https://a.espncdn.com/i/teamlogos/wnba/500/chi.png,home,58,FALSE,15,6,32,2,29,20,70,0,19,72,13,18,2,3,3,9,26,6,1,0,17,5,30,41,0,18,19,17,8,s:40~l:59~t:8,minnesota-lynx,Minnesota,Lynx,MIN,Minnesota Lynx,Lynx,266092,79bc43,https://a.espncdn.com/i/teamlogos/wnba/500/min.png,79
401856948,2026,2,2026-05-29,2026-05-30T02:00:00Z,20,s:40~l:59~t:20,atlanta-dream,Atlanta,Dream,ATL,Atlanta Dream,Dream,e31837,5091cc,https://a.espncdn.com/i/teamlogos/wnba/500/atl.png,away,86,TRUE,22,1,17,10,44,30,68,0,14,85,17,20,23,4,88,12,42,16,1,1,30,9,30,29,1,16,8,15,132052,s:40~l:59~t:132052,portland-fire,Portland,Fire,POR,Portland Fire,Fire,cee5eb,000000,https://a.espncdn.com/i/teamlogos/wnba/500/por.png,66
401856948,2026,2,2026-05-29,2026-05-30T02:00:00Z,132052,s:40~l:59~t:132052,portland-fire,Portland,Fire,POR,Portland Fire,Fire,cee5eb,000000,https://a.espncdn.com/i/teamlogos/wnba/500/por.png,home,66,FALSE,18,4,17,2,45,25,56,0,22,88,7,8,3,4,3,6,30,4,0,1,33,9,27,23,1,28,33,28,20,s:40~l:59~t:20,atlanta-dream,Atlanta,Dream,ATL,Atlanta Dream,Dream,e31837,5091cc,https://a.espncdn.com/i/teamlogos/wnba/500/atl.png,86
401856943,2026,2,2026-05-28,2026-05-29T00:00:00Z,17,s:40~l:59~t:17,las-vegas-aces,Las Vegas,Aces,LV,Las Vegas Aces,Aces,a7a8aa,000000,https://a.espncdn.com/i/teamlogos/wnba/500/lv.png,away,87,FALSE,21,3,25,7,44,36,82,0,15,58,7,12,13,6,57,8,48,5,0,1,40,8,20,33,1,5,7,5,3,s:40~l:59~t:3,dallas-wings,Dallas,Wings,DAL,Dallas Wings,Wings,002b5c,c4d600,https://a.espncdn.com/i/teamlogos/wnba/500/dal.png,95
401856943,2026,2,2026-05-28,2026-05-29T00:00:00Z,3,s:40~l:59~t:3,dallas-wings,Dallas,Wings,DAL,Dallas Wings,Wings,002b5c,c4d600,https://a.espncdn.com/i/teamlogos/wnba/500/dal.png,home,95,TRUE,23,5,31,4,49,33,67,1,16,86,19,22,12,6,32,8,38,1,0,1,45,10,22,39,1,10,12,10,17,s:40~l:59~t:17,las-vegas-aces,Las Vegas,Aces,LV,Las Vegas Aces,Aces,a7a8aa,000000,https://a.espncdn.com/i/teamlogos/wnba/500/lv.png,87
401856944,2026,2,2026-05-28,2026-05-29T02:00:00Z,5,s:40~l:59~t:5,indiana-fever,Indiana,Fever,IND,Indiana Fever,Fever,002d62,e03a3e,https://a.espncdn.com/i/teamlogos/wnba/500/ind.png,away,88,FALSE,22,5,27,12,41,30,73,0,25,90,19,21,7,9,15,7,40,7,0,0,32,9,28,34,0,11,8,11,129689,s:40~l:59~t:129689,golden-state-valkyries,Golden State,Valkyries,GS,Golden State Valkyries,Valkyries,b38fcf,000000,https://a.espncdn.com/i/teamlogos/wnba/500/gs.png,90
401856944,2026,2,2026-05-28,2026-05-29T02:00:00Z,129689,s:40~l:59~t:129689,golden-state-valkyries,Golden State,Valkyries,GS,Golden State Valkyries,Valkyries,b38fcf,000000,https://a.espncdn.com/i/teamlogos/wnba/500/gs.png,home,90,TRUE,24,11,29,11,46,31,68,0,21,71,20,28,11,9,69,8,42,5,0,0,38,8,21,37,0,11,15,11,5,s:40~l:59~t:5,indiana-fever,Indiana,Fever,IND,Indiana Fever,Fever,002d62,e03a3e,https://a.espncdn.com/i/teamlogos/wnba/500/ind.png,88
401856938,2026,2,2026-05-27,2026-05-27T23:00:00Z,11,s:40~l:59~t:11,phoenix-mercury,Phoenix,Mercury,PHX,Phoenix Mercury,Mercury,3c286e,fa4b0a,https://a.espncdn.com/i/teamlogos/wnba/500/phx.png,away,74,FALSE,19,5,25,2,42,25,59,0,21,64,14,22,8,6,23,7,28,7,1,0,33,10,30,32,0,17,26,16,9,s:40~l:59~t:9,new-york-liberty,New York,Liberty,NY,New York Liberty,Liberty,86cebc,000000,https://a.espncdn.com/i/teamlogos/wnba/500/ny.png,84
401856938,2026,2,2026-05-27,2026-05-27T23:00:00Z,9,s:40~l:59~t:9,new-york-liberty,New York,Liberty,NY,New York Liberty,Liberty,86cebc,000000,https://a.espncdn.com/i/teamlogos/wnba/500/ny.png,home,84,TRUE,19,2,26,4,42,28,67,0,20,100,14,14,17,6,68,6,20,9,2,1,47,14,30,32,1,13,9,11,11,s:40~l:59~t:11,phoenix-mercury,Phoenix,Mercury,PHX,Phoenix Mercury,Mercury,3c286e,fa4b0a,https://a.espncdn.com/i/teamlogos/wnba/500/phx.png,74
401856939,2026,2,2026-05-27,2026-05-28T00:00:00Z,131935,s:40~l:59~t:131935,toronto-tempo,Toronto,Tempo,TOR,Toronto Tempo,Tempo,33476D,7B1B38,https://a.espncdn.com/i/teamlogos/wnba/500/tor.png,away,111,TRUE,22,4,27,0,56,37,66,1,25,83,25,30,14,3,80,10,44,6,1,0,46,12,26,37,0,14,18,13,19,s:40~l:59~t:19,chicago-sky,Chicago,Sky,CHI,Chicago Sky,Sky,5091cd,ffd520,https://a.espncdn.com/i/teamlogos/wnba/500/chi.png,104
401856939,2026,2,2026-05-27,2026-05-28T00:00:00Z,19,s:40~l:59~t:19,chicago-sky,Chicago,Sky,CHI,Chicago Sky,Sky,5091cd,ffd520,https://a.espncdn.com/i/teamlogos/wnba/500/chi.png,home,104,FALSE,31,3,18,15,48,36,75,0,24,86,25,29,7,3,16,9,54,7,0,0,23,7,31,27,0,9,12,9,131935,s:40~l:59~t:131935,toronto-tempo,Toronto,Tempo,TOR,Toronto Tempo,Tempo,33476D,7B1B38,https://a.espncdn.com/i/teamlogos/wnba/500/tor.png,111
401856940,2026,2,2026-05-27,2026-05-28T01:00:00Z,20,s:40~l:59~t:20,atlanta-dream,Atlanta,Dream,ATL,Atlanta Dream,Dream,e31837,5091cc,https://a.espncdn.com/i/teamlogos/wnba/500/atl.png,away,81,FALSE,23,2,17,4,45,29,65,1,10,75,12,16,0,0,0,10,36,5,2,0,35,11,31,27,0,18,33,16,8,s:40~l:59~t:8,minnesota-lynx,Minnesota,Lynx,MIN,Minnesota Lynx,Lynx,266092,79bc43,https://a.espncdn.com/i/teamlogos/wnba/500/min.png,96
401856940,2026,2,2026-05-27,2026-05-28T01:00:00Z,8,s:40~l:59~t:8,minnesota-lynx,Minnesota,Lynx,MIN,Minnesota Lynx,Lynx,266092,79bc43,https://a.espncdn.com/i/teamlogos/wnba/500/min.png,home,96,TRUE,26,2,19,6,60,40,67,0,16,90,9,10,19,0,97,5,52,10,0,0,37,7,19,24,0,14,18,14,20,s:40~l:59~t:20,atlanta-dream,Atlanta,Dream,ATL,Atlanta Dream,Dream,e31837,5091cc,https://a.espncdn.com/i/teamlogos/wnba/500/atl.png,81
401856941,2026,2,2026-05-27,2026-05-28T02:00:00Z,18,s:40~l:59~t:18,connecticut-sun,Connecticut,Sun,CON,Connecticut Sun,Sun,f05023,0a2240,https://a.espncdn.com/i/teamlogos/wnba/500/con.png,away,61,FALSE,17,3,19,10,39,24,62,0,22,55,12,22,5,13,21,14,38,9,5,1,5,1,21,33,1,22,28,17,132052,s:40~l:59~t:132052,portland-fire,Portland,Fire,POR,Portland Fire,Fire,cee5eb,000000,https://a.espncdn.com/i/teamlogos/wnba/500/por.png,71
401856941,2026,2,2026-05-27,2026-05-28T02:00:00Z,132052,s:40~l:59~t:132052,portland-fire,Portland,Fire,POR,Portland Fire,Fire,cee5eb,000000,https://a.espncdn.com/i/teamlogos/wnba/500/por.png,home,71,TRUE,16,3,20,6,46,24,52,1,21,67,16,24,11,13,74,6,32,10,2,0,32,7,22,26,0,21,19,19,18,s:40~l:59~t:18,connecticut-sun,Connecticut,Sun,CON,Connecticut Sun,Sun,f05023,0a2240,https://a.espncdn.com/i/teamlogos/wnba/500/con.png,61
401856942,2026,2,2026-05-27,2026-05-28T02:00:00Z,16,s:40~l:59~t:16,washington-mystics,Washington,Mystics,WSH,Washington Mystics,Mystics,e03a3e,002b5c,https://a.espncdn.com/i/teamlogos/wnba/500/wsh.png,away,78,TRUE,19,2,27,2,42,28,66,0,22,94,15,16,25,0,99,13,36,4,0,1,33,7,21,40,1,12,8,12,14,s:40~l:59~t:14,seattle-storm,Seattle,Storm,SEA,Seattle Storm,Storm,2c5235,fee11a,https://a.espncdn.com/i/teamlogos/wnba/500/sea.png,64
401856942,2026,2,2026-05-27,2026-05-28T02:00:00Z,14,s:40~l:59~t:14,seattle-storm,Seattle,Storm,SEA,Seattle Storm,Storm,2c5235,fee11a,https://a.espncdn.com/i/teamlogos/wnba/500/sea.png,home,64,FALSE,14,3,19,6,35,22,63,0,21,79,15,19,0,0,0,12,34,7,1,0,22,5,23,31,0,12,15,11,16,s:40~l:59~t:16,washington-mystics,Washington,Mystics,WSH,Washington Mystics,Mystics,e03a3e,002b5c,https://a.espncdn.com/i/teamlogos/wnba/500/wsh.png,78
401856936,2026,2,2026-05-25,2026-05-26T00:00:00Z,132052,s:40~l:59~t:132052,portland-fire,Portland,Fire,POR,Portland Fire,Fire,cee5eb,000000,https://a.espncdn.com/i/teamlogos/wnba/500/por.png,away,81,TRUE,18,6,21,12,41,31,75,0,22,71,10,14,7,5,50,8,36,12,2,0,35,9,26,29,0,14,15,12,9,s:40~l:59~t:9,new-york-liberty,New York,Liberty,NY,New York Liberty,Liberty,86cebc,000000,https://a.espncdn.com/i/teamlogos/wnba/500/ny.png,74
401856936,2026,2,2026-05-25,2026-05-26T00:00:00Z,9,s:40~l:59~t:9,new-york-liberty,New York,Liberty,NY,New York Liberty,Liberty,86cebc,000000,https://a.espncdn.com/i/teamlogos/wnba/500/ny.png,home,74,FALSE,17,8,23,4,40,21,52,0,20,92,24,26,10,5,45,4,26,8,0,1,33,8,24,27,1,19,23,19,132052,s:40~l:59~t:132052,portland-fire,Portland,Fire,POR,Portland Fire,Fire,cee5eb,000000,https://a.espncdn.com/i/teamlogos/wnba/500/por.png,81
401856937,2026,2,2026-05-25,2026-05-26T02:00:00Z,18,s:40~l:59~t:18,connecticut-sun,Connecticut,Sun,CON,Connecticut Sun,Sun,f05023,0a2240,https://a.espncdn.com/i/teamlogos/wnba/500/con.png,away,70,FALSE,13,4,24,9,39,22,57,0,26,71,20,28,0,0,0,8,20,10,0,2,33,6,18,32,2,18,24,18,129689,s:40~l:59~t:129689,golden-state-valkyries,Golden State,Valkyries,GS,Golden State Valkyries,Valkyries,b38fcf,000000,https://a.espncdn.com/i/teamlogos/wnba/500/gs.png,97
401856937,2026,2,2026-05-25,2026-05-26T02:00:00Z,129689,s:40~l:59~t:129689,golden-state-valkyries,Golden State,Valkyries,GS,Golden State Valkyries,Valkyries,b38fcf,000000,https://a.espncdn.com/i/teamlogos/wnba/500/gs.png,home,97,TRUE,24,2,24,1,47,34,73,0,25,70,16,23,34,0,99,11,34,7,0,0,39,13,33,35,0,12,11,12,18,s:40~l:59~t:18,connecticut-sun,Connecticut,Sun,CON,Connecticut Sun,Sun,f05023,0a2240,https://a.espncdn.com/i/teamlogos/wnba/500/con.png,70
401856933,2026,2,2026-05-24,2026-05-24T19:00:00Z,11,s:40~l:59~t:11,phoenix-mercury,Phoenix,Mercury,PHX,Phoenix Mercury,Mercury,3c286e,fa4b0a,https://a.espncdn.com/i/teamlogos/wnba/500/phx.png,away,80,FALSE,14,6,27,6,44,29,66,0,19,95,18,19,15,3,95,9,42,8,0,2,19,4,21,36,2,15,15,15,20,s:40~l:59~t:20,atlanta-dream,Atlanta,Dream,ATL,Atlanta Dream,Dream,e31837,5091cc,https://a.espncdn.com/i/teamlogos/wnba/500/atl.png,82
401856933,2026,2,2026-05-24,2026-05-24T19:00:00Z,20,s:40~l:59~t:20,atlanta-dream,Atlanta,Dream,ATL,Atlanta Dream,Dream,e31837,5091cc,https://a.espncdn.com/i/teamlogos/wnba/500/atl.png,home,82,TRUE,22,3,26,21,44,30,68,2,16,52,11,21,4,3,3,12,38,9,0,2,42,11,26,38,2,14,12,14,11,s:40~l:59~t:11,phoenix-mercury,Phoenix,Mercury,PHX,Phoenix Mercury,Mercury,3c286e,fa4b0a,https://a.espncdn.com/i/teamlogos/wnba/500/phx.png,80
401856934,2026,2,2026-05-24,2026-05-24T19:30:00Z,3,s:40~l:59~t:3,dallas-wings,Dallas,Wings,DAL,Dallas Wings,Wings,002b5c,c4d600,https://a.espncdn.com/i/teamlogos/wnba/500/dal.png,away,91,TRUE,22,5,28,17,46,30,65,0,16,84,16,19,16,1,45,6,20,6,3,0,43,15,35,34,0,11,15,8,9,s:40~l:59~t:9,new-york-liberty,New York,Liberty,NY,New York Liberty,Liberty,86cebc,000000,https://a.espncdn.com/i/teamlogos/wnba/500/ny.png,76
401856934,2026,2,2026-05-24,2026-05-24T19:30:00Z,9,s:40~l:59~t:9,new-york-liberty,New York,Liberty,NY,New York Liberty,Liberty,86cebc,000000,https://a.espncdn.com/i/teamlogos/wnba/500/ny.png,home,76,FALSE,21,0,24,10,39,28,72,0,18,86,12,14,9,1,54,10,40,4,2,0,31,8,26,34,0,11,6,9,3,s:40~l:59~t:3,dallas-wings,Dallas,Wings,DAL,Dallas Wings,Wings,002b5c,c4d600,https://a.espncdn.com/i/teamlogos/wnba/500/dal.png,91
401856935,2026,2,2026-05-24,2026-05-24T22:00:00Z,16,s:40~l:59~t:16,washington-mystics,Washington,Mystics,WSH,Washington Mystics,Mystics,e03a3e,002b5c,https://a.espncdn.com/i/teamlogos/wnba/500/wsh.png,away,85,FALSE,14,5,20,12,40,23,57,0,26,85,35,41,7,1,23,6,36,9,1,0,20,4,20,26,0,14,15,13,14,s:40~l:59~t:14,seattle-storm,Seattle,Storm,SEA,Seattle Storm,Storm,2c5235,fee11a,https://a.espncdn.com/i/teamlogos/wnba/500/sea.png,97
401856935,2026,2,2026-05-24,2026-05-24T22:00:00Z,14,s:40~l:59~t:14,seattle-storm,Seattle,Storm,SEA,Seattle Storm,Storm,2c5235,fee11a,https://a.espncdn.com/i/teamlogos/wnba/500/sea.png,home,97,TRUE,20,3,21,5,44,26,59,0,28,94,32,34,26,1,74,3,18,10,1,0,46,13,28,24,0,15,18,14,16,s:40~l:59~t:16,washington-mystics,Washington,Mystics,WSH,Washington Mystics,Mystics,e03a3e,002b5c,https://a.espncdn.com/i/teamlogos/wnba/500/wsh.png,85
401856930,2026,2,2026-05-23,2026-05-23T17:00:00Z,8,s:40~l:59~t:8,minnesota-lynx,Minnesota,Lynx,MIN,Minnesota Lynx,Lynx,266092,79bc43,https://a.espncdn.com/i/teamlogos/wnba/500/min.png,away,85,TRUE,19,7,41,6,43,32,74,1,24,81,17,21,16,3,91,13,42,7,5,1,25,4,16,54,1,24,29,19,19,s:40~l:59~t:19,chicago-sky,Chicago,Sky,CHI,Chicago Sky,Sky,5091cd,ffd520,https://a.espncdn.com/i/teamlogos/wnba/500/chi.png,75
401856930,2026,2,2026-05-23,2026-05-23T17:00:00Z,19,s:40~l:59~t:19,chicago-sky,Chicago,Sky,CHI,Chicago Sky,Sky,5091cd,ffd520,https://a.espncdn.com/i/teamlogos/wnba/500/chi.png,home,75,FALSE,14,2,21,13,32,23,73,0,22,77,23,30,6,3,5,7,30,11,0,2,21,6,29,28,2,11,6,11,8,s:40~l:59~t:8,minnesota-lynx,Minnesota,Lynx,MIN,Minnesota Lynx,Lynx,266092,79bc43,https://a.espncdn.com/i/teamlogos/wnba/500/min.png,85
401856931,2026,2,2026-05-23,2026-05-23T22:00:00Z,132052,s:40~l:59~t:132052,portland-fire,Portland,Fire,POR,Portland Fire,Fire,cee5eb,000000,https://a.espncdn.com/i/teamlogos/wnba/500/por.png,away,99,TRUE,24,7,23,7,50,35,70,0,22,86,18,21,23,11,60,10,44,7,0,0,48,11,23,33,0,14,13,14,131935,s:40~l:59~t:131935,toronto-tempo,Toronto,Tempo,TOR,Toronto Tempo,Tempo,33476D,7B1B38,https://a.espncdn.com/i/teamlogos/wnba/500/tor.png,80
401856931,2026,2,2026-05-23,2026-05-23T22:00:00Z,131935,s:40~l:59~t:131935,toronto-tempo,Toronto,Tempo,TOR,Toronto Tempo,Tempo,33476D,7B1B38,https://a.espncdn.com/i/teamlogos/wnba/500/tor.png,home,80,FALSE,19,4,19,16,45,30,66,0,21,78,14,18,9,11,26,10,42,3,0,0,24,6,25,29,0,17,28,17,132052,s:40~l:59~t:132052,portland-fire,Portland,Fire,POR,Portland Fire,Fire,cee5eb,000000,https://a.espncdn.com/i/teamlogos/wnba/500/por.png,99
401856932,2026,2,2026-05-23,2026-05-24T00:00:00Z,6,s:40~l:59~t:6,los-angeles-sparks,Los Angeles,Sparks,LA,Los Angeles Sparks,Sparks,552583,fdb927,https://a.espncdn.com/i/teamlogos/wnba/500/la.png,away,101,TRUE,26,1,26,12,55,37,67,0,24,87,13,15,7,19,50,4,36,8,0,0,48,14,29,30,0,17,17,17,17,s:40~l:59~t:17,las-vegas-aces,Las Vegas,Aces,LV,Las Vegas Aces,Aces,a7a8aa,000000,https://a.espncdn.com/i/teamlogos/wnba/500/lv.png,95
401856932,2026,2,2026-05-23,2026-05-24T00:00:00Z,17,s:40~l:59~t:17,las-vegas-aces,Las Vegas,Aces,LV,Las Vegas Aces,Aces,a7a8aa,000000,https://a.espncdn.com/i/teamlogos/wnba/500/lv.png,home,95,FALSE,21,9,23,7,45,34,76,0,20,81,17,21,9,19,37,13,40,6,0,0,34,10,29,36,0,14,8,14,6,s:40~l:59~t:6,los-angeles-sparks,Los Angeles,Sparks,LA,Los Angeles Sparks,Sparks,552583,fdb927,https://a.espncdn.com/i/teamlogos/wnba/500/la.png,101
401856927,2026,2,2026-05-22,2026-05-22T23:30:00Z,3,s:40~l:59~t:3,dallas-wings,Dallas,Wings,DAL,Dallas Wings,Wings,002b5c,c4d600,https://a.espncdn.com/i/teamlogos/wnba/500/dal.png,away,69,FALSE,21,8,16,17,38,28,74,0,18,50,6,12,1,2,1,10,42,9,1,1,25,7,28,26,1,15,18,14,20,s:40~l:59~t:20,atlanta-dream,Atlanta,Dream,ATL,Atlanta Dream,Dream,e31837,5091cc,https://a.espncdn.com/i/teamlogos/wnba/500/atl.png,86
401856927,2026,2,2026-05-22,2026-05-22T23:30:00Z,20,s:40~l:59~t:20,atlanta-dream,Atlanta,Dream,ATL,Atlanta Dream,Dream,e31837,5091cc,https://a.espncdn.com/i/teamlogos/wnba/500/atl.png,home,86,TRUE,22,4,30,5,55,34,62,0,12,92,12,13,19,2,99,5,54,6,1,0,40,6,15,35,0,18,25,17,3,s:40~l:59~t:3,dallas-wings,Dallas,Wings,DAL,Dallas Wings,Wings,002b5c,c4d600,https://a.espncdn.com/i/teamlogos/wnba/500/dal.png,69
401856928,2026,2,2026-05-22,2026-05-22T23:30:00Z,129689,s:40~l:59~t:129689,golden-state-valkyries,Golden State,Valkyries,GS,Golden State Valkyries,Valkyries,b38fcf,000000,https://a.espncdn.com/i/teamlogos/wnba/500/gs.png,away,82,FALSE,11,3,18,4,37,26,70,0,24,85,23,27,8,12,42,10,30,9,0,2,32,7,22,28,2,14,9,14,5,s:40~l:59~t:5,indiana-fever,Indiana,Fever,IND,Indiana Fever,Fever,002d62,e03a3e,https://a.espncdn.com/i/teamlogos/wnba/500/ind.png,90
401856928,2026,2,2026-05-22,2026-05-22T23:30:00Z,5,s:40~l:59~t:5,indiana-fever,Indiana,Fever,IND,Indiana Fever,Fever,002d62,e03a3e,https://a.espncdn.com/i/teamlogos/wnba/500/ind.png,home,90,TRUE,22,2,26,6,46,29,63,1,26,76,22,29,10,12,53,8,28,7,1,2,38,10,26,34,2,19,14,18,129689,s:40~l:59~t:129689,golden-state-valkyries,Golden State,Valkyries,GS,Golden State Valkyries,Valkyries,b38fcf,000000,https://a.espncdn.com/i/teamlogos/wnba/500/gs.png,82
401856929,2026,2,2026-05-22,2026-05-23T02:00:00Z,18,s:40~l:59~t:18,connecticut-sun,Connecticut,Sun,CON,Connecticut Sun,Sun,f05023,0a2240,https://a.espncdn.com/i/teamlogos/wnba/500/con.png,away,59,FALSE,15,3,25,12,37,23,62,0,18,64,9,14,8,1,30,8,32,9,3,0,24,4,17,33,0,15,16,12,14,s:40~l:59~t:14,seattle-storm,Seattle,Storm,SEA,Seattle Storm,Storm,2c5235,fee11a,https://a.espncdn.com/i/teamlogos/wnba/500/sea.png,77
401856929,2026,2,2026-05-22,2026-05-23T02:00:00Z,14,s:40~l:59~t:14,seattle-storm,Seattle,Storm,SEA,Seattle Storm,Storm,2c5235,fee11a,https://a.espncdn.com/i/teamlogos/wnba/500/sea.png,home,77,TRUE,22,7,32,7,47,28,60,0,18,76,13,17,21,1,66,6,38,7,0,0,38,8,21,38,0,15,12,15,18,s:40~l:59~t:18,connecticut-sun,Connecticut,Sun,CON,Connecticut Sun,Sun,f05023,0a2240,https://a.espncdn.com/i/teamlogos/wnba/500/con.png,59
401856924,2026,2,2026-05-21,2026-05-22T00:00:00Z,129689,s:40~l:59~t:129689,golden-state-valkyries,Golden State,Valkyries,GS,Golden State Valkyries,Valkyries,b38fcf,000000,https://a.espncdn.com/i/teamlogos/wnba/500/gs.png,away,87,TRUE,18,3,27,8,39,28,71,0,17,72,18,25,24,1,96,9,28,5,1,0,37,13,35,36,0,6,5,5,9,s:40~l:59~t:9,new-york-liberty,New York,Liberty,NY,New York Liberty,Liberty,86cebc,000000,https://a.espncdn.com/i/teamlogos/wnba/500/ny.png,70
401856924,2026,2,2026-05-21,2026-05-22T00:00:00Z,9,s:40~l:59~t:9,new-york-liberty,New York,Liberty,NY,New York Liberty,Liberty,86cebc,000000,https://a.espncdn.com/i/teamlogos/wnba/500/ny.png,home,70,FALSE,20,4,31,4,42,26,62,0,22,75,12,16,3,1,1,6,36,2,1,1,25,6,24,37,1,15,17,14,129689,s:40~l:59~t:129689,golden-state-valkyries,Golden State,Valkyries,GS,Golden State Valkyries,Valkyries,b38fcf,000000,https://a.espncdn.com/i/teamlogos/wnba/500/gs.png,87
401856925,2026,2,2026-05-21,2026-05-22T00:00:00Z,131935,s:40~l:59~t:131935,toronto-tempo,Toronto,Tempo,TOR,Toronto Tempo,Tempo,33476D,7B1B38,https://a.espncdn.com/i/teamlogos/wnba/500/tor.png,away,72,FALSE,19,3,16,10,34,24,71,0,23,86,12,14,0,0,0,9,24,5,0,0,29,12,41,25,0,13,12,13,8,s:40~l:59~t:8,minnesota-lynx,Minnesota,Lynx,MIN,Minnesota Lynx,Lynx,266092,79bc43,https://a.espncdn.com/i/teamlogos/wnba/500/min.png,100
401856925,2026,2,2026-05-21,2026-05-22T00:00:00Z,8,s:40~l:59~t:8,minnesota-lynx,Minnesota,Lynx,MIN,Minnesota Lynx,Lynx,266092,79bc43,https://a.espncdn.com/i/teamlogos/wnba/500/min.png,home,100,TRUE,24,3,31,9,55,38,69,1,14,67,14,21,28,0,99,15,42,7,0,2,42,10,24,46,2,14,6,14,131935,s:40~l:59~t:131935,toronto-tempo,Toronto,Tempo,TOR,Toronto Tempo,Tempo,33476D,7B1B38,https://a.espncdn.com/i/teamlogos/wnba/500/tor.png,72
401856926,2026,2,2026-05-21,2026-05-22T02:00:00Z,6,s:40~l:59~t:6,los-angeles-sparks,Los Angeles,Sparks,LA,Los Angeles Sparks,Sparks,552583,fdb927,https://a.espncdn.com/i/teamlogos/wnba/500/la.png,away,97,TRUE,23,4,24,5,48,31,64,0,25,91,20,22,21,11,91,7,26,8,0,0,47,15,32,31,0,17,18,17,11,s:40~l:59~t:11,phoenix-mercury,Phoenix,Mercury,PHX,Phoenix Mercury,Mercury,3c286e,fa4b0a,https://a.espncdn.com/i/teamlogos/wnba/500/phx.png,88
401856926,2026,2,2026-05-21,2026-05-22T02:00:00Z,11,s:40~l:59~t:11,phoenix-mercury,Phoenix,Mercury,PHX,Phoenix Mercury,Mercury,3c286e,fa4b0a,https://a.espncdn.com/i/teamlogos/wnba/500/phx.png,home,88,FALSE,17,2,22,9,42,29,69,1,24,76,22,29,2,11,7,11,40,9,0,1,32,8,25,33,1,13,19,13,6,s:40~l:59~t:6,los-angeles-sparks,Los Angeles,Sparks,LA,Los Angeles Sparks,Sparks,552583,fdb927,https://a.espncdn.com/i/teamlogos/wnba/500/la.png,97
401856921,2026,2,2026-05-20,2026-05-20T23:00:00Z,132052,s:40~l:59~t:132052,portland-fire,Portland,Fire,POR,Portland Fire,Fire,cee5eb,000000,https://a.espncdn.com/i/teamlogos/wnba/500/por.png,away,73,FALSE,9,3,25,6,44,27,62,1,26,94,16,17,0,0,0,3,46,8,2,0,19,3,16,28,0,14,20,12,5,s:40~l:59~t:5,indiana-fever,Indiana,Fever,IND,Indiana Fever,Fever,002d62,e03a3e,https://a.espncdn.com/i/teamlogos/wnba/500/ind.png,90
401856921,2026,2,2026-05-20,2026-05-20T23:00:00Z,5,s:40~l:59~t:5,indiana-fever,Indiana,Fever,IND,Indiana Fever,Fever,002d62,e03a3e,https://a.espncdn.com/i/teamlogos/wnba/500/ind.png,home,90,TRUE,21,5,31,8,45,28,62,0,21,86,25,29,26,0,97,5,34,6,2,2,32,9,28,36,2,16,14,14,132052,s:40~l:59~t:132052,portland-fire,Portland,Fire,POR,Portland Fire,Fire,cee5eb,000000,https://a.espncdn.com/i/teamlogos/wnba/500/por.png,73
401856922,2026,2,2026-05-20,2026-05-21T01:00:00Z,3,s:40~l:59~t:3,dallas-wings,Dallas,Wings,DAL,Dallas Wings,Wings,002b5c,c4d600,https://a.espncdn.com/i/teamlogos/wnba/500/dal.png,away,99,TRUE,28,1,27,6,50,36,72,0,20,78,18,23,12,4,48,9,38,5,1,1,43,9,21,36,1,9,15,8,19,s:40~l:59~t:19,chicago-sky,Chicago,Sky,CHI,Chicago Sky,Sky,5091cd,ffd520,https://a.espncdn.com/i/teamlogos/wnba/500/chi.png,89
401856922,2026,2,2026-05-20,2026-05-21T01:00:00Z,19,s:40~l:59~t:19,chicago-sky,Chicago,Sky,CHI,Chicago Sky,Sky,5091cd,ffd520,https://a.espncdn.com/i/teamlogos/wnba/500/chi.png,home,89,FALSE,20,5,24,8,48,32,67,0,23,83,20,24,11,4,47,6,48,4,1,1,24,5,21,30,1,10,12,9,3,s:40~l:59~t:3,dallas-wings,Dallas,Wings,DAL,Dallas Wings,Wings,002b5c,c4d600,https://a.espncdn.com/i/teamlogos/wnba/500/dal.png,99
401856923,2026,2,2026-05-20,2026-05-21T02:00:00Z,18,s:40~l:59~t:18,connecticut-sun,Connecticut,Sun,CON,Connecticut Sun,Sun,f05023,0a2240,https://a.espncdn.com/i/teamlogos/wnba/500/con.png,away,80,TRUE,14,3,27,14,44,32,72,1,19,65,11,17,8,10,77,11,50,10,2,1,25,5,20,38,1,13,11,11,14,s:40~l:59~t:14,seattle-storm,Seattle,Storm,SEA,Seattle Storm,Storm,2c5235,fee11a,https://a.espncdn.com/i/teamlogos/wnba/500/sea.png,78
401856923,2026,2,2026-05-20,2026-05-21T02:00:00Z,14,s:40~l:59~t:14,seattle-storm,Seattle,Storm,SEA,Seattle Storm,Storm,2c5235,fee11a,https://a.espncdn.com/i/teamlogos/wnba/500/sea.png,home,78,FALSE,15,6,21,4,40,25,63,0,15,88,22,25,5,10,12,5,36,8,3,0,26,6,23,26,0,17,20,14,18,s:40~l:59~t:18,connecticut-sun,Connecticut,Sun,CON,Connecticut Sun,Sun,f05023,0a2240,https://a.espncdn.com/i/teamlogos/wnba/500/con.png,80
401856920,2026,2,2026-05-19,2026-05-20T02:00:00Z,131935,s:40~l:59~t:131935,toronto-tempo,Toronto,Tempo,TOR,Toronto Tempo,Tempo,33476D,7B1B38,https://a.espncdn.com/i/teamlogos/wnba/500/tor.png,away,98,TRUE,15,2,27,7,46,34,74,0,26,83,15,18,8,24,39,8,26,4,1,1,42,15,36,35,1,12,11,11,11,s:40~l:59~t:11,phoenix-mercury,Phoenix,Mercury,PHX,Phoenix Mercury,Mercury,3c286e,fa4b0a,https://a.espncdn.com/i/teamlogos/wnba/500/phx.png,90
401856920,2026,2,2026-05-19,2026-05-20T02:00:00Z,11,s:40~l:59~t:11,phoenix-mercury,Phoenix,Mercury,PHX,Phoenix Mercury,Mercury,3c286e,fa4b0a,https://a.espncdn.com/i/teamlogos/wnba/500/phx.png,home,90,FALSE,20,1,24,11,46,32,70,0,17,79,22,28,6,24,48,8,52,6,0,0,18,4,22,32,0,9,14,9,131935,s:40~l:59~t:131935,toronto-tempo,Toronto,Tempo,TOR,Toronto Tempo,Tempo,33476D,7B1B38,https://a.espncdn.com/i/teamlogos/wnba/500/tor.png,98
401856918,2026,2,2026-05-18,2026-05-19T00:00:00Z,16,s:40~l:59~t:16,washington-mystics,Washington,Mystics,WSH,Washington Mystics,Mystics,e03a3e,002b5c,https://a.espncdn.com/i/teamlogos/wnba/500/wsh.png,away,69,FALSE,16,1,22,3,49,24,49,0,17,80,16,20,1,2,1,2,34,3,1,0,42,5,12,24,0,19,23,18,3,s:40~l:59~t:3,dallas-wings,Dallas,Wings,DAL,Dallas Wings,Wings,002b5c,c4d600,https://a.espncdn.com/i/teamlogos/wnba/500/dal.png,92
401856918,2026,2,2026-05-18,2026-05-19T00:00:00Z,3,s:40~l:59~t:3,dallas-wings,Dallas,Wings,DAL,Dallas Wings,Wings,002b5c,c4d600,https://a.espncdn.com/i/teamlogos/wnba/500/dal.png,home,92,TRUE,30,1,20,13,47,33,70,0,20,88,15,17,25,2,97,11,36,10,1,0,46,11,24,31,0,9,11,8,16,s:40~l:59~t:16,washington-mystics,Washington,Mystics,WSH,Washington Mystics,Mystics,e03a3e,002b5c,https://a.espncdn.com/i/teamlogos/wnba/500/wsh.png,69
401856919,2026,2,2026-05-18,2026-05-19T02:00:00Z,18,s:40~l:59~t:18,connecticut-sun,Connecticut,Sun,CON,Connecticut Sun,Sun,f05023,0a2240,https://a.espncdn.com/i/teamlogos/wnba/500/con.png,away,82,FALSE,23,6,22,10,51,32,63,0,25,55,11,20,7,14,60,10,36,9,1,0,35,7,20,32,0,18,27,17,132052,s:40~l:59~t:132052,portland-fire,Portland,Fire,POR,Portland Fire,Fire,cee5eb,000000,https://a.espncdn.com/i/teamlogos/wnba/500/por.png,83
401856919,2026,2,2026-05-18,2026-05-19T02:00:00Z,132052,s:40~l:59~t:132052,portland-fire,Portland,Fire,POR,Portland Fire,Fire,cee5eb,000000,https://a.espncdn.com/i/teamlogos/wnba/500/por.png,home,83,TRUE,23,3,20,9,45,28,62,1,23,77,20,26,4,14,27,7,40,11,0,1,32,7,22,27,1,15,22,15,18,s:40~l:59~t:18,connecticut-sun,Connecticut,Sun,CON,Connecticut Sun,Sun,f05023,0a2240,https://a.espncdn.com/i/teamlogos/wnba/500/con.png,82
401856915,2026,2,2026-05-17,2026-05-17T17:30:00Z,17,s:40~l:59~t:17,las-vegas-aces,Las Vegas,Aces,LV,Las Vegas Aces,Aces,a7a8aa,000000,https://a.espncdn.com/i/teamlogos/wnba/500/lv.png,away,85,TRUE,21,8,32,5,42,31,73,0,23,76,13,17,19,4,95,6,38,5,0,0,37,10,27,38,0,13,16,13,20,s:40~l:59~t:20,atlanta-dream,Atlanta,Dream,ATL,Atlanta Dream,Dream,e31837,5091cc,https://a.espncdn.com/i/teamlogos/wnba/500/atl.png,84
401856915,2026,2,2026-05-17,2026-05-17T17:30:00Z,20,s:40~l:59~t:20,atlanta-dream,Atlanta,Dream,ATL,Atlanta Dream,Dream,e31837,5091cc,https://a.espncdn.com/i/teamlogos/wnba/500/atl.png,home,84,FALSE,15,5,34,11,37,27,73,0,23,68,25,37,2,4,2,11,42,9,0,0,22,5,23,45,0,13,10,13,17,s:40~l:59~t:17,las-vegas-aces,Las Vegas,Aces,LV,Las Vegas Aces,Aces,a7a8aa,000000,https://a.espncdn.com/i/teamlogos/wnba/500/lv.png,85
401856916,2026,2,2026-05-17,2026-05-17T22:00:00Z,14,s:40~l:59~t:14,seattle-storm,Seattle,Storm,SEA,Seattle Storm,Storm,2c5235,fee11a,https://a.espncdn.com/i/teamlogos/wnba/500/sea.png,away,78,FALSE,17,8,21,6,35,25,71,0,22,81,22,27,1,2,2,3,30,9,0,0,26,6,23,24,0,8,14,8,5,s:40~l:59~t:5,indiana-fever,Indiana,Fever,IND,Indiana Fever,Fever,002d62,e03a3e,https://a.espncdn.com/i/teamlogos/wnba/500/ind.png,89
401856916,2026,2,2026-05-17,2026-05-17T22:00:00Z,5,s:40~l:59~t:5,indiana-fever,Indiana,Fever,IND,Indiana Fever,Fever,002d62,e03a3e,https://a.espncdn.com/i/teamlogos/wnba/500/ind.png,home,89,TRUE,22,6,31,12,46,31,67,0,23,100,22,22,20,2,95,7,50,5,3,0,24,5,21,38,0,20,22,17,14,s:40~l:59~t:14,seattle-storm,Seattle,Storm,SEA,Seattle Storm,Storm,2c5235,fee11a,https://a.espncdn.com/i/teamlogos/wnba/500/sea.png,78
401856914,2026,2,2026-05-17,2026-05-17T23:00:00Z,19,s:40~l:59~t:19,chicago-sky,Chicago,Sky,CHI,Chicago Sky,Sky,5091cd,ffd520,https://a.espncdn.com/i/teamlogos/wnba/500/chi.png,away,86,TRUE,17,4,30,12,45,30,67,0,16,80,20,25,11,6,56,9,40,7,1,1,30,6,20,39,1,15,15,14,8,s:40~l:59~t:8,minnesota-lynx,Minnesota,Lynx,MIN,Minnesota Lynx,Lynx,266092,79bc43,https://a.espncdn.com/i/teamlogos/wnba/500/min.png,79
401856914,2026,2,2026-05-17,2026-05-17T23:00:00Z,8,s:40~l:59~t:8,minnesota-lynx,Minnesota,Lynx,MIN,Minnesota Lynx,Lynx,266092,79bc43,https://a.espncdn.com/i/teamlogos/wnba/500/min.png,home,79,FALSE,20,3,27,9,44,32,73,0,21,67,8,12,6,6,35,8,40,10,0,1,32,7,22,35,1,15,12,15,19,s:40~l:59~t:19,chicago-sky,Chicago,Sky,CHI,Chicago Sky,Sky,5091cd,ffd520,https://a.espncdn.com/i/teamlogos/wnba/500/chi.png,86
401856917,2026,2,2026-05-17,2026-05-17T23:00:00Z,131935,s:40~l:59~t:131935,toronto-tempo,Toronto,Tempo,TOR,Toronto Tempo,Tempo,33476D,7B1B38,https://a.espncdn.com/i/teamlogos/wnba/500/tor.png,away,106,TRUE,17,3,16,8,48,29,61,0,27,93,39,42,17,5,88,9,38,8,0,1,38,9,24,25,1,12,8,12,6,s:40~l:59~t:6,los-angeles-sparks,Los Angeles,Sparks,LA,Los Angeles Sparks,Sparks,552583,fdb927,https://a.espncdn.com/i/teamlogos/wnba/500/la.png,96
401856917,2026,2,2026-05-17,2026-05-17T23:00:00Z,6,s:40~l:59~t:6,los-angeles-sparks,Los Angeles,Sparks,LA,Los Angeles Sparks,Sparks,552583,fdb927,https://a.espncdn.com/i/teamlogos/wnba/500/la.png,home,96,FALSE,26,3,17,4,52,33,64,1,32,77,23,30,2,5,5,9,48,6,1,2,30,7,23,26,2,14,18,13,131935,s:40~l:59~t:131935,toronto-tempo,Toronto,Tempo,TOR,Toronto Tempo,Tempo,33476D,7B1B38,https://a.espncdn.com/i/teamlogos/wnba/500/tor.png,106
401856910,2026,2,2026-05-15,2026-05-15T23:30:00Z,17,s:40~l:59~t:17,las-vegas-aces,Las Vegas,Aces,LV,Las Vegas Aces,Aces,a7a8aa,000000,https://a.espncdn.com/i/teamlogos/wnba/500/lv.png,away,101,TRUE,24,6,25,12,60,35,58,0,18,78,25,32,15,0,99,3,54,6,1,1,46,6,13,28,1,18,18,17,18,s:40~l:59~t:18,connecticut-sun,Connecticut,Sun,CON,Connecticut Sun,Sun,f05023,0a2240,https://a.espncdn.com/i/teamlogos/wnba/500/con.png,94
401856910,2026,2,2026-05-15,2026-05-15T23:30:00Z,18,s:40~l:59~t:18,connecticut-sun,Connecticut,Sun,CON,Connecticut Sun,Sun,f05023,0a2240,https://a.espncdn.com/i/teamlogos/wnba/500/con.png,home,94,FALSE,24,2,21,12,44,36,81,0,25,87,13,15,0,0,0,11,44,11,0,0,36,9,25,32,0,13,15,13,17,s:40~l:59~t:17,las-vegas-aces,Las Vegas,Aces,LV,Las Vegas Aces,Aces,a7a8aa,000000,https://a.espncdn.com/i/teamlogos/wnba/500/lv.png,101
401856911,2026,2,2026-05-15,2026-05-15T23:30:00Z,16,s:40~l:59~t:16,washington-mystics,Washington,Mystics,WSH,Washington Mystics,Mystics,e03a3e,002b5c,https://a.espncdn.com/i/teamlogos/wnba/500/wsh.png,away,104,TRUE,18,8,36,9,56,38,68,0,28,79,22,28,14,10,69,8,58,3,1,1,38,6,16,44,1,21,27,20,5,s:40~l:59~t:5,indiana-fever,Indiana,Fever,IND,Indiana Fever,Fever,002d62,e03a3e,https://a.espncdn.com/i/teamlogos/wnba/500/ind.png,102
401856911,2026,2,2026-05-15,2026-05-15T23:30:00Z,5,s:40~l:59~t:5,indiana-fever,Indiana,Fever,IND,Indiana Fever,Fever,002d62,e03a3e,https://a.espncdn.com/i/teamlogos/wnba/500/ind.png,home,102,FALSE,23,4,18,13,39,36,92,0,25,68,13,19,13,10,28,11,28,13,0,0,40,17,42,29,0,11,15,11,16,s:40~l:59~t:16,washington-mystics,Washington,Mystics,WSH,Washington Mystics,Mystics,e03a3e,002b5c,https://a.espncdn.com/i/teamlogos/wnba/500/wsh.png,104
401856912,2026,2,2026-05-15,2026-05-16T02:00:00Z,131935,s:40~l:59~t:131935,toronto-tempo,Toronto,Tempo,TOR,Toronto Tempo,Tempo,33476D,7B1B38,https://a.espncdn.com/i/teamlogos/wnba/500/tor.png,away,95,FALSE,22,4,16,11,44,31,70,0,24,95,21,22,0,0,0,10,30,13,1,0,36,12,33,26,0,14,20,13,6,s:40~l:59~t:6,los-angeles-sparks,Los Angeles,Sparks,LA,Los Angeles Sparks,Sparks,552583,fdb927,https://a.espncdn.com/i/teamlogos/wnba/500/la.png,99
401856912,2026,2,2026-05-15,2026-05-16T02:00:00Z,6,s:40~l:59~t:6,los-angeles-sparks,Los Angeles,Sparks,LA,Los Angeles Sparks,Sparks,552583,fdb927,https://a.espncdn.com/i/teamlogos/wnba/500/la.png,home,99,TRUE,26,1,22,6,64,37,58,1,18,80,16,20,20,0,99,2,54,6,0,3,43,9,21,24,3,16,19,16,131935,s:40~l:59~t:131935,toronto-tempo,Toronto,Tempo,TOR,Toronto Tempo,Tempo,33476D,7B1B38,https://a.espncdn.com/i/teamlogos/wnba/500/tor.png,95
401856913,2026,2,2026-05-15,2026-05-16T02:00:00Z,19,s:40~l:59~t:19,chicago-sky,Chicago,Sky,CHI,Chicago Sky,Sky,5091cd,ffd520,https://a.espncdn.com/i/teamlogos/wnba/500/chi.png,away,83,FALSE,16,7,21,12,43,29,68,1,30,73,19,26,2,4,3,6,38,5,2,0,27,6,22,27,0,13,15,11,11,s:40~l:59~t:11,phoenix-mercury,Phoenix,Mercury,PHX,Phoenix Mercury,Mercury,3c286e,fa4b0a,https://a.espncdn.com/i/teamlogos/wnba/500/phx.png,91
401856913,2026,2,2026-05-15,2026-05-16T02:00:00Z,11,s:40~l:59~t:11,phoenix-mercury,Phoenix,Mercury,PHX,Phoenix Mercury,Mercury,3c286e,fa4b0a,https://a.espncdn.com/i/teamlogos/wnba/500/phx.png,home,91,TRUE,12,7,30,14,39,24,62,0,22,90,37,41,17,4,91,10,32,5,0,1,29,6,21,40,1,15,19,15,19,s:40~l:59~t:19,chicago-sky,Chicago,Sky,CHI,Chicago Sky,Sky,5091cd,ffd520,https://a.espncdn.com/i/teamlogos/wnba/500/chi.png,83
401856908,2026,2,2026-05-14,2026-05-15T00:00:00Z,8,s:40~l:59~t:8,minnesota-lynx,Minnesota,Lynx,MIN,Minnesota Lynx,Lynx,266092,79bc43,https://a.espncdn.com/i/teamlogos/wnba/500/min.png,away,90,TRUE,20,7,25,9,60,35,58,0,19,78,14,18,4,7,10,6,48,6,1,1,46,6,13,31,1,17,15,16,3,s:40~l:59~t:3,dallas-wings,Dallas,Wings,DAL,Dallas Wings,Wings,002b5c,c4d600,https://a.espncdn.com/i/teamlogos/wnba/500/dal.png,86
401856908,2026,2,2026-05-14,2026-05-15T00:00:00Z,3,s:40~l:59~t:3,dallas-wings,Dallas,Wings,DAL,Dallas Wings,Wings,002b5c,c4d600,https://a.espncdn.com/i/teamlogos/wnba/500/dal.png,home,86,FALSE,22,3,17,12,46,31,67,0,18,86,19,22,12,7,83,9,40,9,2,0,29,5,17,26,0,13,19,11,8,s:40~l:59~t:8,minnesota-lynx,Minnesota,Lynx,MIN,Minnesota Lynx,Lynx,266092,79bc43,https://a.espncdn.com/i/teamlogos/wnba/500/min.png,90
401856909,2026,2,2026-05-14,2026-05-15T02:00:00Z,9,s:40~l:59~t:9,new-york-liberty,New York,Liberty,NY,New York Liberty,Liberty,86cebc,000000,https://a.espncdn.com/i/teamlogos/wnba/500/ny.png,away,100,TRUE,32,0,28,11,51,34,67,0,19,85,17,20,22,9,70,4,38,7,0,0,39,15,38,32,0,12,13,12,132052,s:40~l:59~t:132052,portland-fire,Portland,Fire,POR,Portland Fire,Fire,cee5eb,000000,https://a.espncdn.com/i/teamlogos/wnba/500/por.png,82
401856909,2026,2,2026-05-14,2026-05-15T02:00:00Z,132052,s:40~l:59~t:132052,portland-fire,Portland,Fire,POR,Portland Fire,Fire,cee5eb,000000,https://a.espncdn.com/i/teamlogos/wnba/500/por.png,home,82,FALSE,22,2,23,4,44,30,68,0,22,65,13,20,9,9,25,7,42,7,1,0,29,9,31,30,0,16,9,15,9,s:40~l:59~t:9,new-york-liberty,New York,Liberty,NY,New York Liberty,Liberty,86cebc,000000,https://a.espncdn.com/i/teamlogos/wnba/500/ny.png,100
401856904,2026,2,2026-05-13,2026-05-13T23:00:00Z,14,s:40~l:59~t:14,seattle-storm,Seattle,Storm,SEA,Seattle Storm,Storm,2c5235,fee11a,https://a.espncdn.com/i/teamlogos/wnba/500/sea.png,away,73,FALSE,18,5,25,2,47,27,58,0,21,71,12,17,4,9,21,3,38,6,0,0,35,7,20,28,0,19,26,19,131935,s:40~l:59~t:131935,toronto-tempo,Toronto,Tempo,TOR,Toronto Tempo,Tempo,33476D,7B1B38,https://a.espncdn.com/i/teamlogos/wnba/500/tor.png,86
401856904,2026,2,2026-05-13,2026-05-13T23:00:00Z,131935,s:40~l:59~t:131935,toronto-tempo,Toronto,Tempo,TOR,Toronto Tempo,Tempo,33476D,7B1B38,https://a.espncdn.com/i/teamlogos/wnba/500/tor.png,home,86,TRUE,21,4,24,17,43,30,69,0,17,83,15,18,13,9,77,9,32,11,0,0,38,11,29,33,0,12,14,12,14,s:40~l:59~t:14,seattle-storm,Seattle,Storm,SEA,Seattle Storm,Storm,2c5235,fee11a,https://a.espncdn.com/i/teamlogos/wnba/500/sea.png,73
401856905,2026,2,2026-05-13,2026-05-14T00:00:00Z,17,s:40~l:59~t:17,las-vegas-aces,Las Vegas,Aces,LV,Las Vegas Aces,Aces,a7a8aa,000000,https://a.espncdn.com/i/teamlogos/wnba/500/lv.png,away,98,TRUE,21,6,34,18,54,39,72,0,19,71,15,21,36,2,94,12,58,9,1,0,31,5,16,46,0,16,10,15,18,s:40~l:59~t:18,connecticut-sun,Connecticut,Sun,CON,Connecticut Sun,Sun,f05023,0a2240,https://a.espncdn.com/i/teamlogos/wnba/500/con.png,69
401856905,2026,2,2026-05-13,2026-05-14T00:00:00Z,18,s:40~l:59~t:18,connecticut-sun,Connecticut,Sun,CON,Connecticut Sun,Sun,f05023,0a2240,https://a.espncdn.com/i/teamlogos/wnba/500/con.png,home,69,FALSE,16,3,21,2,33,23,70,0,20,83,20,24,2,2,1,8,34,6,1,1,23,3,13,29,1,14,18,13,17,s:40~l:59~t:17,las-vegas-aces,Las Vegas,Aces,LV,Las Vegas Aces,Aces,a7a8aa,000000,https://a.espncdn.com/i/teamlogos/wnba/500/lv.png,98
401856906,2026,2,2026-05-13,2026-05-14T02:00:00Z,19,s:40~l:59~t:19,chicago-sky,Chicago,Sky,CHI,Chicago Sky,Sky,5091cd,ffd520,https://a.espncdn.com/i/teamlogos/wnba/500/chi.png,away,69,TRUE,19,8,31,10,36,25,69,0,19,62,13,21,8,1,35,8,32,7,1,0,30,6,20,39,0,9,8,8,129689,s:40~l:59~t:129689,golden-state-valkyries,Golden State,Valkyries,GS,Golden State Valkyries,Valkyries,b38fcf,000000,https://a.espncdn.com/i/teamlogos/wnba/500/gs.png,63
401856906,2026,2,2026-05-13,2026-05-14T02:00:00Z,129689,s:40~l:59~t:129689,golden-state-valkyries,Golden State,Valkyries,GS,Golden State Valkyries,Valkyries,b38fcf,000000,https://a.espncdn.com/i/teamlogos/wnba/500/gs.png,home,63,FALSE,10,9,28,8,29,22,75,0,19,75,12,16,12,1,58,14,28,3,0,0,27,7,26,42,0,11,10,11,19,s:40~l:59~t:19,chicago-sky,Chicago,Sky,CHI,Chicago Sky,Sky,5091cd,ffd520,https://a.espncdn.com/i/teamlogos/wnba/500/chi.png,69
401856907,2026,2,2026-05-13,2026-05-14T02:30:00Z,5,s:40~l:59~t:5,indiana-fever,Indiana,Fever,IND,Indiana Fever,Fever,002d62,e03a3e,https://a.espncdn.com/i/teamlogos/wnba/500/ind.png,away,87,TRUE,23,3,25,2,49,31,63,0,24,84,16,19,21,3,96,8,36,7,1,2,30,9,30,33,2,17,14,16,6,s:40~l:59~t:6,los-angeles-sparks,Los Angeles,Sparks,LA,Los Angeles Sparks,Sparks,552583,fdb927,https://a.espncdn.com/i/teamlogos/wnba/500/la.png,78
401856907,2026,2,2026-05-13,2026-05-14T02:30:00Z,6,s:40~l:59~t:6,los-angeles-sparks,Los Angeles,Sparks,LA,Los Angeles Sparks,Sparks,552583,fdb927,https://a.espncdn.com/i/teamlogos/wnba/500/la.png,home,78,FALSE,13,4,20,11,49,28,57,0,24,80,20,25,2,3,2,4,46,12,0,0,13,2,15,24,0,19,24,19,5,s:40~l:59~t:5,indiana-fever,Indiana,Fever,IND,Indiana Fever,Fever,002d62,e03a3e,https://a.espncdn.com/i/teamlogos/wnba/500/ind.png,87
401856901,2026,2,2026-05-12,2026-05-13T00:00:00Z,20,s:40~l:59~t:20,atlanta-dream,Atlanta,Dream,ATL,Atlanta Dream,Dream,e31837,5091cc,https://a.espncdn.com/i/teamlogos/wnba/500/atl.png,away,77,TRUE,13,3,33,7,38,26,69,0,18,94,16,17,10,8,54,11,34,5,3,0,27,9,33,44,0,12,10,9,3,s:40~l:59~t:3,dallas-wings,Dallas,Wings,DAL,Dallas Wings,Wings,002b5c,c4d600,https://a.espncdn.com/i/teamlogos/wnba/500/dal.png,72
401856901,2026,2,2026-05-12,2026-05-13T00:00:00Z,3,s:40~l:59~t:3,dallas-wings,Dallas,Wings,DAL,Dallas Wings,Wings,002b5c,c4d600,https://a.espncdn.com/i/teamlogos/wnba/500/dal.png,home,72,FALSE,15,4,27,9,38,28,73,0,17,86,12,14,9,8,38,7,36,3,2,0,15,4,26,34,0,10,7,8,20,s:40~l:59~t:20,atlanta-dream,Atlanta,Dream,ATL,Atlanta Dream,Dream,e31837,5091cc,https://a.espncdn.com/i/teamlogos/wnba/500/atl.png,77
401856902,2026,2,2026-05-12,2026-05-13T02:00:00Z,8,s:40~l:59~t:8,minnesota-lynx,Minnesota,Lynx,MIN,Minnesota Lynx,Lynx,266092,79bc43,https://a.espncdn.com/i/teamlogos/wnba/500/min.png,away,88,TRUE,20,4,34,6,50,32,64,0,28,71,17,24,5,17,22,9,42,5,0,0,37,7,19,43,0,15,21,15,11,s:40~l:59~t:11,phoenix-mercury,Phoenix,Mercury,PHX,Phoenix Mercury,Mercury,3c286e,fa4b0a,https://a.espncdn.com/i/teamlogos/wnba/500/phx.png,84
401856902,2026,2,2026-05-12,2026-05-13T02:00:00Z,11,s:40~l:59~t:11,phoenix-mercury,Phoenix,Mercury,PHX,Phoenix Mercury,Mercury,3c286e,fa4b0a,https://a.espncdn.com/i/teamlogos/wnba/500/phx.png,home,84,FALSE,20,4,22,17,37,26,71,0,22,70,23,33,8,17,62,9,32,11,0,1,31,9,29,31,1,11,12,11,8,s:40~l:59~t:8,minnesota-lynx,Minnesota,Lynx,MIN,Minnesota Lynx,Lynx,266092,79bc43,https://a.espncdn.com/i/teamlogos/wnba/500/min.png,88
401856903,2026,2,2026-05-12,2026-05-13T02:00:00Z,9,s:40~l:59~t:9,new-york-liberty,New York,Liberty,NY,New York Liberty,Liberty,86cebc,000000,https://a.espncdn.com/i/teamlogos/wnba/500/ny.png,away,96,FALSE,23,3,23,10,53,33,62,0,16,94,17,18,13,14,77,8,32,7,0,1,46,13,28,31,1,18,25,18,132052,s:40~l:59~t:132052,portland-fire,Portland,Fire,POR,Portland Fire,Fire,cee5eb,000000,https://a.espncdn.com/i/teamlogos/wnba/500/por.png,98
401856903,2026,2,2026-05-12,2026-05-13T02:00:00Z,132052,s:40~l:59~t:132052,portland-fire,Portland,Fire,POR,Portland Fire,Fire,cee5eb,000000,https://a.espncdn.com/i/teamlogos/wnba/500/por.png,home,98,TRUE,15,4,18,7,50,34,68,0,21,100,15,15,4,14,12,8,34,8,1,0,45,15,33,26,0,14,19,13,9,s:40~l:59~t:9,new-york-liberty,New York,Liberty,NY,New York Liberty,Liberty,86cebc,000000,https://a.espncdn.com/i/teamlogos/wnba/500/ny.png,96
401856896,2026,2,2026-05-10,2026-05-10T17:00:00Z,14,s:40~l:59~t:14,seattle-storm,Seattle,Storm,SEA,Seattle Storm,Storm,2c5235,fee11a,https://a.espncdn.com/i/teamlogos/wnba/500/sea.png,away,89,TRUE,14,8,25,19,44,27,61,0,22,76,25,33,9,2,74,7,34,10,1,2,45,10,22,32,2,15,15,14,18,s:40~l:59~t:18,connecticut-sun,Connecticut,Sun,CON,Connecticut Sun,Sun,f05023,0a2240,https://a.espncdn.com/i/teamlogos/wnba/500/con.png,82
401856896,2026,2,2026-05-10,2026-05-10T17:00:00Z,18,s:40~l:59~t:18,connecticut-sun,Connecticut,Sun,CON,Connecticut Sun,Sun,f05023,0a2240,https://a.espncdn.com/i/teamlogos/wnba/500/con.png,home,82,FALSE,18,3,31,7,40,29,73,0,28,73,16,22,5,2,19,10,40,7,2,0,35,8,23,41,0,18,19,16,14,s:40~l:59~t:14,seattle-storm,Seattle,Storm,SEA,Seattle Storm,Storm,2c5235,fee11a,https://a.espncdn.com/i/teamlogos/wnba/500/sea.png,89
401856897,2026,2,2026-05-10,2026-05-10T19:00:00Z,9,s:40~l:59~t:9,new-york-liberty,New York,Liberty,NY,New York Liberty,Liberty,86cebc,000000,https://a.espncdn.com/i/teamlogos/wnba/500/ny.png,away,98,TRUE,19,5,26,10,48,33,69,0,31,82,23,28,12,11,64,8,40,7,1,1,33,9,27,34,1,16,16,15,16,s:40~l:59~t:16,washington-mystics,Washington,Mystics,WSH,Washington Mystics,Mystics,e03a3e,002b5c,https://a.espncdn.com/i/teamlogos/wnba/500/wsh.png,93
401856897,2026,2,2026-05-10,2026-05-10T19:00:00Z,16,s:40~l:59~t:16,washington-mystics,Washington,Mystics,WSH,Washington Mystics,Mystics,e03a3e,002b5c,https://a.espncdn.com/i/teamlogos/wnba/500/wsh.png,home,93,FALSE,24,1,23,6,43,34,80,0,27,69,20,29,8,11,20,19,54,7,0,0,19,5,26,42,0,13,19,13,9,s:40~l:59~t:9,new-york-liberty,New York,Liberty,NY,New York Liberty,Liberty,86cebc,000000,https://a.espncdn.com/i/teamlogos/wnba/500/ny.png,98
401856898,2026,2,2026-05-10,2026-05-10T22:00:00Z,17,s:40~l:59~t:17,las-vegas-aces,Las Vegas,Aces,LV,Las Vegas Aces,Aces,a7a8aa,000000,https://a.espncdn.com/i/teamlogos/wnba/500/lv.png,away,105,TRUE,28,10,25,9,62,43,69,0,16,71,12,17,32,0,99,6,62,11,1,0,35,7,20,31,0,15,11,14,6,s:40~l:59~t:6,los-angeles-sparks,Los Angeles,Sparks,LA,Los Angeles Sparks,Sparks,552583,fdb927,https://a.espncdn.com/i/teamlogos/wnba/500/la.png,78
401856898,2026,2,2026-05-10,2026-05-10T22:00:00Z,6,s:40~l:59~t:6,los-angeles-sparks,Los Angeles,Sparks,LA,Los Angeles Sparks,Sparks,552583,fdb927,https://a.espncdn.com/i/teamlogos/wnba/500/la.png,home,78,FALSE,11,0,17,5,37,29,78,1,17,69,11,16,0,0,0,15,40,8,0,0,29,9,31,32,0,19,26,19,17,s:40~l:59~t:17,las-vegas-aces,Las Vegas,Aces,LV,Las Vegas Aces,Aces,a7a8aa,000000,https://a.espncdn.com/i/teamlogos/wnba/500/lv.png,105
401856900,2026,2,2026-05-10,2026-05-11T00:30:00Z,11,s:40~l:59~t:11,phoenix-mercury,Phoenix,Mercury,PHX,Phoenix Mercury,Mercury,3c286e,fa4b0a,https://a.espncdn.com/i/teamlogos/wnba/500/phx.png,away,79,FALSE,20,3,20,11,48,26,54,0,21,84,16,19,9,1,29,4,24,2,0,0,50,11,22,24,0,17,24,17,129689,s:40~l:59~t:129689,golden-state-valkyries,Golden State,Valkyries,GS,Golden State Valkyries,Valkyries,b38fcf,000000,https://a.espncdn.com/i/teamlogos/wnba/500/gs.png,95
401856900,2026,2,2026-05-10,2026-05-11T00:30:00Z,129689,s:40~l:59~t:129689,golden-state-valkyries,Golden State,Valkyries,GS,Golden State Valkyries,Valkyries,b38fcf,000000,https://a.espncdn.com/i/teamlogos/wnba/500/gs.png,home,95,TRUE,25,4,24,13,49,33,67,0,21,89,16,18,18,1,69,6,38,10,2,0,39,13,33,30,0,11,11,9,11,s:40~l:59~t:11,phoenix-mercury,Phoenix,Mercury,PHX,Phoenix Mercury,Mercury,3c286e,fa4b0a,https://a.espncdn.com/i/teamlogos/wnba/500/phx.png,79
401856893,2026,2,2026-05-09,2026-05-09T17:00:00Z,3,s:40~l:59~t:3,dallas-wings,Dallas,Wings,DAL,Dallas Wings,Wings,002b5c,c4d600,https://a.espncdn.com/i/teamlogos/wnba/500/dal.png,away,107,TRUE,26,2,24,25,59,39,66,0,28,71,17,24,9,11,77,3,44,9,2,0,52,12,23,27,0,17,22,15,5,s:40~l:59~t:5,indiana-fever,Indiana,Fever,IND,Indiana Fever,Fever,002d62,e03a3e,https://a.espncdn.com/i/teamlogos/wnba/500/ind.png,104
401856893,2026,2,2026-05-09,2026-05-09T17:00:00Z,5,s:40~l:59~t:5,indiana-fever,Indiana,Fever,IND,Indiana Fever,Fever,002d62,e03a3e,https://a.espncdn.com/i/teamlogos/wnba/500/ind.png,home,104,FALSE,23,2,21,12,52,40,77,0,25,81,17,21,4,11,10,7,62,4,0,1,29,7,24,28,1,14,19,14,3,s:40~l:59~t:3,dallas-wings,Dallas,Wings,DAL,Dallas Wings,Wings,002b5c,c4d600,https://a.espncdn.com/i/teamlogos/wnba/500/dal.png,107
401856894,2026,2,2026-05-09,2026-05-09T19:30:00Z,11,s:40~l:59~t:11,phoenix-mercury,Phoenix,Mercury,PHX,Phoenix Mercury,Mercury,3c286e,fa4b0a,https://a.espncdn.com/i/teamlogos/wnba/500/phx.png,away,99,TRUE,23,4,30,10,49,38,77,1,10,80,12,15,38,0,98,7,46,11,1,0,46,11,24,37,0,8,6,7,17,s:40~l:59~t:17,las-vegas-aces,Las Vegas,Aces,LV,Las Vegas Aces,Aces,a7a8aa,000000,https://a.espncdn.com/i/teamlogos/wnba/500/lv.png,66
401856894,2026,2,2026-05-09,2026-05-09T19:30:00Z,17,s:40~l:59~t:17,las-vegas-aces,Las Vegas,Aces,LV,Las Vegas Aces,Aces,a7a8aa,000000,https://a.espncdn.com/i/teamlogos/wnba/500/lv.png,home,66,FALSE,19,8,29,8,41,29,71,0,15,50,4,8,0,0,0,6,38,5,0,0,21,4,19,35,0,17,19,17,11,s:40~l:59~t:11,phoenix-mercury,Phoenix,Mercury,PHX,Phoenix Mercury,Mercury,3c286e,fa4b0a,https://a.espncdn.com/i/teamlogos/wnba/500/phx.png,99
401856899,2026,2,2026-05-09,2026-05-10T00:00:00Z,20,s:40~l:59~t:20,atlanta-dream,Atlanta,Dream,ATL,Atlanta Dream,Dream,e31837,5091cc,https://a.espncdn.com/i/teamlogos/wnba/500/atl.png,away,91,TRUE,22,6,27,14,42,31,73,0,18,73,22,30,1,1,1,19,46,9,1,1,24,7,29,46,1,21,27,20,8,s:40~l:59~t:8,minnesota-lynx,Minnesota,Lynx,MIN,Minnesota Lynx,Lynx,266092,79bc43,https://a.espncdn.com/i/teamlogos/wnba/500/min.png,90
401856899,2026,2,2026-05-09,2026-05-10T00:00:00Z,8,s:40~l:59~t:8,minnesota-lynx,Minnesota,Lynx,MIN,Minnesota Lynx,Lynx,266092,79bc43,https://a.espncdn.com/i/teamlogos/wnba/500/min.png,home,90,FALSE,20,7,18,13,50,35,70,0,24,68,15,22,19,1,96,7,46,10,0,1,28,5,18,25,1,15,15,15,20,s:40~l:59~t:20,atlanta-dream,Atlanta,Dream,ATL,Atlanta Dream,Dream,e31837,5091cc,https://a.espncdn.com/i/teamlogos/wnba/500/atl.png,91
401856895,2026,2,2026-05-09,2026-05-10T01:00:00Z,19,s:40~l:59~t:19,chicago-sky,Chicago,Sky,CHI,Chicago Sky,Sky,5091cd,ffd520,https://a.espncdn.com/i/teamlogos/wnba/500/chi.png,away,98,TRUE,22,8,32,12,48,33,69,0,17,76,26,34,18,4,88,14,48,4,2,1,35,6,17,46,1,11,12,9,132052,s:40~l:59~t:132052,portland-fire,Portland,Fire,POR,Portland Fire,Fire,cee5eb,000000,https://a.espncdn.com/i/teamlogos/wnba/500/por.png,83
401856895,2026,2,2026-05-09,2026-05-10T01:00:00Z,132052,s:40~l:59~t:132052,portland-fire,Portland,Fire,POR,Portland Fire,Fire,cee5eb,000000,https://a.espncdn.com/i/teamlogos/wnba/500/por.png,home,83,FALSE,20,7,21,9,41,29,71,0,24,80,16,20,3,4,6,3,40,6,0,0,31,9,29,24,0,8,16,8,19,s:40~l:59~t:19,chicago-sky,Chicago,Sky,CHI,Chicago Sky,Sky,5091cd,ffd520,https://a.espncdn.com/i/teamlogos/wnba/500/chi.png,98
401856890,2026,2,2026-05-08,2026-05-08T23:30:00Z,18,s:40~l:59~t:18,connecticut-sun,Connecticut,Sun,CON,Connecticut Sun,Sun,f05023,0a2240,https://a.espncdn.com/i/teamlogos/wnba/500/con.png,away,75,FALSE,21,2,20,1,39,32,83,0,25,47,7,15,0,0,0,12,32,5,1,1,18,4,22,32,1,17,24,16,9,s:40~l:59~t:9,new-york-liberty,New York,Liberty,NY,New York Liberty,Liberty,86cebc,000000,https://a.espncdn.com/i/teamlogos/wnba/500/ny.png,106
401856890,2026,2,2026-05-08,2026-05-08T23:30:00Z,9,s:40~l:59~t:9,new-york-liberty,New York,Liberty,NY,New York Liberty,Liberty,86cebc,000000,https://a.espncdn.com/i/teamlogos/wnba/500/ny.png,home,106,TRUE,26,5,30,19,52,35,67,0,23,84,26,31,33,0,97,7,42,9,2,0,32,10,31,37,0,18,20,16,18,s:40~l:59~t:18,connecticut-sun,Connecticut,Sun,CON,Connecticut Sun,Sun,f05023,0a2240,https://a.espncdn.com/i/teamlogos/wnba/500/con.png,75
401856891,2026,2,2026-05-08,2026-05-08T23:30:00Z,16,s:40~l:59~t:16,washington-mystics,Washington,Mystics,WSH,Washington Mystics,Mystics,e03a3e,002b5c,https://a.espncdn.com/i/teamlogos/wnba/500/wsh.png,away,68,TRUE,14,5,35,7,39,25,64,1,28,59,13,22,9,8,83,9,40,10,0,0,21,5,24,44,0,18,18,18,131935,s:40~l:59~t:131935,toronto-tempo,Toronto,Tempo,TOR,Toronto Tempo,Tempo,33476D,7B1B38,https://a.espncdn.com/i/teamlogos/wnba/500/tor.png,65
401856891,2026,2,2026-05-08,2026-05-08T23:30:00Z,131935,s:40~l:59~t:131935,toronto-tempo,Toronto,Tempo,TOR,Toronto Tempo,Tempo,33476D,7B1B38,https://a.espncdn.com/i/teamlogos/wnba/500/tor.png,home,65,FALSE,10,2,28,11,27,17,63,0,26,74,26,35,2,8,7,9,16,10,0,1,20,5,25,37,1,16,9,16,16,s:40~l:59~t:16,washington-mystics,Washington,Mystics,WSH,Washington Mystics,Mystics,e03a3e,002b5c,https://a.espncdn.com/i/teamlogos/wnba/500/wsh.png,68
401856892,2026,2,2026-05-08,2026-05-09T02:00:00Z,129689,s:40~l:59~t:129689,golden-state-valkyries,Golden State,Valkyries,GS,Golden State Valkyries,Valkyries,b38fcf,000000,https://a.espncdn.com/i/teamlogos/wnba/500/gs.png,away,91,TRUE,22,5,22,2,42,31,74,0,23,64,14,22,20,3,72,13,28,5,0,1,41,15,37,35,1,9,5,9,14,s:40~l:59~t:14,seattle-storm,Seattle,Storm,SEA,Seattle Storm,Storm,2c5235,fee11a,https://a.espncdn.com/i/teamlogos/wnba/500/sea.png,80
401856892,2026,2,2026-05-08,2026-05-09T02:00:00Z,14,s:40~l:59~t:14,seattle-storm,Seattle,Storm,SEA,Seattle Storm,Storm,2c5235,fee11a,https://a.espncdn.com/i/teamlogos/wnba/500/sea.png,home,80,FALSE,16,5,28,9,41,26,63,2,22,70,19,27,7,3,25,13,30,4,0,0,35,9,26,41,0,14,12,14,129689,s:40~l:59~t:129689,golden-state-valkyries,Golden State,Valkyries,GS,Golden State Valkyries,Valkyries,b38fcf,000000,https://a.espncdn.com/i/teamlogos/wnba/500/gs.png,91
