season_id,team_id,team_abbreviation,team_name,game_id,game_date,matchup,wl,min,fgm,fga,fg_pct,fg3m,fg3a,fg3_pct,ftm,fta,ft_pct,oreb,dreb,reb,ast,stl,blk,tov,pf,pts,plus_minus,video_available,season,season_type,player_id,player_name,fantasy_pts,measure_type
22026,1611661313,NYL,New York Liberty,1022600001,2026-05-08,NYL vs. CON,W,200,35,67,0.522,10,31,0.323,26,31,0.839,7,30,37,26,9,5,18,23,106,31,1,2026,regular-season,NA,NA,NA,NA
22026,1611661322,WAS,Washington Mystics,1022600002,2026-05-08,WAS @ TOR,W,200,25,64,0.391,5,24,0.208,13,22,0.591,9,35,44,14,10,5,18,28,68,3,1,2026,regular-season,NA,NA,NA,NA
22026,1611661323,CON,Connecticut Sun,1022600001,2026-05-08,CON @ NYL,L,200,32,83,0.386,4,22,0.182,7,15,0.467,12,20,32,21,5,2,17,25,75,-31,1,2026,regular-season,NA,NA,NA,NA
22026,1611661328,SEA,Seattle Storm,1022600003,2026-05-08,SEA vs. GSV,L,200,26,63,0.413,9,26,0.346,19,27,0.704,13,28,41,16,4,5,14,22,80,-11,1,2026,regular-season,NA,NA,NA,NA
22026,1611661331,GSV,Golden State Valkyries,1022600003,2026-05-08,GSV @ SEA,W,200,31,74,0.419,15,37,0.405,14,22,0.636,13,22,35,22,5,5,9,23,91,11,1,2026,regular-season,NA,NA,NA,NA
22026,1611661332,TOR,Toronto Tempo,1022600002,2026-05-08,TOR vs. WAS,L,200,17,63,0.27,5,25,0.2,26,35,0.743,9,28,37,10,10,2,16,26,65,-3,1,2026,regular-season,NA,NA,NA,NA
22026,1611661321,DAL,Dallas Wings,1022600004,2026-05-09,DAL @ IND,W,200,39,66,0.591,12,23,0.522,17,24,0.708,3,24,27,26,9,2,17,28,107,3,1,2026,regular-season,NA,NA,NA,NA
22026,1611661324,MIN,Minnesota Lynx,1022600010,2026-05-09,MIN vs. ATL,L,200,35,70,0.5,5,18,0.278,15,22,0.682,7,18,25,20,10,7,15,24,90,-1,1,2026,regular-season,NA,NA,NA,NA
22026,1611661325,IND,Indiana Fever,1022600004,2026-05-09,IND vs. DAL,L,200,40,77,0.519,7,24,0.292,17,21,0.81,7,21,28,23,4,2,14,25,104,-3,1,2026,regular-season,NA,NA,NA,NA
22026,1611661327,PDX,Portland Fire,1022600006,2026-05-09,PDX vs. CHI,L,200,29,71,0.408,9,29,0.31,16,20,0.8,3,21,24,20,6,7,8,24,83,-15,1,2026,regular-season,NA,NA,NA,NA
22026,1611661329,CHI,Chicago Sky,1022600006,2026-05-09,CHI @ PDX,W,200,33,69,0.478,6,17,0.353,26,34,0.765,14,32,46,22,4,8,11,17,98,15,1,2026,regular-season,NA,NA,NA,NA
22026,1611661330,ATL,Atlanta Dream,1022600010,2026-05-09,ATL @ MIN,W,200,31,73,0.425,7,29,0.241,22,30,0.733,19,27,46,22,9,6,21,18,91,1,1,2026,regular-season,NA,NA,NA,NA
22026,1611661319,LVA,Las Vegas Aces,1022600005,2026-05-09,LVA vs. PHX,L,200,29,71,0.408,4,19,0.211,4,8,0.5,6,29,35,19,5,8,17,15,66,-33,1,2026,regular-season,NA,NA,NA,NA
22026,1611661317,PHX,Phoenix Mercury,1022600005,2026-05-09,PHX @ LVA,W,200,38,77,0.494,11,24,0.458,12,15,0.8,7,30,37,23,11,4,8,10,99,33,1,2026,regular-season,NA,NA,NA,NA
22026,1611661313,NYL,New York Liberty,1022600008,2026-05-10,NYL @ WAS,W,225,33,69,0.478,9,27,0.333,23,28,0.821,8,26,34,19,7,5,16,31,98,5,1,2026,regular-season,NA,NA,NA,NA
22026,1611661317,PHX,Phoenix Mercury,1022600011,2026-05-10,PHX @ GSV,L,200,26,54,0.481,11,22,0.5,16,19,0.842,4,20,24,20,2,3,17,21,79,-16,1,2026,regular-season,NA,NA,NA,NA
22026,1611661319,LVA,Las Vegas Aces,1022600009,2026-05-10,LVA @ LAS,W,200,43,69,0.623,7,20,0.35,12,17,0.706,6,25,31,28,11,10,15,16,105,27,1,2026,regular-season,NA,NA,NA,NA
22026,1611661320,LAS,Los Angeles Sparks,1022600009,2026-05-10,LAS vs. LVA,L,200,29,78,0.372,9,31,0.29,11,16,0.688,15,17,32,11,8,0,19,17,78,-27,1,2026,regular-season,NA,NA,NA,NA
22026,1611661322,WAS,Washington Mystics,1022600008,2026-05-10,WAS vs. NYL,L,225,34,80,0.425,5,26,0.192,20,29,0.69,19,23,42,24,7,1,13,27,93,-5,1,2026,regular-season,NA,NA,NA,NA
22026,1611661323,CON,Connecticut Sun,1022600007,2026-05-10,CON vs. SEA,L,200,29,73,0.397,8,23,0.348,16,22,0.727,10,31,41,18,7,3,18,28,82,-7,1,2026,regular-season,NA,NA,NA,NA
22026,1611661328,SEA,Seattle Storm,1022600007,2026-05-10,SEA @ CON,W,200,27,61,0.443,10,22,0.455,25,33,0.758,7,25,32,14,10,8,15,22,89,7,1,2026,regular-season,NA,NA,NA,NA
22026,1611661331,GSV,Golden State Valkyries,1022600011,2026-05-10,GSV vs. PHX,W,200,33,67,0.493,13,33,0.394,16,18,0.889,6,24,30,25,10,4,11,21,95,16,1,2026,regular-season,NA,NA,NA,NA
22026,1611661313,NYL,New York Liberty,1022600014,2026-05-12,NYL @ PDX,L,200,33,62,0.532,13,28,0.464,17,18,0.944,8,23,31,23,7,3,18,16,96,-2,1,2026,regular-season,NA,NA,NA,NA
22026,1611661317,PHX,Phoenix Mercury,1022600013,2026-05-12,PHX vs. MIN,L,200,26,71,0.366,9,29,0.31,23,33,0.697,9,22,31,20,11,4,11,22,84,-4,1,2026,regular-season,NA,NA,NA,NA
22026,1611661321,DAL,Dallas Wings,1022600012,2026-05-12,DAL vs. ATL,L,200,28,73,0.384,4,26,0.154,12,14,0.857,7,27,34,15,3,4,10,17,72,-5,1,2026,regular-season,NA,NA,NA,NA
22026,1611661324,MIN,Minnesota Lynx,1022600013,2026-05-12,MIN @ PHX,W,200,32,64,0.5,7,19,0.368,17,24,0.708,9,34,43,20,5,4,15,28,88,4,1,2026,regular-season,NA,NA,NA,NA
22026,1611661327,PDX,Portland Fire,1022600014,2026-05-12,PDX vs. NYL,W,200,34,68,0.5,15,33,0.455,15,15,1,8,18,26,15,8,4,14,21,98,2,1,2026,regular-season,NA,NA,NA,NA
22026,1611661330,ATL,Atlanta Dream,1022600012,2026-05-12,ATL @ DAL,W,200,26,69,0.377,9,33,0.273,16,17,0.941,11,33,44,13,5,3,12,18,77,5,1,2026,regular-season,NA,NA,NA,NA
22026,1611661319,LVA,Las Vegas Aces,1022600016,2026-05-13,LVA @ CON,W,200,39,72,0.542,5,16,0.313,15,21,0.714,12,34,46,21,9,6,16,19,98,29,1,2026,regular-season,NA,NA,NA,NA
22026,1611661320,LAS,Los Angeles Sparks,1022600018,2026-05-13,LAS vs. IND,L,200,28,57,0.491,2,15,0.133,20,25,0.8,4,20,24,13,12,4,19,24,78,-9,1,2026,regular-season,NA,NA,NA,NA
22026,1611661323,CON,Connecticut Sun,1022600016,2026-05-13,CON vs. LVA,L,200,23,70,0.329,3,13,0.231,20,24,0.833,8,21,29,16,6,3,14,20,69,-29,1,2026,regular-season,NA,NA,NA,NA
22026,1611661325,IND,Indiana Fever,1022600018,2026-05-13,IND @ LAS,W,200,31,63,0.492,9,30,0.3,16,19,0.842,8,25,33,23,7,3,17,24,87,9,1,2026,regular-season,NA,NA,NA,NA
22026,1611661328,SEA,Seattle Storm,1022600015,2026-05-13,SEA @ TOR,L,200,27,58,0.466,7,20,0.35,12,17,0.706,3,25,28,18,6,5,19,21,73,-13,1,2026,regular-season,NA,NA,NA,NA
22026,1611661329,CHI,Chicago Sky,1022600017,2026-05-13,CHI @ GSV,W,200,25,69,0.362,6,20,0.3,13,21,0.619,8,31,39,19,7,8,9,19,69,6,1,2026,regular-season,NA,NA,NA,NA
22026,1611661331,GSV,Golden State Valkyries,1022600017,2026-05-13,GSV vs. CHI,L,200,22,75,0.293,7,26,0.269,12,16,0.75,14,28,42,10,3,9,11,19,63,-6,1,2026,regular-season,NA,NA,NA,NA
22026,1611661332,TOR,Toronto Tempo,1022600015,2026-05-13,TOR vs. SEA,W,200,30,69,0.435,11,29,0.379,15,18,0.833,9,24,33,21,11,4,12,17,86,13,1,2026,regular-season,NA,NA,NA,NA
22026,1611661313,NYL,New York Liberty,1022600020,2026-05-14,NYL @ PDX,W,200,34,67,0.507,15,38,0.395,17,20,0.85,4,28,32,32,7,0,12,19,100,18,1,2026,regular-season,NA,NA,NA,NA
22026,1611661321,DAL,Dallas Wings,1022600019,2026-05-14,DAL vs. MIN,L,200,31,67,0.463,5,17,0.294,19,22,0.864,9,17,26,22,9,3,13,18,86,-4,1,2026,regular-season,NA,NA,NA,NA
22026,1611661324,MIN,Minnesota Lynx,1022600019,2026-05-14,MIN @ DAL,W,200,35,58,0.603,6,13,0.462,14,18,0.778,6,25,31,20,6,7,17,19,90,4,1,2026,regular-season,NA,NA,NA,NA
22026,1611661327,PDX,Portland Fire,1022600020,2026-05-14,PDX vs. NYL,L,200,30,68,0.441,9,31,0.29,13,20,0.65,7,23,30,22,7,2,16,22,82,-18,1,2026,regular-season,NA,NA,NA,NA
22026,1611661317,PHX,Phoenix Mercury,1022600024,2026-05-15,PHX vs. CHI,W,200,24,62,0.387,6,21,0.286,37,41,0.902,10,30,40,12,5,7,15,22,91,8,1,2026,regular-season,NA,NA,NA,NA
22026,1611661319,LVA,Las Vegas Aces,1022600021,2026-05-15,LVA @ CON,W,200,35,58,0.603,6,13,0.462,25,32,0.781,3,25,28,24,6,6,18,18,101,7,1,2026,regular-season,NA,NA,NA,NA
22026,1611661320,LAS,Los Angeles Sparks,1022600023,2026-05-15,LAS vs. TOR,W,200,37,58,0.638,9,21,0.429,16,20,0.8,2,22,24,26,6,1,16,18,99,4,1,2026,regular-season,NA,NA,NA,NA
22026,1611661322,WAS,Washington Mystics,1022600022,2026-05-15,WAS @ IND,W,225,38,68,0.559,6,16,0.375,22,28,0.786,8,36,44,18,3,8,21,28,104,2,1,2026,regular-season,NA,NA,NA,NA
22026,1611661323,CON,Connecticut Sun,1022600021,2026-05-15,CON vs. LVA,L,200,36,81,0.444,9,25,0.36,13,15,0.867,11,21,32,24,11,2,13,25,94,-7,1,2026,regular-season,NA,NA,NA,NA
22026,1611661325,IND,Indiana Fever,1022600022,2026-05-15,IND vs. WAS,L,225,36,92,0.391,17,42,0.405,13,19,0.684,11,18,29,23,13,4,11,25,102,-2,1,2026,regular-season,NA,NA,NA,NA
22026,1611661329,CHI,Chicago Sky,1022600024,2026-05-15,CHI @ PHX,L,200,29,68,0.426,6,22,0.273,19,26,0.731,6,21,27,16,5,7,13,30,83,-8,1,2026,regular-season,NA,NA,NA,NA
22026,1611661332,TOR,Toronto Tempo,1022600023,2026-05-15,TOR @ LAS,L,200,31,70,0.443,12,33,0.364,21,22,0.955,10,16,26,22,13,4,14,24,95,-4,1,2026,regular-season,NA,NA,NA,NA
22026,1611661319,LVA,Las Vegas Aces,1022600026,2026-05-17,LVA @ ATL,W,200,31,73,0.425,10,27,0.37,13,17,0.765,6,32,38,21,5,8,13,23,85,1,1,2026,regular-season,NA,NA,NA,NA
22026,1611661320,LAS,Los Angeles Sparks,1022600028,2026-05-17,LAS vs. TOR,L,200,33,64,0.516,7,23,0.304,23,30,0.767,9,17,26,26,6,3,14,32,96,-10,1,2026,regular-season,NA,NA,NA,NA
22026,1611661324,MIN,Minnesota Lynx,1022600025,2026-05-17,MIN vs. CHI,L,200,32,73,0.438,7,22,0.318,8,12,0.667,8,27,35,20,10,3,15,21,79,-7,1,2026,regular-season,NA,NA,NA,NA
22026,1611661325,IND,Indiana Fever,1022600027,2026-05-17,IND vs. SEA,W,200,31,67,0.463,5,21,0.238,22,22,1,7,31,38,22,5,6,20,23,89,11,1,2026,regular-season,NA,NA,NA,NA
22026,1611661328,SEA,Seattle Storm,1022600027,2026-05-17,SEA @ IND,L,200,25,71,0.352,6,23,0.261,22,27,0.815,3,21,24,17,9,8,8,22,78,-11,1,2026,regular-season,NA,NA,NA,NA
22026,1611661329,CHI,Chicago Sky,1022600025,2026-05-17,CHI @ MIN,W,200,30,67,0.448,6,20,0.3,20,25,0.8,9,30,39,17,7,4,15,16,86,7,1,2026,regular-season,NA,NA,NA,NA
22026,1611661330,ATL,Atlanta Dream,1022600026,2026-05-17,ATL vs. LVA,L,200,27,73,0.37,5,23,0.217,25,37,0.676,11,34,45,15,9,5,13,23,84,-1,1,2026,regular-season,NA,NA,NA,NA
22026,1611661332,TOR,Toronto Tempo,1022600028,2026-05-17,TOR @ LAS,W,200,29,61,0.475,9,24,0.375,39,42,0.929,9,16,25,17,8,3,12,27,106,10,1,2026,regular-season,NA,NA,NA,NA
22026,1611661321,DAL,Dallas Wings,1022600029,2026-05-18,DAL vs. WAS,W,200,33,70,0.471,11,24,0.458,15,17,0.882,11,20,31,30,10,1,9,20,92,23,1,2026,regular-season,NA,NA,NA,NA
22026,1611661322,WAS,Washington Mystics,1022600029,2026-05-18,WAS @ DAL,L,200,24,49,0.49,5,12,0.417,16,20,0.8,2,22,24,16,3,1,19,17,69,-23,1,2026,regular-season,NA,NA,NA,NA
22026,1611661323,CON,Connecticut Sun,1022600030,2026-05-18,CON @ PDX,L,200,32,63,0.508,7,20,0.35,11,20,0.55,10,22,32,23,9,6,18,25,82,-1,1,2026,regular-season,NA,NA,NA,NA
22026,1611661327,PDX,Portland Fire,1022600030,2026-05-18,PDX vs. CON,W,200,28,62,0.452,7,22,0.318,20,26,0.769,7,20,27,23,11,3,15,23,83,1,1,2026,regular-season,NA,NA,NA,NA
22026,1611661317,PHX,Phoenix Mercury,1022600031,2026-05-19,PHX vs. TOR,L,200,32,70,0.457,4,22,0.182,22,28,0.786,8,24,32,20,6,1,9,17,90,-8,1,2026,regular-season,NA,NA,NA,NA
22026,1611661332,TOR,Toronto Tempo,1022600031,2026-05-19,TOR @ PHX,W,200,34,74,0.459,15,36,0.417,15,18,0.833,8,27,35,15,4,2,12,26,98,8,1,2026,regular-season,NA,NA,NA,NA
22026,1611661321,DAL,Dallas Wings,1022600033,2026-05-20,DAL @ CHI,W,200,36,72,0.5,9,21,0.429,18,23,0.783,9,27,36,28,5,1,9,20,99,10,1,2026,regular-season,NA,NA,NA,NA
22026,1611661323,CON,Connecticut Sun,1022600034,2026-05-20,CON @ SEA,W,200,32,72,0.444,5,20,0.25,11,17,0.647,11,27,38,14,10,3,13,19,80,2,1,2026,regular-season,NA,NA,NA,NA
22026,1611661325,IND,Indiana Fever,1022600032,2026-05-20,IND vs. PDX,W,200,28,62,0.452,9,28,0.321,25,29,0.862,5,31,36,21,6,5,16,21,90,17,1,2026,regular-season,NA,NA,NA,NA
22026,1611661327,PDX,Portland Fire,1022600032,2026-05-20,PDX @ IND,L,200,27,62,0.435,3,16,0.188,16,17,0.941,3,25,28,9,8,3,14,26,73,-17,1,2026,regular-season,NA,NA,NA,NA
22026,1611661328,SEA,Seattle Storm,1022600034,2026-05-20,SEA vs. CON,L,200,25,63,0.397,6,23,0.261,22,25,0.88,5,21,26,15,8,6,17,15,78,-2,1,2026,regular-season,NA,NA,NA,NA
22026,1611661329,CHI,Chicago Sky,1022600033,2026-05-20,CHI vs. DAL,L,200,32,67,0.478,5,21,0.238,20,24,0.833,6,24,30,20,4,5,10,23,89,-10,1,2026,regular-season,NA,NA,NA,NA
22026,1611661313,NYL,New York Liberty,1022600035,2026-05-21,NYL vs. GSV,L,200,26,62,0.419,6,24,0.25,12,16,0.75,6,31,37,20,2,4,15,22,70,-17,1,2026,regular-season,NA,NA,NA,NA
22026,1611661317,PHX,Phoenix Mercury,1022600037,2026-05-21,PHX vs. LAS,L,200,29,69,0.42,8,25,0.32,22,29,0.759,11,22,33,17,9,2,13,24,88,-9,1,2026,regular-season,NA,NA,NA,NA
22026,1611661320,LAS,Los Angeles Sparks,1022600037,2026-05-21,LAS @ PHX,W,200,31,64,0.484,15,32,0.469,20,22,0.909,7,24,31,23,8,4,17,25,97,9,1,2026,regular-season,NA,NA,NA,NA
22026,1611661324,MIN,Minnesota Lynx,1022600036,2026-05-21,MIN vs. TOR,W,200,38,69,0.551,10,24,0.417,14,21,0.667,15,31,46,24,7,3,14,14,100,28,1,2026,regular-season,NA,NA,NA,NA
22026,1611661331,GSV,Golden State Valkyries,1022600035,2026-05-21,GSV @ NYL,W,200,28,71,0.394,13,35,0.371,18,25,0.72,9,27,36,18,5,3,6,17,87,17,1,2026,regular-season,NA,NA,NA,NA
22026,1611661332,TOR,Toronto Tempo,1022600036,2026-05-21,TOR @ MIN,L,200,24,71,0.338,12,41,0.293,12,14,0.857,9,16,25,19,5,3,13,23,72,-28,1,2026,regular-season,NA,NA,NA,NA
22026,1611661321,DAL,Dallas Wings,1022600038,2026-05-22,DAL @ ATL,L,200,28,74,0.378,7,28,0.25,6,12,0.5,10,16,26,21,9,8,15,18,69,-17,1,2026,regular-season,NA,NA,NA,NA
22026,1611661323,CON,Connecticut Sun,1022600040,2026-05-22,CON @ SEA,L,200,23,62,0.371,4,17,0.235,9,14,0.643,8,25,33,15,9,3,15,18,59,-18,1,2026,regular-season,NA,NA,NA,NA
22026,1611661325,IND,Indiana Fever,1022600039,2026-05-22,IND vs. GSV,W,200,29,63,0.46,10,26,0.385,22,29,0.759,8,26,34,22,7,2,19,26,90,8,1,2026,regular-season,NA,NA,NA,NA
22026,1611661328,SEA,Seattle Storm,1022600040,2026-05-22,SEA vs. CON,W,200,28,60,0.467,8,21,0.381,13,17,0.765,6,32,38,22,7,7,15,18,77,18,1,2026,regular-season,NA,NA,NA,NA
22026,1611661330,ATL,Atlanta Dream,1022600038,2026-05-22,ATL vs. DAL,W,200,34,62,0.548,6,15,0.4,12,13,0.923,5,30,35,22,6,4,18,12,86,17,1,2026,regular-season,NA,NA,NA,NA
22026,1611661331,GSV,Golden State Valkyries,1022600039,2026-05-22,GSV @ IND,L,200,26,70,0.371,7,22,0.318,23,27,0.852,10,18,28,11,9,3,14,24,82,-8,1,2026,regular-season,NA,NA,NA,NA
22026,1611661319,LVA,Las Vegas Aces,1022600043,2026-05-23,LVA vs. LAS,L,200,34,76,0.447,10,29,0.345,17,21,0.81,13,23,36,21,6,9,14,20,95,-6,1,2026,regular-season,NA,NA,NA,NA
22026,1611661320,LAS,Los Angeles Sparks,1022600043,2026-05-23,LAS @ LVA,W,200,37,67,0.552,14,29,0.483,13,15,0.867,4,26,30,26,8,1,17,24,101,6,1,2026,regular-season,NA,NA,NA,NA
22026,1611661324,MIN,Minnesota Lynx,1022600041,2026-05-23,MIN @ CHI,W,200,32,74,0.432,4,16,0.25,17,21,0.81,13,41,54,19,7,7,24,24,85,10,1,2026,regular-season,NA,NA,NA,NA
22026,1611661327,PDX,Portland Fire,1022600042,2026-05-23,PDX @ TOR,W,200,35,70,0.5,11,23,0.478,18,21,0.857,10,23,33,24,7,7,14,22,99,19,1,2026,regular-season,NA,NA,NA,NA
22026,1611661329,CHI,Chicago Sky,1022600041,2026-05-23,CHI vs. MIN,L,200,23,73,0.315,6,29,0.207,23,30,0.767,7,21,28,14,11,2,11,22,75,-10,1,2026,regular-season,NA,NA,NA,NA
22026,1611661332,TOR,Toronto Tempo,1022600042,2026-05-23,TOR vs. PDX,L,200,30,66,0.455,6,25,0.24,14,18,0.778,10,19,29,19,3,4,17,21,80,-19,1,2026,regular-season,NA,NA,NA,NA
22026,1611661313,NYL,New York Liberty,1022600045,2026-05-24,NYL vs. DAL,L,200,28,72,0.389,8,26,0.308,12,14,0.857,10,24,34,21,4,0,11,18,76,-15,1,2026,regular-season,NA,NA,NA,NA
22026,1611661317,PHX,Phoenix Mercury,1022600044,2026-05-24,PHX @ ATL,L,200,29,66,0.439,4,21,0.19,18,19,0.947,9,27,36,14,8,6,15,19,80,-2,1,2026,regular-season,NA,NA,NA,NA
22026,1611661321,DAL,Dallas Wings,1022600045,2026-05-24,DAL @ NYL,W,200,30,65,0.462,15,35,0.429,16,19,0.842,6,28,34,22,6,5,11,16,91,15,1,2026,regular-season,NA,NA,NA,NA
22026,1611661322,WAS,Washington Mystics,1022600046,2026-05-24,WAS @ SEA,L,200,23,57,0.404,4,20,0.2,35,41,0.854,6,20,26,14,9,5,14,26,85,-12,1,2026,regular-season,NA,NA,NA,NA
22026,1611661328,SEA,Seattle Storm,1022600046,2026-05-24,SEA vs. WAS,W,200,26,59,0.441,13,28,0.464,32,34,0.941,3,21,24,20,10,3,15,28,97,12,1,2026,regular-season,NA,NA,NA,NA
22026,1611661330,ATL,Atlanta Dream,1022600044,2026-05-24,ATL vs. PHX,W,200,30,68,0.441,11,26,0.423,11,21,0.524,12,26,38,22,9,3,14,16,82,2,1,2026,regular-season,NA,NA,NA,NA
22026,1611661313,NYL,New York Liberty,1022600047,2026-05-25,NYL vs. PDX,L,200,21,52,0.404,8,24,0.333,24,26,0.923,4,23,27,17,8,8,19,20,74,-7,1,2026,regular-season,NA,NA,NA,NA
22026,1611661323,CON,Connecticut Sun,1022600048,2026-05-25,CON @ GSV,L,200,22,57,0.386,6,18,0.333,20,28,0.714,8,24,32,13,10,4,18,26,70,-27,1,2026,regular-season,NA,NA,NA,NA
22026,1611661327,PDX,Portland Fire,1022600047,2026-05-25,PDX @ NYL,W,200,31,75,0.413,9,26,0.346,10,14,0.714,8,21,29,18,12,6,14,22,81,7,1,2026,regular-season,NA,NA,NA,NA
22026,1611661331,GSV,Golden State Valkyries,1022600048,2026-05-25,GSV vs. CON,W,200,34,73,0.466,13,33,0.394,16,23,0.696,11,24,35,24,7,2,12,25,97,27,1,2026,regular-season,NA,NA,NA,NA
22026,1611661313,NYL,New York Liberty,1022600049,2026-05-27,NYL vs. PHX,W,200,28,67,0.418,14,30,0.467,14,14,1,6,26,32,19,9,2,13,20,84,10,1,2026,regular-season,NA,NA,NA,NA
22026,1611661317,PHX,Phoenix Mercury,1022600049,2026-05-27,PHX @ NYL,L,200,25,59,0.424,10,30,0.333,14,22,0.636,7,25,32,19,7,5,17,21,74,-10,1,2026,regular-season,NA,NA,NA,NA
22026,1611661322,WAS,Washington Mystics,1022600053,2026-05-27,WAS @ SEA,W,200,28,66,0.424,7,21,0.333,15,16,0.938,13,27,40,19,4,2,12,22,78,14,1,2026,regular-season,NA,NA,NA,NA
22026,1611661323,CON,Connecticut Sun,1022600052,2026-05-27,CON @ PDX,L,200,24,62,0.387,1,21,0.048,12,22,0.545,14,19,33,17,9,3,22,22,61,-10,1,2026,regular-season,NA,NA,NA,NA
22026,1611661324,MIN,Minnesota Lynx,1022600051,2026-05-27,MIN vs. ATL,W,200,40,67,0.597,7,19,0.368,9,10,0.9,5,19,24,26,10,2,14,16,96,15,1,2026,regular-season,NA,NA,NA,NA
22026,1611661327,PDX,Portland Fire,1022600052,2026-05-27,PDX vs. CON,W,200,24,52,0.462,7,22,0.318,16,24,0.667,6,20,26,16,10,3,21,21,71,10,1,2026,regular-season,NA,NA,NA,NA
22026,1611661328,SEA,Seattle Storm,1022600053,2026-05-27,SEA vs. WAS,L,200,22,63,0.349,5,23,0.217,15,19,0.789,12,19,31,14,7,3,12,21,64,-14,1,2026,regular-season,NA,NA,NA,NA
22026,1611661329,CHI,Chicago Sky,1022600050,2026-05-27,CHI vs. TOR,L,200,36,75,0.48,7,31,0.226,25,29,0.862,9,18,27,31,7,3,9,24,104,-7,1,2026,regular-season,NA,NA,NA,NA
22026,1611661330,ATL,Atlanta Dream,1022600051,2026-05-27,ATL @ MIN,L,200,29,65,0.446,11,31,0.355,12,16,0.75,10,17,27,23,5,2,18,10,81,-15,1,2026,regular-season,NA,NA,NA,NA
22026,1611661332,TOR,Toronto Tempo,1022600050,2026-05-27,TOR @ CHI,W,200,37,66,0.561,12,26,0.462,25,30,0.833,10,27,37,22,6,4,14,25,111,7,1,2026,regular-season,NA,NA,NA,NA
22026,1611661319,LVA,Las Vegas Aces,1022600054,2026-05-28,LVA @ DAL,L,200,36,82,0.439,8,20,0.4,7,12,0.583,8,25,33,21,5,3,5,15,87,-8,1,2026,regular-season,NA,NA,NA,NA
22026,1611661321,DAL,Dallas Wings,1022600054,2026-05-28,DAL vs. LVA,W,200,33,67,0.493,10,22,0.455,19,22,0.864,8,31,39,23,1,5,10,16,95,8,1,2026,regular-season,NA,NA,NA,NA
22026,1611661325,IND,Indiana Fever,1022600055,2026-05-28,IND @ GSV,L,200,30,73,0.411,9,28,0.321,19,21,0.905,7,27,34,22,7,5,11,25,88,-2,1,2026,regular-season,NA,NA,NA,NA
22026,1611661331,GSV,Golden State Valkyries,1022600055,2026-05-28,GSV vs. IND,W,200,31,68,0.456,8,21,0.381,20,28,0.714,8,29,37,24,5,11,11,21,90,2,1,2026,regular-season,NA,NA,NA,NA
22026,1611661313,NYL,New York Liberty,1022600056,2026-05-29,NYL vs. PHX,W,200,26,60,0.433,8,25,0.32,15,17,0.882,7,33,40,18,5,5,19,21,75,7,1,2026,regular-season,NA,NA,NA,NA
22026,1611661317,PHX,Phoenix Mercury,1022600056,2026-05-29,PHX @ NYL,L,200,21,62,0.339,6,24,0.25,20,22,0.909,3,20,23,14,11,3,9,20,68,-7,1,2026,regular-season,NA,NA,NA,NA
22026,1611661320,LAS,Los Angeles Sparks,1022600057,2026-05-29,LAS @ WAS,W,200,33,66,0.5,6,20,0.3,20,28,0.714,9,20,29,23,8,2,14,24,92,5,1,2026,regular-season,NA,NA,NA,NA
22026,1611661322,WAS,Washington Mystics,1022600057,2026-05-29,WAS vs. LAS,L,200,31,61,0.508,5,22,0.227,20,29,0.69,7,24,31,26,4,4,16,27,87,-5,1,2026,regular-season,NA,NA,NA,NA
22026,1611661324,MIN,Minnesota Lynx,1022600058,2026-05-29,MIN @ CHI,W,200,28,71,0.394,8,28,0.286,15,18,0.833,6,37,43,20,13,7,14,17,79,21,1,2026,regular-season,NA,NA,NA,NA
22026,1611661327,PDX,Portland Fire,1022600059,2026-05-29,PDX vs. ATL,L,200,25,56,0.446,9,27,0.333,7,8,0.875,6,17,23,18,4,4,28,22,66,-20,1,2026,regular-season,NA,NA,NA,NA
22026,1611661329,CHI,Chicago Sky,1022600058,2026-05-29,CHI vs. MIN,L,200,20,70,0.286,5,30,0.167,13,18,0.722,9,32,41,15,6,6,18,19,58,-21,1,2026,regular-season,NA,NA,NA,NA
22026,1611661330,ATL,Atlanta Dream,1022600059,2026-05-29,ATL @ PDX,W,200,30,68,0.441,9,30,0.3,17,20,0.85,12,17,29,22,16,1,16,14,86,20,1,2026,regular-season,NA,NA,NA,NA
22026,1611661320,LAS,Los Angeles Sparks,1022600061,2026-05-30,LAS @ CON,L,200,27,66,0.409,8,25,0.32,19,26,0.731,11,18,29,16,9,7,17,24,81,-3,1,2026,regular-season,NA,NA,NA,NA
22026,1611661323,CON,Connecticut Sun,1022600061,2026-05-30,CON vs. LAS,W,200,28,67,0.418,6,22,0.273,22,31,0.71,12,25,37,18,11,9,16,29,84,3,1,2026,regular-season,NA,NA,NA,NA
22026,1611661325,IND,Indiana Fever,1022600062,2026-05-30,IND @ PDX,L,200,24,58,0.414,5,22,0.227,31,35,0.886,9,17,26,21,6,3,18,24,84,-16,1,2026,regular-season,NA,NA,NA,NA
22026,1611661327,PDX,Portland Fire,1022600062,2026-05-30,PDX vs. IND,W,200,36,70,0.514,9,23,0.391,19,20,0.95,8,17,25,26,8,5,12,26,100,16,1,2026,regular-season,NA,NA,NA,NA
22026,1611661328,SEA,Seattle Storm,1022600060,2026-05-30,SEA @ TOR,L,200,29,71,0.408,7,27,0.259,7,8,0.875,9,23,32,21,7,4,18,20,72,-21,1,2026,regular-season,NA,NA,NA,NA
22026,1611661332,TOR,Toronto Tempo,1022600060,2026-05-30,TOR vs. SEA,W,200,26,59,0.441,10,29,0.345,31,33,0.939,6,28,34,14,12,1,14,13,93,21,1,2026,regular-season,NA,NA,NA,NA
22026,1611661319,LVA,Las Vegas Aces,1022600063,2026-05-31,LVA @ GSV,W,200,33,69,0.478,8,22,0.364,17,21,0.81,12,33,45,26,5,8,15,18,91,10,1,2026,regular-season,NA,NA,NA,NA
22026,1611661331,GSV,Golden State Valkyries,1022600063,2026-05-31,GSV vs. LVA,L,200,25,74,0.338,16,35,0.457,15,17,0.882,9,24,33,16,9,0,12,21,81,-10,1,2026,regular-season,NA,NA,NA,NA
22026,1611661317,PHX,Phoenix Mercury,1022600065,2026-06-01,PHX vs. MIN,L,200,22,64,0.344,10,27,0.37,23,27,0.852,11,13,24,18,6,0,14,12,77,-34,1,2026,regular-season,NA,NA,NA,NA
22026,1611661321,DAL,Dallas Wings,1022600064,2026-06-01,DAL vs. SEA,W,200,29,81,0.358,5,25,0.2,16,24,0.667,18,30,48,19,7,1,11,15,79,23,1,2026,regular-season,NA,NA,NA,NA
22026,1611661324,MIN,Minnesota Lynx,1022600065,2026-06-01,MIN @ PHX,W,200,44,69,0.638,10,17,0.588,13,13,1,8,27,35,28,10,5,13,22,111,34,1,2026,regular-season,NA,NA,NA,NA
22026,1611661328,SEA,Seattle Storm,1022600064,2026-06-01,SEA @ DAL,L,200,20,61,0.328,4,19,0.211,12,17,0.706,6,30,36,11,6,7,17,22,56,-23,1,2026,regular-season,NA,NA,NA,NA
22026,1611661319,LVA,Las Vegas Aces,1022600069,2026-06-02,LVA @ LAS,W,200,31,69,0.449,8,24,0.333,9,16,0.563,8,36,44,24,7,8,10,23,79,10,1,2026,regular-season,NA,NA,NA,NA
22026,1611661320,LAS,Los Angeles Sparks,1022600069,2026-06-02,LAS vs. LVA,L,200,20,65,0.308,6,23,0.261,23,27,0.852,8,30,38,13,4,4,11,16,69,-10,1,2026,regular-season,NA,NA,NA,NA
22026,1611661322,WAS,Washington Mystics,1022600067,2026-06-02,WAS vs. CHI,W,200,32,73,0.438,6,17,0.353,20,32,0.625,17,29,46,18,11,2,16,16,90,18,1,2026,regular-season,NA,NA,NA,NA
22026,1611661323,CON,Connecticut Sun,1022600066,2026-06-02,CON @ ATL,L,200,26,55,0.473,4,17,0.235,19,29,0.655,3,25,28,17,8,5,14,18,75,-16,1,2026,regular-season,NA,NA,NA,NA
22026,1611661327,PDX,Portland Fire,1022600068,2026-06-02,PDX @ GSV,L,200,28,61,0.459,9,24,0.375,12,16,0.75,8,20,28,19,3,2,15,18,77,-18,1,2026,regular-season,NA,NA,NA,NA
22026,1611661329,CHI,Chicago Sky,1022600067,2026-06-02,CHI @ WAS,L,200,28,64,0.438,6,16,0.375,10,16,0.625,5,24,29,19,9,10,19,22,72,-18,1,2026,regular-season,NA,NA,NA,NA
22026,1611661330,ATL,Atlanta Dream,1022600066,2026-06-02,ATL vs. CON,W,200,32,68,0.471,14,37,0.378,13,18,0.722,9,26,35,22,10,1,14,20,91,16,1,2026,regular-season,NA,NA,NA,NA
22026,1611661331,GSV,Golden State Valkyries,1022600068,2026-06-02,GSV vs. PDX,W,200,32,69,0.464,18,40,0.45,13,18,0.722,9,19,28,25,9,4,7,16,95,18,1,2026,regular-season,NA,NA,NA,NA
22026,1611661313,NYL,New York Liberty,1022600070,2026-06-03,NYL vs. TOR,W,200,33,71,0.465,14,32,0.438,17,20,0.85,11,29,40,24,3,4,12,13,97,15,1,2026,regular-season,NA,NA,NA,NA
22026,1611661317,PHX,Phoenix Mercury,1022600071,2026-06-03,PHX @ SEA,W,200,24,64,0.375,3,22,0.136,21,27,0.778,10,34,44,17,11,6,14,15,72,4,1,2026,regular-season,NA,NA,NA,NA
22026,1611661328,SEA,Seattle Storm,1022600071,2026-06-03,SEA vs. PHX,L,200,28,73,0.384,9,33,0.273,3,5,0.6,4,30,34,17,10,5,14,18,68,-4,1,2026,regular-season,NA,NA,NA,NA
22026,1611661332,TOR,Toronto Tempo,1022600070,2026-06-03,TOR @ NYL,L,200,34,75,0.453,6,19,0.316,8,10,0.8,8,24,32,17,7,3,7,17,82,-15,1,2026,regular-season,NA,NA,NA,NA
22026,1611661324,MIN,Minnesota Lynx,1022600073,2026-06-04,MIN vs. GSV,W,200,29,73,0.397,13,26,0.5,16,19,0.842,14,29,43,18,4,7,12,15,87,3,1,2026,regular-season,NA,NA,NA,NA
22026,1611661325,IND,Indiana Fever,1022600072,2026-06-04,IND vs. ATL,W,200,30,63,0.476,11,25,0.44,12,15,0.8,6,29,35,16,6,7,15,22,83,12,1,2026,regular-season,NA,NA,NA,NA
22026,1611661330,ATL,Atlanta Dream,1022600072,2026-06-04,ATL @ IND,L,200,23,67,0.343,6,21,0.286,19,24,0.792,9,21,30,14,9,3,14,19,71,-12,1,2026,regular-season,NA,NA,NA,NA
22026,1611661331,GSV,Golden State Valkyries,1022600073,2026-06-04,GSV @ MIN,L,200,30,76,0.395,14,37,0.378,10,10,1,9,22,31,21,6,7,7,18,84,-3,1,2026,regular-season,NA,NA,NA,NA
22026,1611661317,PHX,Phoenix Mercury,1022600076,2026-06-05,PHX @ PDX,W,200,26,62,0.419,7,21,0.333,19,22,0.864,7,17,24,21,10,5,12,19,78,6,1,2026,regular-season,NA,NA,NA,NA
22026,1611661320,LAS,Los Angeles Sparks,1022600075,2026-06-05,LAS vs. DAL,L,200,36,67,0.537,9,28,0.321,15,21,0.714,8,22,30,25,5,2,17,16,96,-8,1,2026,regular-season,NA,NA,NA,NA
22026,1611661321,DAL,Dallas Wings,1022600075,2026-06-05,DAL @ LAS,W,200,41,77,0.532,10,25,0.4,12,18,0.667,13,20,33,30,10,2,12,18,104,8,1,2026,regular-season,NA,NA,NA,NA
22026,1611661323,CON,Connecticut Sun,1022600074,2026-06-05,CON @ CHI,L,200,30,71,0.423,4,18,0.222,16,21,0.762,14,26,40,19,6,7,15,21,80,-5,1,2026,regular-season,NA,NA,NA,NA
22026,1611661327,PDX,Portland Fire,1022600076,2026-06-05,PDX vs. PHX,L,200,24,57,0.421,10,26,0.385,14,17,0.824,8,24,32,18,3,2,22,19,72,-6,1,2026,regular-season,NA,NA,NA,NA
22026,1611661329,CHI,Chicago Sky,1022600074,2026-06-05,CHI vs. CON,W,200,31,67,0.463,6,16,0.375,17,22,0.773,7,21,28,21,9,7,12,22,85,5,1,2026,regular-season,NA,NA,NA,NA
22026,1611661313,NYL,New York Liberty,1022600080,2026-06-06,NYL vs. IND,W,200,24,66,0.364,2,18,0.111,33,40,0.825,13,34,47,14,9,2,11,19,83,8,1,2026,regular-season,NA,NA,NA,NA
22026,1611661319,LVA,Las Vegas Aces,1022600078,2026-06-06,LVA vs. GSV,W,200,27,63,0.429,13,30,0.433,17,22,0.773,6,30,36,22,3,2,11,19,84,5,1,2026,regular-season,NA,NA,NA,NA
22026,1611661322,WAS,Washington Mystics,1022600079,2026-06-06,WAS @ ATL,L,200,26,58,0.448,5,16,0.313,20,27,0.741,8,18,26,17,4,4,17,26,77,-32,1,2026,regular-season,NA,NA,NA,NA
22026,1611661324,MIN,Minnesota Lynx,1022600077,2026-06-06,MIN vs. SEA,W,200,37,77,0.481,8,27,0.296,6,8,0.75,13,23,36,27,13,4,14,16,88,20,1,2026,regular-season,NA,NA,NA,NA
22026,1611661325,IND,Indiana Fever,1022600080,2026-06-06,IND @ NYL,L,200,29,72,0.403,8,25,0.32,9,15,0.6,9,32,41,20,4,5,15,27,75,-8,1,2026,regular-season,NA,NA,NA,NA
22026,1611661328,SEA,Seattle Storm,1022600077,2026-06-06,SEA @ MIN,L,200,22,63,0.349,11,36,0.306,13,16,0.813,10,25,35,16,7,1,23,12,68,-20,1,2026,regular-season,NA,NA,NA,NA
22026,1611661330,ATL,Atlanta Dream,1022600079,2026-06-06,ATL vs. WAS,W,200,32,66,0.485,13,25,0.52,32,41,0.78,16,26,42,21,16,4,12,26,109,32,1,2026,regular-season,NA,NA,NA,NA
22026,1611661331,GSV,Golden State Valkyries,1022600078,2026-06-06,GSV @ LVA,L,200,28,72,0.389,11,35,0.314,12,17,0.706,10,28,38,14,4,1,9,19,79,-5,1,2026,regular-season,NA,NA,NA,NA
22026,1611661320,LAS,Los Angeles Sparks,1022600082,2026-06-07,LAS vs. PDX,W,200,32,75,0.427,8,30,0.267,17,22,0.773,15,27,42,17,11,4,12,22,89,17,1,2026,regular-season,NA,NA,NA,NA
22026,1611661327,PDX,Portland Fire,1022600082,2026-06-07,PDX @ LAS,L,200,26,72,0.361,3,28,0.107,17,22,0.773,14,28,42,19,5,5,17,21,72,-17,1,2026,regular-season,NA,NA,NA,NA
22026,1611661329,CHI,Chicago Sky,1022600081,2026-06-07,CHI @ TOR,L,200,23,65,0.354,6,25,0.24,16,26,0.615,7,30,37,15,4,5,16,24,68,-17,1,2026,regular-season,NA,NA,NA,NA
22026,1611661332,TOR,Toronto Tempo,1022600081,2026-06-07,TOR vs. CHI,W,200,30,77,0.39,4,22,0.182,21,27,0.778,11,33,44,19,7,4,10,22,85,17,1,2026,regular-season,NA,NA,NA,NA
22026,1611661313,NYL,New York Liberty,1022600083,2026-06-08,NYL @ CON,W,200,29,61,0.475,6,22,0.273,25,29,0.862,9,33,42,17,4,4,19,24,89,9,1,2026,regular-season,NA,NA,NA,NA
22026,1611661319,LVA,Las Vegas Aces,1022600085,2026-06-08,LVA vs. SEA,W,200,35,70,0.5,10,28,0.357,21,24,0.875,11,28,39,27,4,5,13,13,101,10,1,2026,regular-season,NA,NA,NA,NA
22026,1611661322,WAS,Washington Mystics,1022600084,2026-06-08,WAS vs. IND,L,200,25,58,0.431,9,18,0.5,17,24,0.708,5,26,31,21,5,6,15,23,76,-2,1,2026,regular-season,NA,NA,NA,NA
22026,1611661323,CON,Connecticut Sun,1022600083,2026-06-08,CON vs. NYL,L,200,32,70,0.457,3,13,0.231,13,23,0.565,7,21,28,21,8,3,10,28,80,-9,1,2026,regular-season,NA,NA,NA,NA
22026,1611661325,IND,Indiana Fever,1022600084,2026-06-08,IND @ WAS,W,200,29,66,0.439,10,29,0.345,10,14,0.714,3,25,28,19,8,4,20,26,78,2,1,2026,regular-season,NA,NA,NA,NA
22026,1611661328,SEA,Seattle Storm,1022600085,2026-06-08,SEA @ LVA,L,200,33,74,0.446,12,27,0.444,13,15,0.867,6,21,27,22,10,1,9,23,91,-10,1,2026,regular-season,NA,NA,NA,NA
22026,1611661317,PHX,Phoenix Mercury,1022600088,2026-06-09,PHX @ GSV,L,200,30,65,0.462,9,25,0.36,12,18,0.667,9,24,33,23,7,2,16,20,81,-6,1,2026,regular-season,NA,NA,NA,NA
22026,1611661321,DAL,Dallas Wings,1022600087,2026-06-09,DAL @ MIN,L,200,29,77,0.377,8,28,0.286,10,10,1,8,23,31,19,9,3,13,18,76,-24,1,2026,regular-season,NA,NA,NA,NA
22026,1611661324,MIN,Minnesota Lynx,1022600087,2026-06-09,MIN vs. DAL,W,200,38,71,0.535,7,14,0.5,17,18,0.944,6,35,41,21,9,3,12,11,100,24,1,2026,regular-season,NA,NA,NA,NA
22026,1611661329,CHI,Chicago Sky,1022600086,2026-06-09,CHI vs. ATL,L,200,24,53,0.453,8,15,0.533,19,25,0.76,4,21,25,17,6,7,16,21,75,-7,1,2026,regular-season,NA,NA,NA,NA
22026,1611661330,ATL,Atlanta Dream,1022600086,2026-06-09,ATL @ CHI,W,200,31,70,0.443,5,26,0.192,15,16,0.938,12,24,36,18,9,0,17,15,82,7,1,2026,regular-season,NA,NA,NA,NA
22026,1611661331,GSV,Golden State Valkyries,1022600088,2026-06-09,GSV vs. PHX,W,200,27,61,0.443,10,29,0.345,23,28,0.821,6,21,27,18,8,2,9,21,87,6,1,2026,regular-season,NA,NA,NA,NA
22026,1611661320,LAS,Los Angeles Sparks,1022600090,2026-06-10,LAS @ SEA,W,200,29,75,0.387,9,35,0.257,21,25,0.84,13,25,38,20,10,4,10,17,88,5,1,2026,regular-season,NA,NA,NA,NA
22026,1611661323,CON,Connecticut Sun,1022600089,2026-06-10,CON @ TOR,L,225,34,74,0.459,9,25,0.36,25,37,0.676,18,24,42,21,3,6,19,29,102,-4,1,2026,regular-season,NA,NA,NA,NA
22026,1611661328,SEA,Seattle Storm,1022600090,2026-06-10,SEA vs. LAS,L,200,30,64,0.469,9,29,0.31,14,16,0.875,5,30,35,26,5,4,15,21,83,-5,1,2026,regular-season,NA,NA,NA,NA
22026,1611661332,TOR,Toronto Tempo,1022600089,2026-06-10,TOR vs. CON,W,225,31,69,0.449,8,24,0.333,36,43,0.837,11,17,28,18,12,3,11,32,106,4,1,2026,regular-season,NA,NA,NA,NA
22026,1611661313,NYL,New York Liberty,1022600092,2026-06-11,NYL @ ATL,W,200,32,59,0.542,16,31,0.516,24,28,0.857,7,33,40,24,2,4,20,22,104,14,1,2026,regular-season,NA,NA,NA,NA
22026,1611661317,PHX,Phoenix Mercury,1022600093,2026-06-11,PHX @ DAL,L,200,25,64,0.391,6,18,0.333,14,18,0.778,7,23,30,21,10,1,16,15,70,-15,1,2026,regular-season,NA,NA,NA,NA
22026,1611661319,LVA,Las Vegas Aces,1022600094,2026-06-11,LVA @ PDX,W,200,36,72,0.5,14,28,0.5,19,29,0.655,17,25,42,25,6,4,14,15,105,16,1,2026,regular-season,NA,NA,NA,NA
22026,1611661321,DAL,Dallas Wings,1022600093,2026-06-11,DAL vs. PHX,W,200,37,71,0.521,4,18,0.222,7,8,0.875,7,30,37,24,9,4,18,17,85,15,1,2026,regular-season,NA,NA,NA,NA
22026,1611661325,IND,Indiana Fever,1022600091,2026-06-11,IND vs. CHI,W,225,39,87,0.448,7,28,0.25,29,31,0.935,19,27,46,22,8,6,18,27,114,8,1,2026,regular-season,NA,NA,NA,NA
22026,1611661327,PDX,Portland Fire,1022600094,2026-06-11,PDX vs. LVA,L,200,36,68,0.529,8,26,0.308,9,12,0.75,1,18,19,22,7,3,10,25,89,-16,1,2026,regular-season,NA,NA,NA,NA
22026,1611661329,CHI,Chicago Sky,1022600091,2026-06-11,CHI @ IND,L,225,34,77,0.442,7,24,0.292,31,38,0.816,13,21,34,22,6,7,17,25,106,-8,1,2026,regular-season,NA,NA,NA,NA
22026,1611661330,ATL,Atlanta Dream,1022600092,2026-06-11,ATL vs. NYL,L,200,33,75,0.44,9,29,0.31,15,27,0.556,9,15,24,22,11,2,5,21,90,-14,1,2026,regular-season,NA,NA,NA,NA
22026,1611661322,WAS,Washington Mystics,1022600095,2026-06-12,WAS vs. TOR,W,200,31,65,0.477,2,18,0.111,22,26,0.846,15,24,39,22,8,2,22,14,86,1,1,2026,regular-season,NA,NA,NA,NA
22026,1611661328,SEA,Seattle Storm,1022600096,2026-06-12,SEA vs. GSV,L,200,25,66,0.379,10,23,0.435,12,18,0.667,6,25,31,17,6,5,12,23,72,-4,1,2026,regular-season,NA,NA,NA,NA
22026,1611661331,GSV,Golden State Valkyries,1022600096,2026-06-12,GSV @ SEA,W,200,24,66,0.364,8,37,0.216,20,23,0.87,10,23,33,18,6,6,14,18,76,4,1,2026,regular-season,NA,NA,NA,NA
22026,1611661332,TOR,Toronto Tempo,1022600095,2026-06-12,TOR @ WAS,L,200,31,64,0.484,7,22,0.318,16,18,0.889,5,16,21,23,18,5,18,24,85,-1,1,2026,regular-season,NA,NA,NA,NA
22026,1611661317,PHX,Phoenix Mercury,1022600100,2026-06-13,PHX vs. LAS,L,225,40,80,0.5,13,35,0.371,9,15,0.6,9,29,38,26,6,5,15,23,102,-9,1,2026,regular-season,NA,NA,NA,NA
22026,1611661319,LVA,Las Vegas Aces,1022600098,2026-06-13,LVA vs. MIN,W,200,36,67,0.537,11,25,0.44,17,19,0.895,11,22,33,24,8,3,11,15,100,3,1,2026,regular-season,NA,NA,NA,NA
22026,1611661320,LAS,Los Angeles Sparks,1022600100,2026-06-13,LAS @ PHX,W,225,38,79,0.481,15,34,0.441,20,23,0.87,10,27,37,21,8,8,12,19,111,9,1,2026,regular-season,NA,NA,NA,NA
22026,1611661321,DAL,Dallas Wings,1022600099,2026-06-13,DAL @ PDX,L,200,29,74,0.392,7,28,0.25,18,26,0.692,12,29,41,18,7,4,10,15,83,-1,1,2026,regular-season,NA,NA,NA,NA
22026,1611661323,CON,Connecticut Sun,1022600097,2026-06-13,CON vs. IND,L,200,32,75,0.427,5,17,0.294,6,9,0.667,9,17,26,24,7,4,9,22,75,-10,1,2026,regular-season,NA,NA,NA,NA
22026,1611661324,MIN,Minnesota Lynx,1022600098,2026-06-13,MIN @ LVA,L,200,36,74,0.486,9,21,0.429,16,18,0.889,11,20,31,16,8,3,11,19,97,-3,1,2026,regular-season,NA,NA,NA,NA
22026,1611661325,IND,Indiana Fever,1022600097,2026-06-13,IND @ CON,W,200,30,61,0.492,12,29,0.414,13,19,0.684,9,29,38,19,4,5,19,16,85,10,1,2026,regular-season,NA,NA,NA,NA
22026,1611661327,PDX,Portland Fire,1022600099,2026-06-13,PDX vs. DAL,W,200,30,68,0.441,14,31,0.452,10,13,0.769,5,27,32,26,5,5,13,24,84,1,1,2026,regular-season,NA,NA,NA,NA
22026,1611661313,NYL,New York Liberty,1022600101,2026-06-14,NYL vs. WAS,W,200,28,57,0.491,11,26,0.423,19,22,0.864,5,25,30,22,9,10,19,16,86,22,1,2026,regular-season,NA,NA,NA,NA
22026,1611661322,WAS,Washington Mystics,1022600101,2026-06-14,WAS @ NYL,L,200,24,71,0.338,7,25,0.28,9,16,0.563,12,20,32,17,6,3,18,19,64,-22,1,2026,regular-season,NA,NA,NA,NA
22026,1611661330,ATL,Atlanta Dream,1022600102,2026-06-14,ATL @ TOR,W,200,36,82,0.439,14,36,0.389,16,20,0.8,14,30,44,22,8,4,11,18,102,25,1,2026,regular-season,NA,NA,NA,NA
22026,1611661332,TOR,Toronto Tempo,1022600102,2026-06-14,TOR vs. ATL,L,200,28,65,0.431,9,24,0.375,12,16,0.75,5,19,24,23,5,7,15,19,77,-25,1,2026,regular-season,NA,NA,NA,NA
22026,1611661319,LVA,Las Vegas Aces,1022600103,2026-06-15,LVA @ DAL,L,200,27,68,0.397,5,21,0.238,7,9,0.778,7,24,31,24,5,3,14,18,66,-30,1,2026,regular-season,NA,NA,NA,NA
22026,1611661320,LAS,Los Angeles Sparks,1022600105,2026-06-15,LAS @ GSV,L,200,20,60,0.333,3,21,0.143,15,20,0.75,8,25,33,16,4,4,16,18,58,-20,1,2026,regular-season,NA,NA,NA,NA
22026,1611661321,DAL,Dallas Wings,1022600103,2026-06-15,DAL vs. LVA,W,200,35,71,0.493,10,28,0.357,16,21,0.762,8,33,41,30,10,3,8,14,96,30,1,2026,regular-season,NA,NA,NA,NA
22026,1611661324,MIN,Minnesota Lynx,1022600104,2026-06-15,MIN vs. PDX,W,200,42,77,0.545,10,23,0.435,13,22,0.591,16,24,40,31,14,5,13,14,107,33,1,2026,regular-season,NA,NA,NA,NA
22026,1611661327,PDX,Portland Fire,1022600104,2026-06-15,PDX @ MIN,L,200,28,69,0.406,10,30,0.333,8,11,0.727,10,17,27,21,7,2,22,24,74,-33,1,2026,regular-season,NA,NA,NA,NA
22026,1611661331,GSV,Golden State Valkyries,1022600105,2026-06-15,GSV vs. LAS,W,200,28,66,0.424,7,21,0.333,15,19,0.789,7,26,33,19,13,4,10,20,78,20,1,2026,regular-season,NA,NA,NA,NA
22026,1611661325,IND,Indiana Fever,1022600106,2026-06-16,IND vs. TOR,W,200,36,69,0.522,13,30,0.433,28,33,0.848,10,33,43,25,4,5,17,18,113,22,1,2026,regular-season,NA,NA,NA,NA
22026,1611661332,TOR,Toronto Tempo,1022600106,2026-06-16,TOR @ IND,L,200,34,75,0.453,11,25,0.44,12,19,0.632,5,22,27,25,9,1,12,27,91,-22,1,2026,regular-season,NA,NA,NA,NA
22026,1611661313,NYL,New York Liberty,1022600108,2026-06-17,NYL @ CHI,W,200,33,66,0.5,9,27,0.333,21,23,0.913,10,24,34,20,7,5,14,12,96,1,1,2026,regular-season,NA,NA,NA,NA
22026,1611661317,PHX,Phoenix Mercury,1022600111,2026-06-17,PHX vs. LVA,L,200,27,57,0.474,9,21,0.429,13,14,0.929,5,25,30,18,5,2,22,19,76,-10,1,2026,regular-season,NA,NA,NA,NA
22026,1611661319,LVA,Las Vegas Aces,1022600111,2026-06-17,LVA @ PHX,W,200,31,68,0.456,5,21,0.238,19,25,0.76,9,20,29,25,18,6,9,13,86,10,1,2026,regular-season,NA,NA,NA,NA
22026,1611661320,LAS,Los Angeles Sparks,1022600110,2026-06-17,LAS vs. MIN,L,200,25,60,0.417,7,26,0.269,26,32,0.813,5,21,26,20,8,1,19,18,83,-16,1,2026,regular-season,NA,NA,NA,NA
22026,1611661321,DAL,Dallas Wings,1022600109,2026-06-17,DAL @ GSV,L,200,30,64,0.469,9,22,0.409,11,16,0.688,2,23,25,19,10,3,8,20,80,-11,1,2026,regular-season,NA,NA,NA,NA
22026,1611661322,WAS,Washington Mystics,1022600107,2026-06-17,WAS @ CON,W,200,26,55,0.473,7,18,0.389,29,30,0.967,4,29,33,18,2,1,13,20,88,7,1,2026,regular-season,NA,NA,NA,NA
22026,1611661323,CON,Connecticut Sun,1022600107,2026-06-17,CON vs. WAS,L,200,31,68,0.456,4,20,0.2,15,23,0.652,7,19,26,16,8,3,5,25,81,-7,1,2026,regular-season,NA,NA,NA,NA
22026,1611661324,MIN,Minnesota Lynx,1022600110,2026-06-17,MIN @ LAS,W,200,40,72,0.556,9,21,0.429,10,14,0.714,8,26,34,21,11,3,20,27,99,16,1,2026,regular-season,NA,NA,NA,NA
22026,1611661327,PDX,Portland Fire,1022600112,2026-06-17,PDX vs. SEA,W,200,27,70,0.386,17,42,0.405,23,27,0.852,14,18,32,20,7,7,14,18,94,5,1,2026,regular-season,NA,NA,NA,NA
22026,1611661328,SEA,Seattle Storm,1022600112,2026-06-17,SEA @ PDX,L,200,32,67,0.478,9,24,0.375,16,19,0.842,8,23,31,22,5,3,14,18,89,-5,1,2026,regular-season,NA,NA,NA,NA
22026,1611661329,CHI,Chicago Sky,1022600108,2026-06-17,CHI vs. NYL,L,200,35,71,0.493,12,23,0.522,13,15,0.867,7,21,28,23,10,4,11,22,95,-1,1,2026,regular-season,NA,NA,NA,NA
22026,1611661331,GSV,Golden State Valkyries,1022600109,2026-06-17,GSV vs. DAL,W,200,29,63,0.46,12,25,0.48,21,27,0.778,9,32,41,20,4,3,13,14,91,11,1,2026,regular-season,NA,NA,NA,NA
22026,1611661325,IND,Indiana Fever,1022600113,2026-06-18,IND vs. ATL,L,200,35,63,0.556,8,17,0.471,23,29,0.793,5,21,26,16,7,3,18,26,101,-7,1,2026,regular-season,NA,NA,NA,NA
22026,1611661330,ATL,Atlanta Dream,1022600113,2026-06-18,ATL @ IND,W,200,37,69,0.536,7,18,0.389,27,35,0.771,8,21,29,21,11,3,12,27,108,7,1,2026,regular-season,NA,NA,NA,NA
22026,1611661313,NYL,New York Liberty,1022600115,2026-06-19,NYL vs. WAS,L,200,29,66,0.439,10,34,0.294,15,20,0.75,5,25,30,20,5,6,14,26,83,-3,1,2026,regular-season,NA,NA,NA,NA
22026,1611661322,WAS,Washington Mystics,1022600115,2026-06-19,WAS @ NYL,W,200,30,62,0.484,4,18,0.222,22,32,0.688,8,23,31,20,9,2,11,23,86,3,1,2026,regular-season,NA,NA,NA,NA
22026,1611661324,MIN,Minnesota Lynx,1022600116,2026-06-19,MIN @ GSV,W,200,27,68,0.397,6,13,0.462,21,23,0.913,12,30,42,18,8,9,14,17,81,6,1,2026,regular-season,NA,NA,NA,NA
22026,1611661331,GSV,Golden State Valkyries,1022600116,2026-06-19,GSV vs. MIN,L,200,26,74,0.351,12,40,0.3,11,17,0.647,13,25,38,17,8,3,14,16,75,-6,1,2026,regular-season,NA,NA,NA,NA
22026,1611661323,CON,Connecticut Sun,1022600114,2026-06-19,CON vs. TOR,L,200,35,76,0.461,6,22,0.273,21,26,0.808,12,23,35,21,9,4,8,13,97,-4,1,2026,regular-season,NA,NA,NA,NA
22026,1611661332,TOR,Toronto Tempo,1022600114,2026-06-19,TOR @ CON,W,200,37,76,0.487,19,34,0.559,8,9,0.889,10,23,33,27,5,4,15,23,101,4,1,2026,regular-season,NA,NA,NA,NA
22026,1611661317,PHX,Phoenix Mercury,1022600118,2026-06-20,PHX vs. SEA,W,200,31,63,0.492,10,29,0.345,21,26,0.808,7,32,39,26,4,8,16,13,93,20,1,2026,regular-season,NA,NA,NA,NA
22026,1611661321,DAL,Dallas Wings,1022600119,2026-06-20,DAL vs. CHI,W,200,33,73,0.452,10,25,0.4,17,21,0.81,9,26,35,17,7,7,14,23,93,1,1,2026,regular-season,NA,NA,NA,NA
22026,1611661325,IND,Indiana Fever,1022600117,2026-06-20,IND @ ATL,L,200,33,67,0.493,13,30,0.433,17,21,0.81,4,26,30,20,1,3,19,29,96,-17,1,2026,regular-season,NA,NA,NA,NA
22026,1611661328,SEA,Seattle Storm,1022600118,2026-06-20,SEA @ PHX,L,200,25,70,0.357,8,28,0.286,15,17,0.882,9,20,29,17,7,2,11,24,73,-20,1,2026,regular-season,NA,NA,NA,NA
22026,1611661329,CHI,Chicago Sky,1022600119,2026-06-20,CHI @ DAL,L,200,33,70,0.471,7,23,0.304,19,29,0.655,13,30,43,22,9,3,15,24,92,-1,1,2026,regular-season,NA,NA,NA,NA
22026,1611661330,ATL,Atlanta Dream,1022600117,2026-06-20,ATL vs. IND,W,200,40,80,0.5,12,26,0.462,21,31,0.677,12,23,35,25,10,5,9,24,113,17,1,2026,regular-season,NA,NA,NA,NA
22026,1611661313,NYL,New York Liberty,1022600122,2026-06-21,NYL @ LAS,L,200,34,69,0.493,13,36,0.361,16,19,0.842,9,29,38,23,7,3,17,21,97,-1,1,2026,regular-season,NA,NA,NA,NA
22026,1611661319,LVA,Las Vegas Aces,1022600120,2026-06-21,LVA vs. GSV,W,200,36,58,0.621,11,24,0.458,9,10,0.9,2,23,25,21,5,3,11,18,92,19,1,2026,regular-season,NA,NA,NA,NA
22026,1611661320,LAS,Los Angeles Sparks,1022600122,2026-06-21,LAS vs. NYL,W,200,40,77,0.519,9,27,0.333,9,12,0.75,7,19,26,28,5,2,9,20,98,1,1,2026,regular-season,NA,NA,NA,NA
22026,1611661322,WAS,Washington Mystics,1022600121,2026-06-21,WAS @ MIN,W,200,28,61,0.459,7,19,0.368,21,29,0.724,8,25,33,20,7,3,18,16,84,5,1,2026,regular-season,NA,NA,NA,NA
22026,1611661324,MIN,Minnesota Lynx,1022600121,2026-06-21,MIN vs. WAS,L,200,31,71,0.437,4,21,0.19,13,14,0.929,7,20,27,18,11,7,14,25,79,-5,1,2026,regular-season,NA,NA,NA,NA
22026,1611661331,GSV,Golden State Valkyries,1022600120,2026-06-21,GSV @ LVA,L,200,28,67,0.418,5,30,0.167,12,18,0.667,11,20,31,10,7,1,10,15,73,-19,1,2026,regular-season,NA,NA,NA,NA
22026,1611661317,PHX,Phoenix Mercury,1022600125,2026-06-22,PHX @ IND,L,200,28,68,0.412,5,25,0.2,16,21,0.762,8,21,29,19,5,2,13,25,77,-9,1,2026,regular-season,NA,NA,NA,NA
22026,1611661321,DAL,Dallas Wings,1022600126,2026-06-22,DAL @ SEA,W,225,48,89,0.539,9,24,0.375,7,9,0.778,9,25,34,30,9,2,9,14,112,2,1,2026,regular-season,NA,NA,NA,NA
22026,1611661323,CON,Connecticut Sun,1022600123,2026-06-22,CON vs. CHI,W,200,34,67,0.507,4,13,0.308,20,26,0.769,10,39,49,21,10,9,17,29,92,29,1,2026,regular-season,NA,NA,NA,NA
22026,1611661325,IND,Indiana Fever,1022600125,2026-06-22,IND vs. PHX,W,200,27,64,0.422,10,34,0.294,22,29,0.759,12,27,39,15,6,2,15,23,86,9,1,2026,regular-season,NA,NA,NA,NA
22026,1611661328,SEA,Seattle Storm,1022600126,2026-06-22,SEA vs. DAL,L,225,39,77,0.506,13,29,0.448,19,21,0.905,5,29,34,29,5,6,13,12,110,-2,1,2026,regular-season,NA,NA,NA,NA
22026,1611661329,CHI,Chicago Sky,1022600123,2026-06-22,CHI @ CON,L,200,17,73,0.233,4,30,0.133,25,32,0.781,11,17,28,10,6,2,14,21,63,-29,1,2026,regular-season,NA,NA,NA,NA
22026,1611661330,ATL,Atlanta Dream,1022600124,2026-06-22,ATL vs. TOR,W,200,34,78,0.436,9,29,0.31,17,21,0.81,9,23,32,23,8,1,12,26,94,7,1,2026,regular-season,NA,NA,NA,NA
22026,1611661332,TOR,Toronto Tempo,1022600124,2026-06-22,TOR @ ATL,L,200,28,62,0.452,9,28,0.321,22,28,0.786,5,26,31,22,8,6,17,23,87,-7,1,2026,regular-season,NA,NA,NA,NA
22026,1611661313,NYL,New York Liberty,1022600127,2026-06-23,NYL @ LVA,W,200,30,65,0.462,13,31,0.419,14,16,0.875,5,29,34,19,3,5,12,12,87,11,1,2026,regular-season,NA,NA,NA,NA
22026,1611661319,LVA,Las Vegas Aces,1022600127,2026-06-23,LVA vs. NYL,L,200,31,72,0.431,8,27,0.296,6,8,0.75,5,27,32,23,9,4,8,14,76,-11,1,2026,regular-season,NA,NA,NA,NA
22026,1611661317,PHX,Phoenix Mercury,1022600128,2026-06-24,PHX @ IND,W,200,39,66,0.591,7,20,0.35,26,33,0.788,6,20,26,21,8,3,13,19,111,2,1,2026,regular-season,NA,NA,NA,NA
22026,1611661322,WAS,Washington Mystics,1022600129,2026-06-24,WAS vs. MIN,L,200,26,61,0.426,5,16,0.313,19,27,0.704,6,34,40,17,4,2,18,22,76,-2,1,2026,regular-season,NA,NA,NA,NA
22026,1611661324,MIN,Minnesota Lynx,1022600129,2026-06-24,MIN @ WAS,W,200,27,71,0.38,8,30,0.267,16,22,0.727,7,30,37,19,7,6,13,25,78,2,1,2026,regular-season,NA,NA,NA,NA
22026,1611661325,IND,Indiana Fever,1022600128,2026-06-24,IND vs. PHX,L,200,39,66,0.591,13,27,0.481,18,19,0.947,5,21,26,30,6,1,16,29,109,-2,1,2026,regular-season,NA,NA,NA,NA
22026,1611661327,PDX,Portland Fire,1022600130,2026-06-24,PDX @ CHI,L,200,26,69,0.377,10,25,0.4,16,20,0.8,8,21,29,20,7,5,12,23,78,-23,1,2026,regular-season,NA,NA,NA,NA
22026,1611661329,CHI,Chicago Sky,1022600130,2026-06-24,CHI vs. PDX,W,200,36,69,0.522,6,19,0.316,23,29,0.793,12,26,38,27,6,6,14,18,101,23,1,2026,regular-season,NA,NA,NA,NA
22026,1611661330,ATL,Atlanta Dream,1022600131,2026-06-24,ATL @ GSV,L,200,25,64,0.391,4,18,0.222,12,22,0.545,12,22,34,16,6,3,13,16,66,-11,1,2026,regular-season,NA,NA,NA,NA
22026,1611661331,GSV,Golden State Valkyries,1022600131,2026-06-24,GSV vs. ATL,W,200,27,60,0.45,15,32,0.469,8,12,0.667,6,26,32,20,5,7,17,20,77,11,1,2026,regular-season,NA,NA,NA,NA
22026,1611661313,NYL,New York Liberty,1022600134,2026-06-25,NYL @ SEA,L,200,32,71,0.451,10,36,0.278,14,20,0.7,7,21,28,21,9,3,16,15,88,-11,1,2026,regular-season,NA,NA,NA,NA
22026,1611661319,LVA,Las Vegas Aces,1022600133,2026-06-25,LVA vs. DAL,W,200,32,60,0.533,8,18,0.444,27,33,0.818,7,28,35,20,5,2,16,20,99,15,1,2026,regular-season,NA,NA,NA,NA
22026,1611661320,LAS,Los Angeles Sparks,1022600132,2026-06-25,LAS @ TOR,L,200,33,77,0.429,11,38,0.289,20,26,0.769,8,22,30,20,7,2,8,23,97,-28,1,2026,regular-season,NA,NA,NA,NA
22026,1611661321,DAL,Dallas Wings,1022600133,2026-06-25,DAL @ LVA,L,200,34,70,0.486,2,21,0.095,14,16,0.875,3,21,24,18,7,2,13,25,84,-15,1,2026,regular-season,NA,NA,NA,NA
22026,1611661328,SEA,Seattle Storm,1022600134,2026-06-25,SEA vs. NYL,W,200,39,75,0.52,9,28,0.321,12,15,0.8,13,26,39,18,8,3,16,21,99,11,1,2026,regular-season,NA,NA,NA,NA
22026,1611661332,TOR,Toronto Tempo,1022600132,2026-06-25,TOR vs. LAS,W,200,41,80,0.513,20,42,0.476,23,27,0.852,15,37,52,26,5,4,10,23,125,28,1,2026,regular-season,NA,NA,NA,NA
22026,1611661322,WAS,Washington Mystics,1022600135,2026-06-26,WAS @ CON,L,200,19,55,0.345,5,18,0.278,14,25,0.56,12,33,45,16,3,4,22,15,57,-11,1,2026,regular-season,NA,NA,NA,NA
22026,1611661323,CON,Connecticut Sun,1022600135,2026-06-26,CON vs. WAS,W,200,28,68,0.412,5,12,0.417,7,10,0.7,5,22,27,18,12,6,10,20,68,11,1,2026,regular-season,NA,NA,NA,NA
22026,1611661327,PDX,Portland Fire,1022600136,2026-06-26,PDX @ CHI,L,200,32,79,0.405,9,30,0.3,21,27,0.778,11,13,24,19,10,4,9,23,94,-30,1,2026,regular-season,NA,NA,NA,NA
22026,1611661329,CHI,Chicago Sky,1022600136,2026-06-26,CHI vs. PDX,W,200,45,68,0.662,15,28,0.536,19,24,0.792,6,26,32,38,2,9,14,19,124,30,1,2026,regular-season,NA,NA,NA,NA
22026,1611661330,ATL,Atlanta Dream,1022600137,2026-06-26,ATL @ GSV,L,200,23,67,0.343,6,20,0.3,23,27,0.852,7,20,27,10,14,4,14,21,75,-3,1,2026,regular-season,NA,NA,NA,NA
22026,1611661331,GSV,Golden State Valkyries,1022600137,2026-06-26,GSV vs. ATL,W,200,27,62,0.435,5,22,0.227,19,25,0.76,6,26,32,14,6,9,18,22,78,3,1,2026,regular-season,NA,NA,NA,NA
22026,1611661317,PHX,Phoenix Mercury,1022600138,2026-06-27,PHX @ TOR,W,200,29,67,0.433,10,27,0.37,21,29,0.724,7,25,32,16,10,2,9,16,89,9,1,2026,regular-season,NA,NA,NA,NA
22026,1611661320,LAS,Los Angeles Sparks,1022600139,2026-06-27,LAS @ IND,L,200,33,77,0.429,4,20,0.2,17,21,0.81,5,20,25,21,4,4,10,23,87,-24,1,2026,regular-season,NA,NA,NA,NA
22026,1611661325,IND,Indiana Fever,1022600139,2026-06-27,IND vs. LAS,W,200,37,67,0.552,10,19,0.526,27,33,0.818,9,32,41,23,6,6,12,24,111,24,1,2026,regular-season,NA,NA,NA,NA
22026,1611661328,SEA,Seattle Storm,1022600140,2026-06-27,SEA vs. ATL,W,200,38,63,0.603,14,23,0.609,15,20,0.75,8,26,34,27,5,4,18,21,105,15,1,2026,regular-season,NA,NA,NA,NA
22026,1611661330,ATL,Atlanta Dream,1022600140,2026-06-27,ATL @ SEA,L,200,30,70,0.429,7,29,0.241,23,26,0.885,6,20,26,22,7,0,13,18,90,-15,1,2026,regular-season,NA,NA,NA,NA
22026,1611661332,TOR,Toronto Tempo,1022600138,2026-06-27,TOR vs. PHX,L,200,31,67,0.463,12,30,0.4,6,12,0.5,4,31,35,26,4,2,12,24,80,-9,1,2026,regular-season,NA,NA,NA,NA
22026,1611661313,NYL,New York Liberty,1022600144,2026-06-28,NYL @ GSV,L,200,21,52,0.404,9,25,0.36,16,21,0.762,4,20,24,14,5,2,12,21,67,-9,1,2026,regular-season,NA,NA,NA,NA
22026,1611661319,LVA,Las Vegas Aces,1022600143,2026-06-28,LVA @ CHI,W,200,33,63,0.524,10,25,0.4,31,37,0.838,6,26,32,20,9,4,11,21,107,8,1,2026,regular-season,NA,NA,NA,NA
22026,1611661321,DAL,Dallas Wings,1022600141,2026-06-28,DAL vs. MIN,L,200,28,74,0.378,7,23,0.304,14,15,0.933,11,27,38,13,7,3,16,15,77,-8,1,2026,regular-season,NA,NA,NA,NA
22026,1611661322,WAS,Washington Mystics,1022600142,2026-06-28,WAS vs. PDX,W,300,42,98,0.429,10,29,0.345,30,41,0.732,12,33,45,32,10,9,19,23,124,1,1,2026,regular-season,NA,NA,NA,NA
22026,1611661324,MIN,Minnesota Lynx,1022600141,2026-06-28,MIN @ DAL,W,200,31,72,0.431,9,23,0.391,14,17,0.824,9,27,36,19,9,5,10,15,85,8,1,2026,regular-season,NA,NA,NA,NA
22026,1611661327,PDX,Portland Fire,1022600142,2026-06-28,PDX @ WAS,L,300,45,101,0.446,14,39,0.359,19,21,0.905,12,32,44,29,12,8,24,39,123,-1,1,2026,regular-season,NA,NA,NA,NA
22026,1611661329,CHI,Chicago Sky,1022600143,2026-06-28,CHI vs. LVA,L,200,37,80,0.463,9,24,0.375,16,25,0.64,11,25,36,27,8,1,11,26,99,-8,1,2026,regular-season,NA,NA,NA,NA
22026,1611661331,GSV,Golden State Valkyries,1022600144,2026-06-28,GSV vs. NYL,W,200,28,65,0.431,7,28,0.25,13,18,0.722,7,23,30,20,5,2,8,24,76,9,1,2026,regular-season,NA,NA,NA,NA
22026,1611661330,ATL,Atlanta Dream,1022600145,2026-07-02,ATL @ WAS,L,200,29,80,0.363,7,31,0.226,11,18,0.611,16,17,33,19,13,3,15,23,76,-5,1,2026,regular-season,NA,NA,NA,NA
22026,1611661322,WAS,Washington Mystics,1022600145,2026-07-02,WAS vs. ATL,W,200,31,56,0.554,9,16,0.563,10,19,0.526,8,30,38,20,2,3,28,22,81,5,1,2026,regular-season,NA,NA,NA,NA
22026,1611661328,SEA,Seattle Storm,1022600147,2026-07-02,SEA @ PHX,L,200,26,62,0.419,8,25,0.32,7,12,0.583,5,24,29,19,5,6,13,17,67,-23,1,2026,regular-season,NA,NA,NA,NA
22026,1611661317,PHX,Phoenix Mercury,1022600147,2026-07-02,PHX vs. SEA,W,200,33,73,0.452,11,26,0.423,13,19,0.684,13,27,40,23,9,4,11,13,90,23,1,2026,regular-season,NA,NA,NA,NA
22026,1611661323,CON,Connecticut Sun,1022600146,2026-07-02,CON vs. DAL,L,200,29,64,0.453,3,9,0.333,22,35,0.629,11,23,34,16,7,4,14,23,83,-3,1,2026,regular-season,NA,NA,NA,NA
22026,1611661321,DAL,Dallas Wings,1022600146,2026-07-02,DAL @ CON,W,200,33,68,0.485,9,26,0.346,11,16,0.688,5,26,31,18,4,3,15,25,86,3,1,2026,regular-season,NA,NA,NA,NA
22026,1611661313,NYL,New York Liberty,1022600148,2026-07-03,NYL vs. MIN,W,200,36,62,0.581,10,25,0.4,17,18,0.944,7,27,34,26,8,6,17,13,99,13,1,2026,regular-season,NA,NA,NA,NA
22026,1611661324,MIN,Minnesota Lynx,1022600148,2026-07-03,MIN @ NYL,L,200,34,85,0.4,10,31,0.323,8,9,0.889,16,15,31,22,8,1,8,15,86,-13,1,2026,regular-season,NA,NA,NA,NA
22026,1611661329,CHI,Chicago Sky,1022600149,2026-07-03,CHI @ LVA,L,225,28,65,0.431,7,20,0.35,27,31,0.871,6,26,32,20,8,4,18,29,90,-8,1,2026,regular-season,NA,NA,NA,NA
22026,1611661319,LVA,Las Vegas Aces,1022600149,2026-07-03,LVA vs. CHI,W,225,35,69,0.507,4,22,0.182,24,30,0.8,6,28,34,17,10,6,13,19,98,8,1,2026,regular-season,NA,NA,NA,NA
22026,1611661331,GSV,Golden State Valkyries,1022600150,2026-07-04,GSV @ ATL,W,200,31,67,0.463,13,34,0.382,13,17,0.765,8,22,30,19,15,4,15,28,88,5,1,2026,regular-season,NA,NA,NA,NA
22026,1611661330,ATL,Atlanta Dream,1022600150,2026-07-04,ATL vs. GSV,L,200,26,66,0.394,8,26,0.308,23,33,0.697,12,25,37,18,6,1,17,20,83,-5,1,2026,regular-season,NA,NA,NA,NA
22026,1611661328,SEA,Seattle Storm,1022600151,2026-07-04,SEA vs. PDX,L,200,24,71,0.338,8,29,0.276,16,18,0.889,6,25,31,16,14,3,14,22,72,-5,1,2026,regular-season,NA,NA,NA,NA
22026,1611661327,PDX,Portland Fire,1022600151,2026-07-04,PDX @ SEA,W,200,25,68,0.368,4,25,0.16,23,25,0.92,10,37,47,17,9,3,20,19,77,5,1,2026,regular-season,NA,NA,NA,NA
22026,1611661325,IND,Indiana Fever,1022600153,2026-07-05,IND @ LVA,W,200,30,70,0.429,9,23,0.391,15,20,0.75,13,26,39,18,5,3,7,20,84,16,1,2026,regular-season,NA,NA,NA,NA
22026,1611661319,LVA,Las Vegas Aces,1022600153,2026-07-05,LVA vs. IND,L,200,22,55,0.4,4,19,0.211,20,25,0.8,6,24,30,14,5,1,13,17,68,-16,1,2026,regular-season,NA,NA,NA,NA
22026,1611661332,TOR,Toronto Tempo,1022600152,2026-07-05,TOR vs. DAL,L,200,28,72,0.389,10,29,0.345,10,14,0.714,13,22,35,16,5,3,14,14,76,-13,1,2026,regular-season,NA,NA,NA,NA
22026,1611661321,DAL,Dallas Wings,1022600152,2026-07-05,DAL @ TOR,W,200,33,75,0.44,10,28,0.357,13,14,0.929,16,26,42,16,7,6,11,22,89,13,1,2026,regular-season,NA,NA,NA,NA
22026,1611661331,GSV,Golden State Valkyries,1022600154,2026-07-06,GSV @ WAS,W,200,26,74,0.351,6,34,0.176,4,4,1,9,21,30,14,10,5,6,16,62,13,1,2026,regular-season,NA,NA,NA,NA
22026,1611661322,WAS,Washington Mystics,1022600154,2026-07-06,WAS vs. GSV,L,200,18,60,0.3,3,24,0.125,10,15,0.667,10,31,41,14,1,3,17,13,49,-13,1,2026,regular-season,NA,NA,NA,NA
22026,1611661324,MIN,Minnesota Lynx,1022600155,2026-07-06,MIN vs. CON,L,200,31,71,0.437,10,30,0.333,17,19,0.895,8,24,32,24,5,7,13,23,89,-1,1,2026,regular-season,NA,NA,NA,NA
22026,1611661323,CON,Connecticut Sun,1022600155,2026-07-06,CON @ MIN,W,200,33,66,0.5,7,15,0.467,17,29,0.586,7,25,32,21,11,6,12,20,90,1,1,2026,regular-season,NA,NA,NA,NA
22026,1611661320,LAS,Los Angeles Sparks,1022600156,2026-07-06,LAS vs. SEA,L,200,22,65,0.338,5,29,0.172,15,20,0.75,4,31,35,18,7,1,19,13,64,-18,1,2026,regular-season,NA,NA,NA,NA
22026,1611661328,SEA,Seattle Storm,1022600156,2026-07-06,SEA @ LAS,W,200,32,75,0.427,10,33,0.303,8,9,0.889,7,37,44,18,14,3,13,20,82,18,1,2026,regular-season,NA,NA,NA,NA
22026,1611661321,DAL,Dallas Wings,1022600157,2026-07-07,DAL @ NYL,W,200,35,76,0.461,6,23,0.261,12,12,1,10,28,38,29,3,5,11,17,88,11,1,2026,regular-season,NA,NA,NA,NA
22026,1611661313,NYL,New York Liberty,1022600157,2026-07-07,NYL vs. DAL,L,200,26,65,0.4,5,26,0.192,20,22,0.909,7,27,34,16,3,4,14,18,77,-11,1,2026,regular-season,NA,NA,NA,NA
22026,1611661329,CHI,Chicago Sky,1022600158,2026-07-07,CHI @ PHX,W,200,26,62,0.419,11,27,0.407,14,20,0.7,7,28,35,21,11,5,19,23,77,11,1,2026,regular-season,NA,NA,NA,NA
22026,1611661317,PHX,Phoenix Mercury,1022600158,2026-07-07,PHX vs. CHI,L,200,20,54,0.37,7,24,0.292,19,24,0.792,6,25,31,9,11,3,20,19,66,-11,1,2026,regular-season,NA,NA,NA,NA
22026,1611661332,TOR,Toronto Tempo,1022600159,2026-07-08,TOR vs. GSV,L,200,26,54,0.481,6,22,0.273,17,18,0.944,4,19,23,19,6,0,20,20,75,-8,1,2026,regular-season,NA,NA,NA,NA
22026,1611661331,GSV,Golden State Valkyries,1022600159,2026-07-08,GSV @ TOR,W,200,26,58,0.448,11,30,0.367,20,25,0.8,11,20,31,18,7,3,16,20,83,8,1,2026,regular-season,NA,NA,NA,NA
22026,1611661324,MIN,Minnesota Lynx,1022600160,2026-07-08,MIN @ CON,W,200,28,60,0.467,10,22,0.455,20,27,0.741,9,24,33,21,8,7,14,20,86,6,1,2026,regular-season,NA,NA,NA,NA
22026,1611661323,CON,Connecticut Sun,1022600160,2026-07-08,CON vs. MIN,L,200,26,65,0.4,6,23,0.261,22,27,0.815,10,26,36,20,9,7,18,20,80,-6,1,2026,regular-season,NA,NA,NA,NA
22026,1611661320,LAS,Los Angeles Sparks,1022600161,2026-07-08,LAS vs. IND,W,200,40,79,0.506,9,20,0.45,17,20,0.85,7,30,37,25,11,0,12,18,106,14,1,2026,regular-season,NA,NA,NA,NA
22026,1611661325,IND,Indiana Fever,1022600161,2026-07-08,IND @ LAS,L,200,33,77,0.429,11,34,0.324,15,21,0.714,12,29,41,18,8,5,17,22,92,-14,1,2026,regular-season,NA,NA,NA,NA
22026,1611661330,ATL,Atlanta Dream,1022600162,2026-07-09,ATL vs. SEA,W,200,30,72,0.417,6,26,0.231,23,26,0.885,10,27,37,18,14,4,16,18,89,11,1,2026,regular-season,NA,NA,NA,NA
22026,1611661328,SEA,Seattle Storm,1022600162,2026-07-09,SEA @ ATL,L,200,30,66,0.455,3,20,0.15,15,19,0.789,6,29,35,21,6,3,23,20,78,-11,1,2026,regular-season,NA,NA,NA,NA
22026,1611661325,IND,Indiana Fever,1022600163,2026-07-09,IND @ PHX,W,200,35,70,0.5,12,27,0.444,10,10,1,6,24,30,18,8,4,12,16,92,3,1,2026,regular-season,NA,NA,NA,NA
22026,1611661319,LVA,Las Vegas Aces,1022600164,2026-07-09,LVA @ PDX,W,200,31,61,0.508,8,20,0.4,18,22,0.818,4,23,27,23,13,5,12,17,88,8,1,2026,regular-season,NA,NA,NA,NA
22026,1611661317,PHX,Phoenix Mercury,1022600163,2026-07-09,PHX vs. IND,L,200,35,71,0.493,11,27,0.407,8,10,0.8,4,23,27,23,4,1,12,14,89,-3,1,2026,regular-season,NA,NA,NA,NA
22026,1611661327,PDX,Portland Fire,1022600164,2026-07-09,PDX vs. LVA,L,200,27,61,0.443,11,32,0.344,15,20,0.75,6,24,30,17,8,3,17,19,80,-8,1,2026,regular-season,NA,NA,NA,NA
22026,1611661332,TOR,Toronto Tempo,1022600166,2026-07-10,TOR vs. DAL,L,200,35,64,0.547,14,30,0.467,11,14,0.786,4,20,24,24,3,2,14,19,95,-13,1,2026,regular-season,NA,NA,NA,NA
22026,1611661321,DAL,Dallas Wings,1022600166,2026-07-10,DAL @ TOR,W,200,39,74,0.527,11,25,0.44,19,21,0.905,11,21,32,22,5,1,7,17,108,13,1,2026,regular-season,NA,NA,NA,NA
22026,1611661331,GSV,Golden State Valkyries,1022600165,2026-07-10,GSV @ CON,W,200,31,60,0.517,8,18,0.444,9,13,0.692,9,21,30,19,11,6,17,21,79,15,1,2026,regular-season,NA,NA,NA,NA
22026,1611661323,CON,Connecticut Sun,1022600165,2026-07-10,CON vs. GSV,L,200,24,58,0.414,4,16,0.25,12,17,0.706,6,17,23,19,10,3,22,20,64,-15,1,2026,regular-season,NA,NA,NA,NA
22026,1611661329,CHI,Chicago Sky,1022600167,2026-07-10,CHI @ LAS,L,200,31,71,0.437,6,25,0.24,19,22,0.864,8,28,36,21,5,3,15,20,87,-15,1,2026,regular-season,NA,NA,NA,NA
22026,1611661320,LAS,Los Angeles Sparks,1022600167,2026-07-10,LAS vs. CHI,W,200,39,76,0.513,14,31,0.452,10,15,0.667,5,27,32,32,11,4,12,20,102,15,1,2026,regular-season,NA,NA,NA,NA
22026,1611661324,MIN,Minnesota Lynx,1022600168,2026-07-11,MIN vs. NYL,W,200,29,69,0.42,14,28,0.5,18,23,0.783,15,25,40,18,9,3,14,18,90,5,1,2026,regular-season,NA,NA,NA,NA
22026,1611661313,NYL,New York Liberty,1022600168,2026-07-11,NYL @ MIN,L,200,32,75,0.427,13,38,0.342,8,9,0.889,11,23,34,20,8,2,14,16,85,-5,1,2026,regular-season,NA,NA,NA,NA
22026,1611661330,ATL,Atlanta Dream,1022600170,2026-07-11,ATL vs. PDX,L,200,33,75,0.44,6,30,0.2,20,24,0.833,12,20,32,25,8,3,12,23,92,-10,1,2026,regular-season,NA,NA,NA,NA
22026,1611661327,PDX,Portland Fire,1022600170,2026-07-11,PDX @ ATL,W,200,36,60,0.6,14,29,0.483,16,19,0.842,2,24,26,28,7,4,17,26,102,10,1,2026,regular-season,NA,NA,NA,NA
22026,1611661319,LVA,Las Vegas Aces,1022600169,2026-07-11,LVA vs. PHX,W,200,39,77,0.506,14,35,0.4,14,16,0.875,12,35,47,31,8,2,9,14,106,48,1,2026,regular-season,NA,NA,NA,NA
22026,1611661317,PHX,Phoenix Mercury,1022600169,2026-07-11,PHX @ LVA,L,200,23,66,0.348,7,31,0.226,5,8,0.625,3,26,29,14,3,0,18,16,58,-48,1,2026,regular-season,NA,NA,NA,NA
22026,1611661328,SEA,Seattle Storm,1022600172,2026-07-12,SEA @ WAS,L,200,30,70,0.429,5,19,0.263,14,18,0.778,16,27,43,12,12,4,20,25,79,-5,1,2026,regular-season,NA,NA,NA,NA
22026,1611661329,CHI,Chicago Sky,1022600173,2026-07-12,CHI @ DAL,L,200,36,75,0.48,7,22,0.318,12,13,0.923,6,30,36,16,3,1,7,16,91,-5,1,2026,regular-season,NA,NA,NA,NA
22026,1611661321,DAL,Dallas Wings,1022600173,2026-07-12,DAL vs. CHI,W,200,36,75,0.48,9,25,0.36,15,19,0.789,7,26,33,23,4,3,5,13,96,5,1,2026,regular-season,NA,NA,NA,NA
22026,1611661325,IND,Indiana Fever,1022600174,2026-07-12,IND @ LVA,W,200,38,68,0.559,15,31,0.484,18,19,0.947,5,30,35,18,6,1,10,17,109,34,1,2026,regular-season,NA,NA,NA,NA
22026,1611661319,LVA,Las Vegas Aces,1022600174,2026-07-12,LVA vs. IND,L,200,27,69,0.391,4,17,0.235,17,20,0.85,9,19,28,17,4,4,11,19,75,-34,1,2026,regular-season,NA,NA,NA,NA
22026,1611661332,TOR,Toronto Tempo,1022600171,2026-07-12,TOR vs. NYL,W,200,34,66,0.515,9,24,0.375,16,18,0.889,5,25,30,22,10,3,23,28,93,2,1,2026,regular-season,NA,NA,NA,NA
22026,1611661313,NYL,New York Liberty,1022600171,2026-07-12,NYL @ TOR,L,200,33,76,0.434,5,26,0.192,20,22,0.909,10,23,33,16,11,4,18,19,91,-2,1,2026,regular-season,NA,NA,NA,NA
22026,1611661322,WAS,Washington Mystics,1022600172,2026-07-12,WAS vs. SEA,W,200,31,72,0.431,5,19,0.263,17,23,0.739,9,23,32,23,10,3,15,17,84,5,1,2026,regular-season,NA,NA,NA,NA
22026,1611661320,LAS,Los Angeles Sparks,1022600175,2026-07-13,LAS @ ATL,L,200,35,67,0.522,9,24,0.375,13,16,0.813,6,19,25,18,11,3,18,23,92,-9,1,2026,regular-season,NA,NA,NA,NA
22026,1611661330,ATL,Atlanta Dream,1022600175,2026-07-13,ATL vs. LAS,W,200,36,73,0.493,9,28,0.321,20,23,0.87,12,23,35,22,11,1,17,17,101,9,1,2026,regular-season,NA,NA,NA,NA
22026,1611661324,MIN,Minnesota Lynx,1022600176,2026-07-13,MIN vs. PHX,W,200,34,61,0.557,12,29,0.414,24,26,0.923,4,20,24,20,9,4,12,21,104,4,1,2026,regular-season,NA,NA,NA,NA
22026,1611661317,PHX,Phoenix Mercury,1022600176,2026-07-13,PHX @ MIN,L,200,35,63,0.556,11,25,0.44,19,21,0.905,4,22,26,28,5,0,14,18,100,-4,1,2026,regular-season,NA,NA,NA,NA
22026,1611661327,PDX,Portland Fire,1022600177,2026-07-14,PDX @ CON,L,200,29,60,0.483,9,26,0.346,20,21,0.952,4,20,24,19,10,3,16,14,87,-3,1,2026,regular-season,NA,NA,NA,NA
22026,1611661323,CON,Connecticut Sun,1022600177,2026-07-14,CON vs. PDX,W,200,35,67,0.522,3,14,0.214,17,20,0.85,11,20,31,28,11,4,16,21,90,3,1,2026,regular-season,NA,NA,NA,NA
22026,1611661322,WAS,Washington Mystics,1022600178,2026-07-14,WAS @ TOR,W,200,30,75,0.4,4,23,0.174,15,19,0.789,18,29,47,18,3,6,11,17,79,17,1,2026,regular-season,NA,NA,NA,NA
22026,1611661332,TOR,Toronto Tempo,1022600178,2026-07-14,TOR vs. WAS,L,200,23,65,0.354,7,26,0.269,9,10,0.9,5,21,26,15,3,4,10,22,62,-17,1,2026,regular-season,NA,NA,NA,NA
22026,1611661329,CHI,Chicago Sky,1022600179,2026-07-15,CHI vs. SEA,W,200,35,74,0.473,11,32,0.344,14,19,0.737,6,23,29,27,11,4,14,16,95,5,1,2026,regular-season,NA,NA,NA,NA
22026,1611661328,SEA,Seattle Storm,1022600179,2026-07-15,SEA @ CHI,L,200,36,78,0.462,4,25,0.16,14,23,0.609,16,29,45,24,10,4,16,18,90,-5,1,2026,regular-season,NA,NA,NA,NA
22026,1611661324,MIN,Minnesota Lynx,1022600180,2026-07-15,MIN vs. LAS,W,200,34,68,0.5,8,25,0.32,20,24,0.833,7,18,25,21,13,4,12,17,96,9,1,2026,regular-season,NA,NA,NA,NA
22026,1611661320,LAS,Los Angeles Sparks,1022600180,2026-07-15,LAS @ MIN,L,200,31,65,0.477,9,28,0.321,16,19,0.842,5,26,31,22,6,1,20,17,87,-9,1,2026,regular-season,NA,NA,NA,NA
22026,1611661331,GSV,Golden State Valkyries,1022600181,2026-07-15,GSV @ IND,W,200,30,58,0.517,8,24,0.333,20,23,0.87,6,24,30,16,9,4,17,16,88,13,1,2026,regular-season,NA,NA,NA,NA
22026,1611661325,IND,Indiana Fever,1022600181,2026-07-15,IND vs. GSV,L,200,27,67,0.403,9,25,0.36,12,16,0.75,10,16,26,14,8,2,16,19,75,-13,1,2026,regular-season,NA,NA,NA,NA
22026,1611661327,PDX,Portland Fire,1022600182,2026-07-16,PDX @ WAS,W,200,29,67,0.433,10,36,0.278,7,9,0.778,8,22,30,20,10,2,11,26,75,19,1,2026,regular-season,NA,NA,NA,NA
22026,1611661322,WAS,Washington Mystics,1022600182,2026-07-16,WAS vs. PDX,L,200,19,64,0.297,2,21,0.095,16,23,0.696,19,26,45,11,4,4,20,15,56,-19,1,2026,regular-season,NA,NA,NA,NA
22026,1611661320,LAS,Los Angeles Sparks,1022600186,2026-07-17,LAS @ CHI,L,200,29,65,0.446,6,26,0.231,18,23,0.783,6,28,34,20,4,5,18,17,82,-14,1,2026,regular-season,NA,NA,NA,NA
22026,1611661329,CHI,Chicago Sky,1022600186,2026-07-17,CHI vs. LAS,W,200,37,80,0.463,11,32,0.344,11,16,0.688,8,26,34,27,5,3,9,22,96,14,1,2026,regular-season,NA,NA,NA,NA
22026,1611661328,SEA,Seattle Storm,1022600184,2026-07-17,SEA @ IND,L,200,43,76,0.566,8,21,0.381,13,18,0.722,13,22,35,27,8,3,18,24,107,-3,1,2026,regular-season,NA,NA,NA,NA
22026,1611661325,IND,Indiana Fever,1022600184,2026-07-17,IND vs. SEA,W,200,36,72,0.5,10,23,0.435,28,31,0.903,13,13,26,21,12,3,13,17,110,3,1,2026,regular-season,NA,NA,NA,NA
22026,1611661332,TOR,Toronto Tempo,1022600185,2026-07-17,TOR vs. ATL,L,200,30,56,0.536,10,21,0.476,22,25,0.88,4,18,22,19,3,3,20,23,92,-19,1,2026,regular-season,NA,NA,NA,NA
22026,1611661330,ATL,Atlanta Dream,1022600185,2026-07-17,ATL @ TOR,W,200,39,71,0.549,9,28,0.321,24,28,0.857,11,17,28,28,11,1,10,26,111,19,1,2026,regular-season,NA,NA,NA,NA
22026,1611661323,CON,Connecticut Sun,1022600187,2026-07-17,CON @ PHX,W,200,36,69,0.522,6,20,0.3,18,23,0.783,7,27,34,24,7,5,11,21,96,13,1,2026,regular-season,NA,NA,NA,NA
22026,1611661317,PHX,Phoenix Mercury,1022600187,2026-07-17,PHX vs. CON,L,200,30,65,0.462,4,15,0.267,19,23,0.826,4,23,27,18,5,2,15,18,83,-13,1,2026,regular-season,NA,NA,NA,NA
22026,1611661327,PDX,Portland Fire,1022600189,2026-07-18,PDX @ MIN,L,200,37,77,0.481,13,30,0.433,6,7,0.857,9,24,33,25,7,2,11,16,93,-8,1,2026,regular-season,NA,NA,NA,NA
22026,1611661324,MIN,Minnesota Lynx,1022600189,2026-07-18,MIN vs. PDX,W,200,41,75,0.547,9,23,0.391,10,13,0.769,8,26,34,29,6,9,10,9,101,8,1,2026,regular-season,NA,NA,NA,NA
22026,1611661313,NYL,New York Liberty,1022600188,2026-07-18,NYL @ IND,L,200,30,67,0.448,13,32,0.406,15,25,0.6,7,20,27,19,8,6,17,24,88,-20,1,2026,regular-season,NA,NA,NA,NA
22026,1611661331,GSV,Golden State Valkyries,1022600190,2026-07-18,GSV vs. WAS,W,200,24,59,0.407,12,33,0.364,14,20,0.7,8,18,26,21,8,2,8,16,74,5,1,2026,regular-season,NA,NA,NA,NA
22026,1611661325,IND,Indiana Fever,1022600188,2026-07-18,IND vs. NYL,W,200,37,69,0.536,14,28,0.5,20,27,0.741,8,24,32,22,7,5,17,24,108,20,1,2026,regular-season,NA,NA,NA,NA
22026,1611661322,WAS,Washington Mystics,1022600190,2026-07-18,WAS @ GSV,L,200,27,60,0.45,6,23,0.261,9,11,0.818,11,26,37,18,5,5,14,17,69,-5,1,2026,regular-season,NA,NA,NA,NA
22026,1611661321,DAL,Dallas Wings,1022600191,2026-07-19,DAL vs. LAS,W,200,34,69,0.493,7,19,0.368,15,19,0.789,10,24,34,21,8,2,17,21,90,8,1,2026,regular-season,NA,NA,NA,NA
22026,1611661320,LAS,Los Angeles Sparks,1022600191,2026-07-19,LAS @ DAL,L,200,33,68,0.485,6,21,0.286,10,11,0.909,5,25,30,23,9,6,13,23,82,-8,1,2026,regular-season,NA,NA,NA,NA
22026,1611661330,ATL,Atlanta Dream,1022600192,2026-07-19,ATL vs. CHI,W,200,31,74,0.419,8,28,0.286,23,27,0.852,13,26,39,24,5,5,12,19,93,2,1,2026,regular-season,NA,NA,NA,NA
22026,1611661329,CHI,Chicago Sky,1022600192,2026-07-19,CHI @ ATL,L,200,35,67,0.522,6,21,0.286,15,21,0.714,4,23,27,18,9,4,11,20,91,-2,1,2026,regular-season,NA,NA,NA,NA
22026,1611661323,CON,Connecticut Sun,1022600193,2026-07-19,CON @ PHX,L,200,22,58,0.379,4,14,0.286,15,19,0.789,9,26,35,13,6,4,21,25,63,-9,1,2026,regular-season,NA,NA,NA,NA
22026,1611661317,PHX,Phoenix Mercury,1022600193,2026-07-19,PHX vs. CON,W,200,26,63,0.413,2,15,0.133,18,23,0.783,8,24,32,19,11,3,14,17,72,9,1,2026,regular-season,NA,NA,NA,NA
22026,1611661332,TOR,Toronto Tempo,1022600194,2026-07-20,TOR vs. LVA,L,200,29,74,0.392,8,31,0.258,17,19,0.895,13,27,40,19,6,1,14,13,83,-26,1,2026,regular-season,NA,NA,NA,NA
22026,1611661319,LVA,Las Vegas Aces,1022600194,2026-07-20,LVA @ TOR,W,200,45,78,0.577,14,38,0.368,5,6,0.833,4,27,31,29,6,7,7,12,109,26,1,2026,regular-season,NA,NA,NA,NA
22026,1611661321,DAL,Dallas Wings,1022600183,2026-07-20,DAL vs. NYL,L,225,36,76,0.474,11,21,0.524,15,19,0.789,7,27,34,27,1,7,8,26,98,-1,1,2026,regular-season,NA,NA,NA,NA
22026,1611661313,NYL,New York Liberty,1022600183,2026-07-20,NYL @ DAL,W,225,35,84,0.417,9,32,0.281,20,23,0.87,17,31,48,17,3,6,8,17,99,1,1,2026,regular-season,NA,NA,NA,NA
22026,1611661322,WAS,Washington Mystics,1022600195,2026-07-20,WAS @ GSV,W,200,32,61,0.525,9,21,0.429,17,21,0.81,6,29,35,25,4,5,17,14,90,8,1,2026,regular-season,NA,NA,NA,NA
22026,1611661331,GSV,Golden State Valkyries,1022600195,2026-07-20,GSV vs. WAS,L,200,31,72,0.431,12,33,0.364,8,11,0.727,7,16,23,21,10,4,9,15,82,-8,1,2026,regular-season,NA,NA,NA,NA
22026,1611661328,SEA,Seattle Storm,1022600196,2026-07-20,SEA vs. MIN,L,200,35,70,0.5,13,28,0.464,19,22,0.864,10,22,32,23,4,4,15,15,102,-3,1,2026,regular-season,NA,NA,NA,NA
22026,1611661324,MIN,Minnesota Lynx,1022600196,2026-07-20,MIN @ SEA,W,200,37,76,0.487,10,24,0.417,21,22,0.955,11,24,35,20,10,2,9,18,105,3,1,2026,regular-season,NA,NA,NA,NA
22026,1611661328,SEA,Seattle Storm,1022600198,2026-07-22,SEA vs. MIN,L,200,30,74,0.405,5,32,0.156,11,15,0.733,11,30,41,18,7,7,19,12,76,-10,1,2026,regular-season,NA,NA,NA,NA
22026,1611661324,MIN,Minnesota Lynx,1022600198,2026-07-22,MIN @ SEA,W,200,31,79,0.392,9,23,0.391,15,17,0.882,15,21,36,23,13,3,11,13,86,10,1,2026,regular-season,NA,NA,NA,NA
22026,1611661320,LAS,Los Angeles Sparks,1022600197,2026-07-22,LAS vs. PHX,L,200,28,70,0.4,9,28,0.321,17,21,0.81,10,27,37,20,5,5,18,21,82,-4,1,2026,regular-season,NA,NA,NA,NA
22026,1611661317,PHX,Phoenix Mercury,1022600197,2026-07-22,PHX @ LAS,W,200,35,74,0.473,7,27,0.259,9,13,0.692,7,26,33,28,10,5,12,23,86,4,1,2026,regular-season,NA,NA,NA,NA
22026,1611661313,NYL,New York Liberty,1022600199,2026-07-22,NYL vs. CHI,W,200,29,71,0.408,11,28,0.393,26,28,0.929,10,27,37,17,1,6,13,16,95,1,1,2026,regular-season,NA,NA,NA,NA
22026,1611661329,CHI,Chicago Sky,1022600199,2026-07-22,CHI @ NYL,L,200,34,71,0.479,7,21,0.333,19,21,0.905,4,26,30,27,8,6,10,20,94,-1,1,2026,regular-season,NA,NA,NA,NA
22026,1611661322,WAS,Washington Mystics,1022600200,2026-07-22,WAS vs. LVA,W,200,35,71,0.493,7,13,0.538,23,31,0.742,12,22,34,24,3,1,13,22,100,1,1,2026,regular-season,NA,NA,NA,NA
22026,1611661319,LVA,Las Vegas Aces,1022600200,2026-07-22,LVA @ WAS,L,200,34,62,0.548,5,14,0.357,26,29,0.897,4,20,24,18,10,6,9,25,99,-1,1,2026,regular-season,NA,NA,NA,NA
22026,1611661325,IND,Indiana Fever,1022600201,2026-07-22,IND vs. CON,W,200,45,73,0.616,11,22,0.5,22,27,0.815,8,27,35,29,7,7,15,18,123,35,1,2026,regular-season,NA,NA,NA,NA
22026,1611661323,CON,Connecticut Sun,1022600201,2026-07-22,CON @ IND,L,200,35,79,0.443,8,20,0.4,10,15,0.667,11,17,28,21,8,4,15,25,88,-35,1,2026,regular-season,NA,NA,NA,NA
22026,1611661321,DAL,Dallas Wings,1022600202,2026-07-22,DAL @ PDX,W,200,35,72,0.486,12,30,0.4,19,24,0.792,9,26,35,28,7,2,13,18,101,4,1,2026,regular-season,NA,NA,NA,NA
22026,1611661327,PDX,Portland Fire,1022600202,2026-07-22,PDX vs. DAL,L,200,37,65,0.569,10,26,0.385,13,17,0.765,3,19,22,24,6,2,11,21,97,-4,1,2026,regular-season,NA,NA,NA,NA
22026,1611661323,CON,Connecticut Sun,1022600203,2026-07-28,CON @ WAS,L,200,31,75,0.413,11,25,0.44,11,18,0.611,8,21,29,24,6,8,12,26,84,-8,1,2026,regular-season,NA,NA,NA,NA
22026,1611661322,WAS,Washington Mystics,1022600203,2026-07-28,WAS vs. CON,W,200,29,67,0.433,6,12,0.5,28,33,0.848,14,27,41,20,5,7,14,17,92,8,1,2026,regular-season,NA,NA,NA,NA
22026,1611661324,MIN,Minnesota Lynx,1022600204,2026-07-28,MIN vs. TOR,W,200,37,72,0.514,14,25,0.56,12,16,0.75,7,24,31,26,8,4,11,20,100,7,1,2026,regular-season,NA,NA,NA,NA
22026,1611661332,TOR,Toronto Tempo,1022600204,2026-07-28,TOR @ MIN,L,200,33,73,0.452,13,35,0.371,14,17,0.824,10,26,36,22,7,4,17,18,93,-7,1,2026,regular-season,NA,NA,NA,NA
22026,1611661328,SEA,Seattle Storm,1022600205,2026-07-28,SEA vs. IND,L,200,32,79,0.405,11,34,0.324,20,27,0.741,16,20,36,17,6,2,5,22,95,-10,1,2026,regular-season,NA,NA,NA,NA
22026,1611661325,IND,Indiana Fever,1022600205,2026-07-28,IND @ SEA,W,200,33,64,0.516,13,24,0.542,26,26,1,6,30,36,16,3,3,13,21,105,10,1,2026,regular-season,NA,NA,NA,NA
22026,1611661319,LVA,Las Vegas Aces,1022600206,2026-07-28,LVA vs. PDX,W,200,33,57,0.579,9,22,0.409,23,26,0.885,2,28,30,21,7,3,12,21,98,15,1,2026,regular-season,NA,NA,NA,NA
22026,1611661320,LAS,Los Angeles Sparks,1022600207,2026-07-28,LAS vs. NYL,L,200,44,73,0.603,16,31,0.516,5,7,0.714,2,19,21,35,10,1,15,17,109,-4,1,2026,regular-season,NA,NA,NA,NA
22026,1611661327,PDX,Portland Fire,1022600206,2026-07-28,PDX @ LVA,L,200,27,68,0.397,9,31,0.29,20,25,0.8,12,21,33,18,5,1,13,23,83,-15,1,2026,regular-season,NA,NA,NA,NA
22026,1611661313,NYL,New York Liberty,1022600207,2026-07-28,NYL @ LAS,W,200,41,70,0.586,17,32,0.531,14,16,0.875,7,21,28,27,10,7,18,13,113,4,1,2026,regular-season,NA,NA,NA,NA
22026,1611661330,ATL,Atlanta Dream,1022600208,2026-07-29,ATL @ DAL,W,200,31,70,0.443,1,16,0.063,19,25,0.76,12,25,37,22,11,4,16,20,82,1,1,2026,regular-season,NA,NA,NA,NA
22026,1611661321,DAL,Dallas Wings,1022600208,2026-07-29,DAL vs. ATL,L,200,34,69,0.493,4,15,0.267,9,14,0.643,8,24,32,19,9,5,18,19,81,-1,1,2026,regular-season,NA,NA,NA,NA
22026,1611661331,GSV,Golden State Valkyries,1022600209,2026-07-29,GSV @ PHX,L,200,31,76,0.408,12,33,0.364,15,19,0.789,13,20,33,24,7,1,9,34,89,-2,1,2026,regular-season,NA,NA,NA,NA
22026,1611661317,PHX,Phoenix Mercury,1022600209,2026-07-29,PHX vs. GSV,W,200,27,55,0.491,5,16,0.313,32,43,0.744,6,28,34,19,3,7,10,23,91,2,1,2026,regular-season,NA,NA,NA,NA
22026,1611661332,TOR,Toronto Tempo,1022600210,2026-07-30,TOR vs. MIN,L,200,28,62,0.452,10,28,0.357,6,11,0.545,6,20,26,19,6,4,24,12,72,-32,1,2026,regular-season,NA,NA,NA,NA
22026,1611661329,CHI,Chicago Sky,1022600211,2026-07-30,CHI vs. CON,W,200,32,67,0.478,7,22,0.318,23,26,0.885,6,22,28,21,10,4,14,17,94,6,1,2026,regular-season,NA,NA,NA,NA
22026,1611661323,CON,Connecticut Sun,1022600211,2026-07-30,CON @ CHI,L,200,31,70,0.443,7,22,0.318,19,24,0.792,8,26,34,20,10,6,16,26,88,-6,1,2026,regular-season,NA,NA,NA,NA
22026,1611661319,LVA,Las Vegas Aces,1022600212,2026-07-30,LVA vs. NYL,W,200,33,64,0.516,13,28,0.464,25,27,0.926,3,23,26,25,5,4,10,21,104,5,1,2026,regular-season,NA,NA,NA,NA
22026,1611661313,NYL,New York Liberty,1022600212,2026-07-30,NYL @ LVA,L,200,35,68,0.515,8,22,0.364,21,25,0.84,8,26,34,20,9,1,13,20,99,-5,1,2026,regular-season,NA,NA,NA,NA
22026,1611661324,MIN,Minnesota Lynx,1022600210,2026-07-30,MIN @ TOR,W,200,40,82,0.488,13,28,0.464,11,13,0.846,14,22,36,26,14,5,10,13,104,32,1,2026,regular-season,NA,NA,NA,NA
22026,1611661321,DAL,Dallas Wings,1022600214,2026-07-31,DAL @ WAS,L,200,28,70,0.4,8,33,0.242,11,13,0.846,6,26,32,19,3,7,7,23,75,-6,1,2026,regular-season,NA,NA,NA,NA
22026,1611661330,ATL,Atlanta Dream,1022600213,2026-07-31,ATL vs. SEA,W,200,27,64,0.422,10,26,0.385,34,39,0.872,11,22,33,24,14,7,17,19,98,9,1,2026,regular-season,NA,NA,NA,NA
22026,1611661328,SEA,Seattle Storm,1022600213,2026-07-31,SEA @ ATL,L,200,30,68,0.441,5,23,0.217,24,30,0.8,8,22,30,17,10,5,20,26,89,-9,1,2026,regular-season,NA,NA,NA,NA
22026,1611661322,WAS,Washington Mystics,1022600214,2026-07-31,WAS vs. DAL,W,200,26,71,0.366,2,17,0.118,27,31,0.871,13,29,42,17,1,4,8,15,81,6,1,2026,regular-season,NA,NA,NA,NA
22026,1611661327,PDX,Portland Fire,1022600215,2026-07-31,PDX vs. IND,L,200,35,67,0.522,14,31,0.452,14,18,0.778,7,18,25,26,8,3,20,24,98,-14,1,2026,regular-season,NA,NA,NA,NA
22026,1611661325,IND,Indiana Fever,1022600215,2026-07-31,IND @ PDX,W,200,36,68,0.529,10,29,0.345,30,34,0.882,8,22,30,24,14,4,15,21,112,14,1,2026,regular-season,NA,NA,NA,NA
22026,1611661329,CHI,Chicago Sky,1022600216,2026-08-01,CHI vs. LVA,W,200,31,77,0.403,8,20,0.4,14,22,0.636,11,21,32,19,9,4,14,20,84,1,1,2026,regular-season,NA,NA,NA,NA
22026,1611661319,LVA,Las Vegas Aces,1022600216,2026-08-01,LVA @ CHI,L,200,32,74,0.432,5,22,0.227,14,18,0.778,9,31,40,21,5,8,17,19,83,-1,1,2026,regular-season,NA,NA,NA,NA
22026,1611661317,PHX,Phoenix Mercury,1022600217,2026-08-01,PHX vs. NYL,L,200,32,63,0.508,6,19,0.316,22,28,0.786,3,20,23,21,7,2,10,20,92,-2,1,2026,regular-season,NA,NA,NA,NA
22026,1611661313,NYL,New York Liberty,1022600217,2026-08-01,NYL @ PHX,W,200,33,68,0.485,9,28,0.321,19,19,1,9,28,37,26,2,3,17,24,94,2,1,2026,regular-season,NA,NA,NA,NA
22026,1611661325,IND,Indiana Fever,1022600218,2026-08-02,IND @ MIN,L,200,39,68,0.574,11,24,0.458,11,15,0.733,5,18,23,27,4,2,12,15,100,-8,1,2026,regular-season,NA,NA,NA,NA
22026,1611661324,MIN,Minnesota Lynx,1022600218,2026-08-02,MIN vs. IND,W,200,43,76,0.566,11,25,0.44,11,15,0.733,11,22,33,28,6,3,8,16,108,8,1,2026,regular-season,NA,NA,NA,NA
22026,1611661327,PDX,Portland Fire,1022600219,2026-08-02,PDX vs. LAS,L,200,35,77,0.455,15,37,0.405,16,18,0.889,11,23,34,21,8,2,14,21,101,-5,1,2026,regular-season,NA,NA,NA,NA
22026,1611661321,DAL,Dallas Wings,1022600220,2026-08-02,DAL vs. CON,W,200,33,69,0.478,7,18,0.389,10,12,0.833,7,31,38,22,10,4,14,15,83,20,1,2026,regular-season,NA,NA,NA,NA
22026,1611661323,CON,Connecticut Sun,1022600220,2026-08-02,CON @ DAL,L,200,23,67,0.343,9,23,0.391,8,13,0.615,9,22,31,14,6,3,17,18,63,-20,1,2026,regular-season,NA,NA,NA,NA
22026,1611661331,GSV,Golden State Valkyries,1022600221,2026-08-02,GSV vs. TOR,W,200,33,67,0.493,14,29,0.483,16,18,0.889,4,22,26,26,8,5,8,20,96,17,1,2026,regular-season,NA,NA,NA,NA
22026,1611661332,TOR,Toronto Tempo,1022600221,2026-08-02,TOR @ GSV,L,200,29,67,0.433,7,30,0.233,14,19,0.737,10,24,34,20,3,1,13,21,79,-17,1,2026,regular-season,NA,NA,NA,NA
22026,1611661320,LAS,Los Angeles Sparks,1022600219,2026-08-02,LAS @ PDX,W,200,39,75,0.52,16,29,0.552,12,14,0.857,9,23,32,33,8,5,14,16,106,5,1,2026,regular-season,NA,NA,NA,NA
22026,1611661328,SEA,Seattle Storm,1022600223,2026-08-03,SEA @ NYL,L,200,29,71,0.408,9,29,0.31,16,19,0.842,7,22,29,21,7,3,8,18,83,-12,1,2026,regular-season,NA,NA,NA,NA
22026,1611661313,NYL,New York Liberty,1022600223,2026-08-03,NYL vs. SEA,W,200,34,68,0.5,14,34,0.412,13,16,0.813,9,27,36,23,2,6,15,14,95,12,1,2026,regular-season,NA,NA,NA,NA
22026,1611661330,ATL,Atlanta Dream,1022600222,2026-08-03,ATL vs. LVA,L,200,33,75,0.44,4,24,0.167,17,20,0.85,12,22,34,19,5,2,11,14,87,-22,1,2026,regular-season,NA,NA,NA,NA
22026,1611661319,LVA,Las Vegas Aces,1022600222,2026-08-03,LVA @ ATL,W,200,44,71,0.62,10,19,0.526,11,14,0.786,5,25,30,24,5,6,9,16,109,22,1,2026,regular-season,NA,NA,NA,NA
22026,1611661317,PHX,Phoenix Mercury,1022600224,2026-08-03,PHX @ CHI,W,200,32,63,0.508,11,26,0.423,31,40,0.775,6,30,36,26,5,5,12,21,106,5,1,2026,regular-season,NA,NA,NA,NA
22026,1611661329,CHI,Chicago Sky,1022600224,2026-08-03,CHI vs. PHX,L,200,37,76,0.487,10,26,0.385,17,25,0.68,9,27,36,29,5,1,8,26,101,-5,1,2026,regular-season,NA,NA,NA,NA
22026,1611661332,TOR,Toronto Tempo,1022600225,2026-08-04,TOR @ GSV,L,200,28,59,0.475,12,29,0.414,13,15,0.867,5,22,27,22,8,3,16,19,81,-11,1,2026,regular-season,NA,NA,NA,NA
22026,1611661331,GSV,Golden State Valkyries,1022600225,2026-08-04,GSV vs. TOR,W,200,31,68,0.456,12,33,0.364,18,23,0.783,15,23,38,21,9,2,14,14,92,11,1,2026,regular-season,NA,NA,NA,NA
22026,1611661330,ATL,Atlanta Dream,1022600226,2026-08-05,ATL vs. PHX,W,200,33,70,0.471,14,33,0.424,16,17,0.941,7,31,38,29,3,6,13,22,96,14,1,2026,regular-season,NA,NA,NA,NA
22026,1611661328,SEA,Seattle Storm,1022600227,2026-08-05,SEA @ NYL,L,200,36,79,0.456,7,22,0.318,7,11,0.636,13,22,35,23,7,3,10,19,86,-6,1,2026,regular-season,NA,NA,NA,NA
22026,1611661317,PHX,Phoenix Mercury,1022600226,2026-08-05,PHX @ ATL,L,200,26,64,0.406,7,24,0.292,23,26,0.885,4,24,28,22,4,2,10,13,82,-14,1,2026,regular-season,NA,NA,NA,NA
22026,1611661313,NYL,New York Liberty,1022600227,2026-08-05,NYL vs. SEA,W,200,33,75,0.44,7,29,0.241,19,21,0.905,8,30,38,25,7,3,12,13,92,6,1,2026,regular-season,NA,NA,NA,NA
22026,1611661322,WAS,Washington Mystics,1022600228,2026-08-05,WAS vs. DAL,W,200,33,66,0.5,8,22,0.364,22,26,0.846,8,26,34,19,6,3,12,21,96,4,1,2026,regular-season,NA,NA,NA,NA
22026,1611661321,DAL,Dallas Wings,1022600228,2026-08-05,DAL @ WAS,L,200,34,68,0.5,9,23,0.391,15,21,0.714,7,25,32,23,6,6,10,26,92,-4,1,2026,regular-season,NA,NA,NA,NA
22026,1611661329,CHI,Chicago Sky,1022600229,2026-08-05,CHI vs. LAS,W,200,35,66,0.53,9,20,0.45,16,19,0.842,3,26,29,28,7,6,12,18,95,7,1,2026,regular-season,NA,NA,NA,NA
22026,1611661320,LAS,Los Angeles Sparks,1022600229,2026-08-05,LAS @ CHI,L,200,32,68,0.471,9,24,0.375,15,20,0.75,9,26,35,27,6,5,16,19,88,-7,1,2026,regular-season,NA,NA,NA,NA
22026,1611661325,IND,Indiana Fever,1022600230,2026-08-06,IND vs. LVA,L,225,31,67,0.463,7,20,0.35,15,20,0.75,6,32,38,16,10,4,22,16,84,-2,1,2026,regular-season,NA,NA,NA,NA
22026,1611661319,LVA,Las Vegas Aces,1022600230,2026-08-06,LVA @ IND,W,225,35,86,0.407,5,22,0.227,11,14,0.786,12,27,39,24,9,4,16,24,86,2,1,2026,regular-season,NA,NA,NA,NA
22026,1611661324,MIN,Minnesota Lynx,1022600231,2026-08-06,MIN vs. LAS,L,200,31,73,0.425,9,29,0.31,11,13,0.846,14,21,35,17,7,2,14,22,82,-7,1,2026,regular-season,NA,NA,NA,NA
22026,1611661320,LAS,Los Angeles Sparks,1022600231,2026-08-06,LAS @ MIN,W,200,34,68,0.5,9,24,0.375,12,16,0.75,10,25,35,27,6,4,13,13,89,7,1,2026,regular-season,NA,NA,NA,NA
22026,1611661332,TOR,Toronto Tempo,1022600232,2026-08-06,TOR @ PDX,L,200,29,72,0.403,9,31,0.29,16,24,0.667,12,24,36,23,7,3,17,18,83,-14,1,2026,regular-season,NA,NA,NA,NA
22026,1611661327,PDX,Portland Fire,1022600232,2026-08-06,PDX vs. TOR,W,200,33,66,0.5,11,27,0.407,20,24,0.833,8,25,33,23,7,4,16,22,97,14,1,2026,regular-season,NA,NA,NA,NA
22026,1611661330,ATL,Atlanta Dream,1022600234,2026-08-07,ATL @ WAS,L,200,25,77,0.325,6,21,0.286,18,27,0.667,14,26,40,16,5,7,18,29,74,-5,1,2026,regular-season,NA,NA,NA,NA
22026,1611661323,CON,Connecticut Sun,1022600233,2026-08-07,CON vs. PHX,W,200,27,57,0.474,7,20,0.35,14,20,0.7,3,31,34,19,5,5,18,24,75,3,1,2026,regular-season,NA,NA,NA,NA
22026,1611661322,WAS,Washington Mystics,1022600234,2026-08-07,WAS vs. ATL,W,200,29,62,0.468,6,14,0.429,15,34,0.441,11,35,46,14,6,12,18,27,79,5,1,2026,regular-season,NA,NA,NA,NA
22026,1611661317,PHX,Phoenix Mercury,1022600233,2026-08-07,PHX @ CON,L,200,27,68,0.397,5,28,0.179,13,23,0.565,6,23,29,19,10,1,11,21,72,-3,1,2026,regular-season,NA,NA,NA,NA
22026,1611661331,GSV,Golden State Valkyries,1022600235,2026-08-07,GSV @ DAL,W,200,33,71,0.465,12,34,0.353,16,18,0.889,9,29,38,27,8,5,8,24,94,18,1,2026,regular-season,NA,NA,NA,NA
22026,1611661321,DAL,Dallas Wings,1022600235,2026-08-07,DAL vs. GSV,L,200,21,62,0.339,7,25,0.28,27,38,0.711,15,24,39,8,7,3,13,15,76,-18,1,2026,regular-season,NA,NA,NA,NA
22026,1611661324,MIN,Minnesota Lynx,1022600236,2026-08-08,MIN vs. LVA,W,200,37,76,0.487,15,29,0.517,9,10,0.9,9,25,34,24,10,4,14,20,98,11,1,2026,regular-season,NA,NA,NA,NA
22026,1611661319,LVA,Las Vegas Aces,1022600236,2026-08-08,LVA @ MIN,L,200,30,69,0.435,10,27,0.37,17,18,0.944,12,25,37,17,3,4,16,11,87,-11,1,2026,regular-season,NA,NA,NA,NA
22026,1611661325,IND,Indiana Fever,1022600237,2026-08-08,IND @ CHI,W,200,35,68,0.515,9,22,0.409,11,16,0.688,7,27,34,23,8,7,14,18,90,4,1,2026,regular-season,NA,NA,NA,NA
22026,1611661328,SEA,Seattle Storm,1022600238,2026-08-08,SEA @ PDX,L,200,32,68,0.471,13,36,0.361,16,19,0.842,6,21,27,19,6,6,14,20,93,-7,1,2026,regular-season,NA,NA,NA,NA
22026,1611661327,PDX,Portland Fire,1022600238,2026-08-08,PDX vs. SEA,W,200,34,66,0.515,15,36,0.417,17,20,0.85,4,27,31,25,6,1,12,18,100,7,1,2026,regular-season,NA,NA,NA,NA
22026,1611661329,CHI,Chicago Sky,1022600237,2026-08-08,CHI vs. IND,L,200,31,68,0.456,9,22,0.409,15,20,0.75,7,23,30,25,10,2,13,22,86,-4,1,2026,regular-season,NA,NA,NA,NA
22026,1611661319,LVA,Las Vegas Aces,1022600239,2026-08-09,LVA @ NYL,L,200,25,63,0.397,10,29,0.345,11,14,0.786,5,19,24,17,6,2,14,18,71,-40,1,2026,regular-season,NA,NA,NA,NA
22026,1611661313,NYL,New York Liberty,1022600239,2026-08-09,NYL vs. LVA,W,200,40,75,0.533,14,32,0.438,17,21,0.81,13,32,45,25,8,4,13,13,111,40,1,2026,regular-season,NA,NA,NA,NA
22026,1611661317,PHX,Phoenix Mercury,1022600240,2026-08-09,PHX @ WAS,L,200,29,69,0.42,11,29,0.379,6,8,0.75,6,27,33,22,5,3,16,15,75,-20,1,2026,regular-season,NA,NA,NA,NA
22026,1611661322,WAS,Washington Mystics,1022600240,2026-08-09,WAS vs. PHX,W,200,36,72,0.5,11,29,0.379,12,19,0.632,10,30,40,24,11,4,8,17,95,20,1,2026,regular-season,NA,NA,NA,NA
22026,1611661324,MIN,Minnesota Lynx,1022600241,2026-08-09,MIN vs. DAL,W,200,40,72,0.556,18,39,0.462,5,9,0.556,6,18,24,29,12,3,11,12,103,13,1,2026,regular-season,NA,NA,NA,NA
22026,1611661321,DAL,Dallas Wings,1022600241,2026-08-09,DAL @ MIN,L,200,37,68,0.544,6,20,0.3,10,11,0.909,8,26,34,24,5,0,19,8,90,-13,1,2026,regular-season,NA,NA,NA,NA
22026,1611661331,GSV,Golden State Valkyries,1022600242,2026-08-09,GSV @ LAS,W,200,32,69,0.464,12,34,0.353,8,9,0.889,11,25,36,22,7,2,15,16,84,6,1,2026,regular-season,NA,NA,NA,NA
22026,1611661320,LAS,Los Angeles Sparks,1022600242,2026-08-09,LAS vs. GSV,L,200,32,70,0.457,10,31,0.323,4,9,0.444,11,17,28,18,6,1,11,17,78,-6,1,2026,regular-season,NA,NA,NA,NA
22026,1611661332,TOR,Toronto Tempo,1022600243,2026-08-10,TOR @ ATL,L,200,35,67,0.522,10,26,0.385,15,21,0.714,5,20,25,20,7,4,13,22,95,-12,1,2026,regular-season,NA,NA,NA,NA
22026,1611661330,ATL,Atlanta Dream,1022600243,2026-08-10,ATL vs. TOR,W,200,36,70,0.514,14,32,0.438,21,30,0.7,12,27,39,29,7,3,14,20,107,12,1,2026,regular-season,NA,NA,NA,NA
22026,1611661329,CHI,Chicago Sky,1022600244,2026-08-10,CHI @ SEA,L,200,30,72,0.417,6,20,0.3,22,28,0.786,13,22,35,18,9,3,15,22,88,-9,1,2026,regular-season,NA,NA,NA,NA
22026,1611661328,SEA,Seattle Storm,1022600244,2026-08-10,SEA vs. CHI,W,200,32,71,0.451,8,21,0.381,25,28,0.893,9,27,36,22,9,4,14,20,97,9,1,2026,regular-season,NA,NA,NA,NA
22026,1611661325,IND,Indiana Fever,1022600245,2026-08-11,IND vs. NYL,W,200,37,69,0.536,16,25,0.64,16,19,0.842,4,23,27,22,7,4,11,17,106,14,1,2026,regular-season,NA,NA,NA,NA
22026,1611661313,NYL,New York Liberty,1022600245,2026-08-11,NYL @ IND,L,200,35,76,0.461,11,36,0.306,11,13,0.846,13,26,39,23,7,5,13,18,92,-14,1,2026,regular-season,NA,NA,NA,NA
22026,1611661322,WAS,Washington Mystics,1022600246,2026-08-11,WAS @ LVA,L,200,29,68,0.426,5,18,0.278,13,18,0.722,14,27,41,20,5,2,16,17,76,-10,1,2026,regular-season,NA,NA,NA,NA
22026,1611661319,LVA,Las Vegas Aces,1022600246,2026-08-11,LVA vs. WAS,W,200,32,70,0.457,9,23,0.391,13,14,0.929,9,21,30,20,9,5,8,15,86,10,1,2026,regular-season,NA,NA,NA,NA
22026,1611661317,PHX,Phoenix Mercury,1022600247,2026-08-11,PHX @ LAS,W,200,31,60,0.517,9,25,0.36,23,30,0.767,7,29,36,22,12,5,24,23,94,7,1,2026,regular-season,NA,NA,NA,NA
22026,1611661320,LAS,Los Angeles Sparks,1022600247,2026-08-11,LAS vs. PHX,L,200,32,74,0.432,7,32,0.219,16,22,0.727,11,22,33,25,11,2,17,25,87,-7,1,2026,regular-season,NA,NA,NA,NA
22026,1611661332,TOR,Toronto Tempo,1022600248,2026-08-12,TOR @ DAL,L,200,32,76,0.421,8,30,0.267,16,18,0.889,14,23,37,19,6,4,16,23,88,-6,1,2026,regular-season,NA,NA,NA,NA
22026,1611661321,DAL,Dallas Wings,1022600248,2026-08-12,DAL vs. TOR,W,200,31,70,0.443,9,26,0.346,23,26,0.885,7,23,30,24,9,5,9,21,94,6,1,2026,regular-season,NA,NA,NA,NA
22026,1611661327,PDX,Portland Fire,1022600250,2026-08-12,PDX vs. MIN,L,200,32,71,0.451,8,31,0.258,9,16,0.563,11,28,39,21,7,4,14,19,81,-4,1,2026,regular-season,NA,NA,NA,NA
22026,1611661324,MIN,Minnesota Lynx,1022600250,2026-08-12,MIN @ PDX,W,200,30,65,0.462,6,20,0.3,19,26,0.731,6,29,35,22,9,5,11,16,85,4,1,2026,regular-season,NA,NA,NA,NA
22026,1611661329,CHI,Chicago Sky,1022600249,2026-08-12,CHI @ GSV,L,200,27,63,0.429,6,19,0.316,11,15,0.733,7,22,29,19,10,2,18,18,71,-20,1,2026,regular-season,NA,NA,NA,NA
22026,1611661331,GSV,Golden State Valkyries,1022600249,2026-08-12,GSV vs. CHI,W,200,32,63,0.508,8,21,0.381,19,24,0.792,8,22,30,17,16,3,15,15,91,20,1,2026,regular-season,NA,NA,NA,NA
22026,1611661330,ATL,Atlanta Dream,1022600251,2026-08-13,ATL @ CON,W,200,29,67,0.433,14,26,0.538,32,36,0.889,10,35,45,19,8,9,12,22,104,35,1,2026,regular-season,NA,NA,NA,NA
22026,1611661323,CON,Connecticut Sun,1022600251,2026-08-13,CON vs. ATL,L,200,21,70,0.3,8,20,0.4,19,25,0.76,13,23,36,15,6,8,10,25,69,-35,1,2026,regular-season,NA,NA,NA,NA
22026,1611661313,NYL,New York Liberty,1022600252,2026-08-13,NYL vs. LAS,W,200,32,77,0.416,7,27,0.259,14,18,0.778,14,27,41,22,12,1,11,18,85,4,1,2026,regular-season,NA,NA,NA,NA
22026,1611661320,LAS,Los Angeles Sparks,1022600252,2026-08-13,LAS @ NYL,L,200,32,68,0.471,10,30,0.333,7,13,0.538,9,27,36,22,7,5,15,20,81,-4,1,2026,regular-season,NA,NA,NA,NA
22026,1611661322,WAS,Washington Mystics,1022600253,2026-08-13,WAS @ LVA,L,200,31,61,0.508,6,15,0.4,8,16,0.5,7,28,35,16,5,1,17,21,76,-7,1,2026,regular-season,NA,NA,NA,NA
22026,1611661319,LVA,Las Vegas Aces,1022600253,2026-08-13,LVA vs. WAS,W,200,24,59,0.407,10,25,0.4,25,27,0.926,4,23,27,19,3,4,12,21,83,7,1,2026,regular-season,NA,NA,NA,NA
22026,1611661325,IND,Indiana Fever,1022600254,2026-08-14,IND vs. DAL,W,200,39,74,0.527,9,24,0.375,11,13,0.846,9,25,34,14,4,2,9,21,98,11,1,2026,regular-season,NA,NA,NA,NA
22026,1611661321,DAL,Dallas Wings,1022600254,2026-08-14,DAL @ IND,L,200,31,72,0.431,7,29,0.241,18,20,0.9,11,20,31,18,3,6,12,19,87,-11,1,2026,regular-season,NA,NA,NA,NA
22026,1611661328,SEA,Seattle Storm,1022600255,2026-08-14,SEA vs. PDX,L,200,27,81,0.333,14,39,0.359,14,17,0.824,14,31,45,18,5,4,12,17,82,-2,1,2026,regular-season,NA,NA,NA,NA
22026,1611661327,PDX,Portland Fire,1022600255,2026-08-14,PDX @ SEA,W,200,31,72,0.431,12,37,0.324,10,17,0.588,11,32,43,22,8,4,15,18,84,2,1,2026,regular-season,NA,NA,NA,NA
22026,1611661323,CON,Connecticut Sun,1022600256,2026-08-15,CON vs. NYL,L,200,24,67,0.358,8,29,0.276,19,22,0.864,9,26,35,17,4,7,12,17,75,-7,1,2026,regular-season,NA,NA,NA,NA
22026,1611661313,NYL,New York Liberty,1022600256,2026-08-15,NYL @ CON,W,200,30,65,0.462,13,27,0.481,9,11,0.818,3,27,30,18,3,4,12,21,82,7,1,2026,regular-season,NA,NA,NA,NA
22026,1611661322,WAS,Washington Mystics,1022600257,2026-08-15,WAS vs. LAS,W,200,34,72,0.472,4,21,0.19,8,12,0.667,11,32,43,23,10,4,12,17,80,10,1,2026,regular-season,NA,NA,NA,NA
22026,1611661320,LAS,Los Angeles Sparks,1022600257,2026-08-15,LAS @ WAS,L,200,24,61,0.393,9,26,0.346,13,16,0.813,3,24,27,20,11,2,14,18,70,-10,1,2026,regular-season,NA,NA,NA,NA
22026,1611661324,MIN,Minnesota Lynx,1022600258,2026-08-15,MIN @ LVA,W,200,32,64,0.5,11,26,0.423,17,18,0.944,7,25,32,14,9,1,16,22,92,5,1,2026,regular-season,NA,NA,NA,NA
22026,1611661319,LVA,Las Vegas Aces,1022600258,2026-08-15,LVA vs. MIN,L,200,31,69,0.449,9,28,0.321,16,18,0.889,12,17,29,20,7,2,13,14,87,-5,1,2026,regular-season,NA,NA,NA,NA
22026,1611661329,CHI,Chicago Sky,1022600259,2026-08-16,CHI @ SEA,W,200,27,75,0.36,6,23,0.261,22,27,0.815,12,35,47,17,11,7,19,24,82,2,1,2026,regular-season,NA,NA,NA,NA
22026,1611661330,ATL,Atlanta Dream,1022600261,2026-08-16,ATL vs. IND,L,225,29,82,0.354,8,32,0.25,25,26,0.962,11,29,40,21,2,4,15,24,91,-4,1,2026,regular-season,NA,NA,NA,NA
22026,1611661317,PHX,Phoenix Mercury,1022600260,2026-08-16,PHX vs. PDX,L,200,28,67,0.418,9,27,0.333,20,25,0.8,7,29,36,18,5,1,13,20,85,-3,1,2026,regular-season,NA,NA,NA,NA
22026,1611661327,PDX,Portland Fire,1022600260,2026-08-16,PDX @ PHX,W,200,32,71,0.451,10,37,0.27,14,21,0.667,10,26,36,15,6,4,11,23,88,3,1,2026,regular-season,NA,NA,NA,NA
22026,1611661328,SEA,Seattle Storm,1022600259,2026-08-16,SEA vs. CHI,L,200,29,72,0.403,6,24,0.25,16,20,0.8,5,29,34,21,7,13,18,17,80,-2,1,2026,regular-season,NA,NA,NA,NA
22026,1611661325,IND,Indiana Fever,1022600261,2026-08-16,IND @ ATL,W,225,36,81,0.444,6,24,0.25,17,23,0.739,10,30,40,18,8,6,9,19,95,4,1,2026,regular-season,NA,NA,NA,NA
22026,1611661331,GSV,Golden State Valkyries,1022600262,2026-08-17,GSV vs. DAL,W,200,27,72,0.375,12,36,0.333,12,14,0.857,10,20,30,17,7,1,11,14,78,8,1,2026,regular-season,NA,NA,NA,NA
22026,1611661321,DAL,Dallas Wings,1022600262,2026-08-17,DAL @ GSV,L,200,26,58,0.448,5,22,0.227,13,15,0.867,4,29,33,15,7,4,18,16,70,-8,1,2026,regular-season,NA,NA,NA,NA
22026,1611661323,CON,Connecticut Sun,1022600263,2026-08-18,CON vs. LAS,W,200,36,71,0.507,4,12,0.333,9,11,0.818,10,23,33,23,12,3,18,19,85,8,1,2026,regular-season,NA,NA,NA,NA
22026,1611661320,LAS,Los Angeles Sparks,1022600263,2026-08-18,LAS @ CON,L,200,29,64,0.453,2,16,0.125,17,23,0.739,10,19,29,18,12,4,16,15,77,-8,1,2026,regular-season,NA,NA,NA,NA
22026,1611661332,TOR,Toronto Tempo,1022600264,2026-08-18,TOR vs. IND,L,200,34,87,0.391,12,37,0.324,15,20,0.75,18,23,41,19,6,6,12,20,95,-6,1,2026,regular-season,NA,NA,NA,NA
22026,1611661325,IND,Indiana Fever,1022600264,2026-08-18,IND @ TOR,W,200,37,70,0.529,11,25,0.44,16,19,0.842,7,25,32,20,7,3,17,22,101,6,1,2026,regular-season,NA,NA,NA,NA
22026,1611661329,CHI,Chicago Sky,1022600265,2026-08-18,CHI vs. NYL,W,200,35,79,0.443,7,28,0.25,16,22,0.727,14,30,44,24,8,2,13,15,93,7,1,2026,regular-season,NA,NA,NA,NA
22026,1611661313,NYL,New York Liberty,1022600265,2026-08-18,NYL @ CHI,L,200,33,72,0.458,9,36,0.25,11,13,0.846,7,28,35,24,7,4,17,18,86,-7,1,2026,regular-season,NA,NA,NA,NA
22026,1611661330,ATL,Atlanta Dream,1022600266,2026-08-18,ATL @ LVA,W,200,32,71,0.451,8,23,0.348,25,27,0.926,4,28,32,18,15,3,11,22,97,15,1,2026,regular-season,NA,NA,NA,NA
22026,1611661319,LVA,Las Vegas Aces,1022600266,2026-08-18,LVA vs. ATL,L,200,25,63,0.397,10,28,0.357,22,25,0.88,7,26,33,15,4,12,17,22,82,-15,1,2026,regular-season,NA,NA,NA,NA
22026,1611661332,TOR,Toronto Tempo,1022600267,2026-08-19,TOR @ WAS,L,200,28,65,0.431,11,27,0.407,15,23,0.652,7,20,27,18,5,3,8,25,82,-11,1,2026,regular-season,NA,NA,NA,NA
22026,1611661322,WAS,Washington Mystics,1022600267,2026-08-19,WAS vs. TOR,W,200,30,66,0.455,9,27,0.333,24,28,0.857,14,29,43,23,5,4,16,16,93,11,1,2026,regular-season,NA,NA,NA,NA
22026,1611661331,GSV,Golden State Valkyries,1022600268,2026-08-19,GSV vs. MIN,L,200,25,77,0.325,7,37,0.189,9,11,0.818,13,20,33,18,8,2,10,19,66,-11,1,2026,regular-season,NA,NA,NA,NA
22026,1611661324,MIN,Minnesota Lynx,1022600268,2026-08-19,MIN @ GSV,W,200,28,56,0.5,7,19,0.368,14,16,0.875,5,25,30,20,3,4,15,17,77,11,1,2026,regular-season,NA,NA,NA,NA
22026,1611661325,IND,Indiana Fever,1022600269,2026-08-20,IND @ DAL,L,200,27,66,0.409,7,23,0.304,24,26,0.923,5,23,28,17,6,3,9,23,85,-6,1,2026,regular-season,NA,NA,NA,NA
22026,1611661321,DAL,Dallas Wings,1022600269,2026-08-20,DAL vs. IND,W,200,34,72,0.472,5,18,0.278,18,27,0.667,7,25,32,22,5,8,9,19,91,6,1,2026,regular-season,NA,NA,NA,NA
22026,1611661323,CON,Connecticut Sun,1022600270,2026-08-20,CON @ LVA,L,200,29,64,0.453,6,22,0.273,14,18,0.778,5,18,23,18,7,3,19,23,78,-23,1,2026,regular-season,NA,NA,NA,NA
22026,1611661319,LVA,Las Vegas Aces,1022600270,2026-08-20,LVA vs. CON,W,200,37,75,0.493,9,25,0.36,18,22,0.818,12,28,40,23,7,2,11,17,101,23,1,2026,regular-season,NA,NA,NA,NA
22026,1611661320,LAS,Los Angeles Sparks,1022600271,2026-08-20,LAS vs. ATL,L,200,29,61,0.475,10,27,0.37,20,26,0.769,6,18,24,19,6,2,21,23,88,-36,1,2026,regular-season,NA,NA,NA,NA
22026,1611661330,ATL,Atlanta Dream,1022600271,2026-08-20,ATL @ LAS,W,200,46,72,0.639,16,26,0.615,16,22,0.727,8,26,34,35,11,4,14,20,124,36,1,2026,regular-season,NA,NA,NA,NA
22026,1611661324,MIN,Minnesota Lynx,1022600272,2026-08-21,MIN @ WAS,W,200,37,70,0.529,11,27,0.407,9,10,0.9,6,20,26,25,9,6,6,18,94,10,1,2026,regular-season,NA,NA,NA,NA
22026,1611661322,WAS,Washington Mystics,1022600272,2026-08-21,WAS vs. MIN,L,200,30,66,0.455,7,21,0.333,17,23,0.739,13,23,36,21,2,3,14,9,84,-10,1,2026,regular-season,NA,NA,NA,NA
22026,1611661331,GSV,Golden State Valkyries,1022600273,2026-08-21,GSV @ CHI,L,200,25,70,0.357,5,22,0.227,15,22,0.682,6,32,38,17,4,0,10,15,70,-3,1,2026,regular-season,NA,NA,NA,NA
22026,1611661329,CHI,Chicago Sky,1022600273,2026-08-21,CHI vs. GSV,W,200,24,61,0.393,14,30,0.467,11,16,0.688,2,29,31,19,4,4,13,22,73,3,1,2026,regular-season,NA,NA,NA,NA
22026,1611661332,TOR,Toronto Tempo,1022600274,2026-08-21,TOR vs. PDX,W,200,25,59,0.424,6,22,0.273,26,33,0.788,7,27,34,19,5,4,15,23,82,3,1,2026,regular-season,NA,NA,NA,NA
22026,1611661327,PDX,Portland Fire,1022600274,2026-08-21,PDX @ TOR,L,200,27,70,0.386,11,31,0.355,14,17,0.824,8,19,27,22,4,3,14,26,79,-3,1,2026,regular-season,NA,NA,NA,NA
22026,1611661313,NYL,New York Liberty,1022600275,2026-08-22,NYL vs. IND,W,200,37,64,0.578,11,27,0.407,24,29,0.828,6,28,34,24,4,3,14,23,109,7,1,2026,regular-season,NA,NA,NA,NA
22026,1611661325,IND,Indiana Fever,1022600275,2026-08-22,IND @ NYL,L,200,40,70,0.571,11,26,0.423,11,22,0.5,3,24,27,25,7,0,9,24,102,-7,1,2026,regular-season,NA,NA,NA,NA
22026,1611661323,CON,Connecticut Sun,1022600276,2026-08-22,CON @ LAS,L,200,26,74,0.351,4,24,0.167,12,18,0.667,8,22,30,16,15,3,13,23,68,-9,1,2026,regular-season,NA,NA,NA,NA
22026,1611661320,LAS,Los Angeles Sparks,1022600276,2026-08-22,LAS vs. CON,W,200,27,53,0.509,8,18,0.444,15,19,0.789,4,36,40,19,4,3,25,20,77,9,1,2026,regular-season,NA,NA,NA,NA
22026,1611661330,ATL,Atlanta Dream,1022600277,2026-08-22,ATL @ PHX,W,200,37,76,0.487,11,38,0.289,14,16,0.875,8,24,32,24,12,3,8,24,99,10,1,2026,regular-season,NA,NA,NA,NA
22026,1611661317,PHX,Phoenix Mercury,1022600277,2026-08-22,PHX vs. ATL,L,200,29,62,0.468,11,23,0.478,20,25,0.8,7,28,35,22,5,3,16,18,89,-10,1,2026,regular-season,NA,NA,NA,NA
22026,1611661332,TOR,Toronto Tempo,1022600281,2026-08-23,TOR vs. LVA,L,200,29,66,0.439,10,27,0.37,10,12,0.833,9,19,28,22,6,2,15,22,78,-10,1,2026,regular-season,NA,NA,NA,NA
22026,1611661319,LVA,Las Vegas Aces,1022600281,2026-08-23,LVA @ TOR,W,200,34,65,0.523,5,20,0.25,15,20,0.75,8,21,29,22,11,3,11,14,88,10,1,2026,regular-season,NA,NA,NA,NA
22026,1611661322,WAS,Washington Mystics,1022600280,2026-08-23,WAS @ PDX,W,200,33,61,0.541,7,14,0.5,32,44,0.727,9,29,38,22,6,6,17,13,105,5,1,2026,regular-season,NA,NA,NA,NA
22026,1611661327,PDX,Portland Fire,1022600280,2026-08-23,PDX vs. WAS,L,200,36,74,0.486,13,28,0.464,15,15,1,7,18,25,21,9,2,13,28,100,-5,1,2026,regular-season,NA,NA,NA,NA
22026,1611661325,IND,Indiana Fever,1022600279,2026-08-23,IND @ CHI,W,200,42,79,0.532,18,33,0.545,11,16,0.688,7,24,31,26,6,3,9,14,113,23,1,2026,regular-season,NA,NA,NA,NA
22026,1611661329,CHI,Chicago Sky,1022600279,2026-08-23,CHI vs. IND,L,200,35,69,0.507,4,21,0.19,16,17,0.941,8,26,34,26,4,6,14,21,90,-23,1,2026,regular-season,NA,NA,NA,NA
22026,1611661321,DAL,Dallas Wings,1022600278,2026-08-23,DAL vs. SEA,W,200,33,66,0.5,11,23,0.478,15,17,0.882,6,34,40,23,6,4,15,11,92,22,1,2026,regular-season,NA,NA,NA,NA
22026,1611661328,SEA,Seattle Storm,1022600278,2026-08-23,SEA @ DAL,L,200,25,74,0.338,12,39,0.308,8,9,0.889,12,22,34,12,9,3,15,17,70,-22,1,2026,regular-season,NA,NA,NA,NA
22026,1611661331,GSV,Golden State Valkyries,1022600282,2026-08-24,GSV @ MIN,W,200,31,71,0.437,12,33,0.364,6,8,0.75,11,20,31,23,12,4,9,16,80,14,1,2026,regular-season,NA,NA,NA,NA
22026,1611661324,MIN,Minnesota Lynx,1022600282,2026-08-24,MIN vs. GSV,L,200,21,59,0.356,10,30,0.333,14,18,0.778,6,26,32,18,2,4,18,11,66,-14,1,2026,regular-season,NA,NA,NA,NA
22026,1611661330,ATL,Atlanta Dream,1022600283,2026-08-24,ATL @ LAS,W,200,30,75,0.4,6,29,0.207,12,15,0.8,15,33,48,17,7,1,15,18,78,7,1,2026,regular-season,NA,NA,NA,NA
22026,1611661320,LAS,Los Angeles Sparks,1022600283,2026-08-24,LAS vs. ATL,L,200,26,67,0.388,3,18,0.167,16,18,0.889,7,25,32,19,7,7,11,19,71,-7,1,2026,regular-season,NA,NA,NA,NA
22026,1611661329,CHI,Chicago Sky,1022600284,2026-08-25,CHI @ CON,L,200,30,72,0.417,6,29,0.207,15,18,0.833,9,25,34,23,5,8,9,18,81,-6,1,2026,regular-season,NA,NA,NA,NA
22026,1611661323,CON,Connecticut Sun,1022600284,2026-08-25,CON vs. CHI,W,200,30,70,0.429,7,20,0.35,20,27,0.741,7,30,37,21,7,4,7,16,87,6,1,2026,regular-season,NA,NA,NA,NA
22026,1611661327,PDX,Portland Fire,1022600285,2026-08-25,PDX @ DAL,L,200,27,72,0.375,10,36,0.278,14,17,0.824,14,19,33,20,8,3,12,16,78,-18,1,2026,regular-season,NA,NA,NA,NA
22026,1611661317,PHX,Phoenix Mercury,1022600286,2026-08-25,PHX vs. WAS,L,200,33,70,0.471,3,17,0.176,15,17,0.882,6,20,26,22,9,5,9,21,84,-10,1,2026,regular-season,NA,NA,NA,NA
22026,1611661322,WAS,Washington Mystics,1022600286,2026-08-25,WAS @ PHX,W,200,35,68,0.515,9,21,0.429,15,20,0.75,10,25,35,21,4,4,13,19,94,10,1,2026,regular-season,NA,NA,NA,NA
22026,1611661321,DAL,Dallas Wings,1022600285,2026-08-25,DAL vs. PDX,W,200,38,69,0.551,11,24,0.458,9,13,0.692,10,28,38,26,11,8,12,16,96,18,1,2026,regular-season,NA,NA,NA,NA
22026,1611661331,GSV,Golden State Valkyries,1022600287,2026-08-26,GSV @ CON,W,200,34,63,0.54,10,25,0.4,11,15,0.733,6,36,42,24,5,10,13,23,89,25,1,2026,regular-season,NA,NA,NA,NA
22026,1611661323,CON,Connecticut Sun,1022600287,2026-08-26,CON vs. GSV,L,200,22,71,0.31,6,31,0.194,14,24,0.583,10,20,30,17,4,3,11,19,64,-25,1,2026,regular-season,NA,NA,NA,NA
22026,1611661332,TOR,Toronto Tempo,1022600288,2026-08-26,TOR @ SEA,L,200,26,70,0.371,4,26,0.154,22,28,0.786,13,30,43,14,7,1,17,15,78,-12,1,2026,regular-season,NA,NA,NA,NA
22026,1611661328,SEA,Seattle Storm,1022600288,2026-08-26,SEA vs. TOR,W,200,35,79,0.443,6,27,0.222,14,18,0.778,10,27,37,25,13,8,11,19,90,12,1,2026,regular-season,NA,NA,NA,NA
22026,1611661331,GSV,Golden State Valkyries,1022600289,2026-08-27,GSV @ NYL,W,200,30,71,0.423,13,33,0.394,6,8,0.75,8,31,39,23,4,2,9,16,79,19,1,2026,regular-season,NA,NA,NA,NA
22026,1611661313,NYL,New York Liberty,1022600289,2026-08-27,NYL vs. GSV,L,200,19,63,0.302,7,31,0.226,15,19,0.789,9,23,32,14,3,6,9,13,60,-19,1,2026,regular-season,NA,NA,NA,NA
22026,1611661322,WAS,Washington Mystics,1022600290,2026-08-27,WAS @ PHX,W,200,29,61,0.475,7,17,0.412,15,19,0.789,6,29,35,20,6,4,17,20,80,7,1,2026,regular-season,NA,NA,NA,NA
22026,1611661317,PHX,Phoenix Mercury,1022600290,2026-08-27,PHX vs. WAS,L,200,27,66,0.409,5,17,0.294,14,18,0.778,5,24,29,18,10,5,16,21,73,-7,1,2026,regular-season,NA,NA,NA,NA
22026,1611661330,ATL,Atlanta Dream,1022600291,2026-08-28,ATL vs. PDX,L,200,26,71,0.366,12,33,0.364,19,24,0.792,16,18,34,20,5,4,19,16,83,-18,1,2026,regular-season,NA,NA,NA,NA
22026,1611661327,PDX,Portland Fire,1022600291,2026-08-28,PDX @ ATL,W,200,38,65,0.585,13,30,0.433,12,14,0.857,6,24,30,16,11,7,11,24,101,18,1,2026,regular-season,NA,NA,NA,NA
22026,1611661325,IND,Indiana Fever,1022600292,2026-08-28,IND vs. CON,W,200,39,67,0.582,12,29,0.414,21,32,0.656,6,28,34,23,13,6,12,17,111,20,1,2026,regular-season,NA,NA,NA,NA
22026,1611661323,CON,Connecticut Sun,1022600292,2026-08-28,CON @ IND,L,200,35,76,0.461,9,28,0.321,12,13,0.923,6,20,26,22,9,1,17,23,91,-20,1,2026,regular-season,NA,NA,NA,NA
22026,1611661320,LAS,Los Angeles Sparks,1022600294,2026-08-28,LAS vs. WAS,W,200,36,64,0.563,8,20,0.4,8,14,0.571,3,20,23,28,10,5,10,17,88,6,1,2026,regular-season,NA,NA,NA,NA
22026,1611661319,LVA,Las Vegas Aces,1022600293,2026-08-28,LVA vs. TOR,W,200,32,75,0.427,10,33,0.303,19,21,0.905,10,28,38,20,10,4,7,14,93,20,1,2026,regular-season,NA,NA,NA,NA
22026,1611661332,TOR,Toronto Tempo,1022600293,2026-08-28,TOR @ LVA,L,200,27,67,0.403,10,28,0.357,9,13,0.692,7,30,37,18,6,2,17,22,73,-20,1,2026,regular-season,NA,NA,NA,NA
22026,1611661322,WAS,Washington Mystics,1022600294,2026-08-28,WAS @ LAS,L,200,31,63,0.492,8,21,0.381,12,17,0.706,6,28,34,20,4,2,17,15,82,-6,1,2026,regular-season,NA,NA,NA,NA
22026,1611661313,NYL,New York Liberty,1022600295,2026-08-29,NYL vs. CHI,W,200,27,70,0.386,11,27,0.407,20,22,0.909,8,36,44,17,5,8,11,20,85,19,1,2026,regular-season,NA,NA,NA,NA
22026,1611661329,CHI,Chicago Sky,1022600295,2026-08-29,CHI @ NYL,L,200,25,66,0.379,4,18,0.222,12,18,0.667,3,26,29,18,4,5,11,23,66,-19,1,2026,regular-season,NA,NA,NA,NA
22026,1611661332,TOR,Toronto Tempo,1022600296,2026-08-29,TOR @ PHX,L,200,23,62,0.371,4,22,0.182,19,23,0.826,7,25,32,17,4,3,16,12,69,-32,1,2026,regular-season,NA,NA,NA,NA
22026,1611661317,PHX,Phoenix Mercury,1022600296,2026-08-29,PHX vs. TOR,W,200,37,77,0.481,15,34,0.441,12,13,0.923,10,25,35,27,12,3,9,19,101,32,1,2026,regular-season,NA,NA,NA,NA
22026,1611661324,MIN,Minnesota Lynx,1022600297,2026-08-30,MIN @ ATL,L,200,30,70,0.429,6,19,0.316,15,19,0.789,6,26,32,17,14,4,11,14,81,-8,1,2026,regular-season,NA,NA,NA,NA
22026,1611661330,ATL,Atlanta Dream,1022600297,2026-08-30,ATL vs. MIN,W,200,33,71,0.465,13,36,0.361,10,14,0.714,8,29,37,21,8,3,18,14,89,8,1,2026,regular-season,NA,NA,NA,NA
22026,1611661328,SEA,Seattle Storm,1022600298,2026-08-30,SEA vs. LAS,L,200,28,82,0.341,4,22,0.182,14,18,0.778,14,29,43,17,11,4,16,19,74,-16,1,2026,regular-season,NA,NA,NA,NA
22026,1611661320,LAS,Los Angeles Sparks,1022600298,2026-08-30,LAS @ SEA,W,200,32,73,0.438,12,31,0.387,14,15,0.933,5,35,40,23,12,5,17,16,90,16,1,2026,regular-season,NA,NA,NA,NA
22026,1611661331,GSV,Golden State Valkyries,1022600299,2026-08-30,GSV @ PDX,W,200,29,61,0.475,9,29,0.31,19,21,0.905,8,23,31,20,9,4,14,12,86,17,1,2026,regular-season,NA,NA,NA,NA
22026,1611661327,PDX,Portland Fire,1022600299,2026-08-30,PDX vs. GSV,L,200,24,62,0.387,10,39,0.256,11,13,0.846,9,20,29,19,8,1,16,17,69,-17,1,2026,regular-season,NA,NA,NA,NA
22026,1611661321,DAL,Dallas Wings,1022600300,2026-08-30,DAL vs. CON,W,200,33,63,0.524,8,16,0.5,23,30,0.767,6,35,41,20,5,5,11,20,97,26,1,2026,regular-season,NA,NA,NA,NA
22026,1611661323,CON,Connecticut Sun,1022600300,2026-08-30,CON @ DAL,L,200,24,73,0.329,7,27,0.259,16,22,0.727,12,17,29,16,6,3,7,23,71,-26,1,2026,regular-season,NA,NA,NA,NA
22026,1611661313,NYL,New York Liberty,1022600001,2026-05-08,NYL vs. CON,W,22,3,6,0.5,0,1,0,3,4,0.75,2,2,4,0,1,0,2,5,9,26,1,2026,regular-season,203822,Rebekah Gardner,14.8,p
22026,1611661313,NYL,New York Liberty,1022600001,2026-05-08,NYL vs. CON,W,28,10,17,0.588,0,4,0,11,12,0.917,1,9,10,2,1,3,4,3,31,21,1,2026,regular-season,1627668,Breanna Stewart,54,p
22026,1611661313,NYL,New York Liberty,1022600001,2026-05-08,NYL vs. CON,W,22,3,4,0.75,2,3,0.667,4,4,1,1,6,7,11,1,0,3,2,12,31,1,2026,regular-season,1642210,Julie Vanloo,36.9,p
22026,1611661322,WAS,Washington Mystics,1022600002,2026-05-08,WAS @ TOR,W,20,2,9,0.222,2,7,0.286,0,0,NA,0,3,3,3,2,0,5,1,6,16,1,2026,regular-season,1642781,Georgia Amoore,15.1,p
22026,1611661322,WAS,Washington Mystics,1022600002,2026-05-08,WAS @ TOR,W,34,9,12,0.75,3,6,0.5,5,8,0.625,0,2,2,0,2,2,2,2,26,13,1,2026,regular-season,1642785,Sonia Citron,38.4,p
22026,1611661323,CON,Connecticut Sun,1022600001,2026-05-08,CON @ NYL,L,24,2,8,0.25,0,1,0,0,0,NA,2,1,3,3,0,1,0,4,4,-22,1,2026,regular-season,1629568,Kennedy Burke,15.1,p
22026,1611661323,CON,Connecticut Sun,1022600001,2026-05-08,CON @ NYL,L,25,6,16,0.375,1,6,0.167,3,5,0.6,1,2,3,1,2,0,2,3,16,-15,1,2026,regular-season,1641649,Diamond Miller,25.1,p
22026,1611661328,SEA,Seattle Storm,1022600003,2026-05-08,SEA vs. GSV,L,27,2,3,0.667,1,2,0.5,1,2,0.5,1,4,5,3,0,2,2,3,6,-5,1,2026,regular-season,203828,Stefanie Dolson,20.5,p
22026,1611661328,SEA,Seattle Storm,1022600003,2026-05-08,SEA vs. GSV,L,22,0,2,0,0,2,0,0,0,NA,1,1,2,3,0,0,4,1,0,-19,1,2026,regular-season,1628882,Lexie Brown,2.9,p
22026,1611661328,SEA,Seattle Storm,1022600003,2026-05-08,SEA vs. GSV,L,23,2,7,0.286,0,4,0,2,3,0.667,0,5,5,3,1,0,1,5,6,-1,1,2026,regular-season,1629567,Natisha Hiedeman,18.5,p
22026,1611661331,GSV,Golden State Valkyries,1022600003,2026-05-08,GSV @ SEA,W,16,5,10,0.5,2,3,0.667,2,2,1,0,1,1,2,0,0,0,0,14,6,1,2026,regular-season,1642822,Kaitlyn Chen,18.2,p
22026,1611661332,TOR,Toronto Tempo,1022600002,2026-05-08,TOR vs. WAS,L,26,3,8,0.375,0,2,0,2,4,0.5,3,3,6,0,3,1,1,5,8,-4,1,2026,regular-season,1631055,Nyara Sabally,26.2,p
22026,1611661332,TOR,Toronto Tempo,1022600002,2026-05-08,TOR vs. WAS,L,18,0,3,0,0,2,0,0,0,NA,2,1,3,1,0,0,0,0,0,1,1,2026,regular-season,1643445,Kiki Rice,5.1,p
22026,1611661332,TOR,Toronto Tempo,1022600002,2026-05-08,TOR vs. WAS,L,9,0,1,0,0,1,0,0,2,0,1,2,3,1,0,1,1,0,0,-3,1,2026,regular-season,1643457,Teonni Key,7.1,p
22026,1611661313,NYL,New York Liberty,1022600001,2026-05-08,NYL vs. CON,W,28,4,7,0.571,0,3,0,4,4,1,0,2,2,4,0,0,2,0,12,15,1,2026,regular-season,204335,Betnijah Laney-Hamilton,18.4,p
22026,1611661313,NYL,New York Liberty,1022600001,2026-05-08,NYL vs. CON,W,25,3,7,0.429,1,5,0.2,3,4,0.75,0,5,5,1,2,1,2,5,10,10,1,2026,regular-season,1627673,Jonquel Jones,24.5,p
22026,1611661313,NYL,New York Liberty,1022600001,2026-05-08,NYL vs. CON,W,20,2,4,0.5,0,0,NA,1,3,0.333,1,1,2,4,1,0,0,4,5,4,1,2026,regular-season,1631136,Pauline Astier,16.4,p
22026,1611661322,WAS,Washington Mystics,1022600002,2026-05-08,WAS @ TOR,W,28,6,13,0.462,0,1,0,6,10,0.6,0,11,11,2,2,2,2,4,18,13,1,2026,regular-season,1631022,Shakira Austin,44.2,p
22026,1611661322,WAS,Washington Mystics,1022600002,2026-05-08,WAS @ TOR,W,20,0,2,0,0,0,NA,0,0,NA,0,2,2,2,3,0,3,4,0,-13,1,2026,regular-season,1643450,Rori Harmon,11.4,p
22026,1611661323,CON,Connecticut Sun,1022600001,2026-05-08,CON @ NYL,L,14,4,7,0.571,1,2,0.5,0,0,NA,0,1,1,4,1,0,2,2,9,-7,1,2026,regular-season,1642817,Hailey Van Lith,17.2,p
22026,1611661323,CON,Connecticut Sun,1022600001,2026-05-08,CON @ NYL,L,11,0,1,0,0,0,NA,1,4,0.25,0,2,2,0,0,0,0,2,1,-9,1,2026,regular-season,1643441,Raegan Beers,3.4,p
22026,1611661328,SEA,Seattle Storm,1022600003,2026-05-08,SEA vs. GSV,L,26,3,12,0.25,3,7,0.429,3,3,1,0,2,2,2,1,0,2,2,12,-6,1,2026,regular-season,1643428,Flau'jae Johnson,18.4,p
22026,1611661331,GSV,Golden State Valkyries,1022600003,2026-05-08,GSV @ SEA,W,30,4,9,0.444,3,6,0.5,2,2,1,3,5,8,1,0,0,2,2,13,5,1,2026,regular-season,203866,Kayla Thornton,22.1,p
22026,1611661331,GSV,Golden State Valkyries,1022600003,2026-05-08,GSV @ SEA,W,24,3,5,0.6,0,1,0,0,0,NA,0,4,4,3,1,3,0,3,6,10,1,2026,regular-season,204329,Kiah Stokes,27.3,p
22026,1611661331,GSV,Golden State Valkyries,1022600003,2026-05-08,GSV @ SEA,W,7,3,5,0.6,1,3,0.333,1,2,0.5,0,2,2,1,1,0,0,0,8,8,1,2026,regular-season,1628508,Cecilia Zandalasini,14.9,p
22026,1611661331,GSV,Golden State Valkyries,1022600003,2026-05-08,GSV @ SEA,W,17,1,2,0.5,1,1,1,0,0,NA,3,3,6,2,0,1,2,5,3,18,1,2026,regular-season,1630097,Kaila Charles,14.2,p
22026,1611661323,CON,Connecticut Sun,1022600001,2026-05-08,CON @ NYL,L,26,2,6,0.333,0,1,0,1,2,0.5,0,2,2,6,0,1,4,2,5,-27,1,2026,regular-season,1642809,Saniya Rivers,15.4,p
22026,1611661323,CON,Connecticut Sun,1022600001,2026-05-08,CON @ NYL,L,21,2,9,0.222,0,2,0,0,1,0,0,2,2,1,0,0,1,1,4,-17,1,2026,regular-season,1643449,Charlisse Leger-Walker,6.9,p
22026,1611661328,SEA,Seattle Storm,1022600003,2026-05-08,SEA vs. GSV,L,15,0,4,0,0,2,0,0,0,NA,0,4,4,0,0,1,1,1,0,-6,1,2026,regular-season,1641651,Jordan Horston,6.8,p
22026,1611661328,SEA,Seattle Storm,1022600003,2026-05-08,SEA vs. GSV,L,11,1,1,1,0,0,NA,0,0,NA,3,3,6,0,0,0,0,2,2,-4,1,2026,regular-season,1642307,Mackenzie Holmes,9.2,p
22026,1611661328,SEA,Seattle Storm,1022600003,2026-05-08,SEA vs. GSV,L,29,8,15,0.533,0,2,0,5,9,0.556,4,4,8,0,0,2,3,3,21,-4,1,2026,regular-season,1642798,Dominique Malonga,33.6,p
22026,1611661331,GSV,Golden State Valkyries,1022600003,2026-05-08,GSV @ SEA,W,4,0,1,0,0,1,0,1,2,0.5,0,0,0,1,0,0,0,1,1,-6,1,2026,regular-season,203026,Tiffany Hayes,2.5,p
22026,1611661331,GSV,Golden State Valkyries,1022600003,2026-05-08,GSV @ SEA,W,31,5,13,0.385,2,4,0.5,4,5,0.8,1,1,2,6,2,0,1,4,16,8,1,2026,regular-season,1631007,Veronica Burton,32.4,p
22026,1611661331,GSV,Golden State Valkyries,1022600003,2026-05-08,GSV @ SEA,W,16,1,3,0.333,0,1,0,1,3,0.333,3,1,4,1,0,0,1,4,3,1,1,2026,regular-season,1641656,Laeticia Amihere,8.3,p
22026,1611661331,GSV,Golden State Valkyries,1022600003,2026-05-08,GSV @ SEA,W,27,7,16,0.438,5,11,0.455,1,3,0.333,0,2,2,1,0,1,1,4,20,10,1,2026,regular-season,1642767,Janelle Salaun,25.9,p
22026,1611661313,NYL,New York Liberty,1022600001,2026-05-08,NYL vs. CON,W,28,6,13,0.462,5,9,0.556,0,0,NA,2,3,5,3,3,0,1,2,17,17,1,2026,regular-season,1629546,Marine Johannes,35.5,p
22026,1611661313,NYL,New York Liberty,1022600001,2026-05-08,NYL vs. CON,W,5,1,1,1,0,0,NA,0,0,NA,0,0,0,0,0,0,1,0,2,6,1,2026,regular-season,1642826,Aubrey Griffin,1,p
22026,1611661322,WAS,Washington Mystics,1022600002,2026-05-08,WAS @ TOR,W,10,0,3,0,0,1,0,0,0,NA,0,0,0,1,0,0,2,0,0,-7,1,2026,regular-season,1642802,Lucy Olsen,-0.5,p
22026,1611661322,WAS,Washington Mystics,1022600002,2026-05-08,WAS @ TOR,W,12,0,4,0,0,0,NA,0,0,NA,3,2,5,1,0,0,0,1,0,-10,1,2026,regular-season,1643427,Lauren Betts,7.5,p
22026,1611661322,WAS,Washington Mystics,1022600002,2026-05-08,WAS @ TOR,W,12,1,4,0.25,0,2,0,0,0,NA,0,2,2,0,0,0,1,1,2,-10,1,2026,regular-season,1643455,Angela Dugalic,3.4,p
22026,1611661323,CON,Connecticut Sun,1022600001,2026-05-08,CON @ NYL,L,27,6,11,0.545,0,1,0,1,1,1,3,3,6,2,0,0,2,2,13,-21,1,2026,regular-season,203398,Brittney Griner,21.2,p
22026,1611661323,CON,Connecticut Sun,1022600001,2026-05-08,CON @ NYL,L,24,7,15,0.467,1,5,0.2,0,0,NA,3,3,6,0,1,0,5,5,15,-15,1,2026,regular-season,1642800,Aneesah Morrow,20.2,p
22026,1611661328,SEA,Seattle Storm,1022600003,2026-05-08,SEA vs. GSV,L,7,1,2,0.5,1,1,1,2,2,1,0,0,0,0,0,0,0,2,5,-3,1,2026,regular-season,1643453,Grace VanSlooten,5,p
22026,1611661331,GSV,Golden State Valkyries,1022600003,2026-05-08,GSV @ SEA,W,3,0,1,0,0,1,0,0,0,NA,0,0,0,0,0,0,0,0,0,-6,1,2026,regular-season,1631039,Miela Sowah,0,p
22026,1611661332,TOR,Toronto Tempo,1022600002,2026-05-08,TOR vs. WAS,L,16,0,2,0,0,1,0,2,2,1,0,1,1,1,1,0,4,4,2,0,1,2026,regular-season,1627701,Temi Fagbenle,3.7,p
22026,1611661332,TOR,Toronto Tempo,1022600002,2026-05-08,TOR vs. WAS,L,10,1,1,1,0,0,NA,0,0,NA,0,1,1,1,0,0,1,2,2,4,1,2026,regular-season,1628915,Kia Nurse,3.7,p
22026,1611661332,TOR,Toronto Tempo,1022600002,2026-05-08,TOR vs. WAS,L,15,0,4,0,0,1,0,2,2,1,2,1,3,0,0,0,1,0,2,6,1,2026,regular-season,1629576,Maria Conde,4.6,p
22026,1611661332,TOR,Toronto Tempo,1022600002,2026-05-08,TOR vs. WAS,L,15,2,6,0.333,1,2,0.5,2,2,1,1,5,6,0,1,0,2,5,7,1,1,2026,regular-season,1643420,Laura Juskaite,15.2,p
22026,1611661313,NYL,New York Liberty,1022600001,2026-05-08,NYL vs. CON,W,22,3,8,0.375,2,6,0.333,0,0,NA,0,2,2,1,0,1,1,2,8,25,1,2026,regular-season,1629566,Han Xu,13.9,p
22026,1611661322,WAS,Washington Mystics,1022600002,2026-05-08,WAS @ TOR,W,28,5,9,0.556,0,2,0,2,4,0.5,4,12,16,2,0,1,2,5,12,13,1,2026,regular-season,1642792,Kiki Iriafen,35.2,p
22026,1611661322,WAS,Washington Mystics,1022600002,2026-05-08,WAS @ TOR,W,19,1,5,0.2,0,3,0,0,0,NA,1,0,1,2,1,0,1,6,2,4,1,2026,regular-season,1643467,Cassandre Prosper,8.2,p
22026,1611661323,CON,Connecticut Sun,1022600001,2026-05-08,CON @ NYL,L,15,0,2,0,0,0,NA,1,2,0.5,1,1,2,3,1,0,0,2,1,-15,1,2026,regular-season,1631135,Olivia Nelson-Ododa,10.9,p
22026,1611661328,SEA,Seattle Storm,1022600003,2026-05-08,SEA vs. GSV,L,17,4,5,0.8,2,3,0.667,3,3,1,1,1,2,3,1,0,0,2,13,-10,1,2026,regular-season,1631141,Jade Melbourne,22.9,p
22026,1611661331,GSV,Golden State Valkyries,1022600003,2026-05-08,GSV @ SEA,W,24,2,9,0.222,1,5,0.2,2,3,0.667,3,3,6,4,1,0,2,0,7,3,1,2026,regular-season,1628931,Gabby Williams,21.2,p
22026,1611661331,GSV,Golden State Valkyries,1022600003,2026-05-08,GSV @ SEA,W,1,0,0,NA,0,0,NA,0,0,NA,0,0,0,0,0,0,0,0,0,-2,1,2026,regular-season,1643479,Ndjakalenga Mwenentanda,0,p
22026,1611661332,TOR,Toronto Tempo,1022600002,2026-05-08,TOR vs. WAS,L,30,1,2,0.5,1,2,0.5,0,0,NA,0,3,3,2,1,0,0,1,3,-6,1,2026,regular-season,1627700,Julie Allemand,12.6,p
22026,1611661332,TOR,Toronto Tempo,1022600002,2026-05-08,TOR vs. WAS,L,28,4,18,0.222,0,5,0,6,9,0.667,0,3,3,2,3,0,2,4,14,-4,1,2026,regular-season,1628279,Brittney Sykes,27.6,p
22026,1611661332,TOR,Toronto Tempo,1022600002,2026-05-08,TOR vs. WAS,L,30,6,18,0.333,3,9,0.333,12,14,0.857,0,7,7,2,1,0,4,3,27,-7,1,2026,regular-season,1629497,Marina Mabrey,37.4,p
22026,1611661332,TOR,Toronto Tempo,1022600002,2026-05-08,TOR vs. WAS,L,2,0,0,NA,0,0,NA,0,0,NA,0,0,0,0,0,0,0,0,0,-1,1,2026,regular-season,1631118,Lexi Held,0,p
22026,1611661322,WAS,Washington Mystics,1022600002,2026-05-08,WAS @ TOR,W,17,1,3,0.333,0,2,0,0,0,NA,1,1,2,1,0,0,0,4,2,-4,1,2026,regular-season,1642775,Alex Wilson,5.9,p
22026,1611661323,CON,Connecticut Sun,1022600001,2026-05-08,CON @ NYL,L,13,3,8,0.375,1,4,0.25,0,0,NA,2,3,5,1,0,0,0,2,7,-7,1,2026,regular-season,1643429,Gianna Kneepkens,14.5,p
22026,1611661328,SEA,Seattle Storm,1022600003,2026-05-08,SEA vs. GSV,L,23,5,12,0.417,2,3,0.667,3,5,0.6,3,4,7,2,1,0,1,1,15,3,1,2026,regular-season,1641660,Zia Cooke,28.4,p
22026,1611661332,TOR,Toronto Tempo,1022600002,2026-05-08,TOR vs. WAS,L,1,0,0,NA,0,0,NA,0,0,NA,0,1,1,0,0,0,0,2,0,-2,1,2026,regular-season,1630108,Mariella Fasoula,1.2,p
22026,1611661319,LVA,Las Vegas Aces,1022600005,2026-05-09,LVA vs. PHX,L,12,1,3,0.333,0,1,0,0,0,NA,0,4,4,0,0,0,2,2,2,-8,1,2026,regular-season,204323,Cheyenne Parker-Tyus,4.8,p
22026,1611661319,LVA,Las Vegas Aces,1022600005,2026-05-09,LVA vs. PHX,L,19,5,8,0.625,0,0,NA,0,0,NA,0,2,2,2,2,0,3,5,10,-9,1,2026,regular-season,1630150,Chennedy Carter,18.4,p
22026,1611661317,PHX,Phoenix Mercury,1022600005,2026-05-09,PHX @ LVA,W,21,4,9,0.444,3,7,0.429,0,0,NA,0,1,1,1,2,0,1,0,11,9,1,2026,regular-season,1630461,Kiana Williams,18.7,p
22026,1611661317,PHX,Phoenix Mercury,1022600005,2026-05-09,PHX @ LVA,W,28,6,16,0.375,0,5,0,1,1,1,0,0,0,2,0,0,4,2,13,29,1,2026,regular-season,1627674,Kahleah Copper,12,p
22026,1611661319,LVA,Las Vegas Aces,1022600005,2026-05-09,LVA vs. PHX,L,21,4,7,0.571,0,0,NA,3,6,0.5,2,4,6,1,0,2,0,3,11,-16,1,2026,regular-season,1631019,NaLyssa Smith,25.7,p
22026,1611661319,LVA,Las Vegas Aces,1022600005,2026-05-09,LVA vs. PHX,L,25,5,15,0.333,2,6,0.333,0,0,NA,0,6,6,3,0,0,2,1,12,-24,1,2026,regular-season,1629498,Jackie Young,21.7,p
22026,1611661319,LVA,Las Vegas Aces,1022600005,2026-05-09,LVA vs. PHX,L,19,0,4,0,0,1,0,0,0,NA,0,6,6,1,1,0,2,1,0,-14,1,2026,regular-season,1631006,Kierstan Bell,9.7,p
22026,1611661319,LVA,Las Vegas Aces,1022600005,2026-05-09,LVA vs. PHX,L,24,3,7,0.429,0,2,0,0,0,NA,0,1,1,2,0,1,1,2,6,-22,1,2026,regular-season,204319,Jewell Loyd,12.2,p
22026,1611661319,LVA,Las Vegas Aces,1022600005,2026-05-09,LVA vs. PHX,L,22,2,6,0.333,0,2,0,0,0,NA,1,0,1,6,0,2,3,1,4,-24,1,2026,regular-season,203833,Chelsea Gray,17.2,p
22026,1611661317,PHX,Phoenix Mercury,1022600005,2026-05-09,PHX @ LVA,W,6,0,1,0,0,0,NA,0,0,NA,0,0,0,2,0,1,0,0,0,-1,1,2026,regular-season,1630138,Peyton Williams,6,p
22026,1611661319,LVA,Las Vegas Aces,1022600005,2026-05-09,LVA vs. PHX,L,14,0,0,NA,0,0,NA,0,0,NA,2,1,3,0,0,1,1,0,0,-7,1,2026,regular-season,1629488,Brianna Turner,5.6,p
22026,1611661317,PHX,Phoenix Mercury,1022600005,2026-05-09,PHX @ LVA,W,14,1,4,0.25,0,1,0,0,0,NA,1,1,2,1,2,0,0,0,2,5,1,2026,regular-season,1642768,Kyara Linskens,11.9,p
22026,1611661317,PHX,Phoenix Mercury,1022600005,2026-05-09,PHX @ LVA,W,18,3,6,0.5,1,1,1,1,1,1,0,3,3,0,0,0,0,0,8,9,1,2026,regular-season,1643493,Noemie Brochant,11.6,p
22026,1611661317,PHX,Phoenix Mercury,1022600005,2026-05-09,PHX @ LVA,W,22,5,7,0.714,3,4,0.75,0,0,NA,0,7,7,2,1,2,0,2,13,31,1,2026,regular-season,201886,DeWanna Bonner,33.4,p
22026,1611661317,PHX,Phoenix Mercury,1022600005,2026-05-09,PHX @ LVA,W,26,9,17,0.529,0,0,NA,2,4,0.5,1,5,6,9,3,0,1,1,20,25,1,2026,regular-season,203826,Alyssa Thomas,48.7,p
22026,1611661319,LVA,Las Vegas Aces,1022600005,2026-05-09,LVA vs. PHX,L,24,8,15,0.533,2,3,0.667,1,2,0.5,1,3,4,4,2,2,2,0,19,-22,1,2026,regular-season,1628932,A'ja Wilson,39.8,p
22026,1611661317,PHX,Phoenix Mercury,1022600005,2026-05-09,PHX @ LVA,W,25,4,5,0.8,0,0,NA,2,2,1,5,10,15,1,1,1,0,2,10,34,1,2026,regular-season,1630442,Natasha Mack,35.5,p
22026,1611661317,PHX,Phoenix Mercury,1022600005,2026-05-09,PHX @ LVA,W,21,5,8,0.625,4,5,0.8,5,5,1,0,0,0,4,2,0,1,1,19,26,1,2026,regular-season,1643505,Jovana Nogic,30,p
22026,1611661319,LVA,Las Vegas Aces,1022600005,2026-05-09,LVA vs. PHX,L,19,1,6,0.167,0,4,0,0,0,NA,0,2,2,0,0,0,1,0,2,-19,1,2026,regular-season,203855,Stephanie Talbot,3.4,p
22026,1611661317,PHX,Phoenix Mercury,1022600005,2026-05-09,PHX @ LVA,W,12,1,2,0.5,0,1,0,0,0,NA,0,1,1,1,0,0,0,1,2,-1,1,2026,regular-season,1643487,Quionche Carter,4.7,p
22026,1611661317,PHX,Phoenix Mercury,1022600005,2026-05-09,PHX @ LVA,W,6,0,2,0,0,0,NA,1,2,0.5,0,2,2,0,0,0,0,1,1,-1,1,2026,regular-season,1630993,Anneli Maley,3.4,p
22026,1611661321,DAL,Dallas Wings,1022600004,2026-05-09,DAL @ IND,W,26,8,11,0.727,2,3,0.667,2,3,0.667,0,2,2,2,2,0,4,5,20,-10,1,2026,regular-season,203824,Odyssey Sims,27.4,p
22026,1611661321,DAL,Dallas Wings,1022600004,2026-05-09,DAL @ IND,W,20,2,6,0.333,0,1,0,2,2,1,1,2,3,2,2,1,2,4,6,-7,1,2026,regular-season,1629501,Alanna Smith,19.6,p
22026,1611661324,MIN,Minnesota Lynx,1022600010,2026-05-09,MIN vs. ATL,L,31,1,4,0.25,1,3,0.333,0,0,NA,0,3,3,1,1,3,0,2,3,-8,1,2026,regular-season,1628269,Nia Coffey,20.1,p
22026,1611661324,MIN,Minnesota Lynx,1022600010,2026-05-09,MIN vs. ATL,L,34,6,14,0.429,1,2,0.5,8,8,1,0,3,3,8,2,2,3,3,21,0,1,2026,regular-season,1643426,Olivia Miles,45.6,p
22026,1611661325,IND,Indiana Fever,1022600004,2026-05-09,IND vs. DAL,L,4,0,1,0,0,0,NA,0,0,NA,0,0,0,0,0,0,0,0,0,2,1,2026,regular-season,1630112,Tyasha Harris,0,p
22026,1611661325,IND,Indiana Fever,1022600004,2026-05-09,IND vs. DAL,L,15,0,2,0,0,0,NA,0,0,NA,0,1,1,0,0,0,1,2,0,-1,1,2026,regular-season,1631086,Lexie Hull,0.2,p
22026,1611661325,IND,Indiana Fever,1022600004,2026-05-09,IND vs. DAL,L,26,9,14,0.643,1,2,0.5,4,6,0.667,2,2,4,3,3,1,1,2,23,0,1,2026,regular-season,1641648,Aliyah Boston,43.3,p
22026,1611661325,IND,Indiana Fever,1022600004,2026-05-09,IND vs. DAL,L,31,7,18,0.389,2,9,0.222,4,4,1,0,5,5,7,0,0,5,4,20,2,1,2026,regular-season,1642286,Caitlin Clark,31.5,p
22026,1611661325,IND,Indiana Fever,1022600004,2026-05-09,IND vs. DAL,L,19,5,6,0.833,0,0,NA,1,2,0.5,0,2,2,1,0,0,0,2,11,-2,1,2026,regular-season,1642815,Makayla Timpson,14.9,p
22026,1611661327,PDX,Portland Fire,1022600006,2026-05-09,PDX vs. CHI,L,11,2,6,0.333,0,0,NA,0,0,NA,0,0,0,4,0,0,2,2,4,-13,1,2026,regular-season,1643527,Jordan Harrison,8,p
22026,1611661329,CHI,Chicago Sky,1022600006,2026-05-09,CHI @ PDX,W,32,3,7,0.429,1,1,1,3,4,0.75,2,5,7,2,2,0,0,3,10,14,1,2026,regular-season,1643447,Gabriela Jaquez,27.4,p
22026,1611661330,ATL,Atlanta Dream,1022600010,2026-05-09,ATL @ MIN,W,38,4,10,0.4,3,7,0.429,4,5,0.8,1,5,6,5,3,1,3,4,15,5,1,2026,regular-season,1631009,Rhyne Howard,38.7,p
22026,1611661330,ATL,Atlanta Dream,1022600010,2026-05-09,ATL @ MIN,W,3,0,1,0,0,1,0,0,0,NA,0,0,0,0,0,0,0,0,0,-6,1,2026,regular-season,1631021,Sika Kone,0,p
22026,1611661330,ATL,Atlanta Dream,1022600010,2026-05-09,ATL @ MIN,W,32,4,11,0.364,0,0,NA,3,6,0.5,9,5,14,2,2,3,5,5,11,-3,1,2026,regular-season,1642291,Angel Reese,40.8,p
22026,1611661321,DAL,Dallas Wings,1022600004,2026-05-09,DAL @ IND,W,4,0,1,0,0,0,NA,3,4,0.75,0,1,1,0,0,0,0,0,3,0,1,2026,regular-season,1629574,Li Yueru,4.2,p
22026,1611661321,DAL,Dallas Wings,1022600004,2026-05-09,DAL @ IND,W,18,3,7,0.429,1,3,0.333,0,0,NA,0,3,3,1,0,0,0,3,7,4,1,2026,regular-season,1641652,Maddy Siegrist,12.1,p
22026,1611661321,DAL,Dallas Wings,1022600004,2026-05-09,DAL @ IND,W,32,8,10,0.8,1,3,0.333,3,6,0.5,0,3,3,4,1,0,1,2,20,8,1,2026,regular-season,1642784,Paige Bueckers,31.6,p
22026,1611661321,DAL,Dallas Wings,1022600004,2026-05-09,DAL @ IND,W,18,1,2,0.5,1,2,0.5,0,0,NA,1,0,1,0,1,0,0,0,3,-1,1,2026,regular-season,1643425,Azzi Fudd,7.2,p
22026,1611661324,MIN,Minnesota Lynx,1022600010,2026-05-09,MIN vs. ATL,L,32,7,18,0.389,0,4,0,0,0,NA,0,6,6,6,3,0,2,1,14,-8,1,2026,regular-season,1627675,Courtney Williams,37.2,p
22026,1611661324,MIN,Minnesota Lynx,1022600010,2026-05-09,MIN vs. ATL,L,14,1,2,0.5,0,1,0,0,0,NA,0,0,0,1,1,0,1,2,2,6,1,2026,regular-season,1643489,Antonia Delaere,5.5,p
22026,1611661327,PDX,Portland Fire,1022600006,2026-05-09,PDX vs. CHI,L,14,4,6,0.667,2,4,0.5,0,2,0,0,1,1,1,0,0,1,1,10,-15,1,2026,regular-season,1629484,Megan DiLeo,11.7,p
22026,1611661327,PDX,Portland Fire,1022600006,2026-05-09,PDX vs. CHI,L,23,2,6,0.333,0,2,0,0,0,NA,0,2,2,2,1,3,3,5,4,-3,1,2026,regular-season,1631083,Emily Engstler,18.4,p
22026,1611661327,PDX,Portland Fire,1022600006,2026-05-09,PDX vs. CHI,L,17,2,3,0.667,1,1,1,0,0,NA,1,0,1,2,3,0,0,0,5,-1,1,2026,regular-season,1642296,Nyadiew Puoch,18.2,p
22026,1611661327,PDX,Portland Fire,1022600006,2026-05-09,PDX vs. CHI,L,29,3,11,0.273,1,5,0.2,11,12,0.917,1,2,3,3,0,0,1,3,18,-2,1,2026,regular-season,1642304,Carla Leite,25.1,p
22026,1611661329,CHI,Chicago Sky,1022600006,2026-05-09,CHI @ PDX,W,15,4,5,0.8,0,0,NA,2,3,0.667,1,0,1,2,0,1,0,0,10,12,1,2026,regular-season,204322,Elizabeth Williams,17.2,p
22026,1611661329,CHI,Chicago Sky,1022600006,2026-05-09,CHI @ PDX,W,34,4,7,0.571,1,3,0.333,4,4,1,0,4,4,4,1,3,0,3,13,17,1,2026,regular-season,1642292,Jacy Sheldon,35.8,p
22026,1611661321,DAL,Dallas Wings,1022600004,2026-05-09,DAL @ IND,W,4,1,1,1,1,1,1,0,0,NA,0,1,1,0,0,0,1,2,3,3,1,2026,regular-season,202252,Alysha Clark,3.2,p
22026,1611661321,DAL,Dallas Wings,1022600004,2026-05-09,DAL @ IND,W,16,3,5,0.6,3,3,1,1,1,1,0,2,2,2,0,1,2,2,10,6,1,2026,regular-season,1642793,Aziaha James,16.4,p
22026,1611661324,MIN,Minnesota Lynx,1022600010,2026-05-09,MIN vs. ATL,L,33,7,13,0.538,2,6,0.333,4,5,0.8,0,2,2,2,1,0,1,0,20,-6,1,2026,regular-season,203825,Kayla McBride,27.4,p
22026,1611661325,IND,Indiana Fever,1022600004,2026-05-09,IND vs. DAL,L,13,3,4,0.75,1,2,0.5,0,0,NA,0,1,1,1,0,1,2,5,7,-3,1,2026,regular-season,203024,Damiris Dantas,10.7,p
22026,1611661325,IND,Indiana Fever,1022600004,2026-05-09,IND vs. DAL,L,21,3,7,0.429,0,1,0,0,0,NA,1,5,6,2,0,0,2,2,6,2,1,2026,regular-season,1628899,Myisha Hines-Allen,14.2,p
22026,1611661325,IND,Indiana Fever,1022600004,2026-05-09,IND vs. DAL,L,33,11,22,0.5,2,9,0.222,6,7,0.857,3,0,3,4,0,0,2,4,30,-5,1,2026,regular-season,1628909,Kelsey Mitchell,37.6,p
22026,1611661327,PDX,Portland Fire,1022600006,2026-05-09,PDX vs. CHI,L,25,2,10,0.2,1,6,0.167,3,3,1,1,6,7,3,0,2,0,3,8,-2,1,2026,regular-season,1630143,Luisa Geiselsoder,26.9,p
22026,1611661327,PDX,Portland Fire,1022600006,2026-05-09,PDX vs. CHI,L,24,6,9,0.667,1,2,0.5,0,0,NA,0,4,4,0,1,1,1,4,13,-15,1,2026,regular-season,1642782,Sarah Ashlee Barker,22.8,p
22026,1611661329,CHI,Chicago Sky,1022600006,2026-05-09,CHI @ PDX,W,4,0,3,0,0,2,0,0,0,NA,0,0,0,0,0,0,0,0,0,6,1,2026,regular-season,1642321,Sydney Taylor,0,p
22026,1611661330,ATL,Atlanta Dream,1022600010,2026-05-09,ATL @ MIN,W,27,4,7,0.571,1,3,0.333,3,4,0.75,1,1,2,6,0,0,4,0,12,2,1,2026,regular-season,1628886,Jordin Canada,19.4,p
22026,1611661330,ATL,Atlanta Dream,1022600010,2026-05-09,ATL @ MIN,W,10,3,6,0.5,0,1,0,2,2,1,2,2,4,0,1,0,1,2,8,2,1,2026,regular-season,1643431,Madina Okot,14.8,p
22026,1611661321,DAL,Dallas Wings,1022600004,2026-05-09,DAL @ IND,W,2,0,0,NA,0,0,NA,0,0,NA,0,1,1,1,1,0,0,0,0,1,1,2026,regular-season,1630386,Awak Kuier,5.7,p
22026,1611661324,MIN,Minnesota Lynx,1022600010,2026-05-09,MIN vs. ATL,L,19,5,5,1,0,0,NA,2,4,0.5,1,2,3,0,0,1,2,6,12,1,1,2026,regular-season,1643488,Emma Cechova,16.6,p
22026,1611661327,PDX,Portland Fire,1022600006,2026-05-09,PDX vs. CHI,L,30,4,10,0.4,3,7,0.429,2,3,0.667,0,1,1,4,1,1,0,1,13,-6,1,2026,regular-season,1629524,Bridget Carleton,26.2,p
22026,1611661327,PDX,Portland Fire,1022600006,2026-05-09,PDX vs. CHI,L,8,0,3,0,0,0,NA,0,0,NA,0,2,2,1,0,0,0,0,0,-2,1,2026,regular-season,1643436,Serah Williams,3.9,p
22026,1611661329,CHI,Chicago Sky,1022600006,2026-05-09,CHI @ PDX,W,15,1,3,0.333,1,3,0.333,0,0,NA,0,0,0,2,0,0,2,1,3,3,1,2026,regular-season,1627671,Rachel Banham,4,p
22026,1611661329,CHI,Chicago Sky,1022600006,2026-05-09,CHI @ PDX,W,36,5,14,0.357,1,4,0.25,8,10,0.8,1,6,7,3,0,1,3,4,19,10,1,2026,regular-season,1642288,Rickea Jackson,31.9,p
22026,1611661329,CHI,Chicago Sky,1022600006,2026-05-09,CHI @ PDX,W,25,8,15,0.533,0,0,NA,6,8,0.75,8,6,14,1,0,1,2,3,22,3,1,2026,regular-season,1642289,Kamilla Cardoso,41.3,p
22026,1611661330,ATL,Atlanta Dream,1022600010,2026-05-09,ATL @ MIN,W,33,6,10,0.6,2,5,0.4,1,2,0.5,3,4,7,2,1,0,0,0,15,11,1,2026,regular-season,1631044,Naz Hillmon,29.4,p
22026,1611661321,DAL,Dallas Wings,1022600004,2026-05-09,DAL @ IND,W,29,8,15,0.533,3,7,0.429,3,3,1,0,1,1,5,0,0,3,5,22,6,1,2026,regular-season,1629481,Arike Ogunbowale,27.7,p
22026,1611661324,MIN,Minnesota Lynx,1022600010,2026-05-09,MIN vs. ATL,L,20,3,6,0.5,0,1,0,0,4,0,4,1,5,2,1,0,5,6,6,3,1,2026,regular-season,203827,Natasha Howard,13,p
22026,1611661324,MIN,Minnesota Lynx,1022600010,2026-05-09,MIN vs. ATL,L,4,1,2,0.5,0,0,NA,0,0,NA,0,0,0,0,0,0,0,1,2,-4,1,2026,regular-season,1629581,Emese Hof,2,p
22026,1611661324,MIN,Minnesota Lynx,1022600010,2026-05-09,MIN vs. ATL,L,8,2,2,1,1,1,1,1,1,1,1,1,2,0,0,0,1,2,6,5,1,2026,regular-season,1630471,Maya Caldwell,7.4,p
22026,1611661324,MIN,Minnesota Lynx,1022600010,2026-05-09,MIN vs. ATL,L,6,2,4,0.5,0,0,NA,0,0,NA,1,0,1,0,1,1,0,1,4,6,1,2026,regular-season,1642797,Anastasiia Olairi Kosu,11.2,p
22026,1611661325,IND,Indiana Fever,1022600004,2026-05-09,IND vs. DAL,L,26,1,2,0.5,1,1,1,0,0,NA,1,3,4,3,0,0,0,3,3,-5,1,2026,regular-season,1629482,Sophie Cunningham,12.3,p
22026,1611661325,IND,Indiana Fever,1022600004,2026-05-09,IND vs. DAL,L,12,1,1,1,0,0,NA,2,2,1,0,2,2,2,1,0,1,1,4,-5,1,2026,regular-season,1643433,Raven Johnson,11.4,p
22026,1611661327,PDX,Portland Fire,1022600006,2026-05-09,PDX vs. CHI,L,7,2,3,0.667,0,0,NA,0,0,NA,0,0,0,0,0,0,0,2,4,-10,1,2026,regular-season,1641650,Haley Jones,4,p
22026,1611661327,PDX,Portland Fire,1022600006,2026-05-09,PDX vs. CHI,L,13,2,4,0.5,0,2,0,0,0,NA,0,3,3,0,0,0,0,3,4,-6,1,2026,regular-season,1643494,Frieda Buhner,7.6,p
22026,1611661329,CHI,Chicago Sky,1022600006,2026-05-09,CHI @ PDX,W,33,8,12,0.667,2,3,0.667,3,5,0.6,2,9,11,7,1,2,2,2,21,10,1,2026,regular-season,203400,Skylar Diggins,51.7,p
22026,1611661329,CHI,Chicago Sky,1022600006,2026-05-09,CHI @ PDX,W,6,0,3,0,0,1,0,0,0,NA,0,2,2,1,0,0,0,1,0,0,1,2026,regular-season,1642786,Aicha Coulibaly,3.9,p
22026,1611661330,ATL,Atlanta Dream,1022600010,2026-05-09,ATL @ MIN,W,33,7,18,0.389,1,8,0.125,9,11,0.818,2,6,8,3,2,1,4,2,24,13,1,2026,regular-season,1628277,Allisha Gray,43.1,p
22026,1611661330,ATL,Atlanta Dream,1022600010,2026-05-09,ATL @ MIN,W,3,0,0,NA,0,0,NA,0,0,NA,0,0,0,0,0,0,0,0,0,-12,1,2026,regular-season,1642302,Isobel Borlase,0,p
22026,1611661330,ATL,Atlanta Dream,1022600010,2026-05-09,ATL @ MIN,W,21,3,10,0.3,0,4,0,0,0,NA,1,4,5,4,0,1,3,5,6,-7,1,2026,regular-season,1642804,Te-Hina Paopao,18,p
22026,1611661321,DAL,Dallas Wings,1022600004,2026-05-09,DAL @ IND,W,32,5,8,0.625,0,0,NA,3,5,0.6,1,8,9,9,2,0,2,5,13,5,1,2026,regular-season,1629491,Jessica Shepard,41.3,p
22026,1611661313,NYL,New York Liberty,1022600008,2026-05-10,NYL @ WAS,W,37,8,15,0.533,6,13,0.462,3,5,0.6,1,0,1,2,2,0,3,3,25,10,1,2026,regular-season,1629546,Marine Johannes,32.2,p
22026,1611661317,PHX,Phoenix Mercury,1022600011,2026-05-10,PHX @ GSV,L,38,5,9,0.556,0,0,NA,9,12,0.75,1,8,9,11,0,0,6,5,19,-9,1,2026,regular-season,203826,Alyssa Thomas,40.3,p
22026,1611661317,PHX,Phoenix Mercury,1022600011,2026-05-10,PHX @ GSV,L,27,5,6,0.833,4,5,0.8,2,2,1,1,0,1,1,0,0,4,5,16,3,1,2026,regular-season,1643505,Jovana Nogic,14.7,p
22026,1611661319,LVA,Las Vegas Aces,1022600009,2026-05-10,LVA @ LAS,W,3,1,1,1,0,0,NA,0,0,NA,0,0,0,1,1,1,0,0,2,4,1,2026,regular-season,204323,Cheyenne Parker-Tyus,9.5,p
22026,1611661319,LVA,Las Vegas Aces,1022600009,2026-05-10,LVA @ LAS,W,16,2,3,0.667,0,0,NA,0,0,NA,2,4,6,1,2,2,0,1,4,16,1,2026,regular-season,1629488,Brianna Turner,24.7,p
22026,1611661320,LAS,Los Angeles Sparks,1022600009,2026-05-10,LAS vs. LVA,L,27,4,11,0.364,0,1,0,4,8,0.5,2,3,5,1,0,0,3,2,12,-16,1,2026,regular-season,204324,Dearica Hamby,16.5,p
22026,1611661320,LAS,Los Angeles Sparks,1022600009,2026-05-10,LAS vs. LVA,L,2,1,1,1,1,1,1,0,0,NA,0,0,0,0,0,0,2,1,3,1,1,2026,regular-season,1628242,Emma Cannon,1,p
22026,1611661320,LAS,Los Angeles Sparks,1022600009,2026-05-10,LAS vs. LVA,L,32,3,12,0.25,0,6,0,2,2,1,2,2,4,3,3,0,3,2,8,-6,1,2026,regular-season,1628878,Ariel Atkins,23.3,p
22026,1611661320,LAS,Los Angeles Sparks,1022600009,2026-05-10,LAS vs. LVA,L,8,0,0,NA,0,0,NA,0,0,NA,3,0,3,0,0,0,3,3,0,-19,1,2026,regular-season,1642287,Cameron Brink,0.6,p
22026,1611661320,LAS,Los Angeles Sparks,1022600009,2026-05-10,LAS vs. LVA,L,3,0,0,NA,0,0,NA,0,0,NA,0,0,0,0,0,0,0,1,0,-4,1,2026,regular-season,1642790,Sania Feagin,0,p
22026,1611661322,WAS,Washington Mystics,1022600008,2026-05-10,WAS vs. NYL,L,5,2,2,1,1,1,1,0,0,NA,0,0,0,1,0,0,0,1,5,4,1,2026,regular-season,1642802,Lucy Olsen,6.5,p
22026,1611661322,WAS,Washington Mystics,1022600008,2026-05-10,WAS vs. NYL,L,22,1,3,0.333,1,3,0.333,0,0,NA,0,3,3,4,1,0,5,1,3,-1,1,2026,regular-season,1643450,Rori Harmon,10.6,p
22026,1611661323,CON,Connecticut Sun,1022600007,2026-05-10,CON vs. SEA,L,27,3,10,0.3,2,4,0.5,5,6,0.833,1,4,5,1,1,0,2,6,13,-10,1,2026,regular-season,1641649,Diamond Miller,21.5,p
22026,1611661323,CON,Connecticut Sun,1022600007,2026-05-10,CON vs. SEA,L,31,7,15,0.467,3,6,0.5,0,2,0,3,13,16,1,1,0,2,1,17,-1,1,2026,regular-season,1642800,Aneesah Morrow,38.7,p
22026,1611661323,CON,Connecticut Sun,1022600007,2026-05-10,CON vs. SEA,L,20,4,8,0.5,1,2,0.5,0,0,NA,0,3,3,4,1,0,1,4,9,4,1,2026,regular-season,1642817,Hailey Van Lith,20.6,p
22026,1611661328,SEA,Seattle Storm,1022600007,2026-05-10,SEA @ CON,W,26,5,10,0.5,0,1,0,1,2,0.5,0,2,2,3,1,0,4,2,11,-2,1,2026,regular-season,1629567,Natisha Hiedeman,16.9,p
22026,1611661328,SEA,Seattle Storm,1022600007,2026-05-10,SEA @ CON,W,23,4,7,0.571,1,2,0.5,6,11,0.545,0,1,1,6,1,1,1,3,15,4,1,2026,regular-season,1631141,Jade Melbourne,30.2,p
22026,1611661313,NYL,New York Liberty,1022600008,2026-05-10,NYL @ WAS,W,25,4,5,0.8,0,1,0,1,1,1,1,2,3,2,0,0,1,1,9,-5,1,2026,regular-season,203822,Rebekah Gardner,14.6,p
22026,1611661317,PHX,Phoenix Mercury,1022600011,2026-05-10,PHX @ GSV,L,5,1,2,0.5,0,1,0,0,0,NA,0,0,0,0,1,1,0,1,2,-6,1,2026,regular-season,1642768,Kyara Linskens,8,p
22026,1611661317,PHX,Phoenix Mercury,1022600011,2026-05-10,PHX @ GSV,L,6,0,1,0,0,1,0,0,0,NA,0,1,1,0,0,0,0,0,0,-13,1,2026,regular-season,1643487,Quionche Carter,1.2,p
22026,1611661319,LVA,Las Vegas Aces,1022600009,2026-05-10,LVA @ LAS,W,26,1,5,0.2,0,3,0,0,0,NA,0,4,4,3,1,1,1,2,2,5,1,2026,regular-season,204319,Jewell Loyd,16.3,p
22026,1611661319,LVA,Las Vegas Aces,1022600009,2026-05-10,LVA @ LAS,W,16,5,5,1,0,0,NA,2,4,0.5,2,4,6,2,0,2,0,4,12,14,1,2026,regular-season,1631019,NaLyssa Smith,28.2,p
22026,1611661320,LAS,Los Angeles Sparks,1022600009,2026-05-10,LAS vs. LVA,L,35,10,18,0.556,4,8,0.5,3,4,0.75,1,3,4,2,0,0,3,3,27,-25,1,2026,regular-season,1628276,Kelsey Plum,31.8,p
22026,1611661320,LAS,Los Angeles Sparks,1022600009,2026-05-10,LAS vs. LVA,L,2,0,1,0,0,0,NA,0,0,NA,0,0,0,0,0,0,0,0,0,1,1,2026,regular-season,1630148,Jihyun Park,0,p
22026,1611661322,WAS,Washington Mystics,1022600008,2026-05-10,WAS vs. NYL,L,33,6,13,0.462,0,1,0,4,8,0.5,2,8,10,4,0,0,1,2,16,2,1,2026,regular-season,1631022,Shakira Austin,33,p
22026,1611661323,CON,Connecticut Sun,1022600007,2026-05-10,CON vs. SEA,L,12,2,2,1,0,0,NA,1,2,0.5,0,1,1,1,1,1,1,2,5,2,1,2026,regular-season,1631135,Olivia Nelson-Ododa,12.7,p
22026,1611661328,SEA,Seattle Storm,1022600007,2026-05-10,SEA @ CON,W,21,1,3,0.333,0,2,0,4,4,1,1,3,4,0,0,0,1,5,6,11,1,2026,regular-season,203828,Stefanie Dolson,9.8,p
22026,1611661328,SEA,Seattle Storm,1022600007,2026-05-10,SEA @ CON,W,21,6,7,0.857,5,6,0.833,0,0,NA,0,0,0,1,0,1,0,0,17,5,1,2026,regular-season,1628882,Lexie Brown,21.5,p
22026,1611661331,GSV,Golden State Valkyries,1022600011,2026-05-10,GSV vs. PHX,W,32,3,9,0.333,1,5,0.2,6,6,1,1,2,3,12,3,0,0,3,13,12,1,2026,regular-season,1631007,Veronica Burton,43.6,p
22026,1611661331,GSV,Golden State Valkyries,1022600011,2026-05-10,GSV vs. PHX,W,9,1,4,0.25,0,0,NA,0,0,NA,1,2,3,2,0,0,1,1,2,8,1,2026,regular-season,1642822,Kaitlyn Chen,7.6,p
22026,1611661313,NYL,New York Liberty,1022600008,2026-05-10,NYL @ WAS,W,35,6,10,0.6,0,2,0,6,7,0.857,1,4,5,7,2,0,2,5,18,-1,1,2026,regular-season,1631136,Pauline Astier,38.5,p
22026,1611661313,NYL,New York Liberty,1022600008,2026-05-10,NYL @ WAS,W,13,1,3,0.333,1,3,0.333,0,0,NA,0,1,1,2,0,0,2,3,3,0,1,2026,regular-season,1642210,Julie Vanloo,5.2,p
22026,1611661313,NYL,New York Liberty,1022600008,2026-05-10,NYL @ WAS,W,0,0,0,NA,0,0,NA,0,0,NA,0,0,0,0,0,0,0,0,0,0,1,2026,regular-season,1642826,Aubrey Griffin,0,p
22026,1611661317,PHX,Phoenix Mercury,1022600011,2026-05-10,PHX @ GSV,L,36,4,15,0.267,1,4,0.25,2,2,1,0,1,1,4,1,0,3,2,11,-16,1,2026,regular-season,1627674,Kahleah Copper,18.2,p
22026,1611661317,PHX,Phoenix Mercury,1022600011,2026-05-10,PHX @ GSV,L,12,2,2,1,2,2,1,0,0,NA,0,1,1,0,0,0,1,2,6,-14,1,2026,regular-season,1630461,Kiana Williams,6.2,p
22026,1611661320,LAS,Los Angeles Sparks,1022600009,2026-05-10,LAS vs. LVA,L,18,1,11,0.091,0,6,0,0,0,NA,1,0,1,1,3,0,0,1,2,-21,1,2026,regular-season,204365,Erica Wheeler,13.7,p
22026,1611661320,LAS,Los Angeles Sparks,1022600009,2026-05-10,LAS vs. LVA,L,8,0,2,0,0,1,0,0,0,NA,0,1,1,1,0,0,0,0,0,-5,1,2026,regular-season,1643462,Chance Gray,2.7,p
22026,1611661322,WAS,Washington Mystics,1022600008,2026-05-10,WAS vs. NYL,L,21,3,8,0.375,1,4,0.25,0,0,NA,0,1,1,7,1,0,1,3,7,-4,1,2026,regular-season,1642781,Georgia Amoore,20.7,p
22026,1611661328,SEA,Seattle Storm,1022600007,2026-05-10,SEA @ CON,W,15,1,4,0.25,0,1,0,2,2,1,1,2,3,1,1,1,3,0,4,-4,1,2026,regular-season,1641651,Jordan Horston,12.1,p
22026,1611661328,SEA,Seattle Storm,1022600007,2026-05-10,SEA @ CON,W,12,1,6,0.167,1,3,0.333,1,2,0.5,1,0,1,0,1,0,1,1,4,-3,1,2026,regular-season,1641660,Zia Cooke,7.2,p
22026,1611661331,GSV,Golden State Valkyries,1022600011,2026-05-10,GSV vs. PHX,W,33,2,8,0.25,1,5,0.2,2,2,1,0,4,4,1,1,0,1,4,7,-3,1,2026,regular-season,1630097,Kaila Charles,15.3,p
22026,1611661331,GSV,Golden State Valkyries,1022600011,2026-05-10,GSV vs. PHX,W,26,7,10,0.7,4,5,0.8,3,3,1,1,2,3,2,1,0,0,1,21,27,1,2026,regular-season,1642767,Janelle Salaun,30.6,p
22026,1611661317,PHX,Phoenix Mercury,1022600011,2026-05-10,PHX @ GSV,L,16,3,5,0.6,3,5,0.6,0,0,NA,0,1,1,0,0,0,1,2,9,-10,1,2026,regular-season,1643493,Noemie Brochant,9.2,p
22026,1611661319,LVA,Las Vegas Aces,1022600009,2026-05-10,LVA @ LAS,W,20,9,13,0.692,1,3,0.333,3,5,0.6,1,0,1,0,2,0,2,3,22,28,1,2026,regular-season,1630150,Chennedy Carter,27.2,p
22026,1611661320,LAS,Los Angeles Sparks,1022600009,2026-05-10,LAS vs. LVA,L,33,7,15,0.467,3,5,0.6,2,2,1,5,5,10,2,1,0,2,1,19,-15,1,2026,regular-season,203014,Nneka Ogwumike,35,p
22026,1611661320,LAS,Los Angeles Sparks,1022600009,2026-05-10,LAS vs. LVA,L,28,2,6,0.333,1,3,0.333,0,0,NA,1,2,3,1,1,0,2,3,5,-24,1,2026,regular-season,1630996,Rae Burrell,11.1,p
22026,1611661322,WAS,Washington Mystics,1022600008,2026-05-10,WAS vs. NYL,L,28,7,13,0.538,0,1,0,6,7,0.857,6,6,12,3,1,0,2,5,20,-8,1,2026,regular-season,1642792,Kiki Iriafen,39.9,p
22026,1611661322,WAS,Washington Mystics,1022600008,2026-05-10,WAS vs. NYL,L,18,3,7,0.429,0,0,NA,1,2,0.5,1,1,2,1,0,1,0,1,7,-7,1,2026,regular-season,1643427,Lauren Betts,13.9,p
22026,1611661331,GSV,Golden State Valkyries,1022600011,2026-05-10,GSV vs. PHX,W,32,7,13,0.538,4,9,0.444,1,1,1,1,4,5,3,4,1,4,2,19,12,1,2026,regular-season,1628931,Gabby Williams,40.5,p
22026,1611661313,NYL,New York Liberty,1022600008,2026-05-10,NYL @ WAS,W,25,0,0,NA,0,0,NA,3,4,0.75,1,1,2,0,0,1,0,2,3,12,1,2026,regular-season,204335,Betnijah Laney-Hamilton,8.4,p
22026,1611661317,PHX,Phoenix Mercury,1022600011,2026-05-10,PHX @ GSV,L,32,2,9,0.222,0,3,0,1,1,1,1,7,8,3,0,1,1,1,5,-2,1,2026,regular-season,201886,DeWanna Bonner,21.1,p
22026,1611661317,PHX,Phoenix Mercury,1022600011,2026-05-10,PHX @ GSV,L,29,4,5,0.8,1,1,1,2,2,1,1,1,2,1,0,1,1,3,11,-11,1,2026,regular-season,1630442,Natasha Mack,16.9,p
22026,1611661317,PHX,Phoenix Mercury,1022600011,2026-05-10,PHX @ GSV,L,0,0,0,NA,0,0,NA,0,0,NA,0,0,0,0,0,0,0,0,0,-2,1,2026,regular-season,1630993,Anneli Maley,0,p
22026,1611661319,LVA,Las Vegas Aces,1022600009,2026-05-10,LVA @ LAS,W,32,6,10,0.6,4,5,0.8,0,0,NA,0,3,3,5,0,0,6,3,16,11,1,2026,regular-season,203833,Chelsea Gray,21.1,p
22026,1611661319,LVA,Las Vegas Aces,1022600009,2026-05-10,LVA @ LAS,W,31,8,12,0.667,2,5,0.4,2,2,1,1,4,5,9,1,1,1,2,20,25,1,2026,regular-season,1629498,Jackie Young,44.5,p
22026,1611661319,LVA,Las Vegas Aces,1022600009,2026-05-10,LVA @ LAS,W,8,0,1,0,0,1,0,0,0,NA,0,0,0,1,0,1,0,0,0,8,1,2026,regular-season,1631006,Kierstan Bell,4.5,p
22026,1611661320,LAS,Los Angeles Sparks,1022600009,2026-05-10,LAS vs. LVA,L,5,1,1,1,0,0,NA,0,0,NA,0,1,1,0,0,0,1,0,2,-2,1,2026,regular-season,1643444,Ta'Niya Latson,2.2,p
22026,1611661322,WAS,Washington Mystics,1022600008,2026-05-10,WAS vs. NYL,L,24,2,9,0.222,1,6,0.167,0,0,NA,4,0,4,2,0,0,2,3,5,-1,1,2026,regular-season,1642775,Alex Wilson,10.8,p
22026,1611661322,WAS,Washington Mystics,1022600008,2026-05-10,WAS vs. NYL,L,36,4,12,0.333,0,6,0,9,10,0.9,3,2,5,2,2,0,2,2,17,-6,1,2026,regular-season,1642785,Sonia Citron,30,p
22026,1611661322,WAS,Washington Mystics,1022600008,2026-05-10,WAS vs. NYL,L,10,2,4,0.5,1,3,0.333,0,2,0,0,2,2,0,1,0,0,3,5,3,1,2026,regular-season,1643455,Angela Dugalic,10.4,p
22026,1611661323,CON,Connecticut Sun,1022600007,2026-05-10,CON vs. SEA,L,28,6,11,0.545,0,1,0,4,4,1,3,3,6,0,2,0,2,5,16,-9,1,2026,regular-season,203398,Brittney Griner,27.2,p
22026,1611661323,CON,Connecticut Sun,1022600007,2026-05-10,CON vs. SEA,L,34,3,11,0.273,2,6,0.333,4,6,0.667,1,5,6,5,0,2,5,3,12,5,1,2026,regular-season,1629568,Kennedy Burke,27.7,p
22026,1611661323,CON,Connecticut Sun,1022600007,2026-05-10,CON vs. SEA,L,8,1,2,0.5,0,0,NA,0,0,NA,1,0,1,1,0,0,0,1,2,7,1,2026,regular-season,1643429,Gianna Kneepkens,4.7,p
22026,1611661328,SEA,Seattle Storm,1022600007,2026-05-10,SEA @ CON,W,23,2,6,0.333,1,3,0.333,0,0,NA,2,4,6,2,0,1,1,5,5,-4,1,2026,regular-season,1642307,Mackenzie Holmes,17.2,p
22026,1611661328,SEA,Seattle Storm,1022600007,2026-05-10,SEA @ CON,W,20,2,6,0.333,0,0,NA,2,2,1,0,7,7,0,2,3,2,4,6,15,1,2026,regular-season,1642798,Dominique Malonga,27.4,p
22026,1611661328,SEA,Seattle Storm,1022600007,2026-05-10,SEA @ CON,W,30,3,10,0.3,1,3,0.333,9,10,0.9,1,5,6,1,3,1,1,2,16,11,1,2026,regular-season,1643428,Flau'jae Johnson,35.7,p
22026,1611661331,GSV,Golden State Valkyries,1022600011,2026-05-10,GSV vs. PHX,W,31,8,14,0.571,3,8,0.375,0,0,NA,1,2,3,0,0,0,1,3,19,6,1,2026,regular-season,203866,Kayla Thornton,21.6,p
22026,1611661331,GSV,Golden State Valkyries,1022600011,2026-05-10,GSV vs. PHX,W,13,0,2,0,0,1,0,1,2,0.5,0,3,3,0,1,0,0,3,1,-15,1,2026,regular-season,204329,Kiah Stokes,7.6,p
22026,1611661331,GSV,Golden State Valkyries,1022600011,2026-05-10,GSV vs. PHX,W,24,5,7,0.714,0,0,NA,3,4,0.75,1,5,6,5,0,3,2,4,13,33,1,2026,regular-season,1641656,Laeticia Amihere,34.7,p
22026,1611661313,NYL,New York Liberty,1022600008,2026-05-10,NYL @ WAS,W,39,9,23,0.391,1,4,0.25,4,4,1,1,8,9,4,2,2,4,5,23,9,1,2026,regular-season,1627668,Breanna Stewart,47.8,p
22026,1611661313,NYL,New York Liberty,1022600008,2026-05-10,NYL @ WAS,W,24,3,8,0.375,1,2,0.5,6,7,0.857,2,6,8,2,0,1,3,6,13,11,1,2026,regular-season,1627673,Jonquel Jones,25.6,p
22026,1611661313,NYL,New York Liberty,1022600008,2026-05-10,NYL @ WAS,W,26,2,5,0.4,0,2,0,0,0,NA,1,4,5,0,1,1,0,6,4,-11,1,2026,regular-season,1629566,Han Xu,16,p
22026,1611661319,LVA,Las Vegas Aces,1022600009,2026-05-10,LVA @ LAS,W,18,4,5,0.8,0,1,0,0,0,NA,0,2,2,3,3,0,1,0,8,5,1,2026,regular-season,203855,Stephanie Talbot,22.9,p
22026,1611661319,LVA,Las Vegas Aces,1022600009,2026-05-10,LVA @ LAS,W,30,7,14,0.5,0,2,0,5,6,0.833,0,4,4,3,1,2,3,1,19,19,1,2026,regular-season,1628932,A'ja Wilson,34.3,p
22026,1611661322,WAS,Washington Mystics,1022600008,2026-05-10,WAS vs. NYL,L,27,4,9,0.444,0,1,0,0,0,NA,3,0,3,0,1,0,0,6,8,-7,1,2026,regular-season,1643467,Cassandre Prosper,14.6,p
22026,1611661323,CON,Connecticut Sun,1022600007,2026-05-10,CON vs. SEA,L,20,1,8,0.125,0,2,0,0,0,NA,0,1,1,3,0,0,2,2,2,-22,1,2026,regular-season,1642809,Saniya Rivers,5.7,p
22026,1611661323,CON,Connecticut Sun,1022600007,2026-05-10,CON vs. SEA,L,20,2,6,0.333,0,2,0,2,2,1,1,1,2,2,1,0,1,4,6,-11,1,2026,regular-season,1643449,Charlisse Leger-Walker,13.4,p
22026,1611661328,SEA,Seattle Storm,1022600007,2026-05-10,SEA @ CON,W,10,2,2,1,1,1,1,0,0,NA,1,1,2,0,1,0,0,0,5,2,1,2026,regular-season,1643453,Grace VanSlooten,10.4,p
22026,1611661313,NYL,New York Liberty,1022600014,2026-05-12,NYL @ PDX,L,6,0,1,0,0,0,NA,0,0,NA,0,0,0,0,0,0,0,0,0,1,1,2026,regular-season,1629566,Han Xu,0,p
22026,1611661317,PHX,Phoenix Mercury,1022600013,2026-05-12,PHX vs. MIN,L,30,6,16,0.375,2,8,0.25,2,2,1,1,6,7,2,0,1,1,3,16,-8,1,2026,regular-season,201886,DeWanna Bonner,29.4,p
22026,1611661317,PHX,Phoenix Mercury,1022600013,2026-05-12,PHX vs. MIN,L,14,1,6,0.167,1,5,0.2,0,0,NA,0,0,0,1,1,0,0,3,3,-4,1,2026,regular-season,1630461,Kiana Williams,7.5,p
22026,1611661317,PHX,Phoenix Mercury,1022600013,2026-05-12,PHX vs. MIN,L,12,2,3,0.667,2,3,0.667,2,2,1,2,2,4,1,0,0,0,3,8,1,1,2026,regular-season,1642768,Kyara Linskens,14.3,p
22026,1611661321,DAL,Dallas Wings,1022600012,2026-05-12,DAL vs. ATL,L,15,2,4,0.5,1,2,0.5,1,2,0.5,1,3,4,1,0,1,0,0,6,9,1,2026,regular-season,1630386,Awak Kuier,15.3,p
22026,1611661324,MIN,Minnesota Lynx,1022600013,2026-05-12,MIN @ PHX,W,33,4,10,0.4,2,6,0.333,4,4,1,0,2,2,3,1,0,3,1,14,4,1,2026,regular-season,203825,Kayla McBride,20.9,p
22026,1611661324,MIN,Minnesota Lynx,1022600013,2026-05-12,MIN @ PHX,W,5,0,1,0,0,1,0,2,2,1,0,1,1,0,0,0,2,1,2,-4,1,2026,regular-season,1643490,Eliska Hamzova,1.2,p
22026,1611661327,PDX,Portland Fire,1022600014,2026-05-12,PDX vs. NYL,W,15,2,4,0.5,0,2,0,2,2,1,1,0,1,0,0,0,1,2,6,-11,1,2026,regular-season,1629484,Megan DiLeo,6.2,p
22026,1611661327,PDX,Portland Fire,1022600014,2026-05-12,PDX vs. NYL,W,26,8,14,0.571,0,1,0,5,5,1,1,3,4,6,1,0,2,1,21,14,1,2026,regular-season,1642304,Carla Leite,35.8,p
22026,1611661330,ATL,Atlanta Dream,1022600012,2026-05-12,ATL @ DAL,W,31,8,15,0.533,3,7,0.429,0,0,NA,1,6,7,5,3,0,1,3,19,3,1,2026,regular-season,1628886,Jordin Canada,42.9,p
22026,1611661330,ATL,Atlanta Dream,1022600012,2026-05-12,ATL @ DAL,W,37,3,14,0.214,1,9,0.111,7,7,1,2,1,3,4,1,0,0,4,14,4,1,2026,regular-season,1631009,Rhyne Howard,26.6,p
22026,1611661330,ATL,Atlanta Dream,1022600012,2026-05-12,ATL @ DAL,W,1,0,0,NA,0,0,NA,0,0,NA,0,2,2,0,0,0,1,1,0,-3,1,2026,regular-season,1631021,Sika Kone,1.4,p
22026,1611661330,ATL,Atlanta Dream,1022600012,2026-05-12,ATL @ DAL,W,1,0,0,NA,0,0,NA,0,0,NA,0,1,1,0,0,1,0,0,0,0,1,2026,regular-season,1643469,Indya Nivar,4.2,p
22026,1611661313,NYL,New York Liberty,1022600014,2026-05-12,NYL @ PDX,L,0,0,0,NA,0,0,NA,0,0,NA,0,0,0,0,0,0,0,0,0,-3,1,2026,regular-season,1642826,Aubrey Griffin,0,p
22026,1611661321,DAL,Dallas Wings,1022600012,2026-05-12,DAL vs. ATL,L,31,6,11,0.545,0,0,NA,0,0,NA,3,5,8,3,0,0,2,2,12,-15,1,2026,regular-season,1629491,Jessica Shepard,24.1,p
22026,1611661321,DAL,Dallas Wings,1022600012,2026-05-12,DAL vs. ATL,L,27,1,8,0.125,0,6,0,0,0,NA,2,4,6,3,0,1,3,2,2,-9,1,2026,regular-season,1629501,Alanna Smith,13.7,p
22026,1611661321,DAL,Dallas Wings,1022600012,2026-05-12,DAL vs. ATL,L,8,1,3,0.333,0,1,0,0,0,NA,0,3,3,0,0,0,0,1,2,5,1,2026,regular-season,1641652,Maddy Siegrist,5.6,p
22026,1611661321,DAL,Dallas Wings,1022600012,2026-05-12,DAL vs. ATL,L,15,2,10,0.2,0,5,0,2,2,1,1,1,2,0,2,1,0,4,6,3,1,2026,regular-season,1642793,Aziaha James,17.4,p
22026,1611661324,MIN,Minnesota Lynx,1022600013,2026-05-12,MIN @ PHX,W,26,5,10,0.5,0,2,0,3,4,0.75,0,6,6,7,0,0,2,4,13,6,1,2026,regular-season,1643426,Olivia Miles,28.7,p
22026,1611661327,PDX,Portland Fire,1022600014,2026-05-12,PDX vs. NYL,W,25,4,10,0.4,3,6,0.5,2,2,1,1,4,5,2,1,1,1,3,13,13,1,2026,regular-season,1630143,Luisa Geiselsoder,27,p
22026,1611661327,PDX,Portland Fire,1022600014,2026-05-12,PDX vs. NYL,W,14,4,7,0.571,4,5,0.8,1,1,1,0,0,0,2,0,0,2,1,13,-12,1,2026,regular-season,1630154,Kamiah Smalls,14,p
22026,1611661330,ATL,Atlanta Dream,1022600012,2026-05-12,ATL @ DAL,W,36,0,5,0,0,3,0,1,2,0.5,0,3,3,1,0,0,1,4,1,12,1,2026,regular-season,1631044,Naz Hillmon,5.1,p
22026,1611661317,PHX,Phoenix Mercury,1022600013,2026-05-12,PHX vs. MIN,L,17,2,4,0.5,2,3,0.667,0,0,NA,1,3,4,3,1,0,2,3,6,1,1,2026,regular-season,204468,Valeriane Ayayi,16.3,p
22026,1611661321,DAL,Dallas Wings,1022600012,2026-05-12,DAL vs. ATL,L,32,5,12,0.417,2,4,0.5,3,3,1,0,2,2,3,0,1,0,2,15,-7,1,2026,regular-season,1642784,Paige Bueckers,24.9,p
22026,1611661324,MIN,Minnesota Lynx,1022600013,2026-05-12,MIN @ PHX,W,30,4,13,0.308,1,4,0.25,2,3,0.667,0,3,3,5,2,2,1,2,11,7,1,2026,regular-season,1627675,Courtney Williams,33.1,p
22026,1611661324,MIN,Minnesota Lynx,1022600013,2026-05-12,MIN @ PHX,W,9,1,2,0.5,0,0,NA,0,0,NA,1,1,2,2,0,0,0,3,2,0,1,2026,regular-season,1642797,Anastasiia Olairi Kosu,7.4,p
22026,1611661324,MIN,Minnesota Lynx,1022600013,2026-05-12,MIN @ PHX,W,22,4,8,0.5,0,1,0,3,4,0.75,3,3,6,0,1,1,2,4,11,-3,1,2026,regular-season,1643488,Emma Cechova,22.2,p
22026,1611661324,MIN,Minnesota Lynx,1022600013,2026-05-12,MIN @ PHX,W,19,3,4,0.75,1,1,1,1,1,1,0,0,0,1,0,0,0,2,8,-1,1,2026,regular-season,1643489,Antonia Delaere,9.5,p
22026,1611661327,PDX,Portland Fire,1022600014,2026-05-12,PDX vs. NYL,W,33,9,16,0.563,5,11,0.455,3,3,1,0,1,1,0,4,0,0,2,26,12,1,2026,regular-season,1629524,Bridget Carleton,39.2,p
22026,1611661327,PDX,Portland Fire,1022600014,2026-05-12,PDX vs. NYL,W,11,3,4,0.75,0,1,0,0,0,NA,0,5,5,1,0,0,1,2,6,8,1,2026,regular-season,1641650,Haley Jones,12.5,p
22026,1611661330,ATL,Atlanta Dream,1022600012,2026-05-12,ATL @ DAL,W,4,1,2,0.5,1,1,1,0,0,NA,0,0,0,0,0,0,0,0,3,3,1,2026,regular-season,1642302,Isobel Borlase,3,p
22026,1611661330,ATL,Atlanta Dream,1022600012,2026-05-12,ATL @ DAL,W,13,1,4,0.25,0,3,0,0,0,NA,0,3,3,1,0,0,2,1,2,-4,1,2026,regular-season,1642804,Te-Hina Paopao,5.1,p
22026,1611661330,ATL,Atlanta Dream,1022600012,2026-05-12,ATL @ DAL,W,9,0,1,0,0,0,NA,0,0,NA,0,5,5,0,0,0,1,0,0,0,1,2026,regular-season,1643431,Madina Okot,5,p
22026,1611661313,NYL,New York Liberty,1022600014,2026-05-12,NYL @ PDX,L,22,3,4,0.75,2,3,0.667,0,0,NA,1,1,2,4,0,0,0,1,8,11,1,2026,regular-season,203822,Rebekah Gardner,16.4,p
22026,1611661313,NYL,New York Liberty,1022600014,2026-05-12,NYL @ PDX,L,25,3,7,0.429,2,6,0.333,2,2,1,0,3,3,3,0,0,4,1,10,-11,1,2026,regular-season,204335,Betnijah Laney-Hamilton,14.1,p
22026,1611661313,NYL,New York Liberty,1022600014,2026-05-12,NYL @ PDX,L,38,4,12,0.333,0,2,0,8,8,1,1,9,10,4,2,3,2,5,16,-2,1,2026,regular-season,1627668,Breanna Stewart,47,p
22026,1611661313,NYL,New York Liberty,1022600014,2026-05-12,NYL @ PDX,L,34,6,11,0.545,3,6,0.5,2,2,1,1,6,7,3,1,0,4,3,17,-3,1,2026,regular-season,1627673,Jonquel Jones,28.9,p
22026,1611661313,NYL,New York Liberty,1022600014,2026-05-12,NYL @ PDX,L,33,6,11,0.545,3,7,0.429,3,3,1,2,2,4,4,2,0,2,1,18,-4,1,2026,regular-season,1629546,Marine Johannes,32.8,p
22026,1611661317,PHX,Phoenix Mercury,1022600013,2026-05-12,PHX vs. MIN,L,34,2,10,0.2,0,0,NA,6,13,0.462,0,4,4,8,2,0,4,2,10,-9,1,2026,regular-season,203826,Alyssa Thomas,28.8,p
22026,1611661317,PHX,Phoenix Mercury,1022600013,2026-05-12,PHX vs. MIN,L,28,4,5,0.8,0,1,0,1,1,1,3,7,10,0,1,3,0,2,9,-5,1,2026,regular-season,1630442,Natasha Mack,33,p
22026,1611661317,PHX,Phoenix Mercury,1022600013,2026-05-12,PHX vs. MIN,L,12,0,0,NA,0,0,NA,0,0,NA,0,0,0,1,1,0,0,1,0,0,1,2026,regular-season,1643493,Noemie Brochant,4.5,p
22026,1611661321,DAL,Dallas Wings,1022600012,2026-05-12,DAL vs. ATL,L,14,1,2,0.5,0,1,0,0,0,NA,0,4,4,0,0,0,0,2,2,5,1,2026,regular-season,202252,Alysha Clark,6.8,p
22026,1611661321,DAL,Dallas Wings,1022600012,2026-05-12,DAL vs. ATL,L,36,7,15,0.467,0,4,0,6,7,0.857,0,4,4,1,1,0,2,2,20,-1,1,2026,regular-season,1629481,Arike Ogunbowale,27.3,p
22026,1611661327,PDX,Portland Fire,1022600014,2026-05-12,PDX vs. NYL,W,22,0,5,0,0,2,0,0,0,NA,2,1,3,0,0,0,1,4,0,2,1,2026,regular-season,1642296,Nyadiew Puoch,2.6,p
22026,1611661327,PDX,Portland Fire,1022600014,2026-05-12,PDX vs. NYL,W,22,2,5,0.4,1,2,0.5,0,0,NA,1,1,2,3,0,0,2,1,5,-1,1,2026,regular-season,1642782,Sarah Ashlee Barker,9.9,p
22026,1611661327,PDX,Portland Fire,1022600014,2026-05-12,PDX vs. NYL,W,8,0,0,NA,0,0,NA,2,2,1,2,0,2,0,0,0,0,2,2,-14,1,2026,regular-season,1643494,Frieda Buhner,4.4,p
22026,1611661330,ATL,Atlanta Dream,1022600012,2026-05-12,ATL @ DAL,W,34,4,8,0.5,0,1,0,4,4,1,8,8,16,2,1,1,3,3,12,1,1,2026,regular-season,1642291,Angel Reese,37.2,p
22026,1611661313,NYL,New York Liberty,1022600014,2026-05-12,NYL @ PDX,L,12,1,2,0.5,1,1,1,0,0,NA,0,0,0,2,0,0,1,2,3,3,1,2026,regular-season,1642210,Julie Vanloo,5,p
22026,1611661317,PHX,Phoenix Mercury,1022600013,2026-05-12,PHX vs. MIN,L,35,9,21,0.429,2,7,0.286,10,13,0.769,1,0,1,2,2,0,3,2,30,-1,1,2026,regular-season,1627674,Kahleah Copper,37.2,p
22026,1611661317,PHX,Phoenix Mercury,1022600013,2026-05-12,PHX vs. MIN,L,17,0,6,0,0,2,0,2,2,1,1,0,1,2,3,0,1,3,2,5,1,2026,regular-season,1643505,Jovana Nogic,14.2,p
22026,1611661324,MIN,Minnesota Lynx,1022600013,2026-05-12,MIN @ PHX,W,29,6,9,0.667,0,0,NA,2,6,0.333,4,7,11,2,1,0,4,4,14,8,1,2026,regular-season,203827,Natasha Howard,29.2,p
22026,1611661324,MIN,Minnesota Lynx,1022600013,2026-05-12,MIN @ PHX,W,21,5,7,0.714,3,4,0.75,0,0,NA,1,9,10,0,0,1,1,6,13,3,1,2026,regular-season,1628269,Nia Coffey,27,p
22026,1611661324,MIN,Minnesota Lynx,1022600013,2026-05-12,MIN @ PHX,W,8,0,0,NA,0,0,NA,0,0,NA,0,2,2,0,0,0,0,1,0,0,1,2026,regular-season,1630471,Maya Caldwell,2.4,p
22026,1611661327,PDX,Portland Fire,1022600014,2026-05-12,PDX vs. NYL,W,24,2,3,0.667,2,3,0.667,0,0,NA,0,3,3,1,2,3,3,3,6,-1,1,2026,regular-season,1631083,Emily Engstler,23.1,p
22026,1611661330,ATL,Atlanta Dream,1022600012,2026-05-12,ATL @ DAL,W,34,9,20,0.45,4,9,0.444,4,4,1,0,4,4,0,0,1,0,2,26,9,1,2026,regular-season,1628277,Allisha Gray,33.8,p
22026,1611661313,NYL,New York Liberty,1022600014,2026-05-12,NYL @ PDX,L,30,10,14,0.714,2,3,0.667,2,3,0.667,3,2,5,3,2,0,5,3,24,-2,1,2026,regular-season,1631136,Pauline Astier,35.5,p
22026,1611661321,DAL,Dallas Wings,1022600012,2026-05-12,DAL vs. ATL,L,23,3,8,0.375,1,3,0.333,0,0,NA,0,1,1,4,0,0,1,2,7,-15,1,2026,regular-season,203824,Odyssey Sims,13.2,p
22026,1611661320,LAS,Los Angeles Sparks,1022600018,2026-05-13,LAS vs. IND,L,21,1,5,0.2,0,1,0,0,0,NA,0,1,1,4,2,0,0,5,2,3,1,2026,regular-season,204365,Erica Wheeler,15.2,p
22026,1611661320,LAS,Los Angeles Sparks,1022600018,2026-05-13,LAS vs. IND,L,19,4,6,0.667,0,2,0,3,4,0.75,1,4,5,1,1,3,3,3,11,2,1,2026,regular-season,1642287,Cameron Brink,27.5,p
22026,1611661320,LAS,Los Angeles Sparks,1022600018,2026-05-13,LAS vs. IND,L,16,1,2,0.5,0,0,NA,0,0,NA,0,1,1,0,0,0,0,3,2,-1,1,2026,regular-season,1643462,Chance Gray,3.2,p
22026,1611661325,IND,Indiana Fever,1022600018,2026-05-13,IND @ LAS,W,11,1,4,0.25,1,4,0.25,0,0,NA,0,1,1,0,0,0,1,4,3,0,1,2026,regular-season,203024,Damiris Dantas,3.2,p
22026,1611661325,IND,Indiana Fever,1022600018,2026-05-13,IND @ LAS,W,27,2,4,0.5,1,1,1,4,6,0.667,2,6,8,2,1,0,3,3,9,7,1,2026,regular-season,1628881,Monique Billings,21.6,p
22026,1611661328,SEA,Seattle Storm,1022600015,2026-05-13,SEA @ TOR,L,18,0,0,NA,0,0,NA,1,2,0.5,0,2,2,1,0,0,1,1,1,-2,1,2026,regular-season,1641651,Jordan Horston,3.9,p
22026,1611661328,SEA,Seattle Storm,1022600015,2026-05-13,SEA @ TOR,L,12,0,0,NA,0,0,NA,2,2,1,0,2,2,0,1,1,1,0,2,0,1,2026,regular-season,1643453,Grace VanSlooten,9.4,p
22026,1611661329,CHI,Chicago Sky,1022600017,2026-05-13,CHI @ GSV,W,12,0,1,0,0,1,0,0,0,NA,0,0,0,0,1,0,0,1,0,-2,1,2026,regular-season,1627671,Rachel Banham,3,p
22026,1611661331,GSV,Golden State Valkyries,1022600017,2026-05-13,GSV vs. CHI,L,36,5,15,0.333,2,6,0.333,4,4,1,0,3,3,4,1,0,5,5,16,5,1,2026,regular-season,1631007,Veronica Burton,23.6,p
22026,1611661332,TOR,Toronto Tempo,1022600015,2026-05-13,TOR vs. SEA,W,29,9,20,0.45,6,11,0.545,2,2,1,0,4,4,3,4,0,1,0,26,14,1,2026,regular-season,1629497,Marina Mabrey,46.3,p
22026,1611661319,LVA,Las Vegas Aces,1022600016,2026-05-13,LVA @ CON,W,12,2,2,1,0,0,NA,0,0,NA,0,2,2,0,0,0,0,0,4,7,1,2026,regular-season,203855,Stephanie Talbot,6.4,p
22026,1611661319,LVA,Las Vegas Aces,1022600016,2026-05-13,LVA @ CON,W,27,4,10,0.4,0,2,0,3,3,1,0,1,1,6,2,0,1,2,11,14,1,2026,regular-season,1629498,Jackie Young,26.2,p
22026,1611661320,LAS,Los Angeles Sparks,1022600018,2026-05-13,LAS vs. IND,L,32,3,5,0.6,1,2,0.5,3,4,0.75,0,5,5,0,3,1,3,2,10,-10,1,2026,regular-season,203014,Nneka Ogwumike,25,p
22026,1611661323,CON,Connecticut Sun,1022600016,2026-05-13,CON vs. LVA,L,24,4,16,0.25,1,3,0.333,7,10,0.7,4,7,11,0,1,0,0,3,16,-23,1,2026,regular-season,1642800,Aneesah Morrow,32.2,p
22026,1611661323,CON,Connecticut Sun,1022600016,2026-05-13,CON vs. LVA,L,22,3,5,0.6,1,2,0.5,2,2,1,0,0,0,1,2,1,2,1,9,-14,1,2026,regular-season,1642817,Hailey Van Lith,17.5,p
22026,1611661325,IND,Indiana Fever,1022600018,2026-05-13,IND @ LAS,W,27,5,9,0.556,2,5,0.4,0,0,NA,1,6,7,1,1,0,0,0,12,14,1,2026,regular-season,1629482,Sophie Cunningham,24.9,p
22026,1611661325,IND,Indiana Fever,1022600018,2026-05-13,IND @ LAS,W,13,0,1,0,0,1,0,1,2,0.5,0,1,1,0,1,0,1,3,1,-5,1,2026,regular-season,1631086,Lexie Hull,4.2,p
22026,1611661328,SEA,Seattle Storm,1022600015,2026-05-13,SEA @ TOR,L,16,0,1,0,0,1,0,0,0,NA,0,3,3,1,0,0,3,3,0,-10,1,2026,regular-season,1628882,Lexie Brown,2.1,p
22026,1611661328,SEA,Seattle Storm,1022600015,2026-05-13,SEA @ TOR,L,16,3,8,0.375,1,5,0.2,0,0,NA,0,3,3,2,0,0,1,1,7,0,1,2026,regular-season,1641660,Zia Cooke,12.6,p
22026,1611661331,GSV,Golden State Valkyries,1022600017,2026-05-13,GSV vs. CHI,L,30,0,11,0,0,3,0,0,0,NA,3,3,6,0,0,1,0,1,0,-2,1,2026,regular-season,203866,Kayla Thornton,10.2,p
22026,1611661331,GSV,Golden State Valkyries,1022600017,2026-05-13,GSV vs. CHI,L,28,4,9,0.444,1,4,0.25,0,0,NA,5,4,9,2,0,0,1,4,9,-4,1,2026,regular-season,1630097,Kaila Charles,21.8,p
22026,1611661331,GSV,Golden State Valkyries,1022600017,2026-05-13,GSV vs. CHI,L,11,1,2,0.5,0,0,NA,1,2,0.5,0,1,1,1,1,2,1,0,3,-4,1,2026,regular-season,1641656,Laeticia Amihere,13.7,p
22026,1611661332,TOR,Toronto Tempo,1022600015,2026-05-13,TOR vs. SEA,W,26,2,4,0.5,0,1,0,4,6,0.667,2,3,5,3,2,2,2,2,8,8,1,2026,regular-season,1631055,Nyara Sabally,28.5,p
22026,1611661332,TOR,Toronto Tempo,1022600015,2026-05-13,TOR vs. SEA,W,10,1,1,1,0,0,NA,0,0,NA,0,1,1,1,0,0,1,2,2,3,1,2026,regular-season,1631263,Nikolina Milic,3.7,p
22026,1611661319,LVA,Las Vegas Aces,1022600016,2026-05-13,LVA @ CON,W,25,13,16,0.813,1,2,0.5,0,0,NA,3,5,8,4,2,0,4,3,27,16,1,2026,regular-season,1630150,Chennedy Carter,44.6,p
22026,1611661320,LAS,Los Angeles Sparks,1022600018,2026-05-13,LAS vs. IND,L,29,6,8,0.75,0,1,0,4,5,0.8,1,7,8,1,2,0,4,4,16,-10,1,2026,regular-season,204324,Dearica Hamby,29.1,p
22026,1611661320,LAS,Los Angeles Sparks,1022600018,2026-05-13,LAS vs. IND,L,37,9,16,0.563,1,5,0.2,6,8,0.75,0,1,1,4,1,0,5,3,25,-10,1,2026,regular-season,1628276,Kelsey Plum,30.2,p
22026,1611661323,CON,Connecticut Sun,1022600016,2026-05-13,CON vs. LVA,L,30,2,11,0.182,0,1,0,4,4,1,0,1,1,4,0,1,2,1,8,-19,1,2026,regular-season,1642809,Saniya Rivers,16.2,p
22026,1611661325,IND,Indiana Fever,1022600018,2026-05-13,IND @ LAS,W,23,0,3,0,0,1,0,4,4,1,3,4,7,2,0,2,2,6,4,9,1,2026,regular-season,1641648,Aliyah Boston,19.4,p
22026,1611661325,IND,Indiana Fever,1022600018,2026-05-13,IND @ LAS,W,5,0,1,0,0,0,NA,0,0,NA,1,0,1,2,0,0,0,1,0,4,1,2026,regular-season,1643433,Raven Johnson,4.2,p
22026,1611661328,SEA,Seattle Storm,1022600015,2026-05-13,SEA @ TOR,L,22,6,8,0.75,2,3,0.667,2,2,1,0,3,3,0,0,2,3,5,16,-5,1,2026,regular-season,203828,Stefanie Dolson,22.6,p
22026,1611661328,SEA,Seattle Storm,1022600015,2026-05-13,SEA @ TOR,L,32,9,19,0.474,2,3,0.667,1,4,0.25,1,6,7,1,1,1,1,1,21,-10,1,2026,regular-season,1642798,Dominique Malonga,35.9,p
22026,1611661329,CHI,Chicago Sky,1022600017,2026-05-13,CHI @ GSV,W,18,3,7,0.429,1,3,0.333,0,0,NA,1,3,4,0,0,0,3,4,7,-2,1,2026,regular-season,204333,Natasha Cloud,8.8,p
22026,1611661329,CHI,Chicago Sky,1022600017,2026-05-13,CHI @ GSV,W,39,6,18,0.333,1,5,0.2,5,6,0.833,2,3,5,5,1,2,1,3,18,3,1,2026,regular-season,1642288,Rickea Jackson,39.5,p
22026,1611661329,CHI,Chicago Sky,1022600017,2026-05-13,CHI @ GSV,W,26,3,7,0.429,1,2,0.5,0,0,NA,0,5,5,2,0,0,1,2,7,10,1,2026,regular-season,1643447,Gabriela Jaquez,15,p
22026,1611661332,TOR,Toronto Tempo,1022600015,2026-05-13,TOR vs. SEA,W,2,0,0,NA,0,0,NA,0,0,NA,0,0,0,0,0,0,0,0,0,-2,1,2026,regular-season,1631118,Lexi Held,0,p
22026,1611661319,LVA,Las Vegas Aces,1022600016,2026-05-13,LVA @ CON,W,26,3,7,0.429,1,3,0.333,0,0,NA,0,6,6,6,1,1,2,1,7,29,1,2026,regular-season,203833,Chelsea Gray,27.2,p
22026,1611661319,LVA,Las Vegas Aces,1022600016,2026-05-13,LVA @ CON,W,28,4,11,0.364,3,8,0.375,0,0,NA,0,2,2,1,1,0,2,1,11,22,1,2026,regular-season,204319,Jewell Loyd,15.9,p
22026,1611661319,LVA,Las Vegas Aces,1022600016,2026-05-13,LVA @ CON,W,18,3,5,0.6,0,0,NA,4,5,0.8,3,2,5,1,1,2,1,1,10,23,1,2026,regular-season,204323,Cheyenne Parker-Tyus,25.5,p
22026,1611661319,LVA,Las Vegas Aces,1022600016,2026-05-13,LVA @ CON,W,21,8,15,0.533,0,0,NA,6,9,0.667,4,7,11,1,0,2,1,4,22,33,1,2026,regular-season,1628932,A'ja Wilson,41.7,p
22026,1611661323,CON,Connecticut Sun,1022600016,2026-05-13,CON vs. LVA,L,22,5,7,0.714,0,0,NA,4,4,1,0,6,6,3,1,0,2,4,14,-13,1,2026,regular-season,1631135,Olivia Nelson-Ododa,26.7,p
22026,1611661323,CON,Connecticut Sun,1022600016,2026-05-13,CON vs. LVA,L,16,2,4,0.5,0,1,0,0,0,NA,2,1,3,0,1,0,0,1,4,-7,1,2026,regular-season,1643429,Gianna Kneepkens,10.6,p
22026,1611661323,CON,Connecticut Sun,1022600016,2026-05-13,CON vs. LVA,L,14,3,8,0.375,0,0,NA,1,2,0.5,2,1,3,0,1,0,0,4,7,-5,1,2026,regular-season,1643441,Raegan Beers,13.6,p
22026,1611661325,IND,Indiana Fever,1022600018,2026-05-13,IND @ LAS,W,27,9,17,0.529,3,9,0.333,2,2,1,0,0,0,0,1,0,2,3,23,14,1,2026,regular-season,1628909,Kelsey Mitchell,24,p
22026,1611661325,IND,Indiana Fever,1022600018,2026-05-13,IND @ LAS,W,31,9,17,0.529,1,7,0.143,5,5,1,0,4,4,9,2,1,6,2,24,5,1,2026,regular-season,1642286,Caitlin Clark,45.3,p
22026,1611661328,SEA,Seattle Storm,1022600015,2026-05-13,SEA @ TOR,L,5,0,0,NA,0,0,NA,0,0,NA,0,1,1,0,0,0,0,0,0,-9,1,2026,regular-season,1642307,Mackenzie Holmes,1.2,p
22026,1611661329,CHI,Chicago Sky,1022600017,2026-05-13,CHI @ GSV,W,34,5,16,0.313,1,4,0.25,4,6,0.667,0,5,5,7,1,2,0,2,15,8,1,2026,regular-season,203400,Skylar Diggins,40.5,p
22026,1611661329,CHI,Chicago Sky,1022600017,2026-05-13,CHI @ GSV,W,13,1,2,0.5,0,0,NA,0,2,0,3,3,6,0,0,1,1,1,2,-1,1,2026,regular-season,204322,Elizabeth Williams,11.2,p
22026,1611661329,CHI,Chicago Sky,1022600017,2026-05-13,CHI @ GSV,W,31,4,8,0.5,2,5,0.4,2,2,1,1,6,7,4,3,1,1,3,12,7,1,2026,regular-season,1642292,Jacy Sheldon,37.4,p
22026,1611661331,GSV,Golden State Valkyries,1022600017,2026-05-13,GSV vs. CHI,L,32,6,17,0.353,3,6,0.5,3,4,0.75,1,4,5,1,1,1,2,1,18,-4,1,2026,regular-season,1628931,Gabby Williams,29.5,p
22026,1611661331,GSV,Golden State Valkyries,1022600017,2026-05-13,GSV vs. CHI,L,18,2,8,0.25,0,1,0,0,0,NA,2,4,6,0,0,0,2,1,4,-10,1,2026,regular-season,1642822,Kaitlyn Chen,9.2,p
22026,1611661332,TOR,Toronto Tempo,1022600015,2026-05-13,TOR vs. SEA,W,29,1,5,0.2,0,2,0,0,0,NA,0,3,3,6,3,0,3,0,2,19,1,2026,regular-season,1627700,Julie Allemand,20.6,p
22026,1611661332,TOR,Toronto Tempo,1022600015,2026-05-13,TOR vs. SEA,W,7,0,1,0,0,1,0,0,0,NA,0,0,0,1,0,0,0,1,0,-1,1,2026,regular-season,1628915,Kia Nurse,1.5,p
22026,1611661332,TOR,Toronto Tempo,1022600015,2026-05-13,TOR vs. SEA,W,7,0,1,0,0,1,0,0,0,NA,0,1,1,0,0,0,0,2,0,4,1,2026,regular-season,1643420,Laura Juskaite,1.2,p
22026,1611661332,TOR,Toronto Tempo,1022600015,2026-05-13,TOR vs. SEA,W,21,5,9,0.556,1,3,0.333,1,1,1,0,2,2,1,0,0,0,3,12,-3,1,2026,regular-season,1643445,Kiki Rice,15.9,p
22026,1611661319,LVA,Las Vegas Aces,1022600016,2026-05-13,LVA @ CON,W,9,0,2,0,0,1,0,0,0,NA,0,1,1,0,0,0,0,0,0,-1,1,2026,regular-season,1631006,Kierstan Bell,1.2,p
22026,1611661319,LVA,Las Vegas Aces,1022600016,2026-05-13,LVA @ CON,W,18,2,4,0.5,0,0,NA,2,4,0.5,2,3,5,2,2,0,2,5,6,5,1,2026,regular-season,1631019,NaLyssa Smith,19,p
22026,1611661320,LAS,Los Angeles Sparks,1022600018,2026-05-13,LAS vs. IND,L,16,0,4,0,0,1,0,2,2,1,1,1,2,2,1,0,2,3,2,-14,1,2026,regular-season,1628878,Ariel Atkins,8.4,p
22026,1611661320,LAS,Los Angeles Sparks,1022600018,2026-05-13,LAS vs. IND,L,29,4,10,0.4,0,2,0,2,2,1,1,0,1,1,2,0,1,1,10,-7,1,2026,regular-season,1630996,Rae Burrell,17.7,p
22026,1611661320,LAS,Los Angeles Sparks,1022600018,2026-05-13,LAS vs. IND,L,2,0,1,0,0,1,0,0,0,NA,0,0,0,0,0,0,1,0,0,2,1,2026,regular-season,1643444,Ta'Niya Latson,-1,p
22026,1611661323,CON,Connecticut Sun,1022600016,2026-05-13,CON vs. LVA,L,31,2,8,0.25,0,3,0,0,0,NA,0,1,1,5,0,1,4,0,4,-21,1,2026,regular-season,1629568,Kennedy Burke,11.7,p
22026,1611661323,CON,Connecticut Sun,1022600016,2026-05-13,CON vs. LVA,L,24,1,9,0.111,1,3,0.333,2,2,1,0,2,2,1,0,0,1,4,5,-27,1,2026,regular-season,1641649,Diamond Miller,7.9,p
22026,1611661323,CON,Connecticut Sun,1022600016,2026-05-13,CON vs. LVA,L,16,1,2,0.5,0,0,NA,0,0,NA,0,2,2,2,0,0,2,2,2,-16,1,2026,regular-season,1643449,Charlisse Leger-Walker,5.4,p
22026,1611661325,IND,Indiana Fever,1022600018,2026-05-13,IND @ LAS,W,11,1,1,1,0,0,NA,0,0,NA,1,1,2,3,1,0,0,2,2,5,1,2026,regular-season,1628899,Myisha Hines-Allen,11.9,p
22026,1611661325,IND,Indiana Fever,1022600018,2026-05-13,IND @ LAS,W,16,3,4,0.75,1,2,0.5,0,0,NA,0,1,1,3,0,0,1,0,7,-5,1,2026,regular-season,1630112,Tyasha Harris,11.7,p
22026,1611661325,IND,Indiana Fever,1022600018,2026-05-13,IND @ LAS,W,9,1,2,0.5,0,0,NA,0,0,NA,0,1,1,1,0,0,0,0,2,-3,1,2026,regular-season,1642815,Makayla Timpson,4.7,p
22026,1611661328,SEA,Seattle Storm,1022600015,2026-05-13,SEA @ TOR,L,22,2,6,0.333,1,4,0.25,0,0,NA,0,0,0,5,0,0,2,3,5,-11,1,2026,regular-season,1629567,Natisha Hiedeman,10.5,p
22026,1611661328,SEA,Seattle Storm,1022600015,2026-05-13,SEA @ TOR,L,28,5,9,0.556,1,3,0.333,3,3,1,1,0,1,6,3,0,4,4,14,-5,1,2026,regular-season,1631141,Jade Melbourne,29.2,p
22026,1611661328,SEA,Seattle Storm,1022600015,2026-05-13,SEA @ TOR,L,29,2,7,0.286,0,1,0,3,4,0.75,1,5,6,2,1,1,3,3,7,-13,1,2026,regular-season,1643428,Flau'jae Johnson,20.2,p
22026,1611661329,CHI,Chicago Sky,1022600017,2026-05-13,CHI @ GSV,W,27,3,10,0.3,0,0,NA,2,5,0.4,1,6,7,1,1,2,1,3,8,7,1,2026,regular-season,1642289,Kamilla Cardoso,25.9,p
22026,1611661331,GSV,Golden State Valkyries,1022600017,2026-05-13,GSV vs. CHI,L,29,3,8,0.375,0,2,0,1,2,0.5,3,8,11,2,0,5,0,6,7,-2,1,2026,regular-season,204329,Kiah Stokes,38.2,p
22026,1611661331,GSV,Golden State Valkyries,1022600017,2026-05-13,GSV vs. CHI,L,17,1,5,0.2,1,4,0.25,3,4,0.75,0,1,1,0,0,0,0,1,6,-9,1,2026,regular-season,1642767,Janelle Salaun,7.2,p
22026,1611661332,TOR,Toronto Tempo,1022600015,2026-05-13,TOR vs. SEA,W,8,1,1,1,0,0,NA,0,0,NA,1,0,1,0,0,1,0,0,2,1,1,2026,regular-season,1643457,Teonni Key,6.2,p
22026,1611661319,LVA,Las Vegas Aces,1022600016,2026-05-13,LVA @ CON,W,18,0,0,NA,0,0,NA,0,0,NA,0,5,5,0,0,1,2,2,0,-3,1,2026,regular-season,1629488,Brianna Turner,7,p
22026,1611661332,TOR,Toronto Tempo,1022600015,2026-05-13,TOR vs. SEA,W,33,5,14,0.357,0,2,0,8,9,0.889,4,4,8,6,1,1,4,2,18,11,1,2026,regular-season,1628279,Brittney Sykes,38.6,p
22026,1611661332,TOR,Toronto Tempo,1022600015,2026-05-13,TOR vs. SEA,W,29,6,13,0.462,4,8,0.5,0,0,NA,2,6,8,0,1,0,1,5,16,11,1,2026,regular-season,1629576,Maria Conde,27.6,p
22026,1611661313,NYL,New York Liberty,1022600020,2026-05-14,NYL @ PDX,W,7,1,2,0.5,0,0,NA,1,2,0.5,1,1,2,2,0,0,1,0,3,-3,1,2026,regular-season,1629566,Han Xu,7.4,p
22026,1611661327,PDX,Portland Fire,1022600020,2026-05-14,PDX vs. NYL,L,25,4,11,0.364,2,6,0.333,1,1,1,2,3,5,2,1,0,1,2,11,-31,1,2026,regular-season,1629524,Bridget Carleton,22,p
22026,1611661327,PDX,Portland Fire,1022600020,2026-05-14,PDX vs. NYL,L,14,0,3,0,0,3,0,0,0,NA,0,0,0,0,0,0,2,2,0,0,1,2026,regular-season,1643494,Frieda Buhner,-2,p
22026,1611661313,NYL,New York Liberty,1022600020,2026-05-14,NYL @ PDX,W,14,1,3,0.333,1,2,0.5,0,0,NA,0,0,0,1,1,0,0,2,3,-11,1,2026,regular-season,204296,Rebecca Allen,7.5,p
22026,1611661313,NYL,New York Liberty,1022600020,2026-05-14,NYL @ PDX,W,28,1,7,0.143,1,7,0.143,0,0,NA,0,3,3,11,2,0,1,1,3,31,1,2026,regular-season,1629546,Marine Johannes,28.1,p
22026,1611661313,NYL,New York Liberty,1022600020,2026-05-14,NYL @ PDX,W,17,4,7,0.571,2,5,0.4,2,2,1,0,0,0,1,0,0,3,6,12,-6,1,2026,regular-season,1643525,Alex Fowler,10.5,p
22026,1611661321,DAL,Dallas Wings,1022600019,2026-05-14,DAL vs. MIN,L,30,2,11,0.182,1,4,0.25,1,1,1,3,1,4,1,0,0,1,3,6,-1,1,2026,regular-season,1629481,Arike Ogunbowale,11.3,p
22026,1611661324,MIN,Minnesota Lynx,1022600019,2026-05-14,MIN @ DAL,W,5,1,2,0.5,0,0,NA,0,0,NA,0,0,0,1,0,0,0,1,2,-3,1,2026,regular-season,1642797,Anastasiia Olairi Kosu,3.5,p
22026,1611661324,MIN,Minnesota Lynx,1022600019,2026-05-14,MIN @ DAL,W,32,7,12,0.583,0,1,0,1,1,1,1,1,2,6,0,1,3,2,15,8,1,2026,regular-season,1643426,Olivia Miles,26.4,p
22026,1611661324,MIN,Minnesota Lynx,1022600019,2026-05-14,MIN @ DAL,W,11,1,3,0.333,0,0,NA,0,0,NA,0,2,2,0,0,0,0,2,2,-8,1,2026,regular-season,1643488,Emma Cechova,4.4,p
22026,1611661324,MIN,Minnesota Lynx,1022600019,2026-05-14,MIN @ DAL,W,13,0,0,NA,0,0,NA,0,0,NA,0,1,1,1,0,0,1,0,0,-9,1,2026,regular-season,1643489,Antonia Delaere,1.7,p
22026,1611661327,PDX,Portland Fire,1022600020,2026-05-14,PDX vs. NYL,L,14,5,6,0.833,0,1,0,4,4,1,1,2,3,0,0,0,1,2,14,-14,1,2026,regular-season,1629484,Megan DiLeo,16.6,p
22026,1611661327,PDX,Portland Fire,1022600020,2026-05-14,PDX vs. NYL,L,15,3,6,0.5,0,1,0,4,6,0.667,1,2,3,2,1,0,2,2,10,-6,1,2026,regular-season,1641650,Haley Jones,17.6,p
22026,1611661327,PDX,Portland Fire,1022600020,2026-05-14,PDX vs. NYL,L,21,2,4,0.5,2,3,0.667,0,0,NA,1,2,3,2,1,0,3,1,6,1,1,2026,regular-season,1642782,Sarah Ashlee Barker,12.6,p
22026,1611661313,NYL,New York Liberty,1022600020,2026-05-14,NYL @ PDX,W,28,8,14,0.571,1,4,0.25,5,6,0.833,1,6,7,1,0,0,2,3,22,20,1,2026,regular-season,1627668,Breanna Stewart,29.9,p
22026,1611661321,DAL,Dallas Wings,1022600019,2026-05-14,DAL vs. MIN,L,25,4,8,0.5,1,2,0.5,2,2,1,0,1,1,3,2,0,1,0,11,-6,1,2026,regular-season,203824,Odyssey Sims,21.7,p
22026,1611661321,DAL,Dallas Wings,1022600019,2026-05-14,DAL vs. MIN,L,16,7,11,0.636,0,3,0,3,3,1,0,4,4,1,0,1,0,1,17,9,1,2026,regular-season,1641652,Maddy Siegrist,26.3,p
22026,1611661324,MIN,Minnesota Lynx,1022600019,2026-05-14,MIN @ DAL,W,35,11,14,0.786,0,0,NA,4,6,0.667,4,1,5,4,0,3,7,4,26,11,1,2026,regular-season,203827,Natasha Howard,40,p
22026,1611661327,PDX,Portland Fire,1022600020,2026-05-14,PDX vs. NYL,L,22,3,6,0.5,0,2,0,0,0,NA,0,5,5,1,1,0,1,3,6,-7,1,2026,regular-season,1630143,Luisa Geiselsoder,15.5,p
22026,1611661327,PDX,Portland Fire,1022600020,2026-05-14,PDX vs. NYL,L,31,5,9,0.556,2,5,0.4,1,1,1,1,1,2,2,2,0,1,5,13,-5,1,2026,regular-season,1642296,Nyadiew Puoch,23.4,p
22026,1611661313,NYL,New York Liberty,1022600020,2026-05-14,NYL @ PDX,W,20,4,7,0.571,2,4,0.5,4,4,1,1,4,5,5,0,0,1,1,14,5,1,2026,regular-season,203822,Rebekah Gardner,26.5,p
22026,1611661313,NYL,New York Liberty,1022600020,2026-05-14,NYL @ PDX,W,18,3,5,0.6,3,5,0.6,0,0,NA,0,0,0,4,1,0,2,1,9,2,1,2026,regular-season,1642210,Julie Vanloo,16,p
22026,1611661313,NYL,New York Liberty,1022600020,2026-05-14,NYL @ PDX,W,2,0,0,NA,0,0,NA,0,0,NA,0,1,1,0,0,0,0,1,0,-2,1,2026,regular-season,1642826,Aubrey Griffin,1.2,p
22026,1611661321,DAL,Dallas Wings,1022600019,2026-05-14,DAL vs. MIN,L,27,3,6,0.5,0,1,0,0,1,0,2,2,4,5,2,1,2,3,6,-6,1,2026,regular-season,1629501,Alanna Smith,25.3,p
22026,1611661321,DAL,Dallas Wings,1022600019,2026-05-14,DAL vs. MIN,L,6,0,0,NA,0,0,NA,0,0,NA,1,0,1,0,0,0,1,1,0,6,1,2026,regular-season,1630386,Awak Kuier,0.2,p
22026,1611661321,DAL,Dallas Wings,1022600019,2026-05-14,DAL vs. MIN,L,31,7,13,0.538,3,4,0.75,10,11,0.909,0,3,3,8,0,0,3,2,27,-6,1,2026,regular-season,1642784,Paige Bueckers,39.6,p
22026,1611661321,DAL,Dallas Wings,1022600019,2026-05-14,DAL vs. MIN,L,11,1,3,0.333,0,0,NA,2,2,1,1,1,2,0,2,0,1,1,4,-4,1,2026,regular-season,1642793,Aziaha James,11.4,p
22026,1611661324,MIN,Minnesota Lynx,1022600019,2026-05-14,MIN @ DAL,W,34,1,7,0.143,0,2,0,9,11,0.818,1,7,8,1,1,1,2,3,11,6,1,2026,regular-season,203825,Kayla McBride,26.1,p
22026,1611661327,PDX,Portland Fire,1022600020,2026-05-14,PDX vs. NYL,L,16,1,3,0.333,0,2,0,0,0,NA,0,0,0,4,0,0,2,1,2,-7,1,2026,regular-season,1630154,Kamiah Smalls,6,p
22026,1611661313,NYL,New York Liberty,1022600020,2026-05-14,NYL @ PDX,W,17,3,6,0.5,2,5,0.4,0,0,NA,0,2,2,2,1,0,0,1,8,12,1,2026,regular-season,204335,Betnijah Laney-Hamilton,16.4,p
22026,1611661313,NYL,New York Liberty,1022600020,2026-05-14,NYL @ PDX,W,26,2,4,0.5,0,0,NA,2,2,1,1,8,9,3,1,0,2,1,6,26,1,2026,regular-season,1627673,Jonquel Jones,22.3,p
22026,1611661313,NYL,New York Liberty,1022600020,2026-05-14,NYL @ PDX,W,22,7,12,0.583,3,6,0.5,3,4,0.75,0,3,3,2,1,0,0,2,20,16,1,2026,regular-season,1631136,Pauline Astier,29.6,p
22026,1611661321,DAL,Dallas Wings,1022600019,2026-05-14,DAL vs. MIN,L,31,3,8,0.375,0,1,0,1,2,0.5,2,4,6,4,1,0,0,3,7,-13,1,2026,regular-season,1629491,Jessica Shepard,23.2,p
22026,1611661321,DAL,Dallas Wings,1022600019,2026-05-14,DAL vs. MIN,L,20,4,7,0.571,0,2,0,0,0,NA,0,1,1,0,1,1,2,4,8,8,1,2026,regular-season,1643425,Azzi Fudd,13.2,p
22026,1611661324,MIN,Minnesota Lynx,1022600019,2026-05-14,MIN @ DAL,W,30,5,6,0.833,3,3,1,0,0,NA,0,8,8,1,1,2,1,4,13,8,1,2026,regular-season,1628269,Nia Coffey,32.1,p
22026,1611661327,PDX,Portland Fire,1022600020,2026-05-14,PDX vs. NYL,L,20,3,13,0.231,1,5,0.2,1,4,0.25,0,3,3,8,0,0,1,3,8,-15,1,2026,regular-season,1630134,Sug Sutton,22.6,p
22026,1611661327,PDX,Portland Fire,1022600020,2026-05-14,PDX vs. NYL,L,19,4,7,0.571,2,3,0.667,1,2,0.5,1,3,4,0,0,1,1,1,11,-9,1,2026,regular-season,1631083,Emily Engstler,17.8,p
22026,1611661327,PDX,Portland Fire,1022600020,2026-05-14,PDX vs. NYL,L,4,0,0,NA,0,0,NA,1,2,0.5,0,2,2,1,1,1,0,0,1,3,1,2026,regular-season,1643436,Serah Williams,10.9,p
22026,1611661321,DAL,Dallas Wings,1022600019,2026-05-14,DAL vs. MIN,L,3,0,0,NA,0,0,NA,0,0,NA,0,0,0,0,1,0,0,0,0,-7,1,2026,regular-season,202252,Alysha Clark,3,p
22026,1611661324,MIN,Minnesota Lynx,1022600019,2026-05-14,MIN @ DAL,W,31,9,10,0.9,3,4,0.75,0,0,NA,0,5,5,3,2,0,1,3,21,3,1,2026,regular-season,1627675,Courtney Williams,36.5,p
22026,1611661324,MIN,Minnesota Lynx,1022600019,2026-05-14,MIN @ DAL,W,11,0,4,0,0,3,0,0,0,NA,0,0,0,3,2,0,1,0,0,4,1,2026,regular-season,1630471,Maya Caldwell,9.5,p
22026,1611661317,PHX,Phoenix Mercury,1022600024,2026-05-15,PHX vs. CHI,W,33,5,10,0.5,0,0,NA,7,7,1,2,9,11,6,0,1,4,4,17,21,1,2026,regular-season,203826,Alyssa Thomas,38.2,p
22026,1611661317,PHX,Phoenix Mercury,1022600024,2026-05-15,PHX vs. CHI,W,8,0,1,0,0,1,0,2,2,1,0,0,0,0,0,0,2,0,2,-15,1,2026,regular-season,1630461,Kiana Williams,0,p
22026,1611661317,PHX,Phoenix Mercury,1022600024,2026-05-15,PHX vs. CHI,W,8,0,2,0,0,2,0,0,0,NA,1,2,3,1,0,1,1,3,0,-8,1,2026,regular-season,1642768,Kyara Linskens,7.1,p
22026,1611661319,LVA,Las Vegas Aces,1022600021,2026-05-15,LVA @ CON,W,32,15,18,0.833,2,2,1,13,13,1,0,3,3,3,1,2,3,2,45,15,1,2026,regular-season,1628932,A'ja Wilson,59.1,p
22026,1611661319,LVA,Las Vegas Aces,1022600021,2026-05-15,LVA @ CON,W,17,2,4,0.5,0,0,NA,0,0,NA,0,4,4,0,0,1,0,1,4,12,1,2026,regular-season,1631019,NaLyssa Smith,11.8,p
22026,1611661320,LAS,Los Angeles Sparks,1022600023,2026-05-15,LAS vs. TOR,W,33,10,16,0.625,4,8,0.5,3,4,0.75,0,0,0,9,3,0,2,3,27,8,1,2026,regular-season,1628276,Kelsey Plum,47.5,p
22026,1611661322,WAS,Washington Mystics,1022600022,2026-05-15,WAS @ IND,W,34,7,11,0.636,0,0,NA,5,6,0.833,1,8,9,5,0,3,3,5,19,6,1,2026,regular-season,1631022,Shakira Austin,43.3,p
22026,1611661322,WAS,Washington Mystics,1022600022,2026-05-15,WAS @ IND,W,14,1,2,0.5,0,0,NA,2,2,1,2,0,2,0,0,0,1,4,4,-5,1,2026,regular-season,1643427,Lauren Betts,5.4,p
22026,1611661323,CON,Connecticut Sun,1022600021,2026-05-15,CON vs. LVA,L,27,4,11,0.364,0,3,0,2,2,1,2,8,10,2,2,0,2,4,10,4,1,2026,regular-season,1642800,Aneesah Morrow,29,p
22026,1611661323,CON,Connecticut Sun,1022600021,2026-05-15,CON vs. LVA,L,17,2,4,0.5,0,0,NA,2,2,1,2,2,4,2,0,0,1,3,6,14,1,2026,regular-season,1643441,Raegan Beers,12.8,p
22026,1611661325,IND,Indiana Fever,1022600022,2026-05-15,IND vs. WAS,L,21,2,4,0.5,0,2,0,2,2,1,0,2,2,5,2,1,2,4,6,5,1,2026,regular-season,1628899,Myisha Hines-Allen,22.9,p
22026,1611661325,IND,Indiana Fever,1022600022,2026-05-15,IND vs. WAS,L,4,0,1,0,0,0,NA,0,0,NA,1,0,1,0,0,0,0,1,0,-1,1,2026,regular-season,1642815,Makayla Timpson,1.2,p
22026,1611661329,CHI,Chicago Sky,1022600024,2026-05-15,CHI @ PHX,L,17,0,2,0,0,0,NA,1,2,0.5,1,3,4,1,0,1,1,3,1,-5,1,2026,regular-season,204322,Elizabeth Williams,9.3,p
22026,1611661329,CHI,Chicago Sky,1022600024,2026-05-15,CHI @ PHX,L,32,10,22,0.455,4,10,0.4,5,6,0.833,1,5,6,0,0,3,2,0,29,-21,1,2026,regular-season,1642288,Rickea Jackson,43.2,p
22026,1611661332,TOR,Toronto Tempo,1022600023,2026-05-15,TOR @ LAS,L,21,2,4,0.5,1,3,0.333,0,0,NA,0,1,1,4,2,0,1,1,5,-18,1,2026,regular-season,1627700,Julie Allemand,17.2,p
22026,1611661332,TOR,Toronto Tempo,1022600023,2026-05-15,TOR @ LAS,L,28,5,10,0.5,0,1,0,4,4,1,5,4,9,3,1,2,0,3,14,-4,1,2026,regular-season,1631055,Nyara Sabally,38.3,p
22026,1611661317,PHX,Phoenix Mercury,1022600024,2026-05-15,PHX vs. CHI,W,12,3,6,0.5,0,2,0,2,3,0.667,1,1,2,1,0,0,1,0,8,-8,1,2026,regular-season,204468,Valeriane Ayayi,10.9,p
22026,1611661319,LVA,Las Vegas Aces,1022600021,2026-05-15,LVA @ CON,W,14,1,1,1,0,0,NA,0,0,NA,1,1,2,1,0,2,1,2,2,-9,1,2026,regular-season,204323,Cheyenne Parker-Tyus,10.9,p
22026,1611661320,LAS,Los Angeles Sparks,1022600023,2026-05-15,LAS vs. TOR,W,35,5,6,0.833,2,3,0.667,1,2,0.5,1,4,5,2,0,0,5,2,13,10,1,2026,regular-season,1630996,Rae Burrell,17,p
22026,1611661322,WAS,Washington Mystics,1022600022,2026-05-15,WAS @ IND,W,24,2,3,0.667,1,2,0.5,2,2,1,0,0,0,4,0,0,2,3,7,13,1,2026,regular-season,1642781,Georgia Amoore,11,p
22026,1611661322,WAS,Washington Mystics,1022600022,2026-05-15,WAS @ IND,W,38,10,14,0.714,1,4,0.25,9,10,0.9,1,5,6,4,1,1,2,1,30,7,1,2026,regular-season,1642785,Sonia Citron,47.2,p
22026,1611661322,WAS,Washington Mystics,1022600022,2026-05-15,WAS @ IND,W,6,0,0,NA,0,0,NA,0,0,NA,0,3,3,0,0,1,0,1,0,-7,1,2026,regular-season,1643455,Angela Dugalic,6.6,p
22026,1611661323,CON,Connecticut Sun,1022600021,2026-05-15,CON vs. LVA,L,15,3,10,0.3,2,4,0.5,2,2,1,1,2,3,0,1,0,0,3,10,-6,1,2026,regular-season,1641649,Diamond Miller,16.6,p
22026,1611661325,IND,Indiana Fever,1022600022,2026-05-15,IND vs. WAS,L,36,4,11,0.364,1,2,0.5,1,2,0.5,6,3,9,3,3,2,0,4,10,-9,1,2026,regular-season,1628881,Monique Billings,40.3,p
22026,1611661325,IND,Indiana Fever,1022600022,2026-05-15,IND vs. WAS,L,20,2,5,0.4,1,3,0.333,2,2,1,0,1,1,2,0,0,0,3,7,0,1,2026,regular-season,1629482,Sophie Cunningham,11.2,p
22026,1611661325,IND,Indiana Fever,1022600022,2026-05-15,IND vs. WAS,L,10,1,2,0.5,0,1,0,0,0,NA,0,0,0,1,0,0,1,0,2,2,1,2026,regular-season,1630112,Tyasha Harris,2.5,p
22026,1611661329,CHI,Chicago Sky,1022600024,2026-05-15,CHI @ PHX,L,12,0,5,0,0,2,0,0,0,NA,1,1,2,3,1,0,0,3,0,-9,1,2026,regular-season,203400,Skylar Diggins,9.9,p
22026,1611661329,CHI,Chicago Sky,1022600024,2026-05-15,CHI @ PHX,L,23,3,8,0.375,0,2,0,1,3,0.333,0,3,3,7,2,0,1,5,7,-11,1,2026,regular-season,204333,Natasha Cloud,26.1,p
22026,1611661329,CHI,Chicago Sky,1022600024,2026-05-15,CHI @ PHX,L,29,4,5,0.8,0,1,0,5,7,0.714,1,2,3,0,1,0,2,2,13,-5,1,2026,regular-season,1643447,Gabriela Jaquez,17.6,p
22026,1611661332,TOR,Toronto Tempo,1022600023,2026-05-15,TOR @ LAS,L,5,0,0,NA,0,0,NA,0,0,NA,0,0,0,0,0,0,2,1,0,-15,1,2026,regular-season,1631263,Nikolina Milic,-2,p
22026,1611661317,PHX,Phoenix Mercury,1022600024,2026-05-15,PHX vs. CHI,W,30,3,8,0.375,0,0,NA,4,6,0.667,2,4,6,3,1,4,3,6,10,9,1,2026,regular-season,1630442,Natasha Mack,33.7,p
22026,1611661320,LAS,Los Angeles Sparks,1022600023,2026-05-15,LAS vs. TOR,W,32,8,11,0.727,1,2,0.5,3,3,1,0,5,5,3,1,0,2,4,20,14,1,2026,regular-season,203014,Nneka Ogwumike,31.5,p
22026,1611661320,LAS,Los Angeles Sparks,1022600023,2026-05-15,LAS vs. TOR,W,32,8,10,0.8,0,0,NA,3,3,1,1,6,7,4,0,0,2,4,19,6,1,2026,regular-season,204324,Dearica Hamby,31.4,p
22026,1611661320,LAS,Los Angeles Sparks,1022600023,2026-05-15,LAS vs. TOR,W,33,3,5,0.6,2,4,0.5,2,2,1,0,2,2,7,1,0,3,1,10,16,1,2026,regular-season,204365,Erica Wheeler,22.9,p
22026,1611661320,LAS,Los Angeles Sparks,1022600023,2026-05-15,LAS vs. TOR,W,11,0,2,0,0,2,0,0,0,NA,0,1,1,0,0,0,1,0,0,-14,1,2026,regular-season,1643462,Chance Gray,0.2,p
22026,1611661322,WAS,Washington Mystics,1022600022,2026-05-15,WAS @ IND,W,30,5,12,0.417,2,4,0.5,1,2,0.5,0,5,5,2,0,0,1,4,13,-13,1,2026,regular-season,1643430,Cotie McMahon,21,p
22026,1611661322,WAS,Washington Mystics,1022600022,2026-05-15,WAS @ IND,W,25,1,6,0.167,0,2,0,0,0,NA,0,4,4,0,0,1,4,6,2,8,1,2026,regular-season,1643467,Cassandre Prosper,5.8,p
22026,1611661323,CON,Connecticut Sun,1022600021,2026-05-15,CON vs. LVA,L,17,3,5,0.6,0,0,NA,0,0,NA,1,2,3,0,1,0,2,3,6,-18,1,2026,regular-season,1642290,Aaliyah Edwards,10.6,p
22026,1611661323,CON,Connecticut Sun,1022600021,2026-05-15,CON vs. LVA,L,18,1,5,0.2,0,2,0,1,1,1,2,1,3,1,0,0,2,2,3,-5,1,2026,regular-season,1643429,Gianna Kneepkens,6.1,p
22026,1611661325,IND,Indiana Fever,1022600022,2026-05-15,IND vs. WAS,L,26,3,6,0.5,2,4,0.5,1,2,0.5,1,3,4,1,3,0,1,5,9,8,1,2026,regular-season,1631086,Lexie Hull,23.3,p
22026,1611661325,IND,Indiana Fever,1022600022,2026-05-15,IND vs. WAS,L,4,0,0,NA,0,0,NA,0,0,NA,1,1,2,0,0,0,0,0,0,-10,1,2026,regular-season,1643433,Raven Johnson,2.4,p
22026,1611661329,CHI,Chicago Sky,1022600024,2026-05-15,CHI @ PHX,L,7,1,3,0.333,0,1,0,3,3,1,0,0,0,0,0,1,0,1,5,8,1,2026,regular-season,1642321,Sydney Taylor,8,p
22026,1611661329,CHI,Chicago Sky,1022600024,2026-05-15,CHI @ PHX,L,16,4,6,0.667,0,1,0,0,0,NA,0,1,1,0,1,0,0,4,8,12,1,2026,regular-season,1642786,Aicha Coulibaly,12.2,p
22026,1611661332,TOR,Toronto Tempo,1022600023,2026-05-15,TOR @ LAS,L,21,3,10,0.3,1,6,0.167,0,0,NA,0,2,2,0,0,1,3,3,7,-21,1,2026,regular-season,1629497,Marina Mabrey,9.4,p
22026,1611661332,TOR,Toronto Tempo,1022600023,2026-05-15,TOR @ LAS,L,20,2,6,0.333,2,5,0.4,0,0,NA,2,2,4,0,1,0,2,0,6,0,1,2026,regular-season,1629576,Maria Conde,11.8,p
22026,1611661319,LVA,Las Vegas Aces,1022600021,2026-05-15,LVA @ CON,W,31,6,16,0.375,0,2,0,1,2,0.5,2,4,6,6,0,0,4,4,13,21,1,2026,regular-season,1629498,Jackie Young,25.2,p
22026,1611661319,LVA,Las Vegas Aces,1022600021,2026-05-15,LVA @ CON,W,22,5,8,0.625,0,1,0,8,12,0.667,0,1,1,1,2,1,1,1,18,-3,1,2026,regular-season,1630150,Chennedy Carter,28.7,p
22026,1611661320,LAS,Los Angeles Sparks,1022600023,2026-05-15,LAS vs. TOR,W,16,3,6,0.5,0,1,0,4,6,0.667,0,3,3,1,1,1,1,3,10,-12,1,2026,regular-season,1642287,Cameron Brink,20.1,p
22026,1611661320,LAS,Los Angeles Sparks,1022600023,2026-05-15,LAS vs. TOR,W,2,0,0,NA,0,0,NA,0,0,NA,0,0,0,0,0,0,0,0,0,-7,1,2026,regular-season,1643444,Ta'Niya Latson,0,p
22026,1611661322,WAS,Washington Mystics,1022600022,2026-05-15,WAS @ IND,W,36,11,17,0.647,1,1,1,2,4,0.5,4,9,13,2,1,1,6,3,25,10,1,2026,regular-season,1642792,Kiki Iriafen,43.6,p
22026,1611661322,WAS,Washington Mystics,1022600022,2026-05-15,WAS @ IND,W,9,0,0,NA,0,0,NA,1,2,0.5,0,1,1,1,1,0,1,1,1,-2,1,2026,regular-season,1643450,Rori Harmon,5.7,p
22026,1611661323,CON,Connecticut Sun,1022600021,2026-05-15,CON vs. LVA,L,28,5,12,0.417,2,6,0.333,2,2,1,0,3,3,7,2,1,1,3,14,-2,1,2026,regular-season,1642809,Saniya Rivers,36.1,p
22026,1611661323,CON,Connecticut Sun,1022600021,2026-05-15,CON vs. LVA,L,14,3,6,0.5,0,0,NA,1,2,0.5,1,0,1,1,0,0,1,2,7,4,1,2026,regular-season,1643448,Nell Angloma,8.7,p
22026,1611661325,IND,Indiana Fever,1022600022,2026-05-15,IND vs. WAS,L,39,10,25,0.4,4,8,0.5,0,2,0,0,0,0,0,1,0,3,2,24,-10,1,2026,regular-season,1628909,Kelsey Mitchell,24,p
22026,1611661325,IND,Indiana Fever,1022600022,2026-05-15,IND vs. WAS,L,37,10,28,0.357,7,17,0.412,5,5,1,1,3,4,10,2,1,4,3,32,14,1,2026,regular-season,1642286,Caitlin Clark,56.8,p
22026,1611661329,CHI,Chicago Sky,1022600024,2026-05-15,CHI @ PHX,L,23,2,6,0.333,0,0,NA,3,4,0.75,2,6,8,1,0,1,2,4,7,-2,1,2026,regular-season,1642289,Kamilla Cardoso,19.1,p
22026,1611661332,TOR,Toronto Tempo,1022600023,2026-05-15,TOR @ LAS,L,6,0,0,NA,0,0,NA,0,0,NA,0,0,0,0,0,0,0,1,0,4,1,2026,regular-season,1631118,Lexi Held,0,p
22026,1611661332,TOR,Toronto Tempo,1022600023,2026-05-15,TOR @ LAS,L,25,5,9,0.556,2,4,0.5,4,5,0.8,1,2,3,4,4,0,1,5,16,19,1,2026,regular-season,1643420,Laura Juskaite,36.6,p
22026,1611661332,TOR,Toronto Tempo,1022600023,2026-05-15,TOR @ LAS,L,21,4,7,0.571,3,4,0.75,0,0,NA,0,0,0,2,0,0,1,4,11,15,1,2026,regular-season,1643445,Kiki Rice,13,p
22026,1611661317,PHX,Phoenix Mercury,1022600024,2026-05-15,PHX vs. CHI,W,33,3,7,0.429,0,2,0,2,2,1,1,6,7,0,1,1,2,2,8,4,1,2026,regular-season,201886,DeWanna Bonner,20.4,p
22026,1611661317,PHX,Phoenix Mercury,1022600024,2026-05-15,PHX vs. CHI,W,34,3,16,0.188,1,6,0.167,10,10,1,0,5,5,1,3,0,1,2,17,8,1,2026,regular-season,1627674,Kahleah Copper,32.5,p
22026,1611661317,PHX,Phoenix Mercury,1022600024,2026-05-15,PHX vs. CHI,W,11,1,1,1,0,0,NA,0,0,NA,1,1,2,0,0,0,0,3,2,6,1,2026,regular-season,1643493,Noemie Brochant,4.4,p
22026,1611661317,PHX,Phoenix Mercury,1022600024,2026-05-15,PHX vs. CHI,W,31,6,11,0.545,5,8,0.625,10,11,0.909,2,2,4,0,0,0,1,2,27,23,1,2026,regular-season,1643505,Jovana Nogic,30.8,p
22026,1611661319,LVA,Las Vegas Aces,1022600021,2026-05-15,LVA @ CON,W,31,4,7,0.571,3,5,0.6,1,1,1,0,7,7,10,1,0,5,1,12,5,1,2026,regular-season,203833,Chelsea Gray,33.4,p
22026,1611661319,LVA,Las Vegas Aces,1022600021,2026-05-15,LVA @ CON,W,3,0,0,NA,0,0,NA,0,0,NA,0,0,0,0,0,0,0,0,0,-9,1,2026,regular-season,1629488,Brianna Turner,0,p
22026,1611661320,LAS,Los Angeles Sparks,1022600023,2026-05-15,LAS vs. TOR,W,6,0,2,0,0,1,0,0,0,NA,0,1,1,0,0,0,0,1,0,-1,1,2026,regular-season,1642324,Kate Martin,1.2,p
22026,1611661322,WAS,Washington Mystics,1022600022,2026-05-15,WAS @ IND,W,9,1,3,0.333,1,3,0.333,0,0,NA,0,1,1,0,0,1,0,0,3,-7,1,2026,regular-season,1642775,Alex Wilson,7.2,p
22026,1611661323,CON,Connecticut Sun,1022600021,2026-05-15,CON vs. LVA,L,24,5,12,0.417,1,5,0.2,0,0,NA,1,2,3,3,4,1,3,4,11,-19,1,2026,regular-season,1629568,Kennedy Burke,31.1,p
22026,1611661323,CON,Connecticut Sun,1022600021,2026-05-15,CON vs. LVA,L,22,7,11,0.636,3,4,0.75,0,0,NA,1,0,1,4,0,0,1,1,17,-4,1,2026,regular-season,1642817,Hailey Van Lith,23.2,p
22026,1611661325,IND,Indiana Fever,1022600022,2026-05-15,IND vs. WAS,L,21,3,8,0.375,1,3,0.333,2,4,0.5,1,3,4,1,1,0,0,2,9,-12,1,2026,regular-season,1641648,Aliyah Boston,18.3,p
22026,1611661329,CHI,Chicago Sky,1022600024,2026-05-15,CHI @ PHX,L,16,2,5,0.4,1,3,0.333,0,0,NA,0,0,0,1,0,1,1,3,5,0,1,2026,regular-season,1627671,Rachel Banham,8.5,p
22026,1611661329,CHI,Chicago Sky,1022600024,2026-05-15,CHI @ PHX,L,26,3,6,0.5,1,2,0.5,1,1,1,0,0,0,3,0,0,2,5,8,-7,1,2026,regular-season,1642292,Jacy Sheldon,10.5,p
22026,1611661332,TOR,Toronto Tempo,1022600023,2026-05-15,TOR @ LAS,L,35,7,19,0.368,2,7,0.286,11,11,1,0,4,4,7,4,0,3,4,27,-7,1,2026,regular-season,1628279,Brittney Sykes,51.3,p
22026,1611661332,TOR,Toronto Tempo,1022600023,2026-05-15,TOR @ LAS,L,9,1,1,1,1,1,1,2,2,1,2,0,2,1,0,1,0,2,5,-1,1,2026,regular-season,1643457,Teonni Key,11.9,p
22026,1611661319,LVA,Las Vegas Aces,1022600021,2026-05-15,LVA @ CON,W,22,0,0,NA,0,0,NA,1,2,0.5,0,1,1,2,1,0,2,3,1,9,1,2026,regular-season,203855,Stephanie Talbot,6.2,p
22026,1611661319,LVA,Las Vegas Aces,1022600021,2026-05-15,LVA @ CON,W,27,2,4,0.5,1,3,0.333,1,2,0.5,0,4,4,1,1,0,1,4,6,-6,1,2026,regular-season,204319,Jewell Loyd,14.3,p
22026,1611661323,CON,Connecticut Sun,1022600021,2026-05-15,CON vs. LVA,L,18,3,5,0.6,1,1,1,3,4,0.75,0,1,1,4,1,0,0,0,10,-3,1,2026,regular-season,1643449,Charlisse Leger-Walker,20.2,p
22026,1611661325,IND,Indiana Fever,1022600022,2026-05-15,IND vs. WAS,L,7,1,2,0.5,1,2,0.5,0,0,NA,0,2,2,0,1,0,0,1,3,3,1,2026,regular-season,203024,Damiris Dantas,8.4,p
22026,1611661332,TOR,Toronto Tempo,1022600023,2026-05-15,TOR @ LAS,L,9,2,4,0.5,0,2,0,0,0,NA,0,1,1,1,1,0,0,0,4,8,1,2026,regular-season,1628915,Kia Nurse,9.7,p
22026,1611661319,LVA,Las Vegas Aces,1022600026,2026-05-17,LVA @ ATL,W,34,0,12,0,0,5,0,0,0,NA,1,6,7,7,2,2,2,2,0,6,1,2026,regular-season,1629498,Jackie Young,28.9,p
22026,1611661319,LVA,Las Vegas Aces,1022600026,2026-05-17,LVA @ ATL,W,20,6,7,0.857,0,1,0,1,3,0.333,3,3,6,1,0,0,2,5,13,6,1,2026,regular-season,1631019,NaLyssa Smith,19.7,p
22026,1611661320,LAS,Los Angeles Sparks,1022600028,2026-05-17,LAS vs. TOR,L,30,1,9,0.111,0,3,0,2,3,0.667,1,1,2,7,1,1,3,5,4,-4,1,2026,regular-season,204365,Erica Wheeler,19.9,p
22026,1611661320,LAS,Los Angeles Sparks,1022600028,2026-05-17,LAS vs. TOR,L,18,4,7,0.571,3,6,0.5,0,0,NA,0,0,0,0,1,0,1,0,11,9,1,2026,regular-season,1642324,Kate Martin,13,p
22026,1611661324,MIN,Minnesota Lynx,1022600025,2026-05-17,MIN vs. CHI,L,11,1,3,0.333,0,0,NA,1,2,0.5,1,2,3,2,0,0,2,2,3,-10,1,2026,regular-season,1629581,Emese Hof,7.6,p
22026,1611661324,MIN,Minnesota Lynx,1022600025,2026-05-17,MIN vs. CHI,L,6,1,1,1,0,0,NA,0,0,NA,0,0,0,0,0,0,0,1,2,0,1,2026,regular-season,1642797,Anastasiia Olairi Kosu,2,p
22026,1611661324,MIN,Minnesota Lynx,1022600025,2026-05-17,MIN vs. CHI,L,6,0,0,NA,0,0,NA,0,0,NA,0,0,0,1,0,0,0,1,0,-9,1,2026,regular-season,1643489,Antonia Delaere,1.5,p
22026,1611661325,IND,Indiana Fever,1022600027,2026-05-17,IND vs. SEA,W,27,3,3,1,0,0,NA,2,2,1,2,4,6,4,1,0,1,3,8,16,1,2026,regular-season,1628899,Myisha Hines-Allen,23.2,p
22026,1611661325,IND,Indiana Fever,1022600027,2026-05-17,IND vs. SEA,W,28,8,18,0.444,1,5,0.2,0,0,NA,0,0,0,2,1,0,0,3,17,21,1,2026,regular-season,1628909,Kelsey Mitchell,23,p
22026,1611661328,SEA,Seattle Storm,1022600027,2026-05-17,SEA @ IND,L,18,2,4,0.5,0,1,0,1,4,0.25,0,2,2,3,2,2,0,0,5,-16,1,2026,regular-season,1643453,Grace VanSlooten,23.9,p
22026,1611661329,CHI,Chicago Sky,1022600025,2026-05-17,CHI @ MIN,W,21,1,8,0.125,0,1,0,6,6,1,1,0,1,1,2,0,0,2,8,6,1,2026,regular-season,1642786,Aicha Coulibaly,16.7,p
22026,1611661330,ATL,Atlanta Dream,1022600026,2026-05-17,ATL vs. LVA,L,4,0,0,NA,0,0,NA,0,0,NA,0,1,1,0,0,0,0,0,0,1,1,2026,regular-season,1642302,Isobel Borlase,1.2,p
22026,1611661330,ATL,Atlanta Dream,1022600026,2026-05-17,ATL vs. LVA,L,36,5,14,0.357,4,9,0.444,5,6,0.833,0,2,2,2,1,1,0,4,19,6,1,2026,regular-season,1642804,Te-Hina Paopao,30.4,p
22026,1611661332,TOR,Toronto Tempo,1022600028,2026-05-17,TOR @ LAS,W,38,10,21,0.476,3,8,0.375,15,15,1,0,1,1,3,3,1,3,3,38,7,1,2026,regular-season,1628279,Brittney Sykes,52.7,p
22026,1611661319,LVA,Las Vegas Aces,1022600026,2026-05-17,LVA @ ATL,W,31,6,12,0.5,2,2,1,6,7,0.857,0,6,6,1,0,2,4,5,20,-3,1,2026,regular-season,1628932,A'ja Wilson,30.7,p
22026,1611661319,LVA,Las Vegas Aces,1022600026,2026-05-17,LVA @ ATL,W,21,7,13,0.538,1,2,0.5,5,5,1,0,2,2,3,0,0,2,3,20,-1,1,2026,regular-season,1630150,Chennedy Carter,24.9,p
22026,1611661320,LAS,Los Angeles Sparks,1022600028,2026-05-17,LAS vs. TOR,L,36,9,14,0.643,1,3,0.333,9,11,0.818,0,1,1,7,1,0,3,5,28,-6,1,2026,regular-season,1628276,Kelsey Plum,39.7,p
22026,1611661320,LAS,Los Angeles Sparks,1022600028,2026-05-17,LAS vs. TOR,L,18,0,2,0,0,1,0,2,2,1,2,1,3,2,0,0,1,6,2,-2,1,2026,regular-season,1630996,Rae Burrell,7.6,p
22026,1611661324,MIN,Minnesota Lynx,1022600025,2026-05-17,MIN vs. CHI,L,25,1,4,0.25,0,3,0,0,0,NA,0,3,3,2,0,0,1,5,2,-1,1,2026,regular-season,1628269,Nia Coffey,7.6,p
22026,1611661324,MIN,Minnesota Lynx,1022600025,2026-05-17,MIN vs. CHI,L,35,4,10,0.4,1,4,0.25,4,4,1,1,5,6,2,4,1,4,4,13,1,1,2026,regular-season,1643426,Olivia Miles,34.2,p
22026,1611661325,IND,Indiana Fever,1022600027,2026-05-17,IND vs. SEA,W,18,3,7,0.429,0,0,NA,0,0,NA,3,3,6,1,1,0,1,3,6,5,1,2026,regular-season,1642815,Makayla Timpson,16.7,p
22026,1611661328,SEA,Seattle Storm,1022600027,2026-05-17,SEA @ IND,L,29,3,7,0.429,0,2,0,6,6,1,0,1,1,3,0,0,2,4,12,-16,1,2026,regular-season,1631141,Jade Melbourne,15.7,p
22026,1611661329,CHI,Chicago Sky,1022600025,2026-05-17,CHI @ MIN,W,14,1,3,0.333,0,0,NA,0,0,NA,2,6,8,0,0,0,2,1,2,-4,1,2026,regular-season,204322,Elizabeth Williams,9.6,p
22026,1611661330,ATL,Atlanta Dream,1022600026,2026-05-17,ATL vs. LVA,L,29,1,8,0.125,0,1,0,7,8,0.875,4,4,8,3,0,1,8,3,9,-13,1,2026,regular-season,1642291,Angel Reese,18.1,p
22026,1611661320,LAS,Los Angeles Sparks,1022600028,2026-05-17,LAS vs. TOR,L,8,1,3,0.333,0,2,0,0,0,NA,1,0,1,2,0,0,0,3,2,-12,1,2026,regular-season,1630148,Jihyun Park,6.2,p
22026,1611661324,MIN,Minnesota Lynx,1022600025,2026-05-17,MIN vs. CHI,L,16,2,4,0.5,1,2,0.5,0,0,NA,0,2,2,2,0,1,0,0,5,-5,1,2026,regular-season,1630471,Maya Caldwell,13.4,p
22026,1611661325,IND,Indiana Fever,1022600027,2026-05-17,IND vs. SEA,W,25,5,9,0.556,1,5,0.2,6,6,1,0,3,3,0,1,1,3,2,17,4,1,2026,regular-season,1629482,Sophie Cunningham,23.6,p
22026,1611661328,SEA,Seattle Storm,1022600027,2026-05-17,SEA @ IND,L,30,3,6,0.5,0,2,0,0,0,NA,0,5,5,2,2,1,0,3,6,-6,1,2026,regular-season,203828,Stefanie Dolson,24,p
22026,1611661328,SEA,Seattle Storm,1022600027,2026-05-17,SEA @ IND,L,22,3,11,0.273,2,4,0.5,5,6,0.833,1,0,1,4,0,0,0,4,13,-3,1,2026,regular-season,1641660,Zia Cooke,20.2,p
22026,1611661329,CHI,Chicago Sky,1022600025,2026-05-17,CHI @ MIN,W,32,6,11,0.545,1,2,0.5,7,7,1,1,7,8,1,1,0,2,2,20,5,1,2026,regular-season,1643447,Gabriela Jaquez,32.1,p
22026,1611661330,ATL,Atlanta Dream,1022600026,2026-05-17,ATL vs. LVA,L,33,4,8,0.5,0,2,0,3,3,1,0,3,3,5,7,0,2,3,11,-20,1,2026,regular-season,1628886,Jordin Canada,41.1,p
22026,1611661330,ATL,Atlanta Dream,1022600026,2026-05-17,ATL vs. LVA,L,10,0,2,0,0,0,NA,0,4,0,2,4,6,3,1,1,0,0,0,3,1,2026,regular-season,1643469,Indya Nivar,17.7,p
22026,1611661332,TOR,Toronto Tempo,1022600028,2026-05-17,TOR @ LAS,W,20,2,6,0.333,0,1,0,2,2,1,3,4,7,0,1,1,0,5,6,0,1,2026,regular-season,1643457,Teonni Key,20.4,p
22026,1611661319,LVA,Las Vegas Aces,1022600026,2026-05-17,LVA @ ATL,W,29,2,10,0.2,2,8,0.25,1,2,0.5,0,5,5,1,1,0,0,4,7,-11,1,2026,regular-season,204319,Jewell Loyd,17.5,p
22026,1611661320,LAS,Los Angeles Sparks,1022600028,2026-05-17,LAS vs. TOR,L,31,7,11,0.636,1,2,0.5,6,8,0.75,4,5,9,3,3,0,1,3,21,-1,1,2026,regular-season,204324,Dearica Hamby,44.3,p
22026,1611661324,MIN,Minnesota Lynx,1022600025,2026-05-17,MIN vs. CHI,L,40,8,17,0.471,2,6,0.333,2,2,1,2,5,7,1,4,1,2,4,20,-7,1,2026,regular-season,203825,Kayla McBride,42.9,p
22026,1611661324,MIN,Minnesota Lynx,1022600025,2026-05-17,MIN vs. CHI,L,30,7,19,0.368,3,6,0.5,0,0,NA,1,4,5,3,0,0,2,1,17,-10,1,2026,regular-season,1627675,Courtney Williams,25.5,p
22026,1611661325,IND,Indiana Fever,1022600027,2026-05-17,IND vs. SEA,W,20,2,5,0.4,0,1,0,0,0,NA,1,4,5,1,1,0,1,1,4,-1,1,2026,regular-season,1628881,Monique Billings,13.5,p
22026,1611661325,IND,Indiana Fever,1022600027,2026-05-17,IND vs. SEA,W,13,1,4,0.25,0,1,0,2,2,1,0,4,4,1,0,1,1,1,4,-8,1,2026,regular-season,1630112,Tyasha Harris,12.3,p
22026,1611661325,IND,Indiana Fever,1022600027,2026-05-17,IND vs. SEA,W,19,3,8,0.375,0,3,0,3,3,1,0,4,4,2,0,0,1,4,9,9,1,2026,regular-season,1631086,Lexie Hull,15.8,p
22026,1611661325,IND,Indiana Fever,1022600027,2026-05-17,IND vs. SEA,W,17,0,1,0,0,1,0,0,0,NA,1,2,3,1,0,1,3,2,0,0,1,2026,regular-season,1643433,Raven Johnson,5.1,p
22026,1611661328,SEA,Seattle Storm,1022600027,2026-05-17,SEA @ IND,L,10,2,3,0.667,0,0,NA,0,0,NA,0,1,1,0,2,0,1,2,4,-5,1,2026,regular-season,1642307,Mackenzie Holmes,10.2,p
22026,1611661328,SEA,Seattle Storm,1022600027,2026-05-17,SEA @ IND,L,28,3,14,0.214,0,4,0,8,9,0.889,2,4,6,0,1,4,2,2,14,-2,1,2026,regular-season,1643428,Flau'jae Johnson,34.2,p
22026,1611661329,CHI,Chicago Sky,1022600025,2026-05-17,CHI @ MIN,W,32,5,9,0.556,1,3,0.333,0,2,0,0,6,6,7,0,0,4,4,11,13,1,2026,regular-season,204333,Natasha Cloud,24.7,p
22026,1611661329,CHI,Chicago Sky,1022600025,2026-05-17,CHI @ MIN,W,23,5,12,0.417,2,6,0.333,1,2,0.5,0,1,1,0,0,0,1,1,13,6,1,2026,regular-season,1627671,Rachel Banham,13.2,p
22026,1611661329,CHI,Chicago Sky,1022600025,2026-05-17,CHI @ MIN,W,11,3,6,0.5,0,2,0,0,0,NA,0,1,1,0,0,1,2,0,6,-7,1,2026,regular-season,1642288,Rickea Jackson,8.2,p
22026,1611661330,ATL,Atlanta Dream,1022600026,2026-05-17,ATL vs. LVA,L,37,8,18,0.444,1,5,0.2,8,11,0.727,1,8,9,1,0,1,2,4,25,1,1,2026,regular-season,1628277,Allisha Gray,38.3,p
22026,1611661332,TOR,Toronto Tempo,1022600028,2026-05-17,TOR @ LAS,W,26,2,7,0.286,2,4,0.5,8,8,1,1,2,3,4,1,0,3,5,14,2,1,2026,regular-season,1629497,Marina Mabrey,23.6,p
22026,1611661332,TOR,Toronto Tempo,1022600028,2026-05-17,TOR @ LAS,W,20,3,4,0.75,0,0,NA,1,1,1,2,2,4,4,1,1,2,1,7,10,1,2026,regular-season,1631055,Nyara Sabally,21.8,p
22026,1611661332,TOR,Toronto Tempo,1022600028,2026-05-17,TOR @ LAS,W,5,0,0,NA,0,0,NA,0,0,NA,0,0,0,0,0,0,0,0,0,5,1,2026,regular-season,1631118,Lexi Held,0,p
22026,1611661319,LVA,Las Vegas Aces,1022600026,2026-05-17,LVA @ ATL,W,33,8,13,0.615,5,8,0.625,0,0,NA,0,5,5,6,1,1,3,0,21,4,1,2026,regular-season,203833,Chelsea Gray,39,p
22026,1611661319,LVA,Las Vegas Aces,1022600026,2026-05-17,LVA @ ATL,W,16,0,1,0,0,0,NA,0,0,NA,1,4,5,2,0,2,0,2,0,2,1,2026,regular-season,203855,Stephanie Talbot,15,p
22026,1611661319,LVA,Las Vegas Aces,1022600026,2026-05-17,LVA @ ATL,W,9,2,5,0.4,0,1,0,0,0,NA,0,1,1,0,0,1,0,1,4,-3,1,2026,regular-season,204323,Cheyenne Parker-Tyus,8.2,p
22026,1611661319,LVA,Las Vegas Aces,1022600026,2026-05-17,LVA @ ATL,W,6,0,0,NA,0,0,NA,0,0,NA,1,0,1,0,1,0,0,1,0,5,1,2026,regular-season,1629488,Brianna Turner,4.2,p
22026,1611661320,LAS,Los Angeles Sparks,1022600028,2026-05-17,LAS vs. TOR,L,18,3,4,0.75,0,1,0,1,2,0.5,1,1,2,2,0,2,1,6,7,-9,1,2026,regular-season,1642287,Cameron Brink,17.4,p
22026,1611661320,LAS,Los Angeles Sparks,1022600028,2026-05-17,LAS vs. TOR,L,10,2,4,0.5,0,2,0,0,0,NA,0,1,1,0,0,0,1,2,4,-15,1,2026,regular-season,1643462,Chance Gray,4.2,p
22026,1611661324,MIN,Minnesota Lynx,1022600025,2026-05-17,MIN vs. CHI,L,29,8,15,0.533,0,1,0,1,4,0.25,3,6,9,7,2,0,4,3,17,3,1,2026,regular-season,203827,Natasha Howard,40.3,p
22026,1611661324,MIN,Minnesota Lynx,1022600025,2026-05-17,MIN vs. CHI,L,2,0,0,NA,0,0,NA,0,0,NA,0,0,0,0,0,0,0,0,0,3,1,2026,regular-season,1643490,Eliska Hamzova,0,p
22026,1611661325,IND,Indiana Fever,1022600027,2026-05-17,IND vs. SEA,W,6,1,1,1,1,1,1,0,0,NA,0,0,0,0,0,1,0,1,3,12,1,2026,regular-season,203024,Damiris Dantas,6,p
22026,1611661325,IND,Indiana Fever,1022600027,2026-05-17,IND vs. SEA,W,3,0,1,0,0,0,NA,0,0,NA,0,0,0,0,0,0,1,0,0,-9,1,2026,regular-season,1628278,Shatori Walker-Kimbrough,-1,p
22026,1611661325,IND,Indiana Fever,1022600027,2026-05-17,IND vs. SEA,W,24,5,10,0.5,2,4,0.5,9,9,1,0,7,7,10,0,2,5,3,21,6,1,2026,regular-season,1642286,Caitlin Clark,45.4,p
22026,1611661328,SEA,Seattle Storm,1022600027,2026-05-17,SEA @ IND,L,17,1,3,0.333,1,3,0.333,0,0,NA,0,4,4,0,0,0,1,2,3,-5,1,2026,regular-season,1628882,Lexie Brown,6.8,p
22026,1611661328,SEA,Seattle Storm,1022600027,2026-05-17,SEA @ IND,L,31,7,18,0.389,3,6,0.5,2,2,1,0,2,2,2,1,1,1,3,19,-2,1,2026,regular-season,1629567,Natisha Hiedeman,29.4,p
22026,1611661328,SEA,Seattle Storm,1022600027,2026-05-17,SEA @ IND,L,15,1,5,0.2,0,1,0,0,0,NA,0,2,2,3,1,0,1,2,2,0,1,2026,regular-season,1641651,Jordan Horston,10.9,p
22026,1611661329,CHI,Chicago Sky,1022600025,2026-05-17,CHI @ MIN,W,32,3,7,0.429,1,3,0.333,3,3,1,0,1,1,2,4,0,1,1,10,9,1,2026,regular-season,1642292,Jacy Sheldon,25.2,p
22026,1611661329,CHI,Chicago Sky,1022600025,2026-05-17,CHI @ MIN,W,10,1,3,0.333,1,3,0.333,2,2,1,1,0,1,2,0,0,1,2,5,-4,1,2026,regular-season,1642321,Sydney Taylor,8.2,p
22026,1611661330,ATL,Atlanta Dream,1022600026,2026-05-17,ATL vs. LVA,L,30,2,9,0.222,0,3,0,2,4,0.5,2,3,5,0,0,0,0,4,6,5,1,2026,regular-season,1631044,Naz Hillmon,12,p
22026,1611661332,TOR,Toronto Tempo,1022600028,2026-05-17,TOR @ LAS,W,12,2,4,0.5,2,3,0.667,4,4,1,0,0,0,0,0,0,1,1,10,15,1,2026,regular-season,1628915,Kia Nurse,9,p
22026,1611661332,TOR,Toronto Tempo,1022600028,2026-05-17,TOR @ LAS,W,21,3,5,0.6,0,1,0,1,2,0.5,2,3,5,1,2,0,2,4,7,1,1,2026,regular-season,1643420,Laura Juskaite,18.5,p
22026,1611661332,TOR,Toronto Tempo,1022600028,2026-05-17,TOR @ LAS,W,35,5,8,0.625,1,3,0.333,8,10,0.8,1,4,5,2,0,0,0,5,19,5,1,2026,regular-season,1643445,Kiki Rice,28,p
22026,1611661320,LAS,Los Angeles Sparks,1022600028,2026-05-17,LAS vs. TOR,L,31,6,10,0.6,2,3,0.667,3,4,0.75,0,7,7,3,0,0,2,2,17,-10,1,2026,regular-season,203014,Nneka Ogwumike,27.9,p
22026,1611661329,CHI,Chicago Sky,1022600025,2026-05-17,CHI @ MIN,W,26,5,8,0.625,0,0,NA,1,3,0.333,4,8,12,4,0,3,1,3,11,11,1,2026,regular-season,1642289,Kamilla Cardoso,39.4,p
22026,1611661330,ATL,Atlanta Dream,1022600026,2026-05-17,ATL vs. LVA,L,3,0,2,0,0,1,0,0,0,NA,0,0,0,0,0,0,0,1,0,-7,1,2026,regular-season,1631021,Sika Kone,0,p
22026,1611661330,ATL,Atlanta Dream,1022600026,2026-05-17,ATL vs. LVA,L,1,0,0,NA,0,0,NA,0,0,NA,0,0,0,0,0,0,0,0,0,1,1,2026,regular-season,1642801,Aaliyah Nye,0,p
22026,1611661330,ATL,Atlanta Dream,1022600026,2026-05-17,ATL vs. LVA,L,16,7,12,0.583,0,2,0,0,1,0,2,9,11,1,0,1,1,4,14,18,1,2026,regular-season,1643431,Madina Okot,30.7,p
22026,1611661332,TOR,Toronto Tempo,1022600028,2026-05-17,TOR @ LAS,W,23,2,6,0.333,1,4,0.25,0,0,NA,0,0,0,3,0,0,1,3,5,5,1,2026,regular-season,1629576,Maria Conde,8.5,p
22026,1611661321,DAL,Dallas Wings,1022600029,2026-05-18,DAL vs. WAS,W,16,0,3,0,0,1,0,0,0,NA,0,0,0,4,0,0,4,4,0,5,1,2026,regular-season,203824,Odyssey Sims,2,p
22026,1611661322,WAS,Washington Mystics,1022600029,2026-05-18,WAS @ DAL,L,25,2,4,0.5,1,2,0.5,1,2,0.5,0,0,0,3,0,0,0,2,6,-14,1,2026,regular-season,1643467,Cassandre Prosper,10.5,p
22026,1611661323,CON,Connecticut Sun,1022600030,2026-05-18,CON @ PDX,L,27,6,12,0.5,0,0,NA,4,7,0.571,3,2,5,4,0,2,2,2,16,9,1,2026,regular-season,203398,Brittney Griner,32,p
22026,1611661323,CON,Connecticut Sun,1022600030,2026-05-18,CON @ PDX,L,17,5,6,0.833,0,0,NA,2,3,0.667,1,1,2,0,2,1,2,1,12,-10,1,2026,regular-season,1642290,Aaliyah Edwards,21.4,p
22026,1611661323,CON,Connecticut Sun,1022600030,2026-05-18,CON @ PDX,L,23,3,7,0.429,3,4,0.75,1,2,0.5,0,1,1,2,0,0,4,4,10,-4,1,2026,regular-season,1643449,Charlisse Leger-Walker,10.2,p
22026,1611661327,PDX,Portland Fire,1022600030,2026-05-18,PDX vs. CON,W,21,7,13,0.538,2,3,0.667,2,4,0.5,3,1,4,3,2,0,2,4,18,5,1,2026,regular-season,1642782,Sarah Ashlee Barker,31.3,p
22026,1611661321,DAL,Dallas Wings,1022600029,2026-05-18,DAL vs. WAS,W,7,1,2,0.5,1,2,0.5,0,0,NA,1,0,1,0,0,0,0,0,3,0,1,2026,regular-season,202252,Alysha Clark,4.2,p
22026,1611661321,DAL,Dallas Wings,1022600029,2026-05-18,DAL vs. WAS,W,27,4,7,0.571,0,0,NA,4,5,0.8,4,12,16,6,0,0,0,1,12,18,1,2026,regular-season,1629491,Jessica Shepard,40.2,p
22026,1611661321,DAL,Dallas Wings,1022600029,2026-05-18,DAL vs. WAS,W,20,4,6,0.667,0,2,0,1,1,1,1,2,3,4,3,1,0,1,9,11,1,2026,regular-season,1630386,Awak Kuier,30.6,p
22026,1611661322,WAS,Washington Mystics,1022600029,2026-05-18,WAS @ DAL,L,15,5,7,0.714,0,0,NA,1,1,1,0,3,3,0,0,0,0,1,11,-7,1,2026,regular-season,1643427,Lauren Betts,14.6,p
22026,1611661322,WAS,Washington Mystics,1022600029,2026-05-18,WAS @ DAL,L,21,2,3,0.667,1,2,0.5,2,2,1,0,1,1,1,0,0,4,3,7,-23,1,2026,regular-season,1643430,Cotie McMahon,5.7,p
22026,1611661327,PDX,Portland Fire,1022600030,2026-05-18,PDX vs. CON,W,33,5,12,0.417,2,7,0.286,6,6,1,0,5,5,3,3,1,2,2,18,9,1,2026,regular-season,1629524,Bridget Carleton,38.5,p
22026,1611661327,PDX,Portland Fire,1022600030,2026-05-18,PDX vs. CON,W,25,1,5,0.2,0,2,0,0,0,NA,0,2,2,4,0,0,2,4,2,19,1,2026,regular-season,1630143,Luisa Geiselsoder,8.4,p
22026,1611661327,PDX,Portland Fire,1022600030,2026-05-18,PDX vs. CON,W,15,1,4,0.25,0,2,0,0,0,NA,0,1,1,4,1,0,1,2,2,-8,1,2026,regular-season,1641683,Holly Winterburn,11.2,p
22026,1611661321,DAL,Dallas Wings,1022600029,2026-05-18,DAL vs. WAS,W,5,0,3,0,0,1,0,1,2,0.5,3,0,3,0,0,0,0,0,1,-1,1,2026,regular-season,1629574,Li Yueru,4.6,p
22026,1611661321,DAL,Dallas Wings,1022600029,2026-05-18,DAL vs. WAS,W,20,4,9,0.444,2,4,0.5,0,0,NA,0,0,0,2,0,0,0,3,10,19,1,2026,regular-season,1641652,Maddy Siegrist,13,p
22026,1611661322,WAS,Washington Mystics,1022600029,2026-05-18,WAS @ DAL,L,8,0,0,NA,0,0,NA,2,3,0.667,0,0,0,0,0,0,0,0,2,-9,1,2026,regular-season,1642775,Alex Wilson,2,p
22026,1611661322,WAS,Washington Mystics,1022600029,2026-05-18,WAS @ DAL,L,10,3,3,1,0,0,NA,2,2,1,0,0,0,2,0,0,0,2,8,1,1,2026,regular-season,1642802,Lucy Olsen,11,p
22026,1611661322,WAS,Washington Mystics,1022600029,2026-05-18,WAS @ DAL,L,13,1,2,0.5,0,0,NA,0,0,NA,0,3,3,1,0,1,0,1,2,-12,1,2026,regular-season,1643455,Angela Dugalic,10.1,p
22026,1611661323,CON,Connecticut Sun,1022600030,2026-05-18,CON @ PDX,L,28,4,8,0.5,0,3,0,1,2,0.5,1,2,3,6,4,0,1,3,9,0,1,2026,regular-season,1642809,Saniya Rivers,32.6,p
22026,1611661323,CON,Connecticut Sun,1022600030,2026-05-18,CON @ PDX,L,25,5,9,0.556,1,3,0.333,1,2,0.5,0,1,1,3,0,1,2,4,12,7,1,2026,regular-season,1642817,Hailey Van Lith,18.7,p
22026,1611661327,PDX,Portland Fire,1022600030,2026-05-18,PDX vs. CON,W,25,4,10,0.4,1,2,0.5,3,4,0.75,1,0,1,5,1,0,2,1,12,10,1,2026,regular-season,1630134,Sug Sutton,21.7,p
22026,1611661327,PDX,Portland Fire,1022600030,2026-05-18,PDX vs. CON,W,12,0,0,NA,0,0,NA,0,0,NA,0,0,0,1,1,0,3,1,0,-8,1,2026,regular-season,1641650,Haley Jones,1.5,p
22026,1611661327,PDX,Portland Fire,1022600030,2026-05-18,PDX vs. CON,W,21,4,8,0.5,0,2,0,2,2,1,1,3,4,0,1,0,1,2,10,-7,1,2026,regular-season,1642296,Nyadiew Puoch,16.8,p
22026,1611661322,WAS,Washington Mystics,1022600029,2026-05-18,WAS @ DAL,L,26,5,10,0.5,0,0,NA,2,2,1,0,4,4,1,1,0,4,0,12,-15,1,2026,regular-season,1631022,Shakira Austin,17.3,p
22026,1611661322,WAS,Washington Mystics,1022600029,2026-05-18,WAS @ DAL,L,24,1,6,0.167,1,4,0.25,0,0,NA,0,1,1,3,0,0,2,1,3,-18,1,2026,regular-season,1642781,Georgia Amoore,6.7,p
22026,1611661322,WAS,Washington Mystics,1022600029,2026-05-18,WAS @ DAL,L,26,2,6,0.333,1,1,1,4,6,0.667,2,8,10,2,1,0,2,2,9,-12,1,2026,regular-season,1642792,Kiki Iriafen,25,p
22026,1611661323,CON,Connecticut Sun,1022600030,2026-05-18,CON @ PDX,L,4,1,2,0.5,1,1,1,0,0,NA,0,0,0,0,0,0,0,1,3,-6,1,2026,regular-season,1643429,Gianna Kneepkens,3,p
22026,1611661327,PDX,Portland Fire,1022600030,2026-05-18,PDX vs. CON,W,8,1,2,0.5,0,1,0,1,1,1,0,2,2,1,0,0,0,1,3,-7,1,2026,regular-season,1629484,Megan DiLeo,6.9,p
22026,1611661327,PDX,Portland Fire,1022600030,2026-05-18,PDX vs. CON,W,28,4,7,0.571,2,3,0.667,5,5,1,1,2,3,2,2,1,2,3,15,6,1,2026,regular-season,1631083,Emily Engstler,28.6,p
22026,1611661321,DAL,Dallas Wings,1022600029,2026-05-18,DAL vs. WAS,W,33,4,10,0.4,2,5,0.4,6,6,1,0,0,0,3,3,0,0,0,16,21,1,2026,regular-season,1629481,Arike Ogunbowale,29.5,p
22026,1611661321,DAL,Dallas Wings,1022600029,2026-05-18,DAL vs. WAS,W,7,1,3,0.333,1,1,1,0,0,NA,1,0,1,1,2,0,2,4,3,-1,1,2026,regular-season,1629501,Alanna Smith,9.7,p
22026,1611661321,DAL,Dallas Wings,1022600029,2026-05-18,DAL vs. WAS,W,33,7,12,0.583,4,5,0.8,0,0,NA,0,3,3,7,0,0,1,3,18,21,1,2026,regular-season,1642784,Paige Bueckers,31.1,p
22026,1611661321,DAL,Dallas Wings,1022600029,2026-05-18,DAL vs. WAS,W,7,2,6,0.333,1,2,0.5,3,3,1,0,2,2,0,1,0,0,2,8,2,1,2026,regular-season,1642793,Aziaha James,13.4,p
22026,1611661321,DAL,Dallas Wings,1022600029,2026-05-18,DAL vs. WAS,W,24,6,9,0.667,0,1,0,0,0,NA,1,1,2,3,1,0,1,2,12,20,1,2026,regular-season,1643425,Azzi Fudd,20.9,p
22026,1611661322,WAS,Washington Mystics,1022600029,2026-05-18,WAS @ DAL,L,26,3,6,0.5,1,2,0.5,0,0,NA,0,1,1,1,1,0,5,3,7,-4,1,2026,regular-season,1642785,Sonia Citron,7.7,p
22026,1611661323,CON,Connecticut Sun,1022600030,2026-05-18,CON @ PDX,L,21,0,5,0,0,3,0,0,0,NA,0,6,6,3,2,1,1,2,0,-1,1,2026,regular-season,1629568,Kennedy Burke,19.7,p
22026,1611661323,CON,Connecticut Sun,1022600030,2026-05-18,CON @ PDX,L,13,1,2,0.5,1,2,0.5,0,0,NA,0,0,0,1,0,0,0,4,3,3,1,2026,regular-season,1641649,Diamond Miller,4.5,p
22026,1611661323,CON,Connecticut Sun,1022600030,2026-05-18,CON @ PDX,L,34,5,10,0.5,1,4,0.25,1,2,0.5,3,9,12,4,1,1,4,1,12,1,1,2026,regular-season,1642800,Aneesah Morrow,34.4,p
22026,1611661327,PDX,Portland Fire,1022600030,2026-05-18,PDX vs. CON,W,12,1,1,1,0,0,NA,1,4,0.25,1,4,5,0,0,1,0,3,3,-14,1,2026,regular-season,1643436,Serah Williams,12,p
22026,1611661322,WAS,Washington Mystics,1022600029,2026-05-18,WAS @ DAL,L,5,0,2,0,0,1,0,2,2,1,0,1,1,2,0,0,1,2,2,-2,1,2026,regular-season,1643450,Rori Harmon,5.2,p
22026,1611661323,CON,Connecticut Sun,1022600030,2026-05-18,CON @ PDX,L,5,2,2,1,0,0,NA,0,0,NA,2,0,2,0,0,0,1,1,4,-2,1,2026,regular-season,1643441,Raegan Beers,5.4,p
22026,1611661323,CON,Connecticut Sun,1022600030,2026-05-18,CON @ PDX,L,3,0,0,NA,0,0,NA,1,2,0.5,0,0,0,0,0,0,0,2,1,-2,1,2026,regular-season,1643448,Nell Angloma,1,p
22026,1611661332,TOR,Toronto Tempo,1022600031,2026-05-19,TOR @ PHX,W,9,1,2,0.5,0,0,NA,1,1,1,0,1,1,1,0,0,1,1,3,1,1,2026,regular-season,1631118,Lexi Held,4.7,p
22026,1611661332,TOR,Toronto Tempo,1022600031,2026-05-19,TOR @ PHX,W,11,1,3,0.333,1,3,0.333,0,0,NA,0,2,2,0,1,0,2,3,3,5,1,2026,regular-season,1643457,Teonni Key,6.4,p
22026,1611661317,PHX,Phoenix Mercury,1022600031,2026-05-19,PHX vs. TOR,L,12,3,6,0.5,1,3,0.333,0,0,NA,0,0,0,0,0,0,0,1,7,13,1,2026,regular-season,1630461,Kiana Williams,7,p
22026,1611661317,PHX,Phoenix Mercury,1022600031,2026-05-19,PHX vs. TOR,L,29,4,15,0.267,2,9,0.222,3,3,1,0,0,0,3,0,0,2,4,13,-19,1,2026,regular-season,1643505,Jovana Nogic,15.5,p
22026,1611661332,TOR,Toronto Tempo,1022600031,2026-05-19,TOR @ PHX,W,10,2,4,0.5,0,0,NA,0,0,NA,1,1,2,0,0,0,1,1,4,-2,1,2026,regular-season,1631263,Nikolina Milic,5.4,p
22026,1611661332,TOR,Toronto Tempo,1022600031,2026-05-19,TOR @ PHX,W,23,3,5,0.6,2,3,0.667,2,2,1,1,4,5,0,0,0,2,5,10,9,1,2026,regular-season,1643420,Laura Juskaite,14,p
22026,1611661317,PHX,Phoenix Mercury,1022600031,2026-05-19,PHX vs. TOR,L,25,2,4,0.5,1,2,0.5,0,0,NA,1,3,4,0,0,1,0,1,5,-7,1,2026,regular-season,1643493,Noemie Brochant,12.8,p
22026,1611661332,TOR,Toronto Tempo,1022600031,2026-05-19,TOR @ PHX,W,32,11,23,0.478,6,14,0.429,2,2,1,0,5,5,3,1,1,2,2,30,7,1,2026,regular-season,1629497,Marina Mabrey,44.5,p
22026,1611661332,TOR,Toronto Tempo,1022600031,2026-05-19,TOR @ PHX,W,34,5,7,0.714,2,2,1,3,5,0.6,2,5,7,3,2,0,2,5,15,13,1,2026,regular-season,1643445,Kiki Rice,31.9,p
22026,1611661317,PHX,Phoenix Mercury,1022600031,2026-05-19,PHX vs. TOR,L,30,4,11,0.364,0,4,0,5,5,1,0,4,4,1,1,0,1,2,13,-9,1,2026,regular-season,201886,DeWanna Bonner,21.3,p
22026,1611661317,PHX,Phoenix Mercury,1022600031,2026-05-19,PHX vs. TOR,L,35,7,18,0.389,0,4,0,4,6,0.667,0,3,3,4,0,0,4,1,18,-14,1,2026,regular-season,1627674,Kahleah Copper,23.6,p
22026,1611661317,PHX,Phoenix Mercury,1022600031,2026-05-19,PHX vs. TOR,L,35,6,7,0.857,0,0,NA,5,6,0.833,3,3,6,8,3,0,2,3,17,-2,1,2026,regular-season,203826,Alyssa Thomas,43.2,p
22026,1611661317,PHX,Phoenix Mercury,1022600031,2026-05-19,PHX vs. TOR,L,12,0,1,0,0,0,NA,3,6,0.5,0,3,3,1,2,0,0,3,3,-1,1,2026,regular-season,204468,Valeriane Ayayi,14.1,p
22026,1611661317,PHX,Phoenix Mercury,1022600031,2026-05-19,PHX vs. TOR,L,18,6,7,0.857,0,0,NA,0,0,NA,2,8,10,3,0,0,0,1,12,4,1,2026,regular-season,1630442,Natasha Mack,28.5,p
22026,1611661317,PHX,Phoenix Mercury,1022600031,2026-05-19,PHX vs. TOR,L,3,0,1,0,0,0,NA,2,2,1,2,0,2,0,0,0,0,1,2,-5,1,2026,regular-season,1642768,Kyara Linskens,4.4,p
22026,1611661332,TOR,Toronto Tempo,1022600031,2026-05-19,TOR @ PHX,W,35,10,19,0.526,4,8,0.5,7,8,0.875,2,5,7,6,0,0,0,3,31,2,1,2026,regular-season,1628279,Brittney Sykes,48.4,p
22026,1611661332,TOR,Toronto Tempo,1022600031,2026-05-19,TOR @ PHX,W,13,0,2,0,0,2,0,0,0,NA,1,1,2,0,0,0,0,3,0,4,1,2026,regular-season,1628915,Kia Nurse,2.4,p
22026,1611661332,TOR,Toronto Tempo,1022600031,2026-05-19,TOR @ PHX,W,33,1,9,0.111,0,4,0,0,0,NA,1,3,4,2,0,1,1,3,2,1,1,2026,regular-season,1629576,Maria Conde,11.8,p
22026,1611661321,DAL,Dallas Wings,1022600033,2026-05-20,DAL @ CHI,W,20,1,4,0.25,1,3,0.333,4,6,0.667,4,5,9,3,1,0,1,3,7,18,1,2026,regular-season,1629574,Li Yueru,24.3,p
22026,1611661321,DAL,Dallas Wings,1022600033,2026-05-20,DAL @ CHI,W,8,2,5,0.4,0,0,NA,0,0,NA,2,2,4,0,1,0,1,2,4,1,1,2026,regular-season,1642793,Aziaha James,10.8,p
22026,1611661323,CON,Connecticut Sun,1022600034,2026-05-20,CON @ SEA,W,23,5,8,0.625,3,5,0.6,2,3,0.667,1,5,6,1,0,1,0,2,15,3,1,2026,regular-season,1629568,Kennedy Burke,26.7,p
22026,1611661325,IND,Indiana Fever,1022600032,2026-05-20,IND vs. PDX,W,18,3,5,0.6,0,0,NA,1,1,1,1,2,3,3,1,1,2,2,7,-2,1,2026,regular-season,1628899,Myisha Hines-Allen,19.1,p
22026,1611661327,PDX,Portland Fire,1022600032,2026-05-20,PDX @ IND,L,25,6,13,0.462,2,6,0.333,2,2,1,0,3,3,0,3,0,0,3,16,-21,1,2026,regular-season,1629524,Bridget Carleton,28.6,p
22026,1611661327,PDX,Portland Fire,1022600032,2026-05-20,PDX @ IND,L,13,2,4,0.5,0,1,0,2,2,1,1,2,3,1,0,0,0,2,6,6,1,2026,regular-season,1641650,Haley Jones,11.1,p
22026,1611661327,PDX,Portland Fire,1022600032,2026-05-20,PDX @ IND,L,8,1,2,0.5,0,1,0,2,2,1,0,2,2,1,0,0,1,2,4,4,1,2026,regular-season,1641683,Holly Winterburn,6.9,p
22026,1611661327,PDX,Portland Fire,1022600032,2026-05-20,PDX @ IND,L,20,0,1,0,0,0,NA,0,0,NA,1,0,1,0,0,1,1,2,0,-21,1,2026,regular-season,1642296,Nyadiew Puoch,3.2,p
22026,1611661328,SEA,Seattle Storm,1022600034,2026-05-20,SEA vs. CON,L,19,4,10,0.4,0,3,0,2,2,1,1,3,4,1,1,0,5,0,10,1,1,2026,regular-season,1641660,Zia Cooke,14.3,p
22026,1611661328,SEA,Seattle Storm,1022600034,2026-05-20,SEA vs. CON,L,26,6,8,0.75,1,1,1,5,5,1,1,5,6,1,1,2,0,2,18,-11,1,2026,regular-season,1642307,Mackenzie Holmes,35.7,p
22026,1611661328,SEA,Seattle Storm,1022600034,2026-05-20,SEA vs. CON,L,3,0,1,0,0,0,NA,0,0,NA,0,0,0,1,0,0,0,0,0,-1,1,2026,regular-season,1643473,Taina Mair,1.5,p
22026,1611661329,CHI,Chicago Sky,1022600033,2026-05-20,CHI vs. DAL,L,34,6,14,0.429,2,6,0.333,1,2,0.5,0,1,1,4,1,1,2,3,15,-12,1,2026,regular-season,203400,Skylar Diggins,26.2,p
22026,1611661329,CHI,Chicago Sky,1022600033,2026-05-20,CHI vs. DAL,L,28,4,11,0.364,0,2,0,4,4,1,1,4,5,2,1,0,1,4,12,-8,1,2026,regular-season,1643447,Gabriela Jaquez,23,p
22026,1611661321,DAL,Dallas Wings,1022600033,2026-05-20,DAL @ CHI,W,19,2,6,0.333,0,1,0,0,0,NA,0,0,0,3,1,0,0,0,4,9,1,2026,regular-season,203824,Odyssey Sims,11.5,p
22026,1611661321,DAL,Dallas Wings,1022600033,2026-05-20,DAL @ CHI,W,7,0,1,0,0,1,0,0,0,NA,0,1,1,0,1,0,0,0,0,-6,1,2026,regular-season,1641652,Maddy Siegrist,4.2,p
22026,1611661321,DAL,Dallas Wings,1022600033,2026-05-20,DAL @ CHI,W,28,4,6,0.667,2,2,1,2,2,1,0,0,0,1,0,0,1,1,12,6,1,2026,regular-season,1643425,Azzi Fudd,12.5,p
22026,1611661323,CON,Connecticut Sun,1022600034,2026-05-20,CON @ SEA,W,4,0,2,0,0,1,0,2,2,1,0,1,1,0,0,0,0,0,2,-1,1,2026,regular-season,1643429,Gianna Kneepkens,3.2,p
22026,1611661323,CON,Connecticut Sun,1022600034,2026-05-20,CON @ SEA,W,29,7,12,0.583,0,0,NA,1,4,0.25,1,6,7,0,3,1,1,3,15,8,1,2026,regular-season,1643448,Nell Angloma,34.4,p
22026,1611661323,CON,Connecticut Sun,1022600034,2026-05-20,CON @ SEA,W,28,6,15,0.4,1,6,0.167,3,3,1,0,2,2,3,1,0,1,2,16,4,1,2026,regular-season,1643449,Charlisse Leger-Walker,24.9,p
22026,1611661325,IND,Indiana Fever,1022600032,2026-05-20,IND vs. PDX,W,22,4,4,1,4,4,1,4,4,1,0,8,8,1,0,1,1,2,16,25,1,2026,regular-season,1631086,Lexie Hull,29.1,p
22026,1611661325,IND,Indiana Fever,1022600032,2026-05-20,IND vs. PDX,W,22,3,12,0.25,1,8,0.125,2,2,1,0,3,3,1,0,1,3,4,9,-8,1,2026,regular-season,1643433,Raven Johnson,14.1,p
22026,1611661328,SEA,Seattle Storm,1022600034,2026-05-20,SEA vs. CON,L,28,0,4,0,0,2,0,3,4,0.75,1,2,3,2,0,2,2,2,3,4,1,2026,regular-season,203828,Stefanie Dolson,13.6,p
22026,1611661328,SEA,Seattle Storm,1022600034,2026-05-20,SEA vs. CON,L,30,8,18,0.444,3,9,0.333,1,1,1,0,1,1,5,1,0,1,1,20,3,1,2026,regular-season,1629567,Natisha Hiedeman,30.7,p
22026,1611661328,SEA,Seattle Storm,1022600034,2026-05-20,SEA vs. CON,L,30,1,4,0.25,0,1,0,9,10,0.9,0,2,2,3,0,1,5,1,11,-7,1,2026,regular-season,1631141,Jade Melbourne,15.9,p
22026,1611661328,SEA,Seattle Storm,1022600034,2026-05-20,SEA vs. CON,L,9,2,4,0.5,2,3,0.667,0,0,NA,1,1,2,0,0,0,0,5,6,-4,1,2026,regular-season,1642814,Taylor Thierry,8.4,p
22026,1611661321,DAL,Dallas Wings,1022600033,2026-05-20,DAL @ CHI,W,16,3,6,0.5,1,3,0.333,0,0,NA,2,4,6,0,1,1,0,5,7,3,1,2026,regular-season,1629501,Alanna Smith,20.2,p
22026,1611661321,DAL,Dallas Wings,1022600033,2026-05-20,DAL @ CHI,W,5,0,2,0,0,1,0,0,0,NA,0,1,1,0,0,0,0,1,0,-3,1,2026,regular-season,1630386,Awak Kuier,1.2,p
22026,1611661325,IND,Indiana Fever,1022600032,2026-05-20,IND vs. PDX,W,21,2,7,0.286,0,1,0,5,5,1,1,3,4,1,1,1,1,0,9,1,1,2026,regular-season,1628881,Monique Billings,20.3,p
22026,1611661325,IND,Indiana Fever,1022600032,2026-05-20,IND vs. PDX,W,21,8,11,0.727,2,4,0.5,6,6,1,0,8,8,3,2,1,5,2,24,22,1,2026,regular-season,1641648,Aliyah Boston,42.1,p
22026,1611661329,CHI,Chicago Sky,1022600033,2026-05-20,CHI vs. DAL,L,35,6,12,0.5,1,5,0.2,8,8,1,0,8,8,5,1,1,4,4,21,-7,1,2026,regular-season,204333,Natasha Cloud,40.1,p
22026,1611661329,CHI,Chicago Sky,1022600033,2026-05-20,CHI vs. DAL,L,15,3,8,0.375,2,6,0.333,2,2,1,0,0,0,1,0,0,1,3,10,-6,1,2026,regular-season,1627671,Rachel Banham,10.5,p
22026,1611661329,CHI,Chicago Sky,1022600033,2026-05-20,CHI vs. DAL,L,33,10,14,0.714,0,0,NA,4,6,0.667,4,7,11,5,0,1,0,2,24,-12,1,2026,regular-season,1642289,Kamilla Cardoso,47.7,p
22026,1611661321,DAL,Dallas Wings,1022600033,2026-05-20,DAL @ CHI,W,31,6,7,0.857,0,1,0,6,9,0.667,1,9,10,12,0,0,1,3,18,10,1,2026,regular-season,1629491,Jessica Shepard,47,p
22026,1611661321,DAL,Dallas Wings,1022600033,2026-05-20,DAL @ CHI,W,33,11,19,0.579,1,3,0.333,1,1,1,0,3,3,4,0,0,3,3,24,5,1,2026,regular-season,1642784,Paige Bueckers,30.6,p
22026,1611661323,CON,Connecticut Sun,1022600034,2026-05-20,CON @ SEA,W,27,5,12,0.417,0,2,0,2,2,1,2,2,4,3,1,0,4,4,12,-2,1,2026,regular-season,1642290,Aaliyah Edwards,20.3,p
22026,1611661325,IND,Indiana Fever,1022600032,2026-05-20,IND vs. PDX,W,29,0,6,0,0,4,0,0,0,NA,0,1,1,7,2,0,0,4,0,17,1,2026,regular-season,1630112,Tyasha Harris,17.7,p
22026,1611661327,PDX,Portland Fire,1022600032,2026-05-20,PDX @ IND,L,18,2,5,0.4,0,2,0,0,0,NA,1,5,6,0,1,2,0,4,4,-1,1,2026,regular-season,1629484,Megan DiLeo,20.2,p
22026,1611661327,PDX,Portland Fire,1022600032,2026-05-20,PDX @ IND,L,24,6,8,0.75,0,1,0,2,2,1,0,1,1,4,1,0,3,1,14,-9,1,2026,regular-season,1630134,Sug Sutton,21.2,p
22026,1611661327,PDX,Portland Fire,1022600032,2026-05-20,PDX @ IND,L,21,2,10,0.2,1,3,0.333,0,0,NA,0,2,2,0,0,0,1,2,5,-27,1,2026,regular-season,1631083,Emily Engstler,6.4,p
22026,1611661328,SEA,Seattle Storm,1022600034,2026-05-20,SEA vs. CON,L,16,2,6,0.333,0,2,0,1,2,0.5,0,3,3,0,1,1,0,0,5,0,1,2026,regular-season,1643428,Flau'jae Johnson,14.6,p
22026,1611661321,DAL,Dallas Wings,1022600033,2026-05-20,DAL @ CHI,W,32,7,16,0.438,4,6,0.667,5,5,1,0,2,2,5,0,0,1,2,23,7,1,2026,regular-season,1629481,Arike Ogunbowale,31.9,p
22026,1611661323,CON,Connecticut Sun,1022600034,2026-05-20,CON @ SEA,W,13,1,1,1,0,0,NA,0,0,NA,1,3,4,3,1,0,1,1,2,19,1,2026,regular-season,1642809,Saniya Rivers,13.3,p
22026,1611661323,CON,Connecticut Sun,1022600034,2026-05-20,CON @ SEA,W,12,0,4,0,0,1,0,0,0,NA,0,0,0,1,0,0,0,0,0,-2,1,2026,regular-season,1642817,Hailey Van Lith,1.5,p
22026,1611661323,CON,Connecticut Sun,1022600034,2026-05-20,CON @ SEA,W,15,2,3,0.667,0,1,0,0,0,NA,0,1,1,1,2,0,0,2,4,-13,1,2026,regular-season,1643437,Ashlon Jackson,12.7,p
22026,1611661323,CON,Connecticut Sun,1022600034,2026-05-20,CON @ SEA,W,27,4,8,0.5,1,1,1,1,3,0.333,4,4,8,2,2,0,2,4,10,12,1,2026,regular-season,1643441,Raegan Beers,26.6,p
22026,1611661325,IND,Indiana Fever,1022600032,2026-05-20,IND vs. PDX,W,3,0,0,NA,0,0,NA,0,0,NA,0,0,0,0,0,0,0,0,0,-5,1,2026,regular-season,1628278,Shatori Walker-Kimbrough,0,p
22026,1611661325,IND,Indiana Fever,1022600032,2026-05-20,IND vs. PDX,W,28,6,11,0.545,2,3,0.667,7,9,0.778,1,1,2,4,0,0,2,4,21,25,1,2026,regular-season,1628909,Kelsey Mitchell,27.4,p
22026,1611661325,IND,Indiana Fever,1022600032,2026-05-20,IND vs. PDX,W,15,1,5,0.2,0,4,0,0,0,NA,0,2,2,1,0,0,0,1,2,-1,1,2026,regular-season,1629482,Sophie Cunningham,5.9,p
22026,1611661325,IND,Indiana Fever,1022600032,2026-05-20,IND vs. PDX,W,20,1,1,1,0,0,NA,0,2,0,2,3,5,0,0,0,0,2,2,11,1,2026,regular-season,1642815,Makayla Timpson,8,p
22026,1611661327,PDX,Portland Fire,1022600032,2026-05-20,PDX @ IND,L,22,1,3,0.333,0,1,0,2,2,1,0,1,1,1,0,0,2,5,4,-16,1,2026,regular-season,1630143,Luisa Geiselsoder,4.7,p
22026,1611661327,PDX,Portland Fire,1022600032,2026-05-20,PDX @ IND,L,14,2,3,0.667,0,0,NA,2,2,1,0,1,1,1,1,0,4,3,6,-10,1,2026,regular-season,1642304,Carla Leite,7.7,p
22026,1611661327,PDX,Portland Fire,1022600032,2026-05-20,PDX @ IND,L,19,2,8,0.25,0,1,0,4,4,1,0,6,6,1,1,0,0,1,8,0,1,2026,regular-season,1642782,Sarah Ashlee Barker,19.7,p
22026,1611661327,PDX,Portland Fire,1022600032,2026-05-20,PDX @ IND,L,17,3,5,0.6,0,0,NA,0,1,0,0,2,2,0,1,0,0,1,6,10,1,2026,regular-season,1643436,Serah Williams,11.4,p
22026,1611661328,SEA,Seattle Storm,1022600034,2026-05-20,SEA vs. CON,L,17,0,2,0,0,1,0,0,0,NA,1,2,3,0,2,0,1,1,0,5,1,2026,regular-season,1641651,Jordan Horston,8.6,p
22026,1611661329,CHI,Chicago Sky,1022600033,2026-05-20,CHI vs. DAL,L,18,2,4,0.5,0,0,NA,1,2,0.5,1,2,3,1,1,2,1,2,5,-6,1,2026,regular-season,204322,Elizabeth Williams,18.1,p
22026,1611661329,CHI,Chicago Sky,1022600033,2026-05-20,CHI vs. DAL,L,16,0,0,NA,0,0,NA,0,0,NA,0,2,2,1,0,0,0,3,0,-2,1,2026,regular-season,1642786,Aicha Coulibaly,3.9,p
22026,1611661323,CON,Connecticut Sun,1022600034,2026-05-20,CON @ SEA,W,15,1,6,0.167,0,3,0,0,0,NA,1,1,2,0,0,1,0,0,2,-8,1,2026,regular-season,1641649,Diamond Miller,7.4,p
22026,1611661323,CON,Connecticut Sun,1022600034,2026-05-20,CON @ SEA,W,7,1,1,1,0,0,NA,0,0,NA,1,2,3,0,0,0,2,1,2,-10,1,2026,regular-season,1642800,Aneesah Morrow,3.6,p
22026,1611661328,SEA,Seattle Storm,1022600034,2026-05-20,SEA vs. CON,L,22,2,6,0.333,0,1,0,1,1,1,0,2,2,2,2,0,0,3,5,0,1,2026,regular-season,1628882,Lexie Brown,16.4,p
22026,1611661329,CHI,Chicago Sky,1022600033,2026-05-20,CHI vs. DAL,L,21,1,4,0.25,0,2,0,0,0,NA,0,0,0,1,0,0,0,2,2,3,1,2026,regular-season,1642292,Jacy Sheldon,3.5,p
22026,1611661313,NYL,New York Liberty,1022600035,2026-05-21,NYL vs. GSV,L,17,1,5,0.2,1,3,0.333,2,2,1,1,3,4,2,0,0,2,3,5,-17,1,2026,regular-season,204296,Rebecca Allen,10.8,p
22026,1611661313,NYL,New York Liberty,1022600035,2026-05-21,NYL vs. GSV,L,28,6,12,0.5,1,3,0.333,3,4,0.75,2,6,8,3,0,1,2,1,16,-14,1,2026,regular-season,1627673,Jonquel Jones,31.1,p
22026,1611661313,NYL,New York Liberty,1022600035,2026-05-21,NYL vs. GSV,L,26,0,5,0,0,5,0,0,0,NA,1,2,3,1,1,0,2,1,0,-7,1,2026,regular-season,1629546,Marine Johannes,6.1,p
22026,1611661313,NYL,New York Liberty,1022600035,2026-05-21,NYL vs. GSV,L,7,2,3,0.667,1,2,0.5,0,0,NA,0,0,0,0,0,0,0,0,5,3,1,2026,regular-season,1629566,Han Xu,5,p
22026,1611661317,PHX,Phoenix Mercury,1022600037,2026-05-21,PHX vs. LAS,L,9,2,4,0.5,2,4,0.5,0,0,NA,0,1,1,0,1,0,0,6,6,-13,1,2026,regular-season,1643438,Marta Suarez,10.2,p
22026,1611661320,LAS,Los Angeles Sparks,1022600037,2026-05-21,LAS @ PHX,W,30,7,11,0.636,2,3,0.667,11,11,1,5,10,15,3,1,0,0,3,27,13,1,2026,regular-season,204324,Dearica Hamby,52.5,p
22026,1611661320,LAS,Los Angeles Sparks,1022600037,2026-05-21,LAS @ PHX,W,22,4,9,0.444,2,5,0.4,2,2,1,0,1,1,2,0,0,2,2,12,8,1,2026,regular-season,1630996,Rae Burrell,14.2,p
22026,1611661320,LAS,Los Angeles Sparks,1022600037,2026-05-21,LAS @ PHX,W,1,0,0,NA,0,0,NA,0,0,NA,0,0,0,0,0,0,0,0,0,0,1,2026,regular-season,1642324,Kate Martin,0,p
22026,1611661324,MIN,Minnesota Lynx,1022600036,2026-05-21,MIN vs. TOR,W,23,5,8,0.625,1,3,0.333,2,3,0.667,1,3,4,2,1,0,1,1,13,19,1,2026,regular-season,203825,Kayla McBride,22.8,p
22026,1611661324,MIN,Minnesota Lynx,1022600036,2026-05-21,MIN vs. TOR,W,22,5,7,0.714,0,0,NA,3,4,0.75,4,2,6,3,0,0,4,3,13,20,1,2026,regular-season,203827,Natasha Howard,20.7,p
22026,1611661331,GSV,Golden State Valkyries,1022600035,2026-05-21,GSV @ NYL,W,28,5,9,0.556,0,2,0,1,2,0.5,2,3,5,1,1,2,0,3,11,16,1,2026,regular-season,203866,Kayla Thornton,27.5,p
22026,1611661331,GSV,Golden State Valkyries,1022600035,2026-05-21,GSV @ NYL,W,26,2,3,0.667,2,3,0.667,0,0,NA,0,3,3,3,1,1,0,2,6,6,1,2026,regular-season,204329,Kiah Stokes,20.1,p
22026,1611661331,GSV,Golden State Valkyries,1022600035,2026-05-21,GSV @ NYL,W,24,5,10,0.5,1,5,0.2,2,3,0.667,2,5,7,1,0,0,1,1,13,22,1,2026,regular-season,1630097,Kaila Charles,21.9,p
22026,1611661331,GSV,Golden State Valkyries,1022600035,2026-05-21,GSV @ NYL,W,15,0,2,0,0,1,0,2,2,1,0,0,0,1,0,0,1,1,2,-9,1,2026,regular-season,1642822,Kaitlyn Chen,2.5,p
22026,1611661332,TOR,Toronto Tempo,1022600036,2026-05-21,TOR @ MIN,L,26,2,7,0.286,1,6,0.167,2,2,1,2,1,3,2,0,0,3,5,7,-22,1,2026,regular-season,1643420,Laura Juskaite,10.6,p
22026,1611661313,NYL,New York Liberty,1022600035,2026-05-21,NYL vs. GSV,L,15,0,3,0,0,2,0,0,0,NA,0,0,0,0,1,0,0,4,0,-6,1,2026,regular-season,1643525,Alex Fowler,3,p
22026,1611661317,PHX,Phoenix Mercury,1022600037,2026-05-21,PHX vs. LAS,L,30,3,7,0.429,1,5,0.2,2,2,1,2,3,5,1,3,1,1,1,9,-1,1,2026,regular-season,201886,DeWanna Bonner,27.5,p
22026,1611661320,LAS,Los Angeles Sparks,1022600037,2026-05-21,LAS @ PHX,W,26,2,4,0.5,1,2,0.5,0,0,NA,0,1,1,4,0,0,2,5,5,-3,1,2026,regular-season,204365,Erica Wheeler,10.2,p
22026,1611661320,LAS,Los Angeles Sparks,1022600037,2026-05-21,LAS @ PHX,W,34,6,14,0.429,4,10,0.4,0,0,NA,0,1,1,7,1,0,4,2,16,14,1,2026,regular-season,1628276,Kelsey Plum,26.7,p
22026,1611661320,LAS,Los Angeles Sparks,1022600037,2026-05-21,LAS @ PHX,W,19,3,6,0.5,1,2,0.5,5,6,0.833,1,4,5,1,1,3,6,4,12,-1,1,2026,regular-season,1642287,Cameron Brink,25.5,p
22026,1611661324,MIN,Minnesota Lynx,1022600036,2026-05-21,MIN vs. TOR,W,22,6,12,0.5,4,7,0.571,0,0,NA,2,1,3,3,1,1,0,3,16,11,1,2026,regular-season,1630471,Maya Caldwell,30.1,p
22026,1611661324,MIN,Minnesota Lynx,1022600036,2026-05-21,MIN vs. TOR,W,19,3,5,0.6,1,2,0.5,2,4,0.5,2,5,7,0,1,0,1,0,9,9,1,2026,regular-season,1642820,Liatu King,19.4,p
22026,1611661331,GSV,Golden State Valkyries,1022600035,2026-05-21,GSV @ NYL,W,21,4,11,0.364,4,6,0.667,4,6,0.667,0,2,2,2,0,0,0,3,16,15,1,2026,regular-season,1628931,Gabby Williams,21.4,p
22026,1611661331,GSV,Golden State Valkyries,1022600035,2026-05-21,GSV @ NYL,W,27,5,14,0.357,3,6,0.5,0,1,0,1,3,4,7,0,0,1,2,13,25,1,2026,regular-season,1631007,Veronica Burton,27.3,p
22026,1611661332,TOR,Toronto Tempo,1022600036,2026-05-21,TOR @ MIN,L,20,2,7,0.286,1,4,0.25,1,1,1,1,2,3,4,0,0,1,2,6,-14,1,2026,regular-season,1628279,Brittney Sykes,14.6,p
22026,1611661313,NYL,New York Liberty,1022600035,2026-05-21,NYL vs. GSV,L,16,2,8,0.25,1,3,0.333,0,0,NA,0,4,4,2,0,1,2,3,5,-4,1,2026,regular-season,1630149,Satou Sabally,13.8,p
22026,1611661317,PHX,Phoenix Mercury,1022600037,2026-05-21,PHX vs. LAS,L,11,1,2,0.5,1,1,1,0,0,NA,0,0,0,1,0,0,1,1,3,-2,1,2026,regular-season,1630461,Kiana Williams,3.5,p
22026,1611661324,MIN,Minnesota Lynx,1022600036,2026-05-21,MIN vs. TOR,W,14,2,4,0.5,0,0,NA,1,2,0.5,2,2,4,0,2,1,2,1,5,16,1,2026,regular-season,1642797,Anastasiia Olairi Kosu,16.8,p
22026,1611661324,MIN,Minnesota Lynx,1022600036,2026-05-21,MIN vs. TOR,W,5,0,1,0,0,0,NA,4,6,0.667,2,4,6,2,0,0,2,0,4,4,1,2026,regular-season,1643490,Eliska Hamzova,12.2,p
22026,1611661331,GSV,Golden State Valkyries,1022600035,2026-05-21,GSV @ NYL,W,14,2,7,0.286,1,4,0.25,4,4,1,0,1,1,2,0,0,0,1,9,3,1,2026,regular-season,203026,Tiffany Hayes,13.2,p
22026,1611661331,GSV,Golden State Valkyries,1022600035,2026-05-21,GSV @ NYL,W,3,0,1,0,0,1,0,0,0,NA,0,0,0,0,0,0,0,1,0,-4,1,2026,regular-season,1631039,Miela Sowah,0,p
22026,1611661331,GSV,Golden State Valkyries,1022600035,2026-05-21,GSV @ NYL,W,13,2,3,0.667,0,0,NA,1,2,0.5,1,7,8,0,1,0,1,1,5,9,1,2026,regular-season,1641656,Laeticia Amihere,16.6,p
22026,1611661332,TOR,Toronto Tempo,1022600036,2026-05-21,TOR @ MIN,L,19,1,9,0.111,0,8,0,1,1,1,1,1,2,1,2,0,4,2,3,-21,1,2026,regular-season,1629497,Marina Mabrey,8.9,p
22026,1611661332,TOR,Toronto Tempo,1022600036,2026-05-21,TOR @ MIN,L,11,2,5,0.4,0,0,NA,0,0,NA,1,0,1,1,1,2,1,3,4,-2,1,2026,regular-season,1630108,Mariella Fasoula,14.7,p
22026,1611661332,TOR,Toronto Tempo,1022600036,2026-05-21,TOR @ MIN,L,14,4,6,0.667,0,1,0,0,0,NA,0,1,1,1,0,0,0,2,8,-11,1,2026,regular-season,1631263,Nikolina Milic,10.7,p
22026,1611661313,NYL,New York Liberty,1022600035,2026-05-21,NYL vs. GSV,L,19,4,5,0.8,1,2,0.5,3,4,0.75,0,2,2,0,0,1,1,1,12,-10,1,2026,regular-season,203822,Rebekah Gardner,16.4,p
22026,1611661313,NYL,New York Liberty,1022600035,2026-05-21,NYL vs. GSV,L,30,7,13,0.538,0,1,0,4,6,0.667,2,7,9,2,0,1,1,2,18,-14,1,2026,regular-season,1627668,Breanna Stewart,33.8,p
22026,1611661317,PHX,Phoenix Mercury,1022600037,2026-05-21,PHX vs. LAS,L,36,7,20,0.35,1,7,0.143,7,10,0.7,0,5,5,2,0,0,4,2,22,-14,1,2026,regular-season,1627674,Kahleah Copper,27,p
22026,1611661317,PHX,Phoenix Mercury,1022600037,2026-05-21,PHX vs. LAS,L,28,4,6,0.667,0,0,NA,2,3,0.667,6,3,9,2,2,0,1,4,10,3,1,2026,regular-season,1630442,Natasha Mack,28.8,p
22026,1611661320,LAS,Los Angeles Sparks,1022600037,2026-05-21,LAS @ PHX,W,11,0,0,NA,0,0,NA,2,2,1,0,1,1,1,1,0,0,3,2,9,1,2026,regular-season,1630148,Jihyun Park,7.7,p
22026,1611661320,LAS,Los Angeles Sparks,1022600037,2026-05-21,LAS @ PHX,W,2,0,1,0,0,1,0,0,0,NA,0,0,0,1,0,0,0,1,0,-3,1,2026,regular-season,1643462,Chance Gray,1.5,p
22026,1611661324,MIN,Minnesota Lynx,1022600036,2026-05-21,MIN vs. TOR,W,29,6,15,0.4,3,8,0.375,0,0,NA,0,8,8,3,0,0,0,2,15,18,1,2026,regular-season,1627675,Courtney Williams,29.1,p
22026,1611661324,MIN,Minnesota Lynx,1022600036,2026-05-21,MIN vs. TOR,W,23,6,10,0.6,0,1,0,2,2,1,0,4,4,5,1,1,2,0,14,22,1,2026,regular-season,1643426,Olivia Miles,30.3,p
22026,1611661332,TOR,Toronto Tempo,1022600036,2026-05-21,TOR @ MIN,L,27,6,13,0.462,6,11,0.545,5,6,0.833,1,3,4,2,1,0,1,1,23,-15,1,2026,regular-season,1628915,Kia Nurse,32.8,p
22026,1611661332,TOR,Toronto Tempo,1022600036,2026-05-21,TOR @ MIN,L,20,1,6,0.167,1,4,0.25,0,0,NA,0,1,1,1,0,0,1,3,3,-20,1,2026,regular-season,1629576,Maria Conde,4.7,p
22026,1611661313,NYL,New York Liberty,1022600035,2026-05-21,NYL vs. GSV,L,25,3,5,0.6,1,1,1,0,0,NA,0,5,5,2,0,0,0,4,7,-12,1,2026,regular-season,1631136,Pauline Astier,16,p
22026,1611661313,NYL,New York Liberty,1022600035,2026-05-21,NYL vs. GSV,L,16,1,3,0.333,0,2,0,0,0,NA,0,2,2,8,0,0,4,3,2,-4,1,2026,regular-season,1642210,Julie Vanloo,12.4,p
22026,1611661317,PHX,Phoenix Mercury,1022600037,2026-05-21,PHX vs. LAS,L,35,7,13,0.538,0,0,NA,9,11,0.818,2,5,7,7,2,0,3,2,23,-5,1,2026,regular-season,203826,Alyssa Thomas,44.9,p
22026,1611661317,PHX,Phoenix Mercury,1022600037,2026-05-21,PHX vs. LAS,L,6,0,2,0,0,0,NA,0,0,NA,0,2,2,0,0,0,0,2,0,-1,1,2026,regular-season,204468,Valeriane Ayayi,2.4,p
22026,1611661317,PHX,Phoenix Mercury,1022600037,2026-05-21,PHX vs. LAS,L,0,0,0,NA,0,0,NA,0,0,NA,0,0,0,0,0,0,0,0,0,-3,1,2026,regular-season,1643487,Quionche Carter,0,p
22026,1611661317,PHX,Phoenix Mercury,1022600037,2026-05-21,PHX vs. LAS,L,15,0,4,0,0,2,0,0,0,NA,1,2,3,1,0,1,2,1,0,-4,1,2026,regular-season,1643493,Noemie Brochant,6.1,p
22026,1611661317,PHX,Phoenix Mercury,1022600037,2026-05-21,PHX vs. LAS,L,30,5,11,0.455,3,6,0.5,2,3,0.667,0,1,1,3,1,0,1,5,15,-5,1,2026,regular-season,1643505,Jovana Nogic,22.7,p
22026,1611661320,LAS,Los Angeles Sparks,1022600037,2026-05-21,LAS @ PHX,W,31,5,11,0.455,2,2,1,0,0,NA,1,5,6,2,1,0,1,0,12,6,1,2026,regular-season,203014,Nneka Ogwumike,24.2,p
22026,1611661320,LAS,Los Angeles Sparks,1022600037,2026-05-21,LAS @ PHX,W,24,4,8,0.5,3,7,0.429,0,1,0,0,1,1,2,3,1,2,5,11,2,1,2026,regular-season,1628878,Ariel Atkins,25.2,p
22026,1611661324,MIN,Minnesota Lynx,1022600036,2026-05-21,MIN vs. TOR,W,25,4,4,1,0,0,NA,0,0,NA,1,2,3,2,1,0,1,1,8,11,1,2026,regular-season,1628269,Nia Coffey,16.6,p
22026,1611661324,MIN,Minnesota Lynx,1022600036,2026-05-21,MIN vs. TOR,W,18,1,3,0.333,1,3,0.333,0,0,NA,1,0,1,4,0,0,1,3,3,10,1,2026,regular-season,1643489,Antonia Delaere,9.2,p
22026,1611661331,GSV,Golden State Valkyries,1022600035,2026-05-21,GSV @ NYL,W,26,3,11,0.273,2,7,0.286,4,5,0.8,3,3,6,1,2,0,1,2,12,5,1,2026,regular-season,1642767,Janelle Salaun,25.7,p
22026,1611661331,GSV,Golden State Valkyries,1022600035,2026-05-21,GSV @ NYL,W,1,0,0,NA,0,0,NA,0,0,NA,0,0,0,0,0,0,0,0,0,-3,1,2026,regular-season,1643479,Ndjakalenga Mwenentanda,0,p
22026,1611661332,TOR,Toronto Tempo,1022600036,2026-05-21,TOR @ MIN,L,23,1,6,0.167,1,3,0.333,0,0,NA,0,1,1,3,0,0,1,3,3,-11,1,2026,regular-season,1631118,Lexi Held,7.7,p
22026,1611661332,TOR,Toronto Tempo,1022600036,2026-05-21,TOR @ MIN,L,16,2,5,0.4,0,1,0,0,0,NA,2,1,3,0,1,1,1,1,4,-12,1,2026,regular-season,1643457,Teonni Key,12.6,p
22026,1611661332,TOR,Toronto Tempo,1022600036,2026-05-21,TOR @ MIN,L,23,3,7,0.429,2,3,0.667,3,4,0.75,1,5,6,4,0,0,0,1,11,-12,1,2026,regular-season,1643445,Kiki Rice,24.2,p
22026,1611661321,DAL,Dallas Wings,1022600038,2026-05-22,DAL @ ATL,L,10,1,3,0.333,0,2,0,0,0,NA,2,0,2,0,0,0,0,2,2,-13,1,2026,regular-season,1629501,Alanna Smith,4.4,p
22026,1611661321,DAL,Dallas Wings,1022600038,2026-05-22,DAL @ ATL,L,21,3,9,0.333,1,4,0.25,0,0,NA,0,1,1,0,1,3,0,1,7,-1,1,2026,regular-season,1643425,Azzi Fudd,20.2,p
22026,1611661323,CON,Connecticut Sun,1022600040,2026-05-22,CON @ SEA,L,25,3,9,0.333,1,5,0.2,0,1,0,2,1,3,1,1,1,2,2,7,-1,1,2026,regular-season,1629568,Kennedy Burke,16.1,p
22026,1611661323,CON,Connecticut Sun,1022600040,2026-05-22,CON @ SEA,L,11,2,5,0.4,0,3,0,0,0,NA,0,1,1,0,0,0,0,3,4,3,1,2026,regular-season,1643429,Gianna Kneepkens,5.2,p
22026,1611661323,CON,Connecticut Sun,1022600040,2026-05-22,CON @ SEA,L,9,0,1,0,0,1,0,0,0,NA,0,1,1,0,0,0,0,0,0,-15,1,2026,regular-season,1643437,Ashlon Jackson,1.2,p
22026,1611661325,IND,Indiana Fever,1022600039,2026-05-22,IND vs. GSV,W,11,1,2,0.5,0,0,NA,0,0,NA,1,2,3,0,1,0,1,2,2,3,1,2026,regular-season,1628881,Monique Billings,7.6,p
22026,1611661328,SEA,Seattle Storm,1022600040,2026-05-22,SEA vs. CON,W,22,4,9,0.444,0,2,0,0,0,NA,0,4,4,0,3,0,1,2,8,18,1,2026,regular-season,1641651,Jordan Horston,20.8,p
22026,1611661330,ATL,Atlanta Dream,1022600038,2026-05-22,ATL vs. DAL,W,34,7,14,0.5,0,3,0,2,2,1,1,3,4,1,1,1,1,1,16,12,1,2026,regular-season,1628277,Allisha Gray,27.3,p
22026,1611661330,ATL,Atlanta Dream,1022600038,2026-05-22,ATL vs. DAL,W,1,0,0,NA,0,0,NA,0,0,NA,0,0,0,0,0,0,0,0,0,0,1,2026,regular-season,1642801,Aaliyah Nye,0,p
22026,1611661330,ATL,Atlanta Dream,1022600038,2026-05-22,ATL vs. DAL,W,13,3,4,0.75,3,3,1,0,0,NA,0,2,2,2,0,0,2,0,9,4,1,2026,regular-season,1642804,Te-Hina Paopao,12.4,p
22026,1611661331,GSV,Golden State Valkyries,1022600039,2026-05-22,GSV @ IND,L,27,3,5,0.6,1,2,0.5,3,3,1,0,2,2,0,1,0,1,3,10,-9,1,2026,regular-season,203866,Kayla Thornton,14.4,p
22026,1611661331,GSV,Golden State Valkyries,1022600039,2026-05-22,GSV @ IND,L,23,0,6,0,0,3,0,4,4,1,2,5,7,1,0,0,2,4,4,-9,1,2026,regular-season,1630097,Kaila Charles,11.9,p
22026,1611661331,GSV,Golden State Valkyries,1022600039,2026-05-22,GSV @ IND,L,21,1,8,0.125,0,4,0,2,2,1,1,1,2,0,1,0,0,1,4,-6,1,2026,regular-season,1642767,Janelle Salaun,9.4,p
22026,1611661321,DAL,Dallas Wings,1022600038,2026-05-22,DAL @ ATL,L,4,0,1,0,0,1,0,0,0,NA,0,0,0,0,0,1,1,0,0,0,1,2026,regular-season,202252,Alysha Clark,2,p
22026,1611661321,DAL,Dallas Wings,1022600038,2026-05-22,DAL @ ATL,L,21,5,6,0.833,1,2,0.5,3,3,1,0,1,1,5,2,0,1,2,14,4,1,2026,regular-season,203824,Odyssey Sims,27.7,p
22026,1611661321,DAL,Dallas Wings,1022600038,2026-05-22,DAL @ ATL,L,31,5,11,0.455,0,1,0,0,0,NA,6,5,11,2,0,0,3,3,10,-26,1,2026,regular-season,1629491,Jessica Shepard,23.2,p
22026,1611661321,DAL,Dallas Wings,1022600038,2026-05-22,DAL @ ATL,L,17,2,8,0.25,1,1,1,0,0,NA,2,0,2,1,0,1,0,1,5,-4,1,2026,regular-season,1641652,Maddy Siegrist,11.9,p
22026,1611661325,IND,Indiana Fever,1022600039,2026-05-22,IND vs. GSV,W,24,2,5,0.4,2,4,0.5,1,4,0.25,1,3,4,2,0,0,1,4,7,10,1,2026,regular-season,1631086,Lexie Hull,13.8,p
22026,1611661325,IND,Indiana Fever,1022600039,2026-05-22,IND vs. GSV,W,29,8,15,0.533,1,3,0.333,3,4,0.75,4,12,16,3,2,0,2,3,20,15,1,2026,regular-season,1641648,Aliyah Boston,47.7,p
22026,1611661325,IND,Indiana Fever,1022600039,2026-05-22,IND vs. GSV,W,32,7,15,0.467,4,9,0.444,4,5,0.8,0,2,2,9,1,1,6,5,22,7,1,2026,regular-season,1642286,Caitlin Clark,37.9,p
22026,1611661328,SEA,Seattle Storm,1022600040,2026-05-22,SEA vs. CON,W,27,4,10,0.4,1,4,0.25,2,2,1,0,2,2,6,0,0,1,2,11,12,1,2026,regular-season,1629567,Natisha Hiedeman,21.4,p
22026,1611661330,ATL,Atlanta Dream,1022600038,2026-05-22,ATL vs. DAL,W,4,1,2,0.5,0,0,NA,0,0,NA,0,1,1,0,0,0,0,0,2,9,1,2026,regular-season,1631021,Sika Kone,3.2,p
22026,1611661330,ATL,Atlanta Dream,1022600038,2026-05-22,ATL vs. DAL,W,5,1,3,0.333,0,1,0,0,0,NA,0,1,1,1,0,0,0,2,2,0,1,2026,regular-season,1643469,Indya Nivar,4.7,p
22026,1611661321,DAL,Dallas Wings,1022600038,2026-05-22,DAL @ ATL,L,31,3,13,0.231,1,6,0.167,0,2,0,0,1,1,7,2,0,3,4,7,-25,1,2026,regular-season,1642784,Paige Bueckers,21.7,p
22026,1611661321,DAL,Dallas Wings,1022600038,2026-05-22,DAL @ ATL,L,18,2,6,0.333,1,4,0.25,1,2,0.5,0,4,4,5,3,1,1,3,6,-2,1,2026,regular-season,1642793,Aziaha James,29.3,p
22026,1611661323,CON,Connecticut Sun,1022600040,2026-05-22,CON @ SEA,L,23,3,6,0.5,0,1,0,7,8,0.875,0,3,3,2,2,0,3,2,13,-6,1,2026,regular-season,1641649,Diamond Miller,22.6,p
22026,1611661323,CON,Connecticut Sun,1022600040,2026-05-22,CON @ SEA,L,21,1,6,0.167,0,1,0,0,2,0,0,2,2,2,1,1,2,0,2,-17,1,2026,regular-season,1642809,Saniya Rivers,11.4,p
22026,1611661325,IND,Indiana Fever,1022600039,2026-05-22,IND vs. GSV,W,15,3,5,0.6,1,2,0.5,0,0,NA,0,2,2,2,0,0,2,4,7,5,1,2026,regular-season,1643433,Raven Johnson,10.4,p
22026,1611661328,SEA,Seattle Storm,1022600040,2026-05-22,SEA vs. CON,W,13,1,1,1,1,1,1,0,0,NA,0,1,1,0,0,0,1,1,3,3,1,2026,regular-season,1628882,Lexie Brown,3.2,p
22026,1611661328,SEA,Seattle Storm,1022600040,2026-05-22,SEA vs. CON,W,15,1,4,0.25,0,1,0,0,0,NA,1,4,5,1,0,3,2,1,2,-2,1,2026,regular-season,1630115,Joyner Holmes,16.5,p
22026,1611661328,SEA,Seattle Storm,1022600040,2026-05-22,SEA vs. CON,W,18,0,2,0,0,0,NA,2,4,0.5,2,4,6,1,0,1,1,4,2,-4,1,2026,regular-season,1642307,Mackenzie Holmes,12.7,p
22026,1611661328,SEA,Seattle Storm,1022600040,2026-05-22,SEA vs. CON,W,4,0,0,NA,0,0,NA,0,0,NA,1,0,1,0,0,0,0,0,0,-1,1,2026,regular-season,1642814,Taylor Thierry,1.2,p
22026,1611661330,ATL,Atlanta Dream,1022600038,2026-05-22,ATL vs. DAL,W,35,3,6,0.5,0,3,0,0,0,NA,0,3,3,2,0,0,4,2,6,13,1,2026,regular-season,1631044,Naz Hillmon,8.6,p
22026,1611661330,ATL,Atlanta Dream,1022600038,2026-05-22,ATL vs. DAL,W,2,1,1,1,0,0,NA,0,0,NA,0,1,1,0,0,0,0,1,2,4,1,2026,regular-season,1642302,Isobel Borlase,3.2,p
22026,1611661331,GSV,Golden State Valkyries,1022600039,2026-05-22,GSV @ IND,L,26,7,13,0.538,2,2,1,3,3,1,0,2,2,2,1,0,2,3,19,-1,1,2026,regular-season,203026,Tiffany Hayes,25.4,p
22026,1611661331,GSV,Golden State Valkyries,1022600039,2026-05-22,GSV @ IND,L,29,4,12,0.333,2,5,0.4,7,8,0.875,0,3,3,3,0,2,3,5,17,-5,1,2026,regular-season,1631007,Veronica Burton,28.1,p
22026,1611661331,GSV,Golden State Valkyries,1022600039,2026-05-22,GSV @ IND,L,11,1,3,0.333,0,0,NA,0,2,0,4,0,4,1,0,0,1,3,2,0,1,2026,regular-season,1641656,Laeticia Amihere,7.3,p
22026,1611661321,DAL,Dallas Wings,1022600038,2026-05-22,DAL @ ATL,L,25,1,11,0.091,0,5,0,0,0,NA,0,0,0,1,0,1,2,2,2,-27,1,2026,regular-season,1629481,Arike Ogunbowale,4.5,p
22026,1611661321,DAL,Dallas Wings,1022600038,2026-05-22,DAL @ ATL,L,5,0,0,NA,0,0,NA,0,0,NA,0,0,0,0,0,0,0,0,0,1,1,2026,regular-season,1629574,Li Yueru,0,p
22026,1611661321,DAL,Dallas Wings,1022600038,2026-05-22,DAL @ ATL,L,17,6,6,1,2,2,1,2,5,0.4,0,4,4,0,1,1,3,0,16,8,1,2026,regular-season,1630386,Awak Kuier,23.8,p
22026,1611661323,CON,Connecticut Sun,1022600040,2026-05-22,CON @ SEA,L,10,2,5,0.4,1,1,1,0,0,NA,0,0,0,1,0,0,1,0,5,-12,1,2026,regular-season,1642817,Hailey Van Lith,5.5,p
22026,1611661325,IND,Indiana Fever,1022600039,2026-05-22,IND vs. GSV,W,31,4,10,0.4,0,3,0,11,11,1,0,0,0,3,0,0,1,1,19,6,1,2026,regular-season,1628909,Kelsey Mitchell,22.5,p
22026,1611661325,IND,Indiana Fever,1022600039,2026-05-22,IND vs. GSV,W,2,0,0,NA,0,0,NA,0,0,NA,0,0,0,0,0,0,1,1,0,-1,1,2026,regular-season,1630112,Tyasha Harris,-1,p
22026,1611661325,IND,Indiana Fever,1022600039,2026-05-22,IND vs. GSV,W,2,0,0,NA,0,0,NA,0,0,NA,0,0,0,0,0,0,0,0,0,-2,1,2026,regular-season,1643453,Grace VanSlooten,0,p
22026,1611661328,SEA,Seattle Storm,1022600040,2026-05-22,SEA vs. CON,W,25,2,3,0.667,1,1,1,0,0,NA,0,4,4,4,1,0,1,3,5,24,1,2026,regular-season,203828,Stefanie Dolson,17.8,p
22026,1611661328,SEA,Seattle Storm,1022600040,2026-05-22,SEA vs. CON,W,24,7,14,0.5,2,6,0.333,9,10,0.9,2,3,5,1,1,0,2,1,25,18,1,2026,regular-season,1641660,Zia Cooke,33.5,p
22026,1611661331,GSV,Golden State Valkyries,1022600039,2026-05-22,GSV @ IND,L,22,2,8,0.25,0,3,0,2,2,1,0,0,0,3,4,0,3,0,6,-5,1,2026,regular-season,1628931,Gabby Williams,19.5,p
22026,1611661331,GSV,Golden State Valkyries,1022600039,2026-05-22,GSV @ IND,L,19,7,11,0.636,2,2,1,2,3,0.667,0,1,1,0,1,0,1,2,18,-4,1,2026,regular-season,1642822,Kaitlyn Chen,21.2,p
22026,1611661323,CON,Connecticut Sun,1022600040,2026-05-22,CON @ SEA,L,24,5,11,0.455,0,0,NA,0,0,NA,2,5,7,2,2,1,1,3,10,-3,1,2026,regular-season,1642290,Aaliyah Edwards,29.4,p
22026,1611661323,CON,Connecticut Sun,1022600040,2026-05-22,CON @ SEA,L,18,3,5,0.6,1,1,1,0,1,0,1,5,6,0,0,0,2,2,7,-25,1,2026,regular-season,1642800,Aneesah Morrow,12.2,p
22026,1611661323,CON,Connecticut Sun,1022600040,2026-05-22,CON @ SEA,L,14,2,4,0.5,0,1,0,0,0,NA,1,3,4,1,1,0,1,2,4,-5,1,2026,regular-season,1643441,Raegan Beers,12.3,p
22026,1611661325,IND,Indiana Fever,1022600039,2026-05-22,IND vs. GSV,W,13,0,2,0,0,0,NA,2,2,1,0,2,2,2,1,1,3,2,2,0,1,2026,regular-season,1628899,Myisha Hines-Allen,10.4,p
22026,1611661325,IND,Indiana Fever,1022600039,2026-05-22,IND vs. GSV,W,28,4,8,0.5,2,5,0.4,1,3,0.333,0,0,0,1,1,0,1,4,11,0,1,2026,regular-season,1629482,Sophie Cunningham,14.5,p
22026,1611661330,ATL,Atlanta Dream,1022600038,2026-05-22,ATL vs. DAL,W,35,7,12,0.583,2,3,0.667,9,9,1,0,4,4,8,4,2,2,1,25,18,1,2026,regular-season,1631009,Rhyne Howard,57.8,p
22026,1611661330,ATL,Atlanta Dream,1022600038,2026-05-22,ATL vs. DAL,W,32,7,11,0.636,0,0,NA,1,2,0.5,3,6,9,2,0,0,5,3,15,12,1,2026,regular-season,1642291,Angel Reese,23.8,p
22026,1611661330,ATL,Atlanta Dream,1022600038,2026-05-22,ATL vs. DAL,W,8,0,0,NA,0,0,NA,0,0,NA,0,5,5,0,0,1,2,0,0,0,1,2026,regular-season,1643431,Madina Okot,7,p
22026,1611661331,GSV,Golden State Valkyries,1022600039,2026-05-22,GSV @ IND,L,23,1,4,0.25,0,1,0,0,0,NA,3,4,7,1,1,1,1,3,2,-1,1,2026,regular-season,204329,Kiah Stokes,16.9,p
22026,1611661323,CON,Connecticut Sun,1022600040,2026-05-22,CON @ SEA,L,14,0,1,0,0,0,NA,2,2,1,1,2,3,1,0,0,0,3,2,-3,1,2026,regular-season,1643448,Nell Angloma,7.1,p
22026,1611661323,CON,Connecticut Sun,1022600040,2026-05-22,CON @ SEA,L,30,2,9,0.222,1,3,0.333,0,0,NA,1,2,3,5,2,0,0,1,5,-6,1,2026,regular-season,1643449,Charlisse Leger-Walker,22.1,p
22026,1611661325,IND,Indiana Fever,1022600039,2026-05-22,IND vs. GSV,W,12,0,1,0,0,0,NA,0,0,NA,2,3,5,0,1,0,0,0,0,-3,1,2026,regular-season,1642815,Makayla Timpson,9,p
22026,1611661328,SEA,Seattle Storm,1022600040,2026-05-22,SEA vs. CON,W,20,2,5,0.4,0,0,NA,0,1,0,0,3,3,4,2,0,1,2,4,4,1,2026,regular-season,1631141,Jade Melbourne,18.6,p
22026,1611661328,SEA,Seattle Storm,1022600040,2026-05-22,SEA vs. CON,W,31,7,12,0.583,3,6,0.5,0,0,NA,0,7,7,5,0,3,5,2,17,18,1,2026,regular-season,1643428,Flau'jae Johnson,36.9,p
22026,1611661330,ATL,Atlanta Dream,1022600038,2026-05-22,ATL vs. DAL,W,30,4,9,0.444,1,2,0.5,0,0,NA,1,4,5,6,1,0,1,2,9,13,1,2026,regular-season,1628886,Jordin Canada,26,p
22026,1611661319,LVA,Las Vegas Aces,1022600043,2026-05-23,LVA vs. LAS,L,16,1,2,0.5,0,1,0,0,0,NA,2,1,3,1,0,0,0,2,2,-23,1,2026,regular-season,203855,Stephanie Talbot,7.1,p
22026,1611661319,LVA,Las Vegas Aces,1022600043,2026-05-23,LVA vs. LAS,L,35,8,20,0.4,2,4,0.5,6,6,1,2,13,15,4,2,4,3,1,24,-3,1,2026,regular-season,1628932,A'ja Wilson,63,p
22026,1611661319,LVA,Las Vegas Aces,1022600043,2026-05-23,LVA vs. LAS,L,26,8,13,0.615,4,4,1,3,4,0.75,2,1,3,3,1,1,3,3,23,15,1,2026,regular-season,1630150,Chennedy Carter,34.1,p
22026,1611661324,MIN,Minnesota Lynx,1022600041,2026-05-23,MIN @ CHI,W,33,8,18,0.444,0,1,0,1,1,1,2,6,8,3,3,2,2,3,17,12,1,2026,regular-season,1627675,Courtney Williams,44.1,p
22026,1611661324,MIN,Minnesota Lynx,1022600041,2026-05-23,MIN @ CHI,W,13,0,2,0,0,1,0,2,2,1,1,2,3,2,0,0,1,3,2,0,1,2026,regular-season,1630471,Maya Caldwell,7.6,p
22026,1611661327,PDX,Portland Fire,1022600042,2026-05-23,PDX @ TOR,W,20,6,8,0.75,2,3,0.667,0,0,NA,2,2,4,0,0,1,0,3,14,-1,1,2026,regular-season,1629484,Megan DiLeo,21.8,p
22026,1611661327,PDX,Portland Fire,1022600042,2026-05-23,PDX @ TOR,W,1,0,0,NA,0,0,NA,0,0,NA,0,0,0,0,0,0,0,0,0,-3,1,2026,regular-season,1641683,Holly Winterburn,0,p
22026,1611661327,PDX,Portland Fire,1022600042,2026-05-23,PDX @ TOR,W,14,3,6,0.5,0,0,NA,2,2,1,1,2,3,0,2,1,0,2,8,-2,1,2026,regular-season,1643436,Serah Williams,20.6,p
22026,1611661329,CHI,Chicago Sky,1022600041,2026-05-23,CHI vs. MIN,L,18,2,7,0.286,0,0,NA,0,2,0,2,1,3,1,1,0,0,1,4,1,1,2026,regular-season,204322,Elizabeth Williams,12.1,p
22026,1611661329,CHI,Chicago Sky,1022600041,2026-05-23,CHI vs. MIN,L,16,3,10,0.3,0,3,0,0,0,NA,0,3,3,1,1,1,2,1,6,-5,1,2026,regular-season,1628922,Azura Stevens,15.1,p
22026,1611661332,TOR,Toronto Tempo,1022600042,2026-05-23,TOR vs. PDX,L,23,3,9,0.333,1,5,0.2,1,2,0.5,2,3,5,1,0,0,1,2,8,-21,1,2026,regular-season,1629576,Maria Conde,14.5,p
22026,1611661332,TOR,Toronto Tempo,1022600042,2026-05-23,TOR vs. PDX,L,20,1,3,0.333,0,1,0,1,1,1,0,2,2,1,0,0,1,3,3,-5,1,2026,regular-season,1643420,Laura Juskaite,5.9,p
22026,1611661319,LVA,Las Vegas Aces,1022600043,2026-05-23,LVA vs. LAS,L,37,6,14,0.429,0,5,0,0,0,NA,0,2,2,7,1,2,3,3,12,-7,1,2026,regular-season,203833,Chelsea Gray,30.9,p
22026,1611661320,LAS,Los Angeles Sparks,1022600043,2026-05-23,LAS @ LVA,W,37,12,17,0.706,6,7,0.857,8,8,1,0,4,4,9,1,0,3,4,38,11,1,2026,regular-season,1628276,Kelsey Plum,56.3,p
22026,1611661324,MIN,Minnesota Lynx,1022600041,2026-05-23,MIN @ CHI,W,11,1,3,0.333,1,1,1,0,0,NA,0,1,1,0,0,0,0,0,3,6,1,2026,regular-season,1643489,Antonia Delaere,4.2,p
22026,1611661327,PDX,Portland Fire,1022600042,2026-05-23,PDX @ TOR,W,28,5,10,0.5,4,8,0.5,1,2,0.5,0,2,2,3,2,0,2,5,15,25,1,2026,regular-season,1629524,Bridget Carleton,25.9,p
22026,1611661327,PDX,Portland Fire,1022600042,2026-05-23,PDX @ TOR,W,17,1,4,0.25,1,1,1,0,0,NA,0,1,1,9,0,0,2,2,3,7,1,2026,regular-season,1643506,Teja Oblak,15.7,p
22026,1611661329,CHI,Chicago Sky,1022600041,2026-05-23,CHI vs. MIN,L,32,2,6,0.333,0,2,0,2,3,0.667,0,2,2,1,1,1,3,3,6,-7,1,2026,regular-season,204333,Natasha Cloud,12.9,p
22026,1611661329,CHI,Chicago Sky,1022600041,2026-05-23,CHI vs. MIN,L,23,4,6,0.667,0,0,NA,9,9,1,2,5,7,0,1,0,1,4,17,-10,1,2026,regular-season,1642289,Kamilla Cardoso,27.4,p
22026,1611661320,LAS,Los Angeles Sparks,1022600043,2026-05-23,LAS @ LVA,W,1,0,0,NA,0,0,NA,0,0,NA,0,0,0,0,0,0,0,1,0,1,1,2026,regular-season,1628242,Emma Cannon,0,p
22026,1611661320,LAS,Los Angeles Sparks,1022600043,2026-05-23,LAS @ LVA,W,24,7,11,0.636,2,5,0.4,0,1,0,4,4,8,0,1,1,6,6,16,8,1,2026,regular-season,1642287,Cameron Brink,25.6,p
22026,1611661320,LAS,Los Angeles Sparks,1022600043,2026-05-23,LAS @ LVA,W,6,0,0,NA,0,0,NA,0,0,NA,0,0,0,1,0,0,0,1,0,9,1,2026,regular-season,1642324,Kate Martin,1.5,p
22026,1611661324,MIN,Minnesota Lynx,1022600041,2026-05-23,MIN @ CHI,W,33,11,15,0.733,0,0,NA,4,5,0.8,5,9,14,5,0,0,3,5,26,16,1,2026,regular-season,203827,Natasha Howard,47.3,p
22026,1611661324,MIN,Minnesota Lynx,1022600041,2026-05-23,MIN @ CHI,W,25,3,11,0.273,1,7,0.143,1,1,1,2,5,7,0,0,2,4,3,8,7,1,2026,regular-season,1628269,Nia Coffey,18.4,p
22026,1611661324,MIN,Minnesota Lynx,1022600041,2026-05-23,MIN @ CHI,W,10,0,1,0,0,0,NA,0,2,0,1,3,4,0,1,3,2,3,0,-6,1,2026,regular-season,1642820,Liatu King,14.8,p
22026,1611661324,MIN,Minnesota Lynx,1022600041,2026-05-23,MIN @ CHI,W,33,4,14,0.286,0,2,0,6,7,0.857,1,8,9,5,2,0,5,3,14,8,1,2026,regular-season,1643426,Olivia Miles,33.3,p
22026,1611661327,PDX,Portland Fire,1022600042,2026-05-23,PDX @ TOR,W,24,2,8,0.25,1,3,0.333,0,0,NA,2,1,3,1,1,0,2,2,5,9,1,2026,regular-season,1642296,Nyadiew Puoch,11.1,p
22026,1611661327,PDX,Portland Fire,1022600042,2026-05-23,PDX @ TOR,W,13,1,2,0.5,1,2,0.5,2,2,1,1,1,2,1,0,0,0,0,5,-3,1,2026,regular-season,1643494,Frieda Buhner,8.9,p
22026,1611661332,TOR,Toronto Tempo,1022600042,2026-05-23,TOR vs. PDX,L,23,4,6,0.667,1,1,1,0,0,NA,1,2,3,0,0,1,0,1,9,-12,1,2026,regular-season,1631055,Nyara Sabally,15.6,p
22026,1611661332,TOR,Toronto Tempo,1022600042,2026-05-23,TOR vs. PDX,L,8,1,2,0.5,1,1,1,0,0,NA,1,1,2,1,0,0,0,2,3,6,1,2026,regular-season,1631118,Lexi Held,6.9,p
22026,1611661332,TOR,Toronto Tempo,1022600042,2026-05-23,TOR vs. PDX,L,8,0,2,0,0,1,0,1,2,0.5,0,2,2,0,0,0,1,1,1,1,1,2026,regular-season,1631263,Nikolina Milic,2.4,p
22026,1611661332,TOR,Toronto Tempo,1022600042,2026-05-23,TOR vs. PDX,L,30,8,11,0.727,0,1,0,3,4,0.75,2,3,5,3,2,1,1,2,19,-17,1,2026,regular-season,1643445,Kiki Rice,37.5,p
22026,1611661332,TOR,Toronto Tempo,1022600042,2026-05-23,TOR vs. PDX,L,11,2,2,1,0,0,NA,0,0,NA,1,1,2,0,0,1,1,2,4,-6,1,2026,regular-season,1643457,Teonni Key,8.4,p
22026,1611661319,LVA,Las Vegas Aces,1022600043,2026-05-23,LVA vs. LAS,L,8,0,0,NA,0,0,NA,2,2,1,0,1,1,1,0,0,0,2,2,-2,1,2026,regular-season,1629488,Brianna Turner,4.7,p
22026,1611661319,LVA,Las Vegas Aces,1022600043,2026-05-23,LVA vs. LAS,L,28,8,12,0.667,1,2,0.5,5,7,0.714,6,3,9,1,2,1,1,1,22,-1,1,2026,regular-season,1631019,NaLyssa Smith,42.3,p
22026,1611661320,LAS,Los Angeles Sparks,1022600043,2026-05-23,LAS @ LVA,W,7,0,1,0,0,1,0,0,0,NA,0,1,1,1,1,0,0,2,0,0,1,2026,regular-season,1630148,Jihyun Park,5.7,p
22026,1611661327,PDX,Portland Fire,1022600042,2026-05-23,PDX @ TOR,W,19,5,6,0.833,1,1,1,1,3,0.333,1,2,3,1,0,0,0,2,12,13,1,2026,regular-season,1642782,Sarah Ashlee Barker,17.1,p
22026,1611661329,CHI,Chicago Sky,1022600041,2026-05-23,CHI vs. MIN,L,32,4,12,0.333,0,1,0,5,7,0.714,2,4,6,6,1,0,3,3,13,-13,1,2026,regular-season,203400,Skylar Diggins,29.2,p
22026,1611661329,CHI,Chicago Sky,1022600041,2026-05-23,CHI vs. MIN,L,17,2,6,0.333,2,6,0.333,0,0,NA,0,0,0,3,1,0,0,0,6,1,1,2026,regular-season,1627671,Rachel Banham,13.5,p
22026,1611661329,CHI,Chicago Sky,1022600041,2026-05-23,CHI vs. MIN,L,19,2,6,0.333,1,4,0.25,0,0,NA,0,1,1,1,2,0,0,3,5,-9,1,2026,regular-season,1642292,Jacy Sheldon,13.7,p
22026,1611661329,CHI,Chicago Sky,1022600041,2026-05-23,CHI vs. MIN,L,23,1,8,0.125,1,4,0.25,4,4,1,0,4,4,0,2,0,1,3,7,-5,1,2026,regular-season,1643447,Gabriela Jaquez,16.8,p
22026,1611661319,LVA,Las Vegas Aces,1022600043,2026-05-23,LVA vs. LAS,L,29,3,13,0.231,3,11,0.273,1,2,0.5,0,0,0,2,0,0,1,3,10,0,1,2026,regular-season,204319,Jewell Loyd,12,p
22026,1611661319,LVA,Las Vegas Aces,1022600043,2026-05-23,LVA vs. LAS,L,19,0,2,0,0,2,0,0,0,NA,1,2,3,2,0,1,3,5,0,-9,1,2026,regular-season,1629498,Jackie Young,6.6,p
22026,1611661320,LAS,Los Angeles Sparks,1022600043,2026-05-23,LAS @ LVA,W,36,6,12,0.5,1,2,0.5,3,4,0.75,0,5,5,4,1,0,3,6,16,0,1,2026,regular-season,204324,Dearica Hamby,28,p
22026,1611661320,LAS,Los Angeles Sparks,1022600043,2026-05-23,LAS @ LVA,W,30,5,12,0.417,1,5,0.2,0,0,NA,0,3,3,3,1,0,2,1,11,-5,1,2026,regular-season,1628878,Ariel Atkins,20.1,p
22026,1611661320,LAS,Los Angeles Sparks,1022600043,2026-05-23,LAS @ LVA,W,25,3,7,0.429,2,6,0.333,2,2,1,0,2,2,2,1,0,1,1,10,-9,1,2026,regular-season,1630996,Rae Burrell,17.4,p
22026,1611661324,MIN,Minnesota Lynx,1022600041,2026-05-23,MIN @ CHI,W,35,4,9,0.444,2,4,0.5,3,3,1,0,6,6,4,1,0,0,1,13,11,1,2026,regular-season,203825,Kayla McBride,29.2,p
22026,1611661324,MIN,Minnesota Lynx,1022600041,2026-05-23,MIN @ CHI,W,6,1,1,1,0,0,NA,0,0,NA,1,1,2,0,0,0,2,3,2,-4,1,2026,regular-season,1629581,Emese Hof,2.4,p
22026,1611661327,PDX,Portland Fire,1022600042,2026-05-23,PDX @ TOR,W,20,3,7,0.429,0,2,0,0,0,NA,1,4,5,0,0,1,1,1,6,20,1,2026,regular-season,1630143,Luisa Geiselsoder,14,p
22026,1611661327,PDX,Portland Fire,1022600042,2026-05-23,PDX @ TOR,W,22,5,8,0.625,1,3,0.333,5,5,1,1,6,7,0,2,4,3,4,16,15,1,2026,regular-season,1631083,Emily Engstler,39.4,p
22026,1611661327,PDX,Portland Fire,1022600042,2026-05-23,PDX @ TOR,W,22,4,11,0.364,0,0,NA,7,7,1,1,2,3,9,0,0,4,1,15,15,1,2026,regular-season,1642304,Carla Leite,28.1,p
22026,1611661332,TOR,Toronto Tempo,1022600042,2026-05-23,TOR vs. PDX,L,34,3,9,0.333,0,2,0,4,4,1,0,0,0,5,1,0,7,3,10,-23,1,2026,regular-season,1628279,Brittney Sykes,13.5,p
22026,1611661332,TOR,Toronto Tempo,1022600042,2026-05-23,TOR vs. PDX,L,28,7,15,0.467,3,8,0.375,2,3,0.667,3,2,5,8,0,1,4,4,19,-17,1,2026,regular-season,1629497,Marina Mabrey,36,p
22026,1611661320,LAS,Los Angeles Sparks,1022600043,2026-05-23,LAS @ LVA,W,34,4,7,0.571,2,3,0.667,0,0,NA,0,7,7,6,2,0,2,2,10,15,1,2026,regular-season,204365,Erica Wheeler,31.4,p
22026,1611661329,CHI,Chicago Sky,1022600041,2026-05-23,CHI vs. MIN,L,20,3,12,0.25,2,9,0.222,3,5,0.6,1,1,2,1,1,0,1,4,11,-3,1,2026,regular-season,1642321,Sydney Taylor,16.9,p
22026,1611661332,TOR,Toronto Tempo,1022600042,2026-05-23,TOR vs. PDX,L,12,1,7,0.143,0,5,0,2,2,1,0,2,2,0,0,0,0,1,4,-3,1,2026,regular-season,1628915,Kia Nurse,6.4,p
22026,1611661332,TOR,Toronto Tempo,1022600042,2026-05-23,TOR vs. PDX,L,3,0,0,NA,0,0,NA,0,0,NA,0,1,1,0,0,0,1,0,0,2,1,2026,regular-season,1630108,Mariella Fasoula,0.2,p
22026,1611661313,NYL,New York Liberty,1022600045,2026-05-24,NYL vs. DAL,L,29,5,11,0.455,0,3,0,4,5,0.8,2,5,7,2,1,0,1,3,14,-7,1,2026,regular-season,1627673,Jonquel Jones,27.4,p
22026,1611661317,PHX,Phoenix Mercury,1022600044,2026-05-24,PHX @ ATL,L,21,3,9,0.333,2,4,0.5,3,3,1,0,0,0,1,0,0,4,4,11,-2,1,2026,regular-season,1643505,Jovana Nogic,8.5,p
22026,1611661322,WAS,Washington Mystics,1022600046,2026-05-24,WAS @ SEA,L,4,0,1,0,0,1,0,0,0,NA,0,2,2,2,0,0,0,0,0,-3,1,2026,regular-season,1642802,Lucy Olsen,5.4,p
22026,1611661322,WAS,Washington Mystics,1022600046,2026-05-24,WAS @ SEA,L,3,1,2,0.5,0,1,0,0,0,NA,0,1,1,0,0,0,1,1,2,-2,1,2026,regular-season,1643450,Rori Harmon,2.2,p
22026,1611661322,WAS,Washington Mystics,1022600046,2026-05-24,WAS @ SEA,L,12,5,6,0.833,1,1,1,2,3,0.667,1,2,3,1,1,0,0,0,13,3,1,2026,regular-season,1643455,Angela Dugalic,21.1,p
22026,1611661328,SEA,Seattle Storm,1022600046,2026-05-24,SEA vs. WAS,W,14,1,2,0.5,0,0,NA,0,0,NA,1,3,4,0,3,0,0,3,2,-4,1,2026,regular-season,1642307,Mackenzie Holmes,15.8,p
22026,1611661330,ATL,Atlanta Dream,1022600044,2026-05-24,ATL vs. PHX,W,31,4,8,0.5,0,2,0,3,5,0.6,0,7,7,14,3,1,1,4,11,12,1,2026,regular-season,1628886,Jordin Canada,51.4,p
22026,1611661330,ATL,Atlanta Dream,1022600044,2026-05-24,ATL vs. PHX,W,34,7,15,0.467,6,12,0.5,1,2,0.5,3,5,8,0,1,0,2,3,21,2,1,2026,regular-season,1631009,Rhyne Howard,31.6,p
22026,1611661330,ATL,Atlanta Dream,1022600044,2026-05-24,ATL vs. PHX,W,32,6,16,0.375,0,1,0,5,10,0.5,5,5,10,4,4,1,3,4,17,4,1,2026,regular-season,1642291,Angel Reese,47,p
22026,1611661313,NYL,New York Liberty,1022600045,2026-05-24,NYL vs. DAL,L,22,0,3,0,0,3,0,0,0,NA,1,2,3,5,0,0,1,3,0,-1,1,2026,regular-season,1629546,Marine Johannes,10.1,p
22026,1611661317,PHX,Phoenix Mercury,1022600044,2026-05-24,PHX @ ATL,L,20,0,5,0,0,4,0,3,3,1,0,1,1,1,1,1,1,3,3,1,1,2026,regular-season,1630461,Kiana Williams,10.7,p
22026,1611661317,PHX,Phoenix Mercury,1022600044,2026-05-24,PHX @ ATL,L,12,3,4,0.75,1,2,0.5,3,3,1,0,2,2,0,1,2,1,1,10,5,1,2026,regular-season,1642768,Kyara Linskens,20.4,p
22026,1611661321,DAL,Dallas Wings,1022600045,2026-05-24,DAL @ NYL,W,38,5,20,0.25,5,13,0.385,4,6,0.667,0,4,4,5,1,0,3,2,19,18,1,2026,regular-season,1629481,Arike Ogunbowale,31.3,p
22026,1611661321,DAL,Dallas Wings,1022600045,2026-05-24,DAL @ NYL,W,15,0,1,0,0,1,0,0,0,NA,0,2,2,3,1,0,0,3,0,-9,1,2026,regular-season,1629501,Alanna Smith,9.9,p
22026,1611661321,DAL,Dallas Wings,1022600045,2026-05-24,DAL @ NYL,W,24,2,3,0.667,2,3,0.667,4,4,1,1,5,6,1,0,2,1,0,10,17,1,2026,regular-season,1630386,Awak Kuier,23.7,p
22026,1611661321,DAL,Dallas Wings,1022600045,2026-05-24,DAL @ NYL,W,36,7,13,0.538,2,4,0.5,8,8,1,2,4,6,2,0,0,1,4,24,8,1,2026,regular-season,1642784,Paige Bueckers,33.2,p
22026,1611661322,WAS,Washington Mystics,1022600046,2026-05-24,WAS @ SEA,L,32,3,6,0.5,0,2,0,10,11,0.909,1,4,5,2,2,0,2,2,16,-8,1,2026,regular-season,1642785,Sonia Citron,29,p
22026,1611661322,WAS,Washington Mystics,1022600046,2026-05-24,WAS @ SEA,L,26,4,8,0.5,1,1,1,4,6,0.667,1,3,4,0,2,1,0,2,13,-10,1,2026,regular-season,1642792,Kiki Iriafen,26.8,p
22026,1611661322,WAS,Washington Mystics,1022600046,2026-05-24,WAS @ SEA,L,13,2,4,0.5,0,0,NA,2,4,0.5,1,2,3,0,0,0,2,2,6,-7,1,2026,regular-season,1643427,Lauren Betts,7.6,p
22026,1611661328,SEA,Seattle Storm,1022600046,2026-05-24,SEA vs. WAS,W,8,1,1,1,1,1,1,4,5,0.8,0,0,0,1,2,0,0,1,7,-3,1,2026,regular-season,1628882,Lexie Brown,14.5,p
22026,1611661328,SEA,Seattle Storm,1022600046,2026-05-24,SEA vs. WAS,W,25,4,14,0.286,2,7,0.286,7,7,1,1,5,6,1,1,1,2,4,17,4,1,2026,regular-season,1643428,Flau'jae Johnson,29.7,p
22026,1611661313,NYL,New York Liberty,1022600045,2026-05-24,NYL vs. DAL,L,16,2,2,1,0,0,NA,0,0,NA,0,1,1,0,0,0,1,0,4,-8,1,2026,regular-season,203822,Rebekah Gardner,4.2,p
22026,1611661313,NYL,New York Liberty,1022600045,2026-05-24,NYL vs. DAL,L,31,4,15,0.267,2,5,0.4,1,2,0.5,0,5,5,7,0,0,1,2,11,-13,1,2026,regular-season,1629477,Sabrina Ionescu,26.5,p
22026,1611661313,NYL,New York Liberty,1022600045,2026-05-24,NYL vs. DAL,L,11,0,2,0,0,2,0,0,0,NA,2,1,3,0,1,0,0,4,0,4,1,2026,regular-season,1630993,Anneli Maley,6.6,p
22026,1611661317,PHX,Phoenix Mercury,1022600044,2026-05-24,PHX @ ATL,L,30,6,16,0.375,1,6,0.167,7,8,0.875,1,2,3,1,0,0,3,3,20,-8,1,2026,regular-season,1627674,Kahleah Copper,22.1,p
22026,1611661317,PHX,Phoenix Mercury,1022600044,2026-05-24,PHX @ ATL,L,10,0,0,NA,0,0,NA,0,0,NA,0,3,3,0,0,0,0,0,0,-2,1,2026,regular-season,1643438,Marta Suarez,3.6,p
22026,1611661317,PHX,Phoenix Mercury,1022600044,2026-05-24,PHX @ ATL,L,31,3,7,0.429,0,2,0,0,0,NA,2,3,5,2,2,1,1,2,6,0,1,2026,regular-season,1643493,Noemie Brochant,23,p
22026,1611661322,WAS,Washington Mystics,1022600046,2026-05-24,WAS @ SEA,L,17,1,3,0.333,0,1,0,4,4,1,0,0,0,0,1,0,2,4,6,6,1,2026,regular-season,1630446,Michaela Onyenwere,7,p
22026,1611661322,WAS,Washington Mystics,1022600046,2026-05-24,WAS @ SEA,L,16,0,3,0,0,1,0,2,2,1,2,0,2,1,1,0,0,4,2,-8,1,2026,regular-season,1643430,Cotie McMahon,8.9,p
22026,1611661328,SEA,Seattle Storm,1022600046,2026-05-24,SEA vs. WAS,W,28,7,12,0.583,4,6,0.667,6,6,1,0,1,1,5,0,0,2,3,24,4,1,2026,regular-season,1629567,Natisha Hiedeman,30.7,p
22026,1611661328,SEA,Seattle Storm,1022600046,2026-05-24,SEA vs. WAS,W,20,2,4,0.5,1,3,0.333,0,0,NA,0,3,3,1,1,0,1,3,5,6,1,2026,regular-season,1641651,Jordan Horston,12.1,p
22026,1611661330,ATL,Atlanta Dream,1022600044,2026-05-24,ATL vs. PHX,W,16,2,7,0.286,1,4,0.25,0,0,NA,1,3,4,2,0,1,0,0,5,7,1,2026,regular-season,1642302,Isobel Borlase,15.8,p
22026,1611661330,ATL,Atlanta Dream,1022600044,2026-05-24,ATL vs. PHX,W,0,0,0,NA,0,0,NA,0,0,NA,0,0,0,0,0,0,0,0,0,0,1,2026,regular-season,1642801,Aaliyah Nye,0,p
22026,1611661330,ATL,Atlanta Dream,1022600044,2026-05-24,ATL vs. PHX,W,14,1,1,1,1,1,1,0,0,NA,0,1,1,2,0,0,0,1,3,-4,1,2026,regular-season,1642804,Te-Hina Paopao,7.2,p
22026,1611661330,ATL,Atlanta Dream,1022600044,2026-05-24,ATL vs. PHX,W,2,1,1,1,1,1,1,0,0,NA,0,1,1,0,0,0,0,0,3,0,1,2026,regular-season,1643469,Indya Nivar,4.2,p
22026,1611661313,NYL,New York Liberty,1022600045,2026-05-24,NYL vs. DAL,L,34,7,18,0.389,0,2,0,0,0,NA,4,7,11,3,1,0,2,1,14,-17,1,2026,regular-season,1627668,Breanna Stewart,32.7,p
22026,1611661313,NYL,New York Liberty,1022600045,2026-05-24,NYL vs. DAL,L,12,2,4,0.5,2,3,0.667,0,0,NA,0,2,2,0,0,0,0,0,6,-5,1,2026,regular-season,1629566,Han Xu,8.4,p
22026,1611661313,NYL,New York Liberty,1022600045,2026-05-24,NYL vs. DAL,L,25,6,14,0.429,3,6,0.5,5,5,1,1,1,2,2,0,0,1,4,20,-17,1,2026,regular-season,1630149,Satou Sabally,24.4,p
22026,1611661317,PHX,Phoenix Mercury,1022600044,2026-05-24,PHX @ ATL,L,24,2,7,0.286,0,3,0,0,0,NA,1,2,3,1,2,0,0,0,4,-7,1,2026,regular-season,201886,DeWanna Bonner,15.1,p
22026,1611661317,PHX,Phoenix Mercury,1022600044,2026-05-24,PHX @ ATL,L,16,3,5,0.6,0,0,NA,0,0,NA,4,3,7,1,0,2,1,4,6,4,1,2026,regular-season,1630442,Natasha Mack,20.9,p
22026,1611661321,DAL,Dallas Wings,1022600045,2026-05-24,DAL @ NYL,W,8,0,0,NA,0,0,NA,0,0,NA,0,0,0,2,0,0,0,0,0,3,1,2026,regular-season,203824,Odyssey Sims,3,p
22026,1611661321,DAL,Dallas Wings,1022600045,2026-05-24,DAL @ NYL,W,33,5,9,0.556,0,1,0,0,1,0,2,9,11,6,0,0,1,3,10,21,1,2026,regular-season,1629491,Jessica Shepard,31.2,p
22026,1611661321,DAL,Dallas Wings,1022600045,2026-05-24,DAL @ NYL,W,3,0,1,0,0,1,0,0,0,NA,0,1,1,0,0,0,0,0,0,-4,1,2026,regular-season,1629574,Li Yueru,1.2,p
22026,1611661322,WAS,Washington Mystics,1022600046,2026-05-24,WAS @ SEA,L,22,1,8,0.125,0,3,0,0,0,NA,0,0,0,2,0,0,1,2,2,-8,1,2026,regular-season,1643467,Cassandre Prosper,4,p
22026,1611661328,SEA,Seattle Storm,1022600046,2026-05-24,SEA vs. WAS,W,25,0,6,0,0,2,0,3,4,0.75,1,1,2,6,2,0,2,4,3,6,1,2026,regular-season,1631141,Jade Melbourne,18.4,p
22026,1611661328,SEA,Seattle Storm,1022600046,2026-05-24,SEA vs. WAS,W,20,4,7,0.571,0,1,0,2,2,1,0,2,2,0,1,0,2,4,10,6,1,2026,regular-season,1643443,Awa Fam,13.4,p
22026,1611661330,ATL,Atlanta Dream,1022600044,2026-05-24,ATL vs. PHX,W,23,2,2,1,0,0,NA,0,1,0,2,2,4,0,0,0,1,0,4,-1,1,2026,regular-season,1631044,Naz Hillmon,7.8,p
22026,1611661313,NYL,New York Liberty,1022600045,2026-05-24,NYL vs. DAL,L,1,0,0,NA,0,0,NA,0,0,NA,0,0,0,1,0,0,0,0,0,0,1,2026,regular-season,1630384,Raquel Carrera,1.5,p
22026,1611661313,NYL,New York Liberty,1022600045,2026-05-24,NYL vs. DAL,L,18,2,3,0.667,1,2,0.5,2,2,1,0,0,0,1,1,0,2,1,7,-11,1,2026,regular-season,1631136,Pauline Astier,9.5,p
22026,1611661317,PHX,Phoenix Mercury,1022600044,2026-05-24,PHX @ ATL,L,36,9,13,0.692,0,0,NA,2,2,1,1,11,12,7,2,0,4,2,20,-1,1,2026,regular-season,203826,Alyssa Thomas,46.9,p
22026,1611661321,DAL,Dallas Wings,1022600045,2026-05-24,DAL @ NYL,W,32,9,15,0.6,6,12,0.5,0,0,NA,0,2,2,3,3,2,1,3,24,22,1,2026,regular-season,1643425,Azzi Fudd,44.9,p
22026,1611661322,WAS,Washington Mystics,1022600046,2026-05-24,WAS @ SEA,L,29,4,7,0.571,1,2,0.5,3,3,1,0,4,4,0,2,2,1,3,12,-10,1,2026,regular-season,1631022,Shakira Austin,27.8,p
22026,1611661322,WAS,Washington Mystics,1022600046,2026-05-24,WAS @ SEA,L,26,2,9,0.222,1,7,0.143,8,8,1,0,2,2,6,0,2,4,6,13,-13,1,2026,regular-season,1642781,Georgia Amoore,26.4,p
22026,1611661328,SEA,Seattle Storm,1022600046,2026-05-24,SEA vs. WAS,W,26,3,3,1,2,2,1,8,8,1,0,3,3,2,0,2,1,5,16,16,1,2026,regular-season,203828,Stefanie Dolson,27.6,p
22026,1611661328,SEA,Seattle Storm,1022600046,2026-05-24,SEA vs. WAS,W,18,1,2,0.5,1,2,0.5,0,0,NA,0,2,2,2,0,0,1,0,3,12,1,2026,regular-season,1629478,Katie Lou Samuelson,7.4,p
22026,1611661328,SEA,Seattle Storm,1022600046,2026-05-24,SEA vs. WAS,W,17,3,8,0.375,2,4,0.5,2,2,1,0,1,1,2,0,0,3,1,10,13,1,2026,regular-season,1641660,Zia Cooke,11.2,p
22026,1611661330,ATL,Atlanta Dream,1022600044,2026-05-24,ATL vs. PHX,W,36,7,15,0.467,2,5,0.4,2,3,0.667,0,1,1,0,1,0,3,1,18,7,1,2026,regular-season,1628277,Allisha Gray,19.2,p
22026,1611661330,ATL,Atlanta Dream,1022600044,2026-05-24,ATL vs. PHX,W,7,0,2,0,0,0,NA,0,0,NA,1,1,2,0,0,0,4,3,0,-6,1,2026,regular-season,1643431,Madina Okot,-1.6,p
22026,1611661321,DAL,Dallas Wings,1022600045,2026-05-24,DAL @ NYL,W,6,1,1,1,0,0,NA,0,0,NA,0,1,1,0,1,1,1,1,2,2,1,2026,regular-season,1641652,Maddy Siegrist,8.2,p
22026,1611661321,DAL,Dallas Wings,1022600045,2026-05-24,DAL @ NYL,W,4,1,2,0.5,0,0,NA,0,0,NA,1,0,1,0,0,0,0,0,2,-3,1,2026,regular-season,1642793,Aziaha James,3.2,p
22026,1611661330,ATL,Atlanta Dream,1022600044,2026-05-24,ATL vs. PHX,W,6,0,1,0,0,0,NA,0,0,NA,0,0,0,0,0,0,0,0,0,-11,1,2026,regular-season,1631021,Sika Kone,0,p
22026,1611661313,NYL,New York Liberty,1022600047,2026-05-25,NYL vs. PDX,L,32,3,11,0.273,1,5,0.2,5,5,1,3,8,11,4,0,4,3,5,12,-9,1,2026,regular-season,1627673,Jonquel Jones,40.2,p
22026,1611661313,NYL,New York Liberty,1022600047,2026-05-25,NYL vs. PDX,L,32,6,12,0.5,5,9,0.556,0,0,NA,0,2,2,6,0,1,6,0,17,-2,1,2026,regular-season,1629546,Marine Johannes,25.4,p
22026,1611661313,NYL,New York Liberty,1022600047,2026-05-25,NYL vs. PDX,L,11,0,0,NA,0,0,NA,0,0,NA,0,0,0,0,2,0,0,1,0,-3,1,2026,regular-season,1630993,Anneli Maley,6,p
22026,1611661323,CON,Connecticut Sun,1022600048,2026-05-25,CON @ GSV,L,20,1,3,0.333,0,1,0,1,2,0.5,0,2,2,0,2,0,2,0,3,-14,1,2026,regular-season,1629568,Kennedy Burke,9.4,p
22026,1611661323,CON,Connecticut Sun,1022600048,2026-05-25,CON @ GSV,L,7,1,1,1,0,0,NA,1,1,1,0,3,3,0,1,0,1,3,3,1,1,2026,regular-season,1643441,Raegan Beers,8.6,p
22026,1611661327,PDX,Portland Fire,1022600047,2026-05-25,PDX @ NYL,W,22,2,9,0.222,2,4,0.5,0,0,NA,0,5,5,2,2,0,0,3,6,11,1,2026,regular-season,1630143,Luisa Geiselsoder,21,p
22026,1611661327,PDX,Portland Fire,1022600047,2026-05-25,PDX @ NYL,W,11,1,5,0.2,0,0,NA,2,4,0.5,2,1,3,0,0,1,0,2,4,-4,1,2026,regular-season,1643436,Serah Williams,10.6,p
22026,1611661331,GSV,Golden State Valkyries,1022600048,2026-05-25,GSV vs. CON,W,18,6,10,0.6,3,5,0.6,0,0,NA,0,2,2,1,0,0,0,0,15,21,1,2026,regular-season,1628931,Gabby Williams,18.9,p
22026,1611661331,GSV,Golden State Valkyries,1022600048,2026-05-25,GSV vs. CON,W,17,4,6,0.667,2,2,1,1,1,1,1,1,2,6,0,0,0,3,11,17,1,2026,regular-season,1631007,Veronica Burton,22.4,p
22026,1611661331,GSV,Golden State Valkyries,1022600048,2026-05-25,GSV vs. CON,W,5,2,3,0.667,1,2,0.5,0,0,NA,1,0,1,0,0,0,1,0,5,-2,1,2026,regular-season,1641695,Ashten Prechtel,5.2,p
22026,1611661331,GSV,Golden State Valkyries,1022600048,2026-05-25,GSV vs. CON,W,5,2,2,1,1,1,1,0,0,NA,0,0,0,2,0,0,1,2,5,-2,1,2026,regular-season,1642794,Juste Jocyte,7,p
22026,1611661313,NYL,New York Liberty,1022600047,2026-05-25,NYL vs. PDX,L,16,4,5,0.8,0,1,0,0,0,NA,1,0,1,2,2,1,0,0,8,3,1,2026,regular-season,1629566,Han Xu,21.2,p
22026,1611661323,CON,Connecticut Sun,1022600048,2026-05-25,CON @ GSV,L,12,2,5,0.4,0,0,NA,3,4,0.75,1,0,1,5,0,2,2,6,7,-11,1,2026,regular-season,1631135,Olivia Nelson-Ododa,19.7,p
22026,1611661323,CON,Connecticut Sun,1022600048,2026-05-25,CON @ GSV,L,17,0,3,0,0,2,0,4,4,1,0,1,1,0,1,0,3,2,4,-15,1,2026,regular-season,1641649,Diamond Miller,5.2,p
22026,1611661323,CON,Connecticut Sun,1022600048,2026-05-25,CON @ GSV,L,22,0,8,0,0,3,0,2,2,1,1,2,3,0,1,1,2,4,2,-16,1,2026,regular-season,1642809,Saniya Rivers,9.6,p
22026,1611661323,CON,Connecticut Sun,1022600048,2026-05-25,CON @ GSV,L,20,2,7,0.286,0,0,NA,1,1,1,0,2,2,2,1,0,0,0,5,-9,1,2026,regular-season,1642817,Hailey Van Lith,13.4,p
22026,1611661323,CON,Connecticut Sun,1022600048,2026-05-25,CON @ GSV,L,12,2,2,1,0,0,NA,2,2,1,1,0,1,1,1,0,0,2,6,-12,1,2026,regular-season,1643429,Gianna Kneepkens,11.7,p
22026,1611661323,CON,Connecticut Sun,1022600048,2026-05-25,CON @ GSV,L,14,2,3,0.667,2,3,0.667,0,2,0,0,1,1,1,1,0,0,0,6,-2,1,2026,regular-season,1643437,Ashlon Jackson,11.7,p
22026,1611661327,PDX,Portland Fire,1022600047,2026-05-25,PDX @ NYL,W,13,1,4,0.25,0,3,0,0,0,NA,0,1,1,1,0,1,0,0,2,-4,1,2026,regular-season,1628317,Karlie Samuelson,7.7,p
22026,1611661327,PDX,Portland Fire,1022600047,2026-05-25,PDX @ NYL,W,18,5,8,0.625,1,2,0.5,0,0,NA,0,1,1,0,0,0,0,4,11,-4,1,2026,regular-season,1629484,Megan DiLeo,12.2,p
22026,1611661327,PDX,Portland Fire,1022600047,2026-05-25,PDX @ NYL,W,28,3,6,0.5,1,3,0.333,1,2,0.5,1,4,5,2,4,4,1,2,8,10,1,2026,regular-season,1631083,Emily Engstler,40,p
22026,1611661331,GSV,Golden State Valkyries,1022600048,2026-05-25,GSV vs. CON,W,19,3,5,0.6,0,0,NA,3,5,0.6,2,2,4,3,0,2,0,1,9,4,1,2026,regular-season,1641656,Laeticia Amihere,24.3,p
22026,1611661331,GSV,Golden State Valkyries,1022600048,2026-05-25,GSV vs. CON,W,6,0,1,0,0,1,0,0,0,NA,1,0,1,1,0,0,0,1,0,0,1,2026,regular-season,1643479,Ndjakalenga Mwenentanda,2.7,p
22026,1611661313,NYL,New York Liberty,1022600047,2026-05-25,NYL vs. PDX,L,4,0,1,0,0,1,0,2,2,1,0,0,0,0,0,0,1,2,2,-7,1,2026,regular-season,1630149,Satou Sabally,1,p
22026,1611661323,CON,Connecticut Sun,1022600048,2026-05-25,CON @ GSV,L,23,4,8,0.5,1,3,0.333,2,4,0.5,3,7,10,2,0,0,1,1,11,-16,1,2026,regular-season,1642800,Aneesah Morrow,25,p
22026,1611661331,GSV,Golden State Valkyries,1022600048,2026-05-25,GSV vs. CON,W,17,3,7,0.429,0,2,0,3,3,1,0,2,2,3,0,0,0,2,9,6,1,2026,regular-season,203026,Tiffany Hayes,15.9,p
22026,1611661331,GSV,Golden State Valkyries,1022600048,2026-05-25,GSV vs. CON,W,16,1,6,0.167,1,4,0.25,2,2,1,1,7,8,2,3,0,2,3,5,26,1,2026,regular-season,203866,Kayla Thornton,24.6,p
22026,1611661331,GSV,Golden State Valkyries,1022600048,2026-05-25,GSV vs. CON,W,21,5,8,0.625,2,2,1,0,1,0,2,5,7,0,2,0,2,0,12,27,1,2026,regular-season,1630097,Kaila Charles,24.4,p
22026,1611661313,NYL,New York Liberty,1022600047,2026-05-25,NYL vs. PDX,L,24,0,4,0,0,4,0,2,2,1,0,3,3,1,1,1,0,3,2,-5,1,2026,regular-season,204296,Rebecca Allen,13.1,p
22026,1611661313,NYL,New York Liberty,1022600047,2026-05-25,NYL vs. PDX,L,33,4,11,0.364,2,3,0.667,15,17,0.882,0,7,7,0,3,1,3,3,25,-4,1,2026,regular-season,1627668,Breanna Stewart,42.4,p
22026,1611661313,NYL,New York Liberty,1022600047,2026-05-25,NYL vs. PDX,L,32,2,4,0.5,0,1,0,0,0,NA,0,3,3,3,0,0,3,5,4,-14,1,2026,regular-season,1631136,Pauline Astier,9.1,p
22026,1611661323,CON,Connecticut Sun,1022600048,2026-05-25,CON @ GSV,L,19,3,5,0.6,2,3,0.667,1,2,0.5,0,2,2,2,1,0,2,4,9,-16,1,2026,regular-season,1643449,Charlisse Leger-Walker,15.4,p
22026,1611661327,PDX,Portland Fire,1022600047,2026-05-25,PDX @ NYL,W,20,2,7,0.286,0,2,0,1,1,1,1,2,3,2,1,0,0,2,5,3,1,2026,regular-season,1642296,Nyadiew Puoch,14.6,p
22026,1611661327,PDX,Portland Fire,1022600047,2026-05-25,PDX @ NYL,W,22,8,14,0.571,1,2,0.5,1,2,0.5,0,0,0,2,1,0,4,1,18,9,1,2026,regular-season,1642304,Carla Leite,20,p
22026,1611661327,PDX,Portland Fire,1022600047,2026-05-25,PDX @ NYL,W,18,3,5,0.6,1,2,0.5,0,0,NA,2,3,5,3,1,0,2,2,7,6,1,2026,regular-season,1642782,Sarah Ashlee Barker,18.5,p
22026,1611661331,GSV,Golden State Valkyries,1022600048,2026-05-25,GSV vs. CON,W,13,0,2,0,0,0,NA,1,2,0.5,0,1,1,1,1,0,0,4,1,16,1,2026,regular-season,204329,Kiah Stokes,6.7,p
22026,1611661331,GSV,Golden State Valkyries,1022600048,2026-05-25,GSV vs. CON,W,26,3,13,0.231,1,9,0.111,2,4,0.5,1,3,4,2,1,0,3,5,9,10,1,2026,regular-season,1642767,Janelle Salaun,16.8,p
22026,1611661313,NYL,New York Liberty,1022600047,2026-05-25,NYL vs. PDX,L,17,2,4,0.5,0,0,NA,0,0,NA,0,0,0,1,0,0,3,1,4,6,1,2026,regular-season,203822,Rebekah Gardner,2.5,p
22026,1611661323,CON,Connecticut Sun,1022600048,2026-05-25,CON @ GSV,L,21,3,8,0.375,0,1,0,2,2,1,1,4,5,0,1,1,3,2,8,-17,1,2026,regular-season,1642290,Aaliyah Edwards,17,p
22026,1611661323,CON,Connecticut Sun,1022600048,2026-05-25,CON @ GSV,L,14,2,4,0.5,1,2,0.5,1,2,0.5,1,0,1,0,0,0,2,2,6,-8,1,2026,regular-season,1643448,Nell Angloma,5.2,p
22026,1611661327,PDX,Portland Fire,1022600047,2026-05-25,PDX @ NYL,W,30,2,9,0.222,1,6,0.167,5,5,1,0,3,3,2,2,0,1,3,10,10,1,2026,regular-season,1629524,Bridget Carleton,21.6,p
22026,1611661327,PDX,Portland Fire,1022600047,2026-05-25,PDX @ NYL,W,18,4,8,0.5,2,2,1,0,0,NA,2,1,3,4,1,0,4,3,10,-2,1,2026,regular-season,1643506,Teja Oblak,18.6,p
22026,1611661331,GSV,Golden State Valkyries,1022600048,2026-05-25,GSV vs. CON,W,23,3,5,0.6,0,1,0,4,4,1,2,0,2,2,0,0,1,3,10,10,1,2026,regular-season,1642822,Kaitlyn Chen,14.4,p
22026,1611661331,GSV,Golden State Valkyries,1022600048,2026-05-25,GSV vs. CON,W,14,2,5,0.4,2,4,0.5,0,1,0,0,1,1,1,0,0,2,1,6,2,1,2026,regular-season,1628508,Cecilia Zandalasini,6.7,p
22026,1611661317,PHX,Phoenix Mercury,1022600049,2026-05-27,PHX @ NYL,L,7,1,2,0.5,1,2,0.5,0,0,NA,0,0,0,0,0,0,0,0,3,0,1,2026,regular-season,1630461,Kiana Williams,3,p
22026,1611661317,PHX,Phoenix Mercury,1022600049,2026-05-27,PHX @ NYL,L,12,1,3,0.333,1,2,0.5,0,2,0,1,5,6,1,0,2,2,2,3,-5,1,2026,regular-season,1642768,Kyara Linskens,15.7,p
22026,1611661317,PHX,Phoenix Mercury,1022600049,2026-05-27,PHX @ NYL,L,19,2,5,0.4,2,4,0.5,3,4,0.75,0,2,2,4,2,0,3,2,9,9,1,2026,regular-season,1642777,Monique Akoa Makani,20.4,p
22026,1611661322,WAS,Washington Mystics,1022600053,2026-05-27,WAS @ SEA,W,8,0,1,0,0,1,0,0,0,NA,0,0,0,2,0,1,1,1,0,7,1,2026,regular-season,1643430,Cotie McMahon,5,p
22026,1611661323,CON,Connecticut Sun,1022600052,2026-05-27,CON @ PDX,L,18,2,5,0.4,0,1,0,2,2,1,0,2,2,1,1,0,4,2,6,0,1,2026,regular-season,1629568,Kennedy Burke,8.9,p
22026,1611661323,CON,Connecticut Sun,1022600052,2026-05-27,CON @ PDX,L,17,0,2,0,0,2,0,0,0,NA,0,2,2,3,3,0,3,0,0,-4,1,2026,regular-season,1643437,Ashlon Jackson,12.9,p
22026,1611661327,PDX,Portland Fire,1022600052,2026-05-27,PDX vs. CON,W,11,0,0,NA,0,0,NA,1,2,0.5,0,1,1,0,0,0,1,1,1,3,1,2026,regular-season,1643436,Serah Williams,1.2,p
22026,1611661328,SEA,Seattle Storm,1022600053,2026-05-27,SEA vs. WAS,L,20,0,3,0,0,2,0,0,0,NA,1,2,3,1,1,0,0,2,0,-20,1,2026,regular-season,203828,Stefanie Dolson,8.1,p
22026,1611661330,ATL,Atlanta Dream,1022600051,2026-05-27,ATL @ MIN,L,31,7,11,0.636,5,8,0.625,2,2,1,0,0,0,3,1,0,3,4,21,-15,1,2026,regular-season,1628277,Allisha Gray,25.5,p
22026,1611661330,ATL,Atlanta Dream,1022600051,2026-05-27,ATL @ MIN,L,29,2,6,0.333,1,3,0.333,4,4,1,0,1,1,5,0,0,4,0,9,-18,1,2026,regular-season,1628886,Jordin Canada,13.7,p
22026,1611661330,ATL,Atlanta Dream,1022600051,2026-05-27,ATL @ MIN,L,36,4,14,0.286,2,8,0.25,0,0,NA,0,2,2,4,1,2,2,2,10,-12,1,2026,regular-season,1631009,Rhyne Howard,25.4,p
22026,1611661330,ATL,Atlanta Dream,1022600051,2026-05-27,ATL @ MIN,L,32,7,14,0.5,1,5,0.2,0,0,NA,2,6,8,1,1,0,3,1,15,-18,1,2026,regular-season,1631044,Naz Hillmon,26.1,p
22026,1611661330,ATL,Atlanta Dream,1022600051,2026-05-27,ATL @ MIN,L,5,1,1,1,0,0,NA,2,4,0.5,1,0,1,0,0,0,1,0,4,-5,1,2026,regular-season,1643431,Madina Okot,4.2,p
22026,1611661332,TOR,Toronto Tempo,1022600050,2026-05-27,TOR @ CHI,W,28,9,13,0.692,3,7,0.429,3,4,0.75,2,2,4,7,1,0,2,5,24,9,1,2026,regular-season,1629497,Marina Mabrey,40.3,p
22026,1611661332,TOR,Toronto Tempo,1022600050,2026-05-27,TOR @ CHI,W,28,11,14,0.786,3,4,0.75,4,6,0.667,2,4,6,2,2,2,2,4,29,2,1,2026,regular-season,1631055,Nyara Sabally,49.2,p
22026,1611661332,TOR,Toronto Tempo,1022600050,2026-05-27,TOR @ CHI,W,10,1,2,0.5,1,1,1,0,0,NA,0,1,1,0,0,0,2,3,3,4,1,2026,regular-season,1643457,Teonni Key,2.2,p
22026,1611661313,NYL,New York Liberty,1022600049,2026-05-27,NYL vs. PHX,W,13,0,5,0,0,3,0,2,2,1,0,2,2,0,0,0,1,1,2,8,1,2026,regular-season,204296,Rebecca Allen,3.4,p
22026,1611661313,NYL,New York Liberty,1022600049,2026-05-27,NYL vs. PHX,W,31,5,16,0.313,3,7,0.429,4,4,1,3,9,12,4,1,0,0,0,17,15,1,2026,regular-season,1627673,Jonquel Jones,40.4,p
22026,1611661313,NYL,New York Liberty,1022600049,2026-05-27,NYL vs. PHX,W,1,0,0,NA,0,0,NA,0,0,NA,0,0,0,0,0,0,0,1,0,-5,1,2026,regular-season,1630384,Raquel Carrera,0,p
22026,1611661317,PHX,Phoenix Mercury,1022600049,2026-05-27,PHX @ NYL,L,36,6,18,0.333,2,9,0.222,5,6,0.833,0,2,2,2,1,0,2,3,19,-13,1,2026,regular-season,1627674,Kahleah Copper,25.4,p
22026,1611661317,PHX,Phoenix Mercury,1022600049,2026-05-27,PHX @ NYL,L,14,3,5,0.6,3,5,0.6,0,1,0,1,1,2,1,0,0,2,0,9,-4,1,2026,regular-season,1643505,Jovana Nogic,10.9,p
22026,1611661322,WAS,Washington Mystics,1022600053,2026-05-27,WAS @ SEA,W,29,6,13,0.462,1,2,0.5,5,5,1,2,11,13,5,0,1,2,0,18,10,1,2026,regular-season,1631022,Shakira Austin,42.1,p
22026,1611661322,WAS,Washington Mystics,1022600053,2026-05-27,WAS @ SEA,W,30,3,12,0.25,1,2,0.5,0,0,NA,2,2,4,3,1,0,1,1,7,14,1,2026,regular-season,1642785,Sonia Citron,18.3,p
22026,1611661322,WAS,Washington Mystics,1022600053,2026-05-27,WAS @ SEA,W,24,5,7,0.714,0,1,0,3,3,1,2,7,9,0,0,0,1,5,13,15,1,2026,regular-season,1642792,Kiki Iriafen,22.8,p
22026,1611661322,WAS,Washington Mystics,1022600053,2026-05-27,WAS @ SEA,W,16,1,6,0.167,0,3,0,0,0,NA,2,1,3,2,1,0,1,1,2,-1,1,2026,regular-season,1643455,Angela Dugalic,10.6,p
22026,1611661323,CON,Connecticut Sun,1022600052,2026-05-27,CON @ PDX,L,29,6,19,0.316,1,7,0.143,0,0,NA,8,5,13,1,1,2,2,3,13,-6,1,2026,regular-season,1642800,Aneesah Morrow,37.1,p
22026,1611661323,CON,Connecticut Sun,1022600052,2026-05-27,CON @ PDX,L,4,0,0,NA,0,0,NA,0,0,NA,0,0,0,0,0,0,0,2,0,1,1,2026,regular-season,1643448,Nell Angloma,0,p
22026,1611661323,CON,Connecticut Sun,1022600052,2026-05-27,CON @ PDX,L,27,3,7,0.429,0,3,0,5,9,0.556,0,2,2,3,0,0,2,4,11,-14,1,2026,regular-season,1643449,Charlisse Leger-Walker,15.9,p
22026,1611661324,MIN,Minnesota Lynx,1022600051,2026-05-27,MIN vs. ATL,W,33,10,15,0.667,3,5,0.6,2,2,1,1,2,3,7,1,0,4,1,25,10,1,2026,regular-season,1627675,Courtney Williams,38.1,p
22026,1611661324,MIN,Minnesota Lynx,1022600051,2026-05-27,MIN vs. ATL,W,7,1,1,1,0,0,NA,0,0,NA,0,0,0,1,0,0,1,2,2,-3,1,2026,regular-season,1642797,Anastasiia Olairi Kosu,2.5,p
22026,1611661324,MIN,Minnesota Lynx,1022600051,2026-05-27,MIN vs. ATL,W,9,1,1,1,1,1,1,0,0,NA,0,1,1,0,0,0,0,1,3,-1,1,2026,regular-season,1642820,Liatu King,4.2,p
22026,1611661324,MIN,Minnesota Lynx,1022600051,2026-05-27,MIN vs. ATL,W,6,0,1,0,0,1,0,0,0,NA,0,0,0,0,1,0,0,0,0,-2,1,2026,regular-season,1643489,Antonia Delaere,3,p
22026,1611661327,PDX,Portland Fire,1022600052,2026-05-27,PDX vs. CON,W,12,0,2,0,0,2,0,0,0,NA,0,0,0,1,1,0,0,1,0,6,1,2026,regular-season,1628317,Karlie Samuelson,4.5,p
22026,1611661327,PDX,Portland Fire,1022600052,2026-05-27,PDX vs. CON,W,19,1,4,0.25,1,3,0.333,0,0,NA,1,0,1,2,2,0,1,2,3,-4,1,2026,regular-season,1630143,Luisa Geiselsoder,12.2,p
22026,1611661327,PDX,Portland Fire,1022600052,2026-05-27,PDX vs. CON,W,19,2,5,0.4,0,3,0,0,0,NA,0,1,1,2,0,2,2,1,4,-7,1,2026,regular-season,1631083,Emily Engstler,12.2,p
22026,1611661327,PDX,Portland Fire,1022600052,2026-05-27,PDX vs. CON,W,22,2,4,0.5,0,1,0,0,0,NA,2,9,11,1,3,1,4,4,4,19,1,2026,regular-season,1642782,Sarah Ashlee Barker,26.7,p
22026,1611661327,PDX,Portland Fire,1022600052,2026-05-27,PDX vs. CON,W,13,4,5,0.8,1,1,1,0,0,NA,0,1,1,0,0,0,0,0,9,13,1,2026,regular-season,1643494,Frieda Buhner,10.2,p
22026,1611661329,CHI,Chicago Sky,1022600050,2026-05-27,CHI vs. TOR,L,13,0,1,0,0,1,0,0,0,NA,0,1,1,1,0,0,2,3,0,-6,1,2026,regular-season,1627671,Rachel Banham,0.7,p
22026,1611661329,CHI,Chicago Sky,1022600050,2026-05-27,CHI vs. TOR,L,23,9,22,0.409,3,12,0.25,6,6,1,1,1,2,2,1,0,0,1,27,-4,1,2026,regular-season,1642321,Sydney Taylor,35.4,p
22026,1611661329,CHI,Chicago Sky,1022600050,2026-05-27,CHI vs. TOR,L,18,2,4,0.5,0,2,0,5,5,1,1,2,3,1,2,0,1,3,9,-5,1,2026,regular-season,1642786,Aicha Coulibaly,19.1,p
22026,1611661330,ATL,Atlanta Dream,1022600051,2026-05-27,ATL @ MIN,L,9,2,4,0.5,1,3,0.333,0,0,NA,1,2,3,0,0,0,0,1,5,8,1,2026,regular-season,1631021,Sika Kone,8.6,p
22026,1611661330,ATL,Atlanta Dream,1022600051,2026-05-27,ATL @ MIN,L,27,3,8,0.375,0,2,0,4,4,1,4,4,8,5,1,0,2,2,10,-16,1,2026,regular-season,1642291,Angel Reese,28.1,p
22026,1611661332,TOR,Toronto Tempo,1022600050,2026-05-27,TOR @ CHI,W,21,4,9,0.444,3,6,0.5,1,1,1,1,3,4,0,0,0,1,3,12,-7,1,2026,regular-season,1629576,Maria Conde,15.8,p
22026,1611661332,TOR,Toronto Tempo,1022600050,2026-05-27,TOR @ CHI,W,6,0,0,NA,0,0,NA,0,0,NA,2,0,2,2,1,0,2,0,0,1,1,2026,regular-season,1631118,Lexi Held,6.4,p
22026,1611661313,NYL,New York Liberty,1022600049,2026-05-27,NYL vs. PHX,W,11,3,6,0.5,1,2,0.5,1,1,1,1,2,3,0,1,0,0,1,8,-5,1,2026,regular-season,1629566,Han Xu,14.6,p
22026,1611661322,WAS,Washington Mystics,1022600053,2026-05-27,WAS @ SEA,W,22,5,10,0.5,3,7,0.429,1,2,0.5,2,0,2,2,0,0,2,2,14,2,1,2026,regular-season,1630446,Michaela Onyenwere,17.4,p
22026,1611661322,WAS,Washington Mystics,1022600053,2026-05-27,WAS @ SEA,W,27,2,3,0.667,1,1,1,2,2,1,0,0,0,2,0,0,2,3,7,7,1,2026,regular-season,1642781,Georgia Amoore,8,p
22026,1611661322,WAS,Washington Mystics,1022600053,2026-05-27,WAS @ SEA,W,11,1,2,0.5,0,0,NA,4,4,1,0,3,3,0,0,0,0,1,6,4,1,2026,regular-season,1643427,Lauren Betts,9.6,p
22026,1611661322,WAS,Washington Mystics,1022600053,2026-05-27,WAS @ SEA,W,10,1,3,0.333,0,1,0,0,0,NA,1,0,1,0,0,0,1,4,2,5,1,2026,regular-season,1643467,Cassandre Prosper,2.2,p
22026,1611661323,CON,Connecticut Sun,1022600052,2026-05-27,CON @ PDX,L,20,2,6,0.333,0,2,0,1,2,0.5,0,0,0,1,2,0,1,4,5,-9,1,2026,regular-season,1641649,Diamond Miller,11.5,p
22026,1611661323,CON,Connecticut Sun,1022600052,2026-05-27,CON @ PDX,L,5,0,0,NA,0,0,NA,0,2,0,2,0,2,0,0,0,0,0,0,-7,1,2026,regular-season,1642290,Aaliyah Edwards,2.4,p
22026,1611661323,CON,Connecticut Sun,1022600052,2026-05-27,CON @ PDX,L,14,2,2,1,0,0,NA,0,0,NA,0,4,4,2,0,0,0,2,4,-6,1,2026,regular-season,1643441,Raegan Beers,11.8,p
22026,1611661324,MIN,Minnesota Lynx,1022600051,2026-05-27,MIN vs. ATL,W,14,1,3,0.333,0,1,0,0,0,NA,0,0,0,1,1,0,1,1,2,-4,1,2026,regular-season,1630471,Maya Caldwell,5.5,p
22026,1611661328,SEA,Seattle Storm,1022600053,2026-05-27,SEA vs. WAS,L,18,2,10,0.2,0,3,0,0,0,NA,0,0,0,2,0,0,1,2,4,-12,1,2026,regular-season,1641660,Zia Cooke,6,p
22026,1611661328,SEA,Seattle Storm,1022600053,2026-05-27,SEA vs. WAS,L,17,2,5,0.4,0,1,0,2,4,0.5,4,1,5,0,0,0,1,4,6,-2,1,2026,regular-season,1643443,Awa Fam,11,p
22026,1611661329,CHI,Chicago Sky,1022600050,2026-05-27,CHI vs. TOR,L,31,7,8,0.875,2,3,0.667,2,2,1,1,4,5,9,1,0,3,5,18,0,1,2026,regular-season,204333,Natasha Cloud,37.5,p
22026,1611661329,CHI,Chicago Sky,1022600050,2026-05-27,CHI vs. TOR,L,15,3,7,0.429,1,4,0.25,3,3,1,0,0,0,3,1,0,0,2,10,-1,1,2026,regular-season,1628922,Azura Stevens,17.5,p
22026,1611661329,CHI,Chicago Sky,1022600050,2026-05-27,CHI vs. TOR,L,22,1,5,0.2,0,0,NA,0,0,NA,2,3,5,3,0,0,1,2,2,-1,1,2026,regular-season,1642289,Kamilla Cardoso,11.5,p
22026,1611661330,ATL,Atlanta Dream,1022600051,2026-05-27,ATL @ MIN,L,13,2,4,0.5,0,1,0,0,0,NA,1,0,1,3,0,0,0,0,4,-6,1,2026,regular-season,1642302,Isobel Borlase,9.7,p
22026,1611661330,ATL,Atlanta Dream,1022600051,2026-05-27,ATL @ MIN,L,11,1,1,1,1,1,1,0,0,NA,0,0,0,1,0,0,0,0,3,3,1,2026,regular-season,1642804,Te-Hina Paopao,4.5,p
22026,1611661330,ATL,Atlanta Dream,1022600051,2026-05-27,ATL @ MIN,L,5,0,2,0,0,0,NA,0,2,0,1,2,3,1,1,0,1,0,0,4,1,2026,regular-season,1643469,Indya Nivar,7.1,p
22026,1611661332,TOR,Toronto Tempo,1022600050,2026-05-27,TOR @ CHI,W,8,0,1,0,0,1,0,0,0,NA,0,1,1,0,0,0,0,1,0,2,1,2026,regular-season,1628915,Kia Nurse,1.2,p
22026,1611661332,TOR,Toronto Tempo,1022600050,2026-05-27,TOR @ CHI,W,22,3,4,0.75,1,1,1,0,0,NA,0,2,2,2,0,1,1,5,7,8,1,2026,regular-season,1643420,Laura Juskaite,14.4,p
22026,1611661313,NYL,New York Liberty,1022600049,2026-05-27,NYL vs. PHX,W,13,2,5,0.4,1,1,1,2,2,1,0,0,0,2,1,0,0,3,7,15,1,2026,regular-season,204335,Betnijah Laney-Hamilton,13,p
22026,1611661313,NYL,New York Liberty,1022600049,2026-05-27,NYL vs. PHX,W,34,4,10,0.4,0,3,0,3,3,1,0,6,6,2,1,0,4,2,11,10,1,2026,regular-season,1627668,Breanna Stewart,20.2,p
22026,1611661313,NYL,New York Liberty,1022600049,2026-05-27,NYL vs. PHX,W,23,3,7,0.429,0,1,0,1,1,1,2,2,4,4,0,2,2,2,7,2,1,2026,regular-season,1631136,Pauline Astier,21.8,p
22026,1611661317,PHX,Phoenix Mercury,1022600049,2026-05-27,PHX @ NYL,L,32,4,9,0.444,0,0,NA,1,3,0.333,3,4,7,9,3,0,4,4,9,-13,1,2026,regular-season,203826,Alyssa Thomas,35.9,p
22026,1611661317,PHX,Phoenix Mercury,1022600049,2026-05-27,PHX @ NYL,L,28,6,7,0.857,0,0,NA,2,2,1,1,5,6,1,0,2,1,1,14,-5,1,2026,regular-season,1630442,Natasha Mack,27.7,p
22026,1611661323,CON,Connecticut Sun,1022600052,2026-05-27,CON @ PDX,L,23,3,11,0.273,0,3,0,1,2,0.5,1,0,1,2,0,0,3,0,7,-10,1,2026,regular-season,1642809,Saniya Rivers,8.2,p
22026,1611661324,MIN,Minnesota Lynx,1022600051,2026-05-27,MIN vs. ATL,W,34,6,10,0.6,0,2,0,4,5,0.8,1,4,5,8,1,0,3,4,16,21,1,2026,regular-season,1643426,Olivia Miles,34,p
22026,1611661327,PDX,Portland Fire,1022600052,2026-05-27,PDX vs. CON,W,18,3,6,0.5,1,2,0.5,3,4,0.75,1,3,4,2,0,0,0,3,10,15,1,2026,regular-season,1629484,Megan DiLeo,17.8,p
22026,1611661327,PDX,Portland Fire,1022600052,2026-05-27,PDX vs. CON,W,23,4,10,0.4,2,3,0.667,10,10,1,0,0,0,3,1,0,4,3,20,-1,1,2026,regular-season,1642304,Carla Leite,23.5,p
22026,1611661328,SEA,Seattle Storm,1022600053,2026-05-27,SEA vs. WAS,L,15,2,3,0.667,1,2,0.5,3,4,0.75,0,1,1,0,2,0,0,1,8,-7,1,2026,regular-season,1629478,Katie Lou Samuelson,15.2,p
22026,1611661329,CHI,Chicago Sky,1022600050,2026-05-27,CHI vs. TOR,L,23,4,6,0.667,0,0,NA,3,6,0.5,4,5,9,3,1,1,2,2,11,-8,1,2026,regular-season,204322,Elizabeth Williams,30.3,p
22026,1611661330,ATL,Atlanta Dream,1022600051,2026-05-27,ATL @ MIN,L,2,0,0,NA,0,0,NA,0,0,NA,0,0,0,0,0,0,0,0,0,0,1,2026,regular-season,1642801,Aaliyah Nye,0,p
22026,1611661332,TOR,Toronto Tempo,1022600050,2026-05-27,TOR @ CHI,W,35,6,14,0.429,1,4,0.25,7,8,0.875,1,5,6,2,0,1,0,0,20,3,1,2026,regular-season,1628279,Brittney Sykes,33.2,p
22026,1611661313,NYL,New York Liberty,1022600049,2026-05-27,NYL vs. PHX,W,18,1,3,0.333,0,1,0,0,0,NA,0,2,2,1,1,0,0,3,2,6,1,2026,regular-season,203822,Rebekah Gardner,8.9,p
22026,1611661313,NYL,New York Liberty,1022600049,2026-05-27,NYL vs. PHX,W,33,3,4,0.75,2,3,0.667,1,1,1,0,0,0,1,2,0,3,3,9,5,1,2026,regular-season,1630142,Leonie Fiebich,13.5,p
22026,1611661317,PHX,Phoenix Mercury,1022600049,2026-05-27,PHX @ NYL,L,24,1,5,0.2,0,4,0,0,0,NA,1,4,5,0,0,0,1,5,2,-11,1,2026,regular-season,201886,DeWanna Bonner,7,p
22026,1611661317,PHX,Phoenix Mercury,1022600049,2026-05-27,PHX @ NYL,L,19,1,4,0.25,1,4,0.25,0,0,NA,0,2,2,1,1,1,0,2,3,-1,1,2026,regular-season,1643493,Noemie Brochant,12.9,p
22026,1611661322,WAS,Washington Mystics,1022600053,2026-05-27,WAS @ SEA,W,23,4,9,0.444,1,3,0.333,0,0,NA,2,3,5,3,2,0,1,4,9,7,1,2026,regular-season,1643644,Alicia Florez,24.5,p
22026,1611661323,CON,Connecticut Sun,1022600052,2026-05-27,CON @ PDX,L,13,3,5,0.6,0,2,0,1,1,1,0,2,2,0,0,1,2,3,7,4,1,2026,regular-season,1642817,Hailey Van Lith,10.4,p
22026,1611661323,CON,Connecticut Sun,1022600052,2026-05-27,CON @ PDX,L,9,1,2,0.5,0,1,0,2,2,1,0,1,1,0,0,0,0,1,4,-2,1,2026,regular-season,1643429,Gianna Kneepkens,5.2,p
22026,1611661324,MIN,Minnesota Lynx,1022600051,2026-05-27,MIN vs. ATL,W,34,4,10,0.4,1,4,0.25,3,3,1,0,2,2,1,3,0,2,1,12,20,1,2026,regular-season,203825,Kayla McBride,22.9,p
22026,1611661324,MIN,Minnesota Lynx,1022600051,2026-05-27,MIN vs. ATL,W,33,11,16,0.688,0,0,NA,0,0,NA,3,5,8,5,2,2,3,4,22,18,1,2026,regular-season,203827,Natasha Howard,48.1,p
22026,1611661324,MIN,Minnesota Lynx,1022600051,2026-05-27,MIN vs. ATL,W,31,6,10,0.6,2,5,0.4,0,0,NA,0,5,5,3,1,0,0,2,14,16,1,2026,regular-season,1628269,Nia Coffey,27.5,p
22026,1611661327,PDX,Portland Fire,1022600052,2026-05-27,PDX vs. CON,W,18,1,3,0.333,0,2,0,0,4,0,0,0,0,0,1,0,2,3,2,-5,1,2026,regular-season,1642296,Nyadiew Puoch,3,p
22026,1611661327,PDX,Portland Fire,1022600052,2026-05-27,PDX vs. CON,W,17,2,3,0.667,0,0,NA,1,3,0.333,0,0,0,2,1,0,3,2,5,11,1,2026,regular-season,1643506,Teja Oblak,8,p
22026,1611661328,SEA,Seattle Storm,1022600053,2026-05-27,SEA vs. WAS,L,11,1,3,0.333,1,3,0.333,0,0,NA,0,0,0,1,0,0,0,0,3,-7,1,2026,regular-season,1628882,Lexie Brown,4.5,p
22026,1611661328,SEA,Seattle Storm,1022600053,2026-05-27,SEA vs. WAS,L,28,2,9,0.222,1,5,0.2,3,3,1,0,2,2,1,1,0,3,1,8,-14,1,2026,regular-season,1629567,Natisha Hiedeman,11.9,p
22026,1611661328,SEA,Seattle Storm,1022600053,2026-05-27,SEA vs. WAS,L,23,6,8,0.75,0,0,NA,3,4,0.75,1,2,3,3,1,0,1,2,15,5,1,2026,regular-season,1631141,Jade Melbourne,25.1,p
22026,1611661328,SEA,Seattle Storm,1022600053,2026-05-27,SEA vs. WAS,L,19,1,5,0.2,0,1,0,2,2,1,1,4,5,3,0,1,1,3,4,-8,1,2026,regular-season,1641651,Jordan Horston,16.5,p
22026,1611661328,SEA,Seattle Storm,1022600053,2026-05-27,SEA vs. WAS,L,29,3,13,0.231,0,4,0,2,2,1,1,1,2,2,0,2,0,3,8,-11,1,2026,regular-season,1643428,Flau'jae Johnson,19.4,p
22026,1611661329,CHI,Chicago Sky,1022600050,2026-05-27,CHI vs. TOR,L,36,8,16,0.5,1,6,0.167,6,7,0.857,0,2,2,9,1,2,0,2,23,-3,1,2026,regular-season,203400,Skylar Diggins,47.9,p
22026,1611661329,CHI,Chicago Sky,1022600050,2026-05-27,CHI vs. TOR,L,19,2,6,0.333,0,3,0,0,0,NA,0,0,0,0,0,0,0,4,4,-7,1,2026,regular-season,1642292,Jacy Sheldon,4,p
22026,1611661332,TOR,Toronto Tempo,1022600050,2026-05-27,TOR @ CHI,W,8,0,2,0,0,0,NA,2,2,1,1,2,3,0,0,0,0,0,2,2,1,2026,regular-season,1631263,Nikolina Milic,5.6,p
22026,1611661313,NYL,New York Liberty,1022600049,2026-05-27,NYL vs. PHX,W,24,7,11,0.636,7,9,0.778,0,0,NA,0,3,3,5,2,0,1,4,21,-1,1,2026,regular-season,1629546,Marine Johannes,37.1,p
22026,1611661317,PHX,Phoenix Mercury,1022600049,2026-05-27,PHX @ NYL,L,9,0,1,0,0,0,NA,3,4,0.75,0,0,0,0,0,0,1,2,3,-7,1,2026,regular-season,204468,Valeriane Ayayi,2,p
22026,1611661323,CON,Connecticut Sun,1022600052,2026-05-27,CON @ PDX,L,21,2,3,0.667,0,0,NA,0,2,0,3,1,4,4,2,0,0,1,4,3,1,2026,regular-season,1631135,Olivia Nelson-Ododa,20.8,p
22026,1611661327,PDX,Portland Fire,1022600052,2026-05-27,PDX vs. CON,W,29,5,10,0.5,2,5,0.4,1,1,1,2,5,7,3,1,0,2,1,13,0,1,2026,regular-season,1629524,Bridget Carleton,26.9,p
22026,1611661328,SEA,Seattle Storm,1022600053,2026-05-27,SEA vs. WAS,L,20,3,4,0.75,2,2,1,0,0,NA,4,6,10,1,2,0,4,3,8,6,1,2026,regular-season,1642307,Mackenzie Holmes,23.5,p
22026,1611661332,TOR,Toronto Tempo,1022600050,2026-05-27,TOR @ CHI,W,34,3,7,0.429,0,2,0,8,9,0.889,1,7,8,7,2,0,3,4,14,11,1,2026,regular-season,1643445,Kiki Rice,37.1,p
22026,1611661319,LVA,Las Vegas Aces,1022600054,2026-05-28,LVA @ DAL,L,9,0,0,NA,0,0,NA,0,0,NA,0,0,0,1,1,0,0,1,0,-1,1,2026,regular-season,1631006,Kierstan Bell,4.5,p
22026,1611661321,DAL,Dallas Wings,1022600054,2026-05-28,DAL vs. LVA,W,6,1,3,0.333,0,1,0,0,0,NA,0,1,1,1,0,0,0,1,2,-8,1,2026,regular-season,1642793,Aziaha James,4.7,p
22026,1611661331,GSV,Golden State Valkyries,1022600055,2026-05-28,GSV vs. IND,W,18,0,2,0,0,2,0,0,0,NA,0,3,3,0,0,0,1,2,0,0,1,2026,regular-season,203866,Kayla Thornton,2.6,p
22026,1611661331,GSV,Golden State Valkyries,1022600055,2026-05-28,GSV vs. IND,W,28,6,14,0.429,0,4,0,7,10,0.7,1,5,6,6,3,0,1,1,19,-2,1,2026,regular-season,1628931,Gabby Williams,43.2,p
22026,1611661331,GSV,Golden State Valkyries,1022600055,2026-05-28,GSV vs. IND,W,24,7,12,0.583,3,5,0.6,2,4,0.5,1,6,7,3,1,0,0,2,19,1,1,2026,regular-season,1642767,Janelle Salaun,34.9,p
22026,1611661319,LVA,Las Vegas Aces,1022600054,2026-05-28,LVA @ DAL,L,7,1,1,1,0,0,NA,0,0,NA,1,2,3,1,0,0,1,0,2,-3,1,2026,regular-season,203855,Stephanie Talbot,6.1,p
22026,1611661319,LVA,Las Vegas Aces,1022600054,2026-05-28,LVA @ DAL,L,28,3,6,0.5,2,5,0.4,1,2,0.5,0,2,2,1,0,1,0,1,9,-6,1,2026,regular-season,204319,Jewell Loyd,15.9,p
22026,1611661321,DAL,Dallas Wings,1022600054,2026-05-28,DAL vs. LVA,W,6,0,0,NA,0,0,NA,2,2,1,0,1,1,0,0,0,2,0,2,-7,1,2026,regular-season,203824,Odyssey Sims,1.2,p
22026,1611661321,DAL,Dallas Wings,1022600054,2026-05-28,DAL vs. LVA,W,17,3,7,0.429,2,3,0.667,0,0,NA,2,5,7,1,0,0,0,2,8,-1,1,2026,regular-season,1641652,Maddy Siegrist,17.9,p
22026,1611661321,DAL,Dallas Wings,1022600054,2026-05-28,DAL vs. LVA,W,38,8,18,0.444,2,6,0.333,2,3,0.667,1,2,3,6,0,2,3,2,20,15,1,2026,regular-season,1642784,Paige Bueckers,35.6,p
22026,1611661321,DAL,Dallas Wings,1022600054,2026-05-28,DAL vs. LVA,W,38,9,15,0.6,3,5,0.6,1,2,0.5,1,2,3,2,1,1,0,1,22,15,1,2026,regular-season,1643425,Azzi Fudd,34.6,p
22026,1611661331,GSV,Golden State Valkyries,1022600055,2026-05-28,GSV vs. IND,W,5,0,0,NA,0,0,NA,0,0,NA,0,1,1,0,0,0,1,3,0,6,1,2026,regular-season,203026,Tiffany Hayes,0.2,p
22026,1611661331,GSV,Golden State Valkyries,1022600055,2026-05-28,GSV vs. IND,W,14,3,8,0.375,2,3,0.667,0,0,NA,0,0,0,3,0,0,1,1,8,2,1,2026,regular-season,1628508,Cecilia Zandalasini,11.5,p
22026,1611661321,DAL,Dallas Wings,1022600054,2026-05-28,DAL vs. LVA,W,21,3,5,0.6,2,3,0.667,4,4,1,0,4,4,0,0,2,1,1,12,7,1,2026,regular-season,1630386,Awak Kuier,21.8,p
22026,1611661325,IND,Indiana Fever,1022600055,2026-05-28,IND @ GSV,L,29,3,12,0.25,2,6,0.333,8,8,1,0,4,4,6,3,1,5,4,16,-2,1,2026,regular-season,1642286,Caitlin Clark,36.8,p
22026,1611661325,IND,Indiana Fever,1022600055,2026-05-28,IND @ GSV,L,21,7,10,0.7,2,3,0.667,0,0,NA,0,4,4,2,0,1,1,1,16,4,1,2026,regular-season,1643433,Raven Johnson,25.8,p
22026,1611661331,GSV,Golden State Valkyries,1022600055,2026-05-28,GSV vs. IND,W,15,3,5,0.6,1,2,0.5,0,0,NA,1,3,4,1,0,0,1,1,7,-8,1,2026,regular-season,1630097,Kaila Charles,12.3,p
22026,1611661319,LVA,Las Vegas Aces,1022600054,2026-05-28,LVA @ DAL,L,35,10,24,0.417,1,1,1,0,1,0,1,6,7,3,1,0,2,0,21,-12,1,2026,regular-season,1628932,A'ja Wilson,34.9,p
22026,1611661321,DAL,Dallas Wings,1022600054,2026-05-28,DAL vs. LVA,W,18,1,2,0.5,1,2,0.5,3,4,0.75,0,0,0,1,0,0,1,4,6,11,1,2026,regular-season,202252,Alysha Clark,6.5,p
22026,1611661321,DAL,Dallas Wings,1022600054,2026-05-28,DAL vs. LVA,W,18,0,4,0,0,1,0,1,1,1,0,0,0,2,0,0,1,2,1,-5,1,2026,regular-season,1629481,Arike Ogunbowale,3,p
22026,1611661325,IND,Indiana Fever,1022600055,2026-05-28,IND @ GSV,L,30,5,13,0.385,2,5,0.4,2,3,0.667,0,1,1,3,0,0,1,5,14,-6,1,2026,regular-season,1628909,Kelsey Mitchell,18.7,p
22026,1611661325,IND,Indiana Fever,1022600055,2026-05-28,IND @ GSV,L,25,4,11,0.364,1,7,0.143,2,2,1,0,2,2,2,2,0,1,2,11,1,1,2026,regular-season,1629482,Sophie Cunningham,21.4,p
22026,1611661331,GSV,Golden State Valkyries,1022600055,2026-05-28,GSV vs. IND,W,29,7,13,0.538,1,3,0.333,10,12,0.833,2,4,6,3,1,5,1,5,25,-2,1,2026,regular-season,1631007,Veronica Burton,53.7,p
22026,1611661331,GSV,Golden State Valkyries,1022600055,2026-05-28,GSV vs. IND,W,14,1,5,0.2,0,0,NA,1,2,0.5,2,3,5,1,0,1,1,3,3,4,1,2026,regular-season,1641656,Laeticia Amihere,12.5,p
22026,1611661331,GSV,Golden State Valkyries,1022600055,2026-05-28,GSV vs. IND,W,16,1,4,0.25,1,2,0.5,0,0,NA,0,0,0,2,0,1,2,1,3,7,1,2026,regular-season,1642794,Juste Jocyte,7,p
22026,1611661331,GSV,Golden State Valkyries,1022600055,2026-05-28,GSV vs. IND,W,11,1,1,1,0,0,NA,0,0,NA,0,1,1,3,0,0,0,1,2,4,1,2026,regular-season,1642822,Kaitlyn Chen,7.7,p
22026,1611661319,LVA,Las Vegas Aces,1022600054,2026-05-28,LVA @ DAL,L,8,3,5,0.6,1,1,1,2,2,1,1,1,2,0,0,0,0,3,9,7,1,2026,regular-season,204323,Cheyenne Parker-Tyus,11.4,p
22026,1611661319,LVA,Las Vegas Aces,1022600054,2026-05-28,LVA @ DAL,L,33,7,20,0.35,1,5,0.2,0,0,NA,1,2,3,7,1,0,0,2,15,-15,1,2026,regular-season,1629498,Jackie Young,32.1,p
22026,1611661319,LVA,Las Vegas Aces,1022600054,2026-05-28,LVA @ DAL,L,19,6,11,0.545,2,4,0.5,0,0,NA,0,1,1,0,1,0,0,2,14,3,1,2026,regular-season,1630150,Chennedy Carter,18.2,p
22026,1611661325,IND,Indiana Fever,1022600055,2026-05-28,IND @ GSV,L,23,2,7,0.286,1,3,0.333,0,0,NA,1,5,6,0,1,0,1,3,5,2,1,2026,regular-season,1631086,Lexie Hull,14.2,p
22026,1611661325,IND,Indiana Fever,1022600055,2026-05-28,IND @ GSV,L,22,4,11,0.364,1,3,0.333,4,4,1,2,4,6,4,0,0,2,4,13,-2,1,2026,regular-season,1641648,Aliyah Boston,24.2,p
22026,1611661319,LVA,Las Vegas Aces,1022600054,2026-05-28,LVA @ DAL,L,34,2,10,0.2,1,4,0.25,3,3,1,0,3,3,8,1,1,1,3,8,-2,1,2026,regular-season,203833,Chelsea Gray,28.6,p
22026,1611661319,LVA,Las Vegas Aces,1022600054,2026-05-28,LVA @ DAL,L,27,4,5,0.8,0,0,NA,1,4,0.25,4,8,12,0,0,1,1,3,9,-11,1,2026,regular-season,1631019,NaLyssa Smith,25.4,p
22026,1611661321,DAL,Dallas Wings,1022600054,2026-05-28,DAL vs. LVA,W,38,8,13,0.615,0,1,0,6,6,1,4,16,20,10,0,0,2,3,22,13,1,2026,regular-season,1629491,Jessica Shepard,59,p
22026,1611661325,IND,Indiana Fever,1022600055,2026-05-28,IND @ GSV,L,19,1,2,0.5,0,1,0,2,2,1,2,3,5,2,0,1,0,2,4,-7,1,2026,regular-season,1628881,Monique Billings,16,p
22026,1611661325,IND,Indiana Fever,1022600055,2026-05-28,IND @ GSV,L,16,1,4,0.25,0,0,NA,0,0,NA,0,1,1,1,0,1,0,1,2,-2,1,2026,regular-season,1628899,Myisha Hines-Allen,7.7,p
22026,1611661325,IND,Indiana Fever,1022600055,2026-05-28,IND @ GSV,L,15,3,3,1,0,0,NA,1,2,0.5,2,3,5,2,1,1,0,3,7,2,1,2026,regular-season,1642815,Makayla Timpson,22,p
22026,1611661331,GSV,Golden State Valkyries,1022600055,2026-05-28,GSV vs. IND,W,26,2,4,0.5,0,0,NA,0,0,NA,1,3,4,2,0,4,2,1,4,-2,1,2026,regular-season,204329,Kiah Stokes,21.8,p
22026,1611661313,NYL,New York Liberty,1022600056,2026-05-29,NYL vs. PHX,W,15,3,6,0.5,2,5,0.4,5,6,0.833,0,3,3,2,2,0,1,1,13,2,1,2026,regular-season,204335,Betnijah Laney-Hamilton,24.6,p
22026,1611661313,NYL,New York Liberty,1022600056,2026-05-29,NYL vs. PHX,W,31,2,9,0.222,1,4,0.25,4,4,1,3,6,9,2,1,2,2,4,9,8,1,2026,regular-season,1627673,Jonquel Jones,29.8,p
22026,1611661313,NYL,New York Liberty,1022600056,2026-05-29,NYL vs. PHX,W,19,2,5,0.4,2,5,0.4,0,0,NA,0,2,2,1,0,0,2,4,6,-6,1,2026,regular-season,1629546,Marine Johannes,7.9,p
22026,1611661313,NYL,New York Liberty,1022600056,2026-05-29,NYL vs. PHX,W,17,4,7,0.571,1,2,0.5,0,0,NA,1,5,6,1,0,1,1,1,9,5,1,2026,regular-season,1629566,Han Xu,19.7,p
22026,1611661317,PHX,Phoenix Mercury,1022600056,2026-05-29,PHX @ NYL,L,29,5,8,0.625,3,4,0.75,0,0,NA,0,3,3,3,1,0,0,6,13,-9,1,2026,regular-season,1642777,Monique Akoa Makani,24.1,p
22026,1611661320,LAS,Los Angeles Sparks,1022600057,2026-05-29,LAS @ WAS,W,30,4,9,0.444,0,2,0,6,8,0.75,2,5,7,9,4,0,1,2,14,0,1,2026,regular-season,204324,Dearica Hamby,46.9,p
22026,1611661320,LAS,Los Angeles Sparks,1022600057,2026-05-29,LAS @ WAS,W,17,5,7,0.714,2,3,0.667,4,4,1,1,1,2,1,1,1,2,4,16,6,1,2026,regular-season,1642287,Cameron Brink,23.9,p
22026,1611661320,LAS,Los Angeles Sparks,1022600057,2026-05-29,LAS @ WAS,W,13,2,3,0.667,2,3,0.667,0,0,NA,2,1,3,0,0,0,1,2,6,12,1,2026,regular-season,1643462,Chance Gray,8.6,p
22026,1611661322,WAS,Washington Mystics,1022600057,2026-05-29,WAS vs. LAS,L,27,6,10,0.6,0,1,0,1,2,0.5,1,8,9,1,0,0,0,4,13,2,1,2026,regular-season,1642792,Kiki Iriafen,25.3,p
22026,1611661322,WAS,Washington Mystics,1022600057,2026-05-29,WAS vs. LAS,L,17,3,3,1,0,0,NA,0,0,NA,1,4,5,1,3,1,1,3,6,-12,1,2026,regular-season,1643455,Angela Dugalic,24.5,p
22026,1611661322,WAS,Washington Mystics,1022600057,2026-05-29,WAS vs. LAS,L,25,1,9,0.111,0,5,0,3,4,0.75,1,0,1,7,0,0,0,3,5,-5,1,2026,regular-season,1643644,Alicia Florez,16.7,p
22026,1611661324,MIN,Minnesota Lynx,1022600058,2026-05-29,MIN @ CHI,W,29,5,10,0.5,0,1,0,0,0,NA,0,4,4,5,1,0,2,4,10,9,1,2026,regular-season,1627675,Courtney Williams,23.3,p
22026,1611661327,PDX,Portland Fire,1022600059,2026-05-29,PDX vs. ATL,L,18,4,9,0.444,2,5,0.4,0,0,NA,1,4,5,1,0,1,1,2,10,2,1,2026,regular-season,1629484,Megan DiLeo,19.5,p
22026,1611661327,PDX,Portland Fire,1022600059,2026-05-29,PDX vs. ATL,L,22,2,7,0.286,1,5,0.2,1,2,0.5,0,0,0,2,0,0,2,4,6,-22,1,2026,regular-season,1630143,Luisa Geiselsoder,7,p
22026,1611661327,PDX,Portland Fire,1022600059,2026-05-29,PDX vs. ATL,L,28,3,7,0.429,0,2,0,0,0,NA,0,3,3,7,2,0,4,0,6,-24,1,2026,regular-season,1641683,Holly Winterburn,22.1,p
22026,1611661327,PDX,Portland Fire,1022600059,2026-05-29,PDX vs. ATL,L,20,0,3,0,0,1,0,0,0,NA,3,3,6,2,1,0,2,5,0,1,1,2026,regular-season,1643436,Serah Williams,11.2,p
22026,1611661329,CHI,Chicago Sky,1022600058,2026-05-29,CHI vs. MIN,L,20,3,9,0.333,1,6,0.167,0,0,NA,0,2,2,4,0,0,1,3,7,-1,1,2026,regular-season,1642321,Sydney Taylor,14.4,p
22026,1611661330,ATL,Atlanta Dream,1022600059,2026-05-29,ATL @ PDX,W,34,5,11,0.455,4,7,0.571,0,2,0,1,1,2,4,6,0,1,3,14,19,1,2026,regular-season,1631009,Rhyne Howard,39.4,p
22026,1611661330,ATL,Atlanta Dream,1022600059,2026-05-29,ATL @ PDX,W,36,6,14,0.429,1,9,0.111,1,1,1,4,3,7,4,5,0,1,2,14,19,1,2026,regular-season,1631044,Naz Hillmon,42.4,p
22026,1611661313,NYL,New York Liberty,1022600056,2026-05-29,NYL vs. PHX,W,30,1,6,0.167,0,2,0,1,1,1,1,1,2,1,1,0,4,1,3,2,1,2026,regular-season,1630142,Leonie Fiebich,5.9,p
22026,1611661317,PHX,Phoenix Mercury,1022600056,2026-05-29,PHX @ NYL,L,22,0,3,0,0,2,0,4,4,1,0,3,3,0,0,0,0,2,4,-5,1,2026,regular-season,201886,DeWanna Bonner,7.6,p
22026,1611661317,PHX,Phoenix Mercury,1022600056,2026-05-29,PHX @ NYL,L,37,4,16,0.25,1,8,0.125,7,8,0.875,0,3,3,1,0,1,3,3,16,-4,1,2026,regular-season,1627674,Kahleah Copper,21.1,p
22026,1611661317,PHX,Phoenix Mercury,1022600056,2026-05-29,PHX @ NYL,L,28,3,5,0.6,0,0,NA,0,0,NA,2,7,9,0,5,1,1,1,6,-11,1,2026,regular-season,1630442,Natasha Mack,33.8,p
22026,1611661317,PHX,Phoenix Mercury,1022600056,2026-05-29,PHX @ NYL,L,12,2,4,0.5,0,1,0,0,0,NA,0,0,0,1,1,0,0,1,4,4,1,2026,regular-season,1642768,Kyara Linskens,8.5,p
22026,1611661317,PHX,Phoenix Mercury,1022600056,2026-05-29,PHX @ NYL,L,21,0,4,0,0,4,0,2,2,1,0,1,1,0,1,0,0,2,2,-5,1,2026,regular-season,1643493,Noemie Brochant,6.2,p
22026,1611661322,WAS,Washington Mystics,1022600057,2026-05-29,WAS vs. LAS,L,24,1,5,0.2,1,4,0.25,1,4,0.25,3,0,3,3,0,0,2,3,4,2,1,2026,regular-season,1630446,Michaela Onyenwere,10.1,p
22026,1611661322,WAS,Washington Mystics,1022600057,2026-05-29,WAS vs. LAS,L,23,0,7,0,0,6,0,1,2,0.5,0,1,1,3,0,0,3,4,1,-12,1,2026,regular-season,1642781,Georgia Amoore,3.7,p
22026,1611661324,MIN,Minnesota Lynx,1022600058,2026-05-29,MIN @ CHI,W,17,1,6,0.167,1,4,0.25,2,2,1,0,4,4,0,1,1,0,0,5,13,1,2026,regular-season,1630471,Maya Caldwell,15.8,p
22026,1611661324,MIN,Minnesota Lynx,1022600058,2026-05-29,MIN @ CHI,W,32,4,10,0.4,0,4,0,9,10,0.9,0,6,6,6,2,0,4,2,17,20,1,2026,regular-season,1643426,Olivia Miles,35.2,p
22026,1611661327,PDX,Portland Fire,1022600059,2026-05-29,PDX vs. ATL,L,14,2,2,1,1,1,1,2,2,1,0,0,0,0,0,0,3,0,7,-10,1,2026,regular-season,1643494,Frieda Buhner,4,p
22026,1611661329,CHI,Chicago Sky,1022600058,2026-05-29,CHI vs. MIN,L,31,1,7,0.143,1,5,0.2,3,4,0.75,0,4,4,2,2,1,2,3,6,-22,1,2026,regular-season,204333,Natasha Cloud,20.8,p
22026,1611661329,CHI,Chicago Sky,1022600058,2026-05-29,CHI vs. MIN,L,28,4,9,0.444,0,0,NA,4,4,1,3,10,13,1,0,2,3,3,12,-27,1,2026,regular-season,1642289,Kamilla Cardoso,32.1,p
22026,1611661329,CHI,Chicago Sky,1022600058,2026-05-29,CHI vs. MIN,L,11,2,7,0.286,0,1,0,0,0,NA,1,2,3,0,2,0,3,0,4,5,1,2026,regular-season,1642786,Aicha Coulibaly,10.6,p
22026,1611661330,ATL,Atlanta Dream,1022600059,2026-05-29,ATL @ PDX,W,14,2,5,0.4,1,3,0.333,0,0,NA,0,0,0,1,0,0,1,0,5,-9,1,2026,regular-season,1642804,Te-Hina Paopao,5.5,p
22026,1611661313,NYL,New York Liberty,1022600056,2026-05-29,NYL vs. PHX,W,29,4,11,0.364,1,4,0.25,0,0,NA,2,6,8,4,1,0,2,0,9,4,1,2026,regular-season,1627668,Breanna Stewart,25.6,p
22026,1611661317,PHX,Phoenix Mercury,1022600056,2026-05-29,PHX @ NYL,L,12,2,7,0.286,2,5,0.4,2,2,1,0,0,0,0,0,0,1,2,8,0,1,2026,regular-season,1643505,Jovana Nogic,7,p
22026,1611661320,LAS,Los Angeles Sparks,1022600057,2026-05-29,LAS @ WAS,W,6,0,0,NA,0,0,NA,0,2,0,0,0,0,0,1,0,1,0,0,5,1,2026,regular-season,1630148,Jihyun Park,2,p
22026,1611661322,WAS,Washington Mystics,1022600057,2026-05-29,WAS vs. LAS,L,37,7,10,0.7,2,4,0.5,5,6,0.833,0,1,1,8,1,1,4,2,21,-1,1,2026,regular-season,1642785,Sonia Citron,36.2,p
22026,1611661322,WAS,Washington Mystics,1022600057,2026-05-29,WAS vs. LAS,L,6,2,2,1,1,1,1,0,0,NA,0,0,0,0,0,0,1,2,5,3,1,2026,regular-season,1643467,Cassandre Prosper,4,p
22026,1611661324,MIN,Minnesota Lynx,1022600058,2026-05-29,MIN @ CHI,W,29,6,11,0.545,0,1,0,2,2,1,2,5,7,3,4,1,3,3,14,10,1,2026,regular-season,203827,Natasha Howard,38.9,p
22026,1611661324,MIN,Minnesota Lynx,1022600058,2026-05-29,MIN @ CHI,W,26,7,12,0.583,6,9,0.667,0,0,NA,1,7,8,2,1,1,1,0,20,20,1,2026,regular-season,1628269,Nia Coffey,37.6,p
22026,1611661324,MIN,Minnesota Lynx,1022600058,2026-05-29,MIN @ CHI,W,10,0,2,0,0,0,NA,0,0,NA,0,4,4,1,0,2,2,2,0,11,1,2026,regular-season,1629479,Teaira McCowan,10.3,p
22026,1611661327,PDX,Portland Fire,1022600059,2026-05-29,PDX vs. ATL,L,18,4,9,0.444,2,4,0.5,0,0,NA,1,1,2,0,0,3,6,4,10,-17,1,2026,regular-season,1631083,Emily Engstler,15.4,p
22026,1611661327,PDX,Portland Fire,1022600059,2026-05-29,PDX vs. ATL,L,17,1,4,0.25,0,3,0,0,0,NA,0,1,1,1,0,0,2,2,2,-8,1,2026,regular-season,1642296,Nyadiew Puoch,2.7,p
22026,1611661330,ATL,Atlanta Dream,1022600059,2026-05-29,ATL @ PDX,W,30,3,12,0.25,3,7,0.429,4,4,1,0,3,3,1,3,0,1,1,13,26,1,2026,regular-season,1628277,Allisha Gray,26.1,p
22026,1611661330,ATL,Atlanta Dream,1022600059,2026-05-29,ATL @ PDX,W,27,2,4,0.5,0,1,0,5,5,1,2,2,4,4,1,0,3,2,9,25,1,2026,regular-season,1628886,Jordin Canada,19.8,p
22026,1611661330,ATL,Atlanta Dream,1022600059,2026-05-29,ATL @ PDX,W,5,0,1,0,0,0,NA,0,0,NA,0,0,0,0,0,0,1,1,0,-2,1,2026,regular-season,1631021,Sika Kone,-1,p
22026,1611661330,ATL,Atlanta Dream,1022600059,2026-05-29,ATL @ PDX,W,10,1,1,1,0,0,NA,0,0,NA,0,0,0,1,0,0,1,0,2,-1,1,2026,regular-season,1642302,Isobel Borlase,2.5,p
22026,1611661330,ATL,Atlanta Dream,1022600059,2026-05-29,ATL @ PDX,W,1,0,1,0,0,0,NA,0,0,NA,0,0,0,1,0,0,0,0,0,1,1,2026,regular-season,1642801,Aaliyah Nye,1.5,p
22026,1611661330,ATL,Atlanta Dream,1022600059,2026-05-29,ATL @ PDX,W,7,3,3,1,0,0,NA,1,1,1,0,0,0,1,0,0,2,1,7,5,1,2026,regular-season,1643431,Madina Okot,6.5,p
22026,1611661330,ATL,Atlanta Dream,1022600059,2026-05-29,ATL @ PDX,W,4,2,2,1,0,0,NA,0,0,NA,0,1,1,0,1,0,0,1,4,-1,1,2026,regular-season,1643469,Indya Nivar,8.2,p
22026,1611661313,NYL,New York Liberty,1022600056,2026-05-29,NYL vs. PHX,W,15,3,5,0.6,0,1,0,0,0,NA,0,1,1,0,0,1,0,2,6,3,1,2026,regular-season,203822,Rebekah Gardner,10.2,p
22026,1611661313,NYL,New York Liberty,1022600056,2026-05-29,NYL vs. PHX,W,10,1,3,0.333,0,1,0,2,2,1,0,3,3,1,0,0,1,2,4,5,1,2026,regular-season,1630149,Satou Sabally,8.1,p
22026,1611661313,NYL,New York Liberty,1022600056,2026-05-29,NYL vs. PHX,W,31,6,8,0.75,1,1,1,3,4,0.75,0,6,6,6,0,1,2,5,16,10,1,2026,regular-season,1631136,Pauline Astier,33.2,p
22026,1611661317,PHX,Phoenix Mercury,1022600056,2026-05-29,PHX @ NYL,L,36,5,14,0.357,0,0,NA,5,6,0.833,1,2,3,8,3,1,3,3,15,-8,1,2026,regular-season,203826,Alyssa Thomas,39.6,p
22026,1611661320,LAS,Los Angeles Sparks,1022600057,2026-05-29,LAS @ WAS,W,33,8,17,0.471,1,3,0.333,3,5,0.6,2,9,11,2,1,1,1,3,20,4,1,2026,regular-season,203014,Nneka Ogwumike,41.2,p
22026,1611661320,LAS,Los Angeles Sparks,1022600057,2026-05-29,LAS @ WAS,W,29,4,5,0.8,0,0,NA,0,0,NA,1,1,2,2,0,0,2,6,8,-2,1,2026,regular-season,1628878,Ariel Atkins,11.4,p
22026,1611661320,LAS,Los Angeles Sparks,1022600057,2026-05-29,LAS @ WAS,W,32,2,8,0.25,0,5,0,0,1,0,0,2,2,1,0,0,1,4,4,-5,1,2026,regular-season,1630996,Rae Burrell,6.9,p
22026,1611661322,WAS,Washington Mystics,1022600057,2026-05-29,WAS vs. LAS,L,10,1,3,0.333,0,0,NA,0,0,NA,0,1,1,0,0,2,0,0,2,-1,1,2026,regular-season,1643427,Lauren Betts,9.2,p
22026,1611661322,WAS,Washington Mystics,1022600057,2026-05-29,WAS vs. LAS,L,5,2,2,1,1,1,1,0,2,0,0,0,0,0,0,0,0,2,5,-2,1,2026,regular-season,1643430,Cotie McMahon,5,p
22026,1611661324,MIN,Minnesota Lynx,1022600058,2026-05-29,MIN @ CHI,W,11,0,1,0,0,0,NA,0,0,NA,0,0,0,1,0,0,0,0,0,5,1,2026,regular-season,1643489,Antonia Delaere,1.5,p
22026,1611661329,CHI,Chicago Sky,1022600058,2026-05-29,CHI vs. MIN,L,29,4,12,0.333,0,3,0,4,4,1,1,4,5,3,2,0,3,4,12,-18,1,2026,regular-season,203400,Skylar Diggins,25.5,p
22026,1611661329,CHI,Chicago Sky,1022600058,2026-05-29,CHI vs. MIN,L,18,2,8,0.25,0,4,0,0,0,NA,1,0,1,2,0,0,1,1,4,-13,1,2026,regular-season,1628922,Azura Stevens,7.2,p
22026,1611661329,CHI,Chicago Sky,1022600058,2026-05-29,CHI vs. MIN,L,20,2,5,0.4,1,3,0.333,0,0,NA,0,1,1,2,0,0,2,4,5,-10,1,2026,regular-season,1642292,Jacy Sheldon,7.2,p
22026,1611661317,PHX,Phoenix Mercury,1022600056,2026-05-29,PHX @ NYL,L,3,0,1,0,0,0,NA,0,0,NA,0,1,1,1,0,0,1,0,0,3,1,2026,regular-season,204468,Valeriane Ayayi,1.7,p
22026,1611661320,LAS,Los Angeles Sparks,1022600057,2026-05-29,LAS @ WAS,W,35,8,16,0.5,1,4,0.25,4,4,1,1,1,2,8,1,0,4,1,21,8,1,2026,regular-season,204365,Erica Wheeler,34.4,p
22026,1611661320,LAS,Los Angeles Sparks,1022600057,2026-05-29,LAS @ WAS,W,5,0,1,0,0,0,NA,3,4,0.75,0,0,0,0,0,0,1,2,3,-3,1,2026,regular-season,1643444,Ta'Niya Latson,2,p
22026,1611661322,WAS,Washington Mystics,1022600057,2026-05-29,WAS vs. LAS,L,25,8,10,0.8,0,0,NA,9,9,1,1,9,10,3,0,0,4,4,25,1,1,2026,regular-season,1631022,Shakira Austin,37.5,p
22026,1611661324,MIN,Minnesota Lynx,1022600058,2026-05-29,MIN @ CHI,W,5,1,2,0.5,0,0,NA,0,0,NA,1,1,2,0,1,0,0,1,2,2,1,2026,regular-season,1642797,Anastasiia Olairi Kosu,7.4,p
22026,1611661324,MIN,Minnesota Lynx,1022600058,2026-05-29,MIN @ CHI,W,10,1,4,0.25,0,2,0,0,0,NA,1,2,3,0,0,1,1,3,2,-1,1,2026,regular-season,1642820,Liatu King,7.6,p
22026,1611661327,PDX,Portland Fire,1022600059,2026-05-29,PDX vs. ATL,L,19,0,2,0,0,2,0,0,0,NA,1,2,3,1,1,0,1,2,0,-15,1,2026,regular-season,1628317,Karlie Samuelson,7.1,p
22026,1611661327,PDX,Portland Fire,1022600059,2026-05-29,PDX vs. ATL,L,24,3,4,0.75,1,1,1,4,4,1,0,1,1,4,0,0,4,2,11,-11,1,2026,regular-season,1642304,Carla Leite,14.2,p
22026,1611661327,PDX,Portland Fire,1022600059,2026-05-29,PDX vs. ATL,L,21,6,9,0.667,2,3,0.667,0,0,NA,0,2,2,0,0,0,3,1,14,4,1,2026,regular-season,1642782,Sarah Ashlee Barker,13.4,p
22026,1611661329,CHI,Chicago Sky,1022600058,2026-05-29,CHI vs. MIN,L,23,2,10,0.2,2,8,0.25,2,2,1,1,6,7,0,0,1,1,1,8,-12,1,2026,regular-season,1627671,Rachel Banham,18.4,p
22026,1611661329,CHI,Chicago Sky,1022600058,2026-05-29,CHI vs. MIN,L,1,0,0,NA,0,0,NA,0,0,NA,0,0,0,0,0,0,0,0,0,0,1,2026,regular-season,1643458,Saylor Poffenbarger,0,p
22026,1611661330,ATL,Atlanta Dream,1022600059,2026-05-29,ATL @ PDX,W,32,6,14,0.429,0,3,0,6,7,0.857,5,7,12,5,0,1,4,3,18,18,1,2026,regular-season,1642291,Angel Reese,38.9,p
22026,1611661313,NYL,New York Liberty,1022600056,2026-05-29,NYL vs. PHX,W,3,0,0,NA,0,0,NA,0,0,NA,0,0,0,0,0,0,1,1,0,2,1,2026,regular-season,204296,Rebecca Allen,-1,p
22026,1611661324,MIN,Minnesota Lynx,1022600058,2026-05-29,MIN @ CHI,W,31,3,13,0.231,1,7,0.143,2,4,0.5,1,4,5,2,3,1,1,2,9,16,1,2026,regular-season,203825,Kayla McBride,29,p
22026,1611661329,CHI,Chicago Sky,1022600058,2026-05-29,CHI vs. MIN,L,19,0,3,0,0,0,NA,0,4,0,2,3,5,1,0,2,1,0,0,-7,1,2026,regular-season,204322,Elizabeth Williams,12.5,p
22026,1611661320,LAS,Los Angeles Sparks,1022600061,2026-05-30,LAS @ CON,L,30,4,13,0.308,0,2,0,3,5,0.6,4,3,7,2,1,2,2,2,11,-4,1,2026,regular-season,204324,Dearica Hamby,29.4,p
22026,1611661320,LAS,Los Angeles Sparks,1022600061,2026-05-30,LAS @ CON,L,32,3,9,0.333,2,4,0.5,8,8,1,1,3,4,1,4,3,3,5,16,5,1,2026,regular-season,1628878,Ariel Atkins,40.3,p
22026,1611661323,CON,Connecticut Sun,1022600061,2026-05-30,CON vs. LAS,W,15,3,5,0.6,0,0,NA,3,4,0.75,1,1,2,1,0,1,2,1,9,-1,1,2026,regular-season,203398,Brittney Griner,13.9,p
22026,1611661327,PDX,Portland Fire,1022600062,2026-05-30,PDX vs. IND,W,32,6,15,0.4,2,6,0.333,0,0,NA,0,2,2,3,3,2,0,3,14,17,1,2026,regular-season,1629524,Bridget Carleton,35.9,p
22026,1611661327,PDX,Portland Fire,1022600062,2026-05-30,PDX vs. IND,W,14,3,5,0.6,0,1,0,4,4,1,1,0,1,0,1,0,0,3,10,14,1,2026,regular-season,1643494,Frieda Buhner,14.2,p
22026,1611661328,SEA,Seattle Storm,1022600060,2026-05-30,SEA @ TOR,L,23,3,5,0.6,1,1,1,0,0,NA,2,2,4,2,1,1,1,3,7,-11,1,2026,regular-season,203828,Stefanie Dolson,19.8,p
22026,1611661328,SEA,Seattle Storm,1022600060,2026-05-30,SEA @ TOR,L,14,0,2,0,0,2,0,0,0,NA,0,0,0,1,0,0,1,2,0,-2,1,2026,regular-season,1628882,Lexie Brown,0.5,p
22026,1611661328,SEA,Seattle Storm,1022600060,2026-05-30,SEA @ TOR,L,24,3,9,0.333,1,5,0.2,0,0,NA,1,2,3,3,0,1,2,2,7,-15,1,2026,regular-season,1643428,Flau'jae Johnson,16.1,p
22026,1611661332,TOR,Toronto Tempo,1022600060,2026-05-30,TOR vs. SEA,W,17,2,4,0.5,0,2,0,2,2,1,0,4,4,4,1,0,2,2,6,15,1,2026,regular-season,1627700,Julie Allemand,17.8,p
22026,1611661332,TOR,Toronto Tempo,1022600060,2026-05-30,TOR vs. SEA,W,29,6,13,0.462,3,9,0.333,3,3,1,0,3,3,4,1,0,3,0,18,6,1,2026,regular-season,1629497,Marina Mabrey,27.6,p
22026,1611661332,TOR,Toronto Tempo,1022600060,2026-05-30,TOR vs. SEA,W,26,2,5,0.4,0,1,0,4,4,1,2,2,4,0,2,1,1,1,8,15,1,2026,regular-season,1631055,Nyara Sabally,20.8,p
22026,1611661332,TOR,Toronto Tempo,1022600060,2026-05-30,TOR vs. SEA,W,25,5,8,0.625,4,5,0.8,0,0,NA,0,5,5,1,2,0,1,3,14,25,1,2026,regular-season,1643420,Laura Juskaite,26.5,p
22026,1611661320,LAS,Los Angeles Sparks,1022600061,2026-05-30,LAS @ CON,L,33,4,8,0.5,1,4,0.25,3,6,0.5,2,1,3,2,1,0,0,2,12,-13,1,2026,regular-season,203014,Nneka Ogwumike,21.6,p
22026,1611661320,LAS,Los Angeles Sparks,1022600061,2026-05-30,LAS @ CON,L,30,5,12,0.417,0,4,0,3,5,0.6,1,2,3,6,1,0,4,3,13,-3,1,2026,regular-season,204365,Erica Wheeler,24.6,p
22026,1611661320,LAS,Los Angeles Sparks,1022600061,2026-05-30,LAS @ CON,L,27,6,13,0.462,2,4,0.5,2,2,1,2,3,5,1,0,1,2,2,16,-6,1,2026,regular-season,1630996,Rae Burrell,24.5,p
22026,1611661323,CON,Connecticut Sun,1022600061,2026-05-30,CON vs. LAS,W,24,4,8,0.5,2,5,0.4,4,8,0.5,2,4,6,0,2,3,0,1,14,3,1,2026,regular-season,1629568,Kennedy Burke,36.2,p
22026,1611661323,CON,Connecticut Sun,1022600061,2026-05-30,CON vs. LAS,W,17,0,1,0,0,0,NA,4,4,1,1,3,4,1,1,1,0,4,4,3,1,2026,regular-season,1631135,Olivia Nelson-Ododa,16.3,p
22026,1611661323,CON,Connecticut Sun,1022600061,2026-05-30,CON vs. LAS,W,29,4,10,0.4,0,1,0,1,2,0.5,0,0,0,4,2,1,3,2,9,6,1,2026,regular-season,1642809,Saniya Rivers,21,p
22026,1611661325,IND,Indiana Fever,1022600062,2026-05-30,IND @ PDX,L,26,3,5,0.6,2,4,0.5,7,8,0.875,0,3,3,4,1,0,1,3,15,-5,1,2026,regular-season,1629482,Sophie Cunningham,26.6,p
22026,1611661325,IND,Indiana Fever,1022600062,2026-05-30,IND @ PDX,L,15,0,4,0,0,4,0,0,0,NA,0,1,1,1,0,0,0,1,0,-8,1,2026,regular-season,1631086,Lexie Hull,2.7,p
22026,1611661325,IND,Indiana Fever,1022600062,2026-05-30,IND @ PDX,L,25,3,5,0.6,0,0,NA,5,5,1,3,3,6,1,1,2,1,3,11,-4,1,2026,regular-season,1642815,Makayla Timpson,27.7,p
22026,1611661327,PDX,Portland Fire,1022600062,2026-05-30,PDX vs. IND,W,28,8,8,1,1,1,1,5,6,0.833,0,1,1,0,0,1,0,4,22,15,1,2026,regular-season,1629484,Megan DiLeo,26.2,p
22026,1611661328,SEA,Seattle Storm,1022600060,2026-05-30,SEA @ TOR,L,23,7,12,0.583,3,8,0.375,1,1,1,0,2,2,7,0,0,2,2,18,-9,1,2026,regular-season,1629567,Natisha Hiedeman,28.9,p
22026,1611661332,TOR,Toronto Tempo,1022600060,2026-05-30,TOR vs. SEA,W,9,0,1,0,0,1,0,0,2,0,1,0,1,0,0,0,0,1,0,-1,1,2026,regular-season,1643457,Teonni Key,1.2,p
22026,1611661320,LAS,Los Angeles Sparks,1022600061,2026-05-30,LAS @ CON,L,5,1,1,1,1,1,1,0,0,NA,0,0,0,0,0,0,0,1,3,-3,1,2026,regular-season,1643444,Ta'Niya Latson,3,p
22026,1611661320,LAS,Los Angeles Sparks,1022600061,2026-05-30,LAS @ CON,L,13,2,4,0.5,2,4,0.5,0,0,NA,1,1,2,1,0,0,0,2,6,-5,1,2026,regular-season,1643462,Chance Gray,9.9,p
22026,1611661323,CON,Connecticut Sun,1022600061,2026-05-30,CON vs. LAS,W,21,5,14,0.357,1,6,0.167,1,4,0.25,1,1,2,3,1,0,1,4,12,4,1,2026,regular-season,1642303,Leila Lacan,20.9,p
22026,1611661323,CON,Connecticut Sun,1022600061,2026-05-30,CON vs. LAS,W,32,6,13,0.462,1,4,0.25,4,4,1,4,10,14,2,2,1,3,3,17,0,1,2026,regular-season,1642800,Aneesah Morrow,42.8,p
22026,1611661323,CON,Connecticut Sun,1022600061,2026-05-30,CON vs. LAS,W,11,0,2,0,0,1,0,2,2,1,0,0,0,0,0,1,1,2,2,-1,1,2026,regular-season,1643448,Nell Angloma,4,p
22026,1611661327,PDX,Portland Fire,1022600062,2026-05-30,PDX vs. IND,W,12,0,1,0,0,0,NA,0,0,NA,1,0,1,1,0,0,1,1,0,1,1,2026,regular-season,1630143,Luisa Geiselsoder,1.7,p
22026,1611661328,SEA,Seattle Storm,1022600060,2026-05-30,SEA @ TOR,L,27,3,8,0.375,1,2,0.5,1,1,1,0,3,3,4,0,1,3,3,8,-18,1,2026,regular-season,1631141,Jade Melbourne,17.6,p
22026,1611661328,SEA,Seattle Storm,1022600060,2026-05-30,SEA @ TOR,L,22,6,11,0.545,1,2,0.5,2,2,1,3,1,4,1,4,0,2,0,15,-2,1,2026,regular-season,1641651,Jordan Horston,31.3,p
22026,1611661328,SEA,Seattle Storm,1022600060,2026-05-30,SEA @ TOR,L,24,3,10,0.3,0,2,0,1,1,1,1,4,5,0,0,1,2,3,7,-20,1,2026,regular-season,1643443,Awa Fam,14,p
22026,1611661332,TOR,Toronto Tempo,1022600060,2026-05-30,TOR vs. SEA,W,23,3,6,0.5,3,4,0.75,4,4,1,0,6,6,2,0,0,1,1,13,19,1,2026,regular-season,1629576,Maria Conde,22.2,p
22026,1611661320,LAS,Los Angeles Sparks,1022600061,2026-05-30,LAS @ CON,L,13,1,2,0.5,0,1,0,0,0,NA,0,1,1,0,1,0,0,3,2,3,1,2026,regular-season,1642324,Kate Martin,6.2,p
22026,1611661323,CON,Connecticut Sun,1022600061,2026-05-30,CON vs. LAS,W,13,0,2,0,0,1,0,2,2,1,0,1,1,3,2,1,3,2,2,-3,1,2026,regular-season,1643449,Charlisse Leger-Walker,13.7,p
22026,1611661325,IND,Indiana Fever,1022600062,2026-05-30,IND @ PDX,L,12,1,5,0.2,1,5,0.2,2,2,1,1,1,2,1,0,0,2,0,5,-5,1,2026,regular-season,1630112,Tyasha Harris,6.9,p
22026,1611661325,IND,Indiana Fever,1022600062,2026-05-30,IND @ PDX,L,26,7,13,0.538,0,1,0,4,4,1,2,5,7,2,0,0,3,3,18,-14,1,2026,regular-season,1641648,Aliyah Boston,26.4,p
22026,1611661325,IND,Indiana Fever,1022600062,2026-05-30,IND @ PDX,L,22,1,7,0.143,0,2,0,4,5,0.8,1,1,2,6,1,0,1,5,6,-8,1,2026,regular-season,1642286,Caitlin Clark,19.4,p
22026,1611661325,IND,Indiana Fever,1022600062,2026-05-30,IND @ PDX,L,6,1,1,1,0,0,NA,0,0,NA,0,0,0,0,0,0,0,0,2,-6,1,2026,regular-season,1643453,Grace VanSlooten,2,p
22026,1611661327,PDX,Portland Fire,1022600062,2026-05-30,PDX vs. IND,W,29,7,10,0.7,2,3,0.667,0,0,NA,3,7,10,4,4,2,1,3,16,14,1,2026,regular-season,1631083,Emily Engstler,51,p
22026,1611661327,PDX,Portland Fire,1022600062,2026-05-30,PDX vs. IND,W,16,1,3,0.333,0,0,NA,0,0,NA,2,0,2,1,0,0,0,3,2,-3,1,2026,regular-season,1642296,Nyadiew Puoch,5.9,p
22026,1611661327,PDX,Portland Fire,1022600062,2026-05-30,PDX vs. IND,W,10,1,3,0.333,1,1,1,0,0,NA,0,1,1,0,0,0,2,2,3,-1,1,2026,regular-season,1643506,Teja Oblak,2.2,p
22026,1611661328,SEA,Seattle Storm,1022600060,2026-05-30,SEA @ TOR,L,17,1,5,0.2,0,4,0,0,1,0,0,4,4,2,1,0,2,1,2,-16,1,2026,regular-season,1629478,Katie Lou Samuelson,10.8,p
22026,1611661328,SEA,Seattle Storm,1022600060,2026-05-30,SEA @ TOR,L,11,1,6,0.167,0,1,0,0,0,NA,0,0,0,0,0,0,1,1,2,-7,1,2026,regular-season,1641660,Zia Cooke,1,p
22026,1611661328,SEA,Seattle Storm,1022600060,2026-05-30,SEA @ TOR,L,15,2,3,0.667,0,0,NA,2,2,1,2,5,7,1,1,0,1,3,6,-5,1,2026,regular-season,1642307,Mackenzie Holmes,17.9,p
22026,1611661332,TOR,Toronto Tempo,1022600060,2026-05-30,TOR vs. SEA,W,29,4,12,0.333,0,4,0,7,7,1,1,2,3,2,1,0,1,2,15,8,1,2026,regular-season,1628279,Brittney Sykes,23.6,p
22026,1611661332,TOR,Toronto Tempo,1022600060,2026-05-30,TOR vs. SEA,W,28,4,8,0.5,0,2,0,9,9,1,2,4,6,1,4,0,3,3,17,24,1,2026,regular-season,1643445,Kiki Rice,34.7,p
22026,1611661332,TOR,Toronto Tempo,1022600060,2026-05-30,TOR vs. SEA,W,4,0,0,NA,0,0,NA,2,2,1,0,0,0,0,0,0,0,0,2,-2,1,2026,regular-season,1643647,Tima Pouye,2,p
22026,1611661320,LAS,Los Angeles Sparks,1022600061,2026-05-30,LAS @ CON,L,18,1,4,0.25,0,1,0,0,0,NA,0,4,4,3,1,1,5,4,2,11,1,2026,regular-season,1642287,Cameron Brink,12.3,p
22026,1611661323,CON,Connecticut Sun,1022600061,2026-05-30,CON vs. LAS,W,20,5,11,0.455,1,3,0.333,1,1,1,1,0,1,2,1,0,1,3,12,2,1,2026,regular-season,1641649,Diamond Miller,18.2,p
22026,1611661323,CON,Connecticut Sun,1022600061,2026-05-30,CON vs. LAS,W,6,1,1,1,1,1,1,0,0,NA,0,0,0,0,0,0,0,2,3,-2,1,2026,regular-season,1643429,Gianna Kneepkens,3,p
22026,1611661323,CON,Connecticut Sun,1022600061,2026-05-30,CON vs. LAS,W,11,0,0,NA,0,0,NA,0,0,NA,2,5,7,2,0,0,2,5,0,4,1,2026,regular-season,1643441,Raegan Beers,9.4,p
22026,1611661325,IND,Indiana Fever,1022600062,2026-05-30,IND @ PDX,L,8,0,0,NA,0,0,NA,0,0,NA,1,0,1,0,0,1,1,1,0,-9,1,2026,regular-season,1628881,Monique Billings,3.2,p
22026,1611661325,IND,Indiana Fever,1022600062,2026-05-30,IND @ PDX,L,18,3,5,0.6,1,1,1,0,0,NA,0,2,2,2,0,0,5,2,7,1,1,2026,regular-season,1628899,Myisha Hines-Allen,7.4,p
22026,1611661325,IND,Indiana Fever,1022600062,2026-05-30,IND @ PDX,L,33,4,9,0.444,1,2,0.5,8,9,0.889,1,0,1,4,2,0,2,0,17,-11,1,2026,regular-season,1628909,Kelsey Mitchell,28.2,p
22026,1611661325,IND,Indiana Fever,1022600062,2026-05-30,IND @ PDX,L,10,1,4,0.25,0,3,0,1,2,0.5,0,1,1,0,1,0,1,6,3,-11,1,2026,regular-season,1643433,Raven Johnson,6.2,p
22026,1611661327,PDX,Portland Fire,1022600062,2026-05-30,PDX vs. IND,W,27,6,12,0.5,0,2,0,6,6,1,0,1,1,12,0,0,4,3,18,20,1,2026,regular-season,1642304,Carla Leite,33.2,p
22026,1611661327,PDX,Portland Fire,1022600062,2026-05-30,PDX vs. IND,W,28,4,13,0.308,3,9,0.333,4,4,1,1,5,6,4,0,0,2,4,15,6,1,2026,regular-season,1642782,Sarah Ashlee Barker,26.2,p
22026,1611661332,TOR,Toronto Tempo,1022600060,2026-05-30,TOR vs. SEA,W,10,0,2,0,0,1,0,0,0,NA,0,2,2,0,1,0,0,0,0,-4,1,2026,regular-season,1628915,Kia Nurse,5.4,p
22026,1611661327,PDX,Portland Fire,1022600062,2026-05-30,PDX vs. IND,W,3,0,0,NA,0,0,NA,0,0,NA,0,0,0,1,0,0,1,0,0,-3,1,2026,regular-season,1641683,Holly Winterburn,0.5,p
22026,1611661319,LVA,Las Vegas Aces,1022600063,2026-05-31,LVA @ GSV,W,37,9,17,0.529,5,9,0.556,0,0,NA,0,7,7,9,1,0,2,1,23,12,1,2026,regular-season,1629498,Jackie Young,45.9,p
22026,1611661331,GSV,Golden State Valkyries,1022600063,2026-05-31,GSV vs. LVA,L,14,1,4,0.25,0,1,0,3,4,0.75,0,0,0,1,1,0,1,2,5,-16,1,2026,regular-season,203026,Tiffany Hayes,8.5,p
22026,1611661331,GSV,Golden State Valkyries,1022600063,2026-05-31,GSV vs. LVA,L,24,0,2,0,0,1,0,0,0,NA,0,7,7,0,1,0,0,2,0,-7,1,2026,regular-season,204329,Kiah Stokes,11.4,p
22026,1611661331,GSV,Golden State Valkyries,1022600063,2026-05-31,GSV vs. LVA,L,26,6,14,0.429,4,6,0.667,4,4,1,0,4,4,1,2,0,2,2,20,2,1,2026,regular-season,1628931,Gabby Williams,30.3,p
22026,1611661331,GSV,Golden State Valkyries,1022600063,2026-05-31,GSV vs. LVA,L,11,0,4,0,0,2,0,0,0,NA,0,0,0,1,0,0,2,2,0,-8,1,2026,regular-season,1630097,Kaila Charles,-0.5,p
22026,1611661331,GSV,Golden State Valkyries,1022600063,2026-05-31,GSV vs. LVA,L,5,1,2,0.5,1,1,1,2,2,1,0,1,1,1,0,0,0,0,5,10,1,2026,regular-season,1642794,Juste Jocyte,7.7,p
22026,1611661319,LVA,Las Vegas Aces,1022600063,2026-05-31,LVA @ GSV,W,32,2,7,0.286,2,7,0.286,4,5,0.8,2,5,7,4,1,0,1,5,10,8,1,2026,regular-season,203855,Stephanie Talbot,26.4,p
22026,1611661319,LVA,Las Vegas Aces,1022600063,2026-05-31,LVA @ GSV,W,10,2,4,0.5,0,0,NA,0,0,NA,2,1,3,0,0,1,1,2,4,4,1,2026,regular-season,1629488,Brianna Turner,9.6,p
22026,1611661319,LVA,Las Vegas Aces,1022600063,2026-05-31,LVA @ GSV,W,14,0,2,0,0,2,0,0,0,NA,1,0,1,2,0,2,0,1,0,8,1,2026,regular-season,1631006,Kierstan Bell,10.2,p
22026,1611661331,GSV,Golden State Valkyries,1022600063,2026-05-31,GSV vs. LVA,L,4,0,0,NA,0,0,NA,0,0,NA,0,1,1,0,0,0,1,0,0,7,1,2026,regular-season,1643479,Ndjakalenga Mwenentanda,0.2,p
22026,1611661319,LVA,Las Vegas Aces,1022600063,2026-05-31,LVA @ GSV,W,36,11,22,0.5,0,1,0,6,7,0.857,5,10,15,4,1,4,4,2,28,11,1,2026,regular-season,1628932,A'ja Wilson,63,p
22026,1611661331,GSV,Golden State Valkyries,1022600063,2026-05-31,GSV vs. LVA,L,21,3,7,0.429,2,5,0.4,1,2,0.5,2,2,4,1,0,0,4,1,9,-9,1,2026,regular-season,1628508,Cecilia Zandalasini,11.3,p
22026,1611661319,LVA,Las Vegas Aces,1022600063,2026-05-31,LVA @ GSV,W,25,7,9,0.778,0,0,NA,1,2,0.5,2,7,9,1,0,0,2,3,15,-2,1,2026,regular-season,1631019,NaLyssa Smith,25.3,p
22026,1611661331,GSV,Golden State Valkyries,1022600063,2026-05-31,GSV vs. LVA,L,21,5,13,0.385,3,8,0.375,3,3,1,1,3,4,1,2,0,0,3,16,-12,1,2026,regular-season,1642767,Janelle Salaun,28.3,p
22026,1611661331,GSV,Golden State Valkyries,1022600063,2026-05-31,GSV vs. LVA,L,12,2,4,0.5,1,1,1,0,0,NA,0,1,1,3,0,0,0,0,5,5,1,2026,regular-season,1642822,Kaitlyn Chen,10.7,p
22026,1611661319,LVA,Las Vegas Aces,1022600063,2026-05-31,LVA @ GSV,W,36,1,7,0.143,0,2,0,3,3,1,0,2,2,6,2,0,5,4,5,7,1,2026,regular-season,203833,Chelsea Gray,17.4,p
22026,1611661319,LVA,Las Vegas Aces,1022600063,2026-05-31,LVA @ GSV,W,9,1,1,1,1,1,1,3,4,0.75,0,1,1,0,0,1,0,0,6,2,1,2026,regular-season,1630150,Chennedy Carter,10.2,p
22026,1611661331,GSV,Golden State Valkyries,1022600063,2026-05-31,GSV vs. LVA,L,27,4,10,0.4,4,7,0.571,0,0,NA,0,4,4,0,2,0,0,4,12,-10,1,2026,regular-season,203866,Kayla Thornton,22.8,p
22026,1611661331,GSV,Golden State Valkyries,1022600063,2026-05-31,GSV vs. LVA,L,28,3,9,0.333,1,3,0.333,0,0,NA,2,1,3,5,1,0,2,4,7,-15,1,2026,regular-season,1631007,Veronica Burton,19.1,p
22026,1611661331,GSV,Golden State Valkyries,1022600063,2026-05-31,GSV vs. LVA,L,7,0,5,0,0,0,NA,2,2,1,4,0,4,2,0,0,0,1,2,3,1,2026,regular-season,1641656,Laeticia Amihere,9.8,p
22026,1611661321,DAL,Dallas Wings,1022600064,2026-06-01,DAL vs. SEA,W,21,1,5,0.2,0,0,NA,0,2,0,0,2,2,4,1,0,1,0,2,13,1,2026,regular-season,203824,Odyssey Sims,12.4,p
22026,1611661321,DAL,Dallas Wings,1022600064,2026-06-01,DAL vs. SEA,W,22,2,6,0.333,0,3,0,1,2,0.5,0,4,4,3,0,0,4,4,5,10,1,2026,regular-season,1629501,Alanna Smith,10.3,p
22026,1611661321,DAL,Dallas Wings,1022600064,2026-06-01,DAL vs. SEA,W,18,7,14,0.5,1,2,0.5,3,4,0.75,2,1,3,1,0,0,0,3,18,9,1,2026,regular-season,1642793,Aziaha James,23.1,p
22026,1611661324,MIN,Minnesota Lynx,1022600065,2026-06-01,MIN @ PHX,W,18,4,6,0.667,0,0,NA,4,4,1,4,2,6,0,1,3,0,2,12,18,1,2026,regular-season,1642797,Anastasiia Olairi Kosu,31.2,p
22026,1611661328,SEA,Seattle Storm,1022600064,2026-06-01,SEA @ DAL,L,5,0,0,NA,0,0,NA,0,0,NA,0,1,1,1,1,0,0,0,0,-2,1,2026,regular-season,1628882,Lexie Brown,5.7,p
22026,1611661317,PHX,Phoenix Mercury,1022600065,2026-06-01,PHX vs. MIN,L,20,2,4,0.5,0,0,NA,0,0,NA,5,6,11,1,0,0,1,2,4,-20,1,2026,regular-season,1630442,Natasha Mack,17.7,p
22026,1611661317,PHX,Phoenix Mercury,1022600065,2026-06-01,PHX vs. MIN,L,20,3,7,0.429,1,3,0.333,0,0,NA,1,2,3,0,2,0,0,2,7,-14,1,2026,regular-season,1642768,Kyara Linskens,16.6,p
22026,1611661317,PHX,Phoenix Mercury,1022600065,2026-06-01,PHX vs. MIN,L,24,1,6,0.167,0,3,0,8,8,1,0,0,0,5,2,0,3,2,10,-23,1,2026,regular-season,1642777,Monique Akoa Makani,20.5,p
22026,1611661317,PHX,Phoenix Mercury,1022600065,2026-06-01,PHX vs. MIN,L,10,1,3,0.333,0,0,NA,4,5,0.8,0,0,0,2,1,0,0,0,6,-2,1,2026,regular-season,1643487,Quionche Carter,12,p
22026,1611661317,PHX,Phoenix Mercury,1022600065,2026-06-01,PHX vs. MIN,L,24,4,8,0.5,3,6,0.5,0,0,NA,1,1,2,0,0,0,1,0,11,-22,1,2026,regular-season,1643493,Noemie Brochant,12.4,p
22026,1611661328,SEA,Seattle Storm,1022600064,2026-06-01,SEA @ DAL,L,12,2,2,1,2,2,1,0,2,0,0,2,2,2,0,0,0,0,6,-3,1,2026,regular-season,1629478,Katie Lou Samuelson,11.4,p
22026,1611661317,PHX,Phoenix Mercury,1022600065,2026-06-01,PHX vs. MIN,L,11,0,3,0,0,1,0,0,0,NA,0,1,1,4,0,0,0,2,0,-2,1,2026,regular-season,204468,Valeriane Ayayi,7.2,p
22026,1611661317,PHX,Phoenix Mercury,1022600065,2026-06-01,PHX vs. MIN,L,16,3,6,0.5,2,4,0.5,0,0,NA,1,0,1,0,0,0,2,1,8,-11,1,2026,regular-season,1643505,Jovana Nogic,7.2,p
22026,1611661321,DAL,Dallas Wings,1022600064,2026-06-01,DAL vs. SEA,W,24,4,7,0.571,1,4,0.25,0,0,NA,0,1,1,0,1,1,0,1,9,15,1,2026,regular-season,1643425,Azzi Fudd,16.2,p
22026,1611661324,MIN,Minnesota Lynx,1022600065,2026-06-01,MIN @ PHX,W,22,3,7,0.429,1,4,0.25,0,0,NA,0,0,0,5,1,0,0,2,7,19,1,2026,regular-season,203825,Kayla McBride,17.5,p
22026,1611661324,MIN,Minnesota Lynx,1022600065,2026-06-01,MIN @ PHX,W,29,13,20,0.65,3,3,1,1,1,1,1,4,5,2,0,1,2,2,30,20,1,2026,regular-season,1627675,Courtney Williams,40,p
22026,1611661324,MIN,Minnesota Lynx,1022600065,2026-06-01,MIN @ PHX,W,22,3,5,0.6,2,4,0.5,0,0,NA,1,5,6,2,1,0,0,1,8,16,1,2026,regular-season,1628269,Nia Coffey,21.2,p
22026,1611661324,MIN,Minnesota Lynx,1022600065,2026-06-01,MIN @ PHX,W,18,2,5,0.4,1,2,0.5,0,0,NA,0,2,2,0,0,1,1,2,5,17,1,2026,regular-season,1630471,Maya Caldwell,9.4,p
22026,1611661324,MIN,Minnesota Lynx,1022600065,2026-06-01,MIN @ PHX,W,24,4,6,0.667,3,4,0.75,2,2,1,0,2,2,6,0,0,0,2,13,23,1,2026,regular-season,1643489,Antonia Delaere,24.4,p
22026,1611661328,SEA,Seattle Storm,1022600064,2026-06-01,SEA @ DAL,L,20,1,4,0.25,0,2,0,0,0,NA,0,2,2,0,0,2,1,4,2,-18,1,2026,regular-season,203828,Stefanie Dolson,9.4,p
22026,1611661328,SEA,Seattle Storm,1022600064,2026-06-01,SEA @ DAL,L,26,3,9,0.333,0,2,0,5,5,1,0,2,2,2,0,0,3,1,11,-22,1,2026,regular-season,1629567,Natisha Hiedeman,13.4,p
22026,1611661328,SEA,Seattle Storm,1022600064,2026-06-01,SEA @ DAL,L,16,2,7,0.286,0,2,0,0,0,NA,0,2,2,0,0,0,2,1,4,-1,1,2026,regular-season,1641660,Zia Cooke,4.4,p
22026,1611661317,PHX,Phoenix Mercury,1022600065,2026-06-01,PHX vs. MIN,L,15,1,3,0.333,1,2,0.5,2,2,1,0,0,0,0,0,0,0,1,5,-7,1,2026,regular-season,1631118,Lexi Held,5,p
22026,1611661321,DAL,Dallas Wings,1022600064,2026-06-01,DAL vs. SEA,W,9,1,2,0.5,0,1,0,0,0,NA,1,1,2,0,0,0,0,1,2,-1,1,2026,regular-season,1629574,Li Yueru,4.4,p
22026,1611661321,DAL,Dallas Wings,1022600064,2026-06-01,DAL vs. SEA,W,22,3,10,0.3,1,2,0.5,2,2,1,6,3,9,2,1,0,0,1,9,21,1,2026,regular-season,1641652,Maddy Siegrist,25.8,p
22026,1611661324,MIN,Minnesota Lynx,1022600065,2026-06-01,MIN @ PHX,W,28,7,9,0.778,0,0,NA,5,5,1,0,4,4,10,3,0,4,4,19,23,1,2026,regular-season,1643426,Olivia Miles,43.8,p
22026,1611661328,SEA,Seattle Storm,1022600064,2026-06-01,SEA @ DAL,L,25,2,8,0.25,1,3,0.333,0,0,NA,0,3,3,1,0,0,1,6,5,-23,1,2026,regular-season,1631141,Jade Melbourne,9.1,p
22026,1611661328,SEA,Seattle Storm,1022600064,2026-06-01,SEA @ DAL,L,27,1,7,0.143,0,2,0,0,0,NA,1,5,6,1,0,4,2,1,2,-13,1,2026,regular-season,1641651,Jordan Horston,20.7,p
22026,1611661328,SEA,Seattle Storm,1022600064,2026-06-01,SEA @ DAL,L,14,1,2,0.5,0,0,NA,0,0,NA,0,1,1,2,0,0,1,1,2,6,1,2026,regular-season,1642307,Mackenzie Holmes,5.2,p
22026,1611661328,SEA,Seattle Storm,1022600064,2026-06-01,SEA @ DAL,L,31,4,10,0.4,0,1,0,0,0,NA,3,4,7,1,4,0,2,2,8,-17,1,2026,regular-season,1643443,Awa Fam,27.9,p
22026,1611661317,PHX,Phoenix Mercury,1022600065,2026-06-01,PHX vs. MIN,L,7,1,5,0.2,0,1,0,0,0,NA,1,0,1,0,0,0,2,0,2,-14,1,2026,regular-season,201886,DeWanna Bonner,1.2,p
22026,1611661317,PHX,Phoenix Mercury,1022600065,2026-06-01,PHX vs. MIN,L,27,5,13,0.385,3,7,0.429,5,8,0.625,0,2,2,1,1,0,2,1,18,-28,1,2026,regular-season,1627674,Kahleah Copper,22.9,p
22026,1611661321,DAL,Dallas Wings,1022600064,2026-06-01,DAL vs. SEA,W,18,1,3,0.333,1,3,0.333,3,4,0.75,2,3,5,1,1,0,0,4,6,5,1,2026,regular-season,202252,Alysha Clark,16.5,p
22026,1611661321,DAL,Dallas Wings,1022600064,2026-06-01,DAL vs. SEA,W,18,2,13,0.154,0,5,0,5,6,0.833,4,1,5,0,1,0,1,0,9,9,1,2026,regular-season,1629481,Arike Ogunbowale,17,p
22026,1611661321,DAL,Dallas Wings,1022600064,2026-06-01,DAL vs. SEA,W,23,4,9,0.444,0,0,NA,1,2,0.5,2,6,8,1,1,0,0,0,9,16,1,2026,regular-season,1629491,Jessica Shepard,23.1,p
22026,1611661321,DAL,Dallas Wings,1022600064,2026-06-01,DAL vs. SEA,W,24,4,12,0.333,1,5,0.2,1,2,0.5,1,8,9,7,1,0,2,1,10,18,1,2026,regular-season,1642784,Paige Bueckers,32.3,p
22026,1611661324,MIN,Minnesota Lynx,1022600065,2026-06-01,MIN @ PHX,W,23,5,7,0.714,0,0,NA,1,1,1,1,3,4,3,3,0,2,1,11,21,1,2026,regular-season,203827,Natasha Howard,27.3,p
22026,1611661324,MIN,Minnesota Lynx,1022600065,2026-06-01,MIN @ PHX,W,16,3,4,0.75,0,0,NA,0,0,NA,1,5,6,0,1,0,2,6,6,13,1,2026,regular-season,1629479,Teaira McCowan,14.2,p
22026,1611661328,SEA,Seattle Storm,1022600064,2026-06-01,SEA @ DAL,L,25,4,12,0.333,1,5,0.2,7,10,0.7,2,8,10,1,1,1,5,6,16,-22,1,2026,regular-season,1643428,Flau'jae Johnson,30.5,p
22026,1611661317,PHX,Phoenix Mercury,1022600065,2026-06-01,PHX vs. MIN,L,25,1,6,0.167,0,0,NA,4,4,1,2,1,3,5,0,0,3,1,6,-27,1,2026,regular-season,203826,Alyssa Thomas,14.1,p
22026,1611661319,LVA,Las Vegas Aces,1022600069,2026-06-02,LVA @ LAS,W,25,3,6,0.5,2,4,0.5,0,0,NA,1,5,6,0,0,0,0,4,8,24,1,2026,regular-season,203855,Stephanie Talbot,15.2,p
22026,1611661319,LVA,Las Vegas Aces,1022600069,2026-06-02,LVA @ LAS,W,34,10,20,0.5,1,3,0.333,4,7,0.571,3,12,15,1,3,5,3,1,25,1,1,2026,regular-season,1628932,A'ja Wilson,65.5,p
22026,1611661319,LVA,Las Vegas Aces,1022600069,2026-06-02,LVA @ LAS,W,22,2,6,0.333,2,6,0.333,0,0,NA,0,3,3,0,1,0,0,2,6,0,1,2026,regular-season,1631006,Kierstan Bell,12.6,p
22026,1611661319,LVA,Las Vegas Aces,1022600069,2026-06-02,LVA @ LAS,W,21,3,5,0.6,0,0,NA,1,4,0.25,2,2,4,0,0,1,2,5,7,-9,1,2026,regular-season,1631019,NaLyssa Smith,12.8,p
22026,1611661320,LAS,Los Angeles Sparks,1022600069,2026-06-02,LAS vs. LVA,L,26,3,6,0.5,2,4,0.5,2,3,0.667,0,0,0,1,0,0,3,5,10,-11,1,2026,regular-season,204365,Erica Wheeler,8.5,p
22026,1611661320,LAS,Los Angeles Sparks,1022600069,2026-06-02,LAS vs. LVA,L,33,8,14,0.571,2,4,0.5,4,6,0.667,0,1,1,1,0,0,3,0,22,-7,1,2026,regular-season,1630996,Rae Burrell,21.7,p
22026,1611661320,LAS,Los Angeles Sparks,1022600069,2026-06-02,LAS vs. LVA,L,21,1,4,0.25,0,2,0,1,1,1,0,2,2,1,1,0,0,0,3,-5,1,2026,regular-season,1643462,Chance Gray,9.9,p
22026,1611661322,WAS,Washington Mystics,1022600067,2026-06-02,WAS vs. CHI,W,25,5,13,0.385,1,1,1,6,9,0.667,1,7,8,1,3,1,5,0,17,17,1,2026,regular-season,1631022,Shakira Austin,35.1,p
22026,1611661322,WAS,Washington Mystics,1022600067,2026-06-02,WAS vs. CHI,W,27,4,11,0.364,1,3,0.333,6,10,0.6,3,8,11,2,0,0,1,2,15,14,1,2026,regular-season,1642792,Kiki Iriafen,30.2,p
22026,1611661322,WAS,Washington Mystics,1022600067,2026-06-02,WAS vs. CHI,W,25,3,7,0.429,0,0,NA,2,4,0.5,1,1,2,4,3,1,1,2,8,6,1,2026,regular-season,1643430,Cotie McMahon,27.4,p
22026,1611661323,CON,Connecticut Sun,1022600066,2026-06-02,CON @ ATL,L,11,3,3,1,0,0,NA,4,8,0.5,0,1,1,0,1,0,1,2,10,-4,1,2026,regular-season,1631135,Olivia Nelson-Ododa,13.2,p
22026,1611661323,CON,Connecticut Sun,1022600066,2026-06-02,CON @ ATL,L,5,0,0,NA,0,0,NA,0,0,NA,0,1,1,1,0,0,0,1,0,3,1,2026,regular-season,1643429,Gianna Kneepkens,2.7,p
22026,1611661327,PDX,Portland Fire,1022600068,2026-06-02,PDX @ GSV,L,24,6,12,0.5,0,1,0,1,1,1,1,7,8,2,0,0,2,3,13,-8,1,2026,regular-season,1629484,Megan DiLeo,23.6,p
22026,1611661329,CHI,Chicago Sky,1022600067,2026-06-02,CHI @ WAS,L,20,6,13,0.462,1,6,0.167,2,4,0.5,0,1,1,1,4,0,4,2,15,-11,1,2026,regular-season,1642321,Sydney Taylor,25.7,p
22026,1611661330,ATL,Atlanta Dream,1022600066,2026-06-02,ATL vs. CON,W,35,2,7,0.286,1,3,0.333,0,0,NA,1,6,7,3,0,0,2,4,5,13,1,2026,regular-season,1631044,Naz Hillmon,15.9,p
22026,1611661330,ATL,Atlanta Dream,1022600066,2026-06-02,ATL vs. CON,W,9,0,0,NA,0,0,NA,0,0,NA,0,2,2,0,1,0,1,5,0,-6,1,2026,regular-season,1643431,Madina Okot,4.4,p
22026,1611661331,GSV,Golden State Valkyries,1022600068,2026-06-02,GSV vs. PDX,W,20,2,3,0.667,2,3,0.667,0,0,NA,2,3,5,1,2,3,0,2,6,8,1,2026,regular-season,204329,Kiah Stokes,28.5,p
22026,1611661331,GSV,Golden State Valkyries,1022600068,2026-06-02,GSV vs. PDX,W,27,4,13,0.308,0,5,0,0,0,NA,0,2,2,2,1,0,0,1,8,21,1,2026,regular-season,1628931,Gabby Williams,16.4,p
22026,1611661320,LAS,Los Angeles Sparks,1022600069,2026-06-02,LAS vs. LVA,L,29,2,13,0.154,1,6,0.167,4,4,1,0,7,7,2,2,0,1,2,9,-4,1,2026,regular-season,1628878,Ariel Atkins,25.4,p
22026,1611661322,WAS,Washington Mystics,1022600067,2026-06-02,WAS vs. CHI,W,11,1,3,0.333,1,1,1,0,0,NA,1,0,1,2,0,0,0,0,3,5,1,2026,regular-season,1642802,Lucy Olsen,7.2,p
22026,1611661322,WAS,Washington Mystics,1022600067,2026-06-02,WAS vs. CHI,W,13,3,8,0.375,0,2,0,2,2,1,3,4,7,1,0,0,1,2,8,1,1,2026,regular-season,1643455,Angela Dugalic,16.9,p
22026,1611661323,CON,Connecticut Sun,1022600066,2026-06-02,CON @ ATL,L,28,4,13,0.308,1,6,0.167,2,4,0.5,1,1,2,5,1,0,4,3,11,-14,1,2026,regular-season,1642303,Leila Lacan,19.9,p
22026,1611661323,CON,Connecticut Sun,1022600066,2026-06-02,CON @ ATL,L,30,7,12,0.583,2,5,0.4,4,7,0.571,1,12,13,2,0,2,1,1,20,-15,1,2026,regular-season,1642800,Aneesah Morrow,43.6,p
22026,1611661323,CON,Connecticut Sun,1022600066,2026-06-02,CON @ ATL,L,10,2,3,0.667,0,0,NA,2,2,1,0,0,0,0,3,0,1,2,6,-6,1,2026,regular-season,1643448,Nell Angloma,14,p
22026,1611661327,PDX,Portland Fire,1022600068,2026-06-02,PDX @ GSV,L,4,0,1,0,0,1,0,0,0,NA,0,1,1,1,0,0,0,0,0,-3,1,2026,regular-season,1641683,Holly Winterburn,2.7,p
22026,1611661327,PDX,Portland Fire,1022600068,2026-06-02,PDX @ GSV,L,13,0,2,0,0,2,0,0,0,NA,1,1,2,0,0,0,1,1,0,-3,1,2026,regular-season,1642296,Nyadiew Puoch,1.4,p
22026,1611661327,PDX,Portland Fire,1022600068,2026-06-02,PDX @ GSV,L,24,2,6,0.333,0,0,NA,6,6,1,0,1,1,7,0,0,4,2,10,-3,1,2026,regular-season,1642304,Carla Leite,17.7,p
22026,1611661327,PDX,Portland Fire,1022600068,2026-06-02,PDX @ GSV,L,9,2,2,1,1,1,1,2,4,0.5,0,1,1,0,0,0,0,1,7,1,1,2026,regular-season,1643436,Serah Williams,8.2,p
22026,1611661329,CHI,Chicago Sky,1022600067,2026-06-02,CHI @ WAS,L,24,0,4,0,0,1,0,0,0,NA,0,0,0,3,0,0,4,6,0,-19,1,2026,regular-season,204333,Natasha Cloud,0.5,p
22026,1611661329,CHI,Chicago Sky,1022600067,2026-06-02,CHI @ WAS,L,18,2,4,0.5,1,3,0.333,0,0,NA,0,0,0,2,0,0,2,1,5,-1,1,2026,regular-season,1627671,Rachel Banham,6,p
22026,1611661329,CHI,Chicago Sky,1022600067,2026-06-02,CHI @ WAS,L,33,6,13,0.462,0,0,NA,0,0,NA,3,10,13,5,1,6,1,4,12,-12,1,2026,regular-season,1642289,Kamilla Cardoso,55.1,p
22026,1611661330,ATL,Atlanta Dream,1022600066,2026-06-02,ATL vs. CON,W,8,0,1,0,0,0,NA,0,0,NA,0,1,1,0,0,0,1,0,0,4,1,2026,regular-season,1642804,Te-Hina Paopao,0.2,p
22026,1611661331,GSV,Golden State Valkyries,1022600068,2026-06-02,GSV vs. PDX,W,13,0,0,NA,0,0,NA,1,2,0.5,0,0,0,4,1,0,0,2,1,-4,1,2026,regular-season,203026,Tiffany Hayes,10,p
22026,1611661331,GSV,Golden State Valkyries,1022600068,2026-06-02,GSV vs. PDX,W,26,6,13,0.462,5,10,0.5,2,2,1,4,4,8,0,1,1,1,2,19,21,1,2026,regular-season,203866,Kayla Thornton,33.6,p
22026,1611661331,GSV,Golden State Valkyries,1022600068,2026-06-02,GSV vs. PDX,W,23,2,7,0.286,1,4,0.25,4,5,0.8,0,1,1,3,4,0,2,2,9,21,1,2026,regular-season,1628508,Cecilia Zandalasini,24.7,p
22026,1611661331,GSV,Golden State Valkyries,1022600068,2026-06-02,GSV vs. PDX,W,13,3,6,0.5,1,3,0.333,0,0,NA,1,2,3,1,0,0,1,2,7,-3,1,2026,regular-season,1630097,Kaila Charles,11.1,p
22026,1611661319,LVA,Las Vegas Aces,1022600069,2026-06-02,LVA @ LAS,W,34,4,11,0.364,1,6,0.167,3,3,1,0,4,4,11,2,0,1,2,12,3,1,2026,regular-season,203833,Chelsea Gray,38.3,p
22026,1611661319,LVA,Las Vegas Aces,1022600069,2026-06-02,LVA @ LAS,W,36,7,17,0.412,2,5,0.4,0,0,NA,1,3,4,9,1,0,2,3,16,5,1,2026,regular-season,1629498,Jackie Young,35.3,p
22026,1611661320,LAS,Los Angeles Sparks,1022600069,2026-06-02,LAS vs. LVA,L,25,3,10,0.3,1,4,0.25,2,2,1,1,7,8,3,0,2,1,3,9,-6,1,2026,regular-season,1642287,Cameron Brink,28.1,p
22026,1611661322,WAS,Washington Mystics,1022600067,2026-06-02,WAS vs. CHI,W,21,1,3,0.333,1,2,0.5,0,0,NA,1,0,1,2,0,0,0,4,3,21,1,2026,regular-season,1642781,Georgia Amoore,7.2,p
22026,1611661322,WAS,Washington Mystics,1022600067,2026-06-02,WAS vs. CHI,W,1,0,0,NA,0,0,NA,0,0,NA,0,0,0,1,0,0,1,0,0,2,1,2026,regular-season,1643450,Rori Harmon,0.5,p
22026,1611661322,WAS,Washington Mystics,1022600067,2026-06-02,WAS vs. CHI,W,20,3,7,0.429,1,2,0.5,0,1,0,3,2,5,0,2,0,2,1,7,-3,1,2026,regular-season,1643467,Cassandre Prosper,17,p
22026,1611661322,WAS,Washington Mystics,1022600067,2026-06-02,WAS vs. CHI,W,19,3,7,0.429,0,4,0,2,4,0.5,0,0,0,3,1,0,0,2,8,-2,1,2026,regular-season,1643644,Alicia Florez,15.5,p
22026,1611661327,PDX,Portland Fire,1022600068,2026-06-02,PDX @ GSV,L,12,5,6,0.833,1,2,0.5,0,0,NA,1,0,1,2,1,0,3,0,11,-12,1,2026,regular-season,1643506,Teja Oblak,15.2,p
22026,1611661329,CHI,Chicago Sky,1022600067,2026-06-02,CHI @ WAS,L,23,4,10,0.4,0,0,NA,2,5,0.4,1,5,6,3,2,1,0,1,10,-13,1,2026,regular-season,204322,Elizabeth Williams,30.7,p
22026,1611661329,CHI,Chicago Sky,1022600067,2026-06-02,CHI @ WAS,L,19,3,7,0.429,1,2,0.5,0,0,NA,0,5,5,3,1,2,3,3,7,-9,1,2026,regular-season,1628922,Azura Stevens,23.5,p
22026,1611661330,ATL,Atlanta Dream,1022600066,2026-06-02,ATL vs. CON,W,36,9,17,0.529,3,9,0.333,5,7,0.714,1,6,7,2,1,1,2,2,26,15,1,2026,regular-season,1628277,Allisha Gray,41.4,p
22026,1611661330,ATL,Atlanta Dream,1022600066,2026-06-02,ATL vs. CON,W,36,5,8,0.625,1,3,0.333,1,2,0.5,0,3,3,10,4,0,4,4,12,17,1,2026,regular-season,1628886,Jordin Canada,38.6,p
22026,1611661330,ATL,Atlanta Dream,1022600066,2026-06-02,ATL vs. CON,W,37,12,24,0.5,8,19,0.421,4,5,0.8,0,2,2,2,3,0,1,1,36,18,1,2026,regular-season,1631009,Rhyne Howard,49.4,p
22026,1611661319,LVA,Las Vegas Aces,1022600069,2026-06-02,LVA @ LAS,W,8,2,4,0.5,0,0,NA,1,2,0.5,0,4,4,2,0,1,1,5,5,10,1,2026,regular-season,204323,Cheyenne Parker-Tyus,14.8,p
22026,1611661319,LVA,Las Vegas Aces,1022600069,2026-06-02,LVA @ LAS,W,21,0,0,NA,0,0,NA,0,0,NA,1,3,4,1,0,1,1,1,0,16,1,2026,regular-season,1629488,Brianna Turner,8.3,p
22026,1611661320,LAS,Los Angeles Sparks,1022600069,2026-06-02,LAS vs. LVA,L,24,0,7,0,0,1,0,2,3,0.667,3,3,6,2,0,1,0,3,2,-12,1,2026,regular-season,204324,Dearica Hamby,15.2,p
22026,1611661322,WAS,Washington Mystics,1022600067,2026-06-02,WAS vs. CHI,W,15,4,8,0.5,0,0,NA,0,0,NA,1,3,4,0,1,0,0,2,8,4,1,2026,regular-season,1643427,Lauren Betts,15.8,p
22026,1611661323,CON,Connecticut Sun,1022600066,2026-06-02,CON @ ATL,L,29,3,8,0.375,0,0,NA,1,2,0.5,0,4,4,3,2,3,1,2,7,-12,1,2026,regular-season,203398,Brittney Griner,30.3,p
22026,1611661323,CON,Connecticut Sun,1022600066,2026-06-02,CON @ ATL,L,26,2,6,0.333,0,3,0,4,4,1,0,3,3,1,0,0,1,4,8,-8,1,2026,regular-season,1641649,Diamond Miller,12.1,p
22026,1611661327,PDX,Portland Fire,1022600068,2026-06-02,PDX @ GSV,L,12,1,4,0.25,0,3,0,0,0,NA,0,0,0,1,0,0,1,2,2,3,1,2026,regular-season,1628317,Karlie Samuelson,2.5,p
22026,1611661327,PDX,Portland Fire,1022600068,2026-06-02,PDX @ GSV,L,29,4,12,0.333,2,3,0.667,2,4,0.5,4,4,8,1,1,2,0,3,12,-9,1,2026,regular-season,1631083,Emily Engstler,32.1,p
22026,1611661327,PDX,Portland Fire,1022600068,2026-06-02,PDX @ GSV,L,23,3,5,0.6,2,4,0.5,0,0,NA,0,3,3,3,0,0,2,1,8,-16,1,2026,regular-season,1642782,Sarah Ashlee Barker,14.1,p
22026,1611661327,PDX,Portland Fire,1022600068,2026-06-02,PDX @ GSV,L,10,0,1,0,0,1,0,0,0,NA,0,0,0,1,0,0,1,0,0,-9,1,2026,regular-season,1643494,Frieda Buhner,0.5,p
22026,1611661329,CHI,Chicago Sky,1022600067,2026-06-02,CHI @ WAS,L,27,3,6,0.5,2,2,1,6,7,0.857,0,1,1,1,0,1,2,2,14,-12,1,2026,regular-season,203400,Skylar Diggins,17.7,p
22026,1611661329,CHI,Chicago Sky,1022600067,2026-06-02,CHI @ WAS,L,6,0,0,NA,0,0,NA,0,0,NA,1,2,3,0,1,0,0,1,0,-2,1,2026,regular-season,1643458,Saylor Poffenbarger,6.6,p
22026,1611661330,ATL,Atlanta Dream,1022600066,2026-06-02,ATL vs. CON,W,29,4,9,0.444,1,2,0.5,3,4,0.75,7,6,13,5,1,0,2,3,12,23,1,2026,regular-season,1642291,Angel Reese,36.1,p
22026,1611661331,GSV,Golden State Valkyries,1022600068,2026-06-02,GSV vs. PDX,W,23,6,10,0.6,3,6,0.5,3,3,1,1,3,4,1,0,0,0,2,18,5,1,2026,regular-season,1642767,Janelle Salaun,24.3,p
22026,1611661331,GSV,Golden State Valkyries,1022600068,2026-06-02,GSV vs. PDX,W,13,3,8,0.375,2,5,0.4,0,0,NA,0,2,2,1,0,0,2,0,8,1,1,2026,regular-season,1642794,Juste Jocyte,9.9,p
22026,1611661331,GSV,Golden State Valkyries,1022600068,2026-06-02,GSV vs. PDX,W,1,0,0,NA,0,0,NA,0,0,NA,0,0,0,1,0,0,0,0,0,1,1,2026,regular-season,1643479,Ndjakalenga Mwenentanda,1.5,p
22026,1611661320,LAS,Los Angeles Sparks,1022600069,2026-06-02,LAS vs. LVA,L,31,3,10,0.3,0,1,0,6,6,1,3,9,12,2,1,1,2,2,12,-2,1,2026,regular-season,203014,Nneka Ogwumike,33.4,p
22026,1611661322,WAS,Washington Mystics,1022600067,2026-06-02,WAS vs. CHI,W,22,5,6,0.833,1,2,0.5,2,2,1,3,4,7,2,1,0,5,1,13,25,1,2026,regular-season,1630446,Michaela Onyenwere,22.4,p
22026,1611661323,CON,Connecticut Sun,1022600066,2026-06-02,CON @ ATL,L,29,4,6,0.667,1,1,1,2,2,1,0,1,1,2,0,0,0,0,11,-5,1,2026,regular-season,1642809,Saniya Rivers,15.2,p
22026,1611661323,CON,Connecticut Sun,1022600066,2026-06-02,CON @ ATL,L,16,0,1,0,0,1,0,0,0,NA,0,0,0,3,0,0,1,1,0,-12,1,2026,regular-season,1643449,Charlisse Leger-Walker,3.5,p
22026,1611661327,PDX,Portland Fire,1022600068,2026-06-02,PDX @ GSV,L,30,4,6,0.667,2,4,0.5,1,1,1,1,2,3,1,1,0,0,4,11,-17,1,2026,regular-season,1629524,Bridget Carleton,19.1,p
22026,1611661327,PDX,Portland Fire,1022600068,2026-06-02,PDX @ GSV,L,11,1,4,0.25,1,2,0.5,0,0,NA,0,0,0,0,0,0,1,1,3,-14,1,2026,regular-season,1630143,Luisa Geiselsoder,2,p
22026,1611661330,ATL,Atlanta Dream,1022600066,2026-06-02,ATL vs. CON,W,5,0,1,0,0,1,0,0,0,NA,0,0,0,0,0,0,0,0,0,-3,1,2026,regular-season,1642302,Isobel Borlase,0,p
22026,1611661330,ATL,Atlanta Dream,1022600066,2026-06-02,ATL vs. CON,W,1,0,0,NA,0,0,NA,0,0,NA,0,0,0,0,0,0,0,1,0,-1,1,2026,regular-season,1643469,Indya Nivar,0,p
22026,1611661331,GSV,Golden State Valkyries,1022600068,2026-06-02,GSV vs. PDX,W,23,3,5,0.6,2,2,1,2,4,0.5,1,2,3,9,0,0,1,2,10,22,1,2026,regular-season,1631007,Veronica Burton,26.1,p
22026,1611661320,LAS,Los Angeles Sparks,1022600069,2026-06-02,LAS vs. LVA,L,4,0,0,NA,0,0,NA,0,0,NA,0,0,0,0,0,0,0,1,0,-6,1,2026,regular-season,1630148,Jihyun Park,0,p
22026,1611661320,LAS,Los Angeles Sparks,1022600069,2026-06-02,LAS vs. LVA,L,6,0,1,0,0,1,0,2,2,1,1,1,2,1,0,0,1,0,2,3,1,2026,regular-season,1643444,Ta'Niya Latson,4.9,p
22026,1611661323,CON,Connecticut Sun,1022600066,2026-06-02,CON @ ATL,L,18,1,3,0.333,0,1,0,0,0,NA,1,2,3,0,1,0,4,2,2,-7,1,2026,regular-season,1629568,Kennedy Burke,4.6,p
22026,1611661329,CHI,Chicago Sky,1022600067,2026-06-02,CHI @ WAS,L,31,4,7,0.571,1,2,0.5,0,0,NA,0,0,0,1,0,0,2,2,9,-11,1,2026,regular-season,1642292,Jacy Sheldon,8.5,p
22026,1611661330,ATL,Atlanta Dream,1022600066,2026-06-02,ATL vs. CON,W,3,0,1,0,0,0,NA,0,0,NA,0,0,0,0,0,0,0,0,0,1,1,2026,regular-season,1631021,Sika Kone,0,p
22026,1611661330,ATL,Atlanta Dream,1022600066,2026-06-02,ATL vs. CON,W,1,0,0,NA,0,0,NA,0,0,NA,0,0,0,0,0,0,0,0,0,-1,1,2026,regular-season,1642801,Aaliyah Nye,0,p
22026,1611661331,GSV,Golden State Valkyries,1022600068,2026-06-02,GSV vs. PDX,W,1,0,0,NA,0,0,NA,0,0,NA,0,0,0,0,0,0,0,0,0,1,1,2026,regular-season,1641656,Laeticia Amihere,0,p
22026,1611661331,GSV,Golden State Valkyries,1022600068,2026-06-02,GSV vs. PDX,W,17,3,4,0.75,2,2,1,1,2,0.5,0,0,0,2,0,0,0,1,9,-4,1,2026,regular-season,1642822,Kaitlyn Chen,12,p
22026,1611661313,NYL,New York Liberty,1022600070,2026-06-03,NYL vs. TOR,W,15,0,4,0,0,1,0,0,0,NA,2,1,3,3,1,0,0,0,0,-4,1,2026,regular-season,203822,Rebekah Gardner,11.1,p
22026,1611661313,NYL,New York Liberty,1022600070,2026-06-03,NYL vs. TOR,W,14,3,7,0.429,2,4,0.5,4,5,0.8,1,4,5,0,0,0,2,2,12,-2,1,2026,regular-season,1630149,Satou Sabally,16,p
22026,1611661317,PHX,Phoenix Mercury,1022600071,2026-06-03,PHX @ SEA,W,4,0,2,0,0,0,NA,1,2,0.5,3,0,3,1,0,0,0,1,1,2,1,2026,regular-season,204468,Valeriane Ayayi,6.1,p
22026,1611661328,SEA,Seattle Storm,1022600071,2026-06-03,SEA vs. PHX,L,25,0,1,0,0,1,0,0,0,NA,0,2,2,1,1,0,2,3,0,0,1,2026,regular-season,203828,Stefanie Dolson,4.9,p
22026,1611661328,SEA,Seattle Storm,1022600071,2026-06-03,SEA vs. PHX,L,13,1,1,1,1,1,1,2,2,1,0,4,4,2,1,0,1,3,5,-4,1,2026,regular-season,1631141,Jade Melbourne,14.8,p
22026,1611661332,TOR,Toronto Tempo,1022600070,2026-06-03,TOR @ NYL,L,4,0,0,NA,0,0,NA,0,0,NA,0,0,0,0,0,0,0,0,0,1,1,2026,regular-season,1628915,Kia Nurse,0,p
22026,1611661332,TOR,Toronto Tempo,1022600070,2026-06-03,TOR @ NYL,L,29,5,10,0.5,1,3,0.333,0,0,NA,2,4,6,3,0,0,1,3,11,-24,1,2026,regular-season,1631055,Nyara Sabally,21.7,p
22026,1611661332,TOR,Toronto Tempo,1022600070,2026-06-03,TOR @ NYL,L,8,2,4,0.5,0,0,NA,0,0,NA,0,0,0,1,0,0,0,0,4,8,1,2026,regular-season,1631263,Nikolina Milic,5.5,p
22026,1611661313,NYL,New York Liberty,1022600070,2026-06-03,NYL vs. TOR,W,10,2,2,1,0,0,NA,0,0,NA,0,2,2,1,0,0,0,0,4,4,1,2026,regular-season,1629566,Han Xu,7.9,p
22026,1611661313,NYL,New York Liberty,1022600070,2026-06-03,NYL vs. TOR,W,26,4,7,0.571,2,4,0.5,4,4,1,2,0,2,4,0,0,1,1,14,17,1,2026,regular-season,1630142,Leonie Fiebich,21.4,p
22026,1611661317,PHX,Phoenix Mercury,1022600071,2026-06-03,PHX @ SEA,W,35,4,14,0.286,2,6,0.333,6,6,1,1,5,6,1,1,0,1,2,16,4,1,2026,regular-season,1627674,Kahleah Copper,26.7,p
22026,1611661328,SEA,Seattle Storm,1022600071,2026-06-03,SEA vs. PHX,L,33,9,17,0.529,0,4,0,0,0,NA,1,5,6,2,1,2,2,3,18,-1,1,2026,regular-season,1643443,Awa Fam,35.2,p
22026,1611661332,TOR,Toronto Tempo,1022600070,2026-06-03,TOR @ NYL,L,21,2,5,0.4,1,2,0.5,2,2,1,1,5,6,1,0,0,0,1,7,-1,1,2026,regular-season,1629576,Maria Conde,15.7,p
22026,1611661332,TOR,Toronto Tempo,1022600070,2026-06-03,TOR @ NYL,L,3,1,1,1,0,0,NA,0,0,NA,0,0,0,0,0,0,0,0,2,3,1,2026,regular-season,1643647,Tima Pouye,2,p
22026,1611661313,NYL,New York Liberty,1022600070,2026-06-03,NYL vs. TOR,W,34,9,14,0.643,4,7,0.571,0,0,NA,5,12,17,2,0,2,2,2,22,16,1,2026,regular-season,1627673,Jonquel Jones,49.4,p
22026,1611661313,NYL,New York Liberty,1022600070,2026-06-03,NYL vs. TOR,W,27,6,10,0.6,3,6,0.5,0,0,NA,1,1,2,2,1,1,2,3,15,7,1,2026,regular-season,1629546,Marine Johannes,24.4,p
22026,1611661317,PHX,Phoenix Mercury,1022600071,2026-06-03,PHX @ SEA,W,26,7,7,1,0,0,NA,2,2,1,4,6,10,2,0,3,1,1,16,11,1,2026,regular-season,1630442,Natasha Mack,39,p
22026,1611661317,PHX,Phoenix Mercury,1022600071,2026-06-03,PHX @ SEA,W,24,2,7,0.286,0,2,0,0,0,NA,0,4,4,1,2,2,2,2,4,-6,1,2026,regular-season,1643493,Noemie Brochant,20.3,p
22026,1611661328,SEA,Seattle Storm,1022600071,2026-06-03,SEA vs. PHX,L,17,1,7,0.143,1,5,0.2,0,0,NA,0,2,2,1,1,0,1,1,3,-2,1,2026,regular-season,1629478,Katie Lou Samuelson,8.9,p
22026,1611661328,SEA,Seattle Storm,1022600071,2026-06-03,SEA vs. PHX,L,14,4,9,0.444,1,3,0.333,0,0,NA,0,1,1,0,1,0,2,1,9,-9,1,2026,regular-season,1641660,Zia Cooke,11.2,p
22026,1611661328,SEA,Seattle Storm,1022600071,2026-06-03,SEA vs. PHX,L,19,2,5,0.4,0,1,0,0,0,NA,1,5,6,1,1,1,0,2,4,-8,1,2026,regular-season,1642307,Mackenzie Holmes,18.7,p
22026,1611661332,TOR,Toronto Tempo,1022600070,2026-06-03,TOR @ NYL,L,23,3,6,0.5,1,3,0.333,0,0,NA,0,1,1,2,2,1,0,2,7,-12,1,2026,regular-season,1627700,Julie Allemand,20.2,p
22026,1611661332,TOR,Toronto Tempo,1022600070,2026-06-03,TOR @ NYL,L,23,3,8,0.375,0,1,0,3,3,1,1,4,5,2,0,0,3,1,9,-4,1,2026,regular-season,1643445,Kiki Rice,15,p
22026,1611661313,NYL,New York Liberty,1022600070,2026-06-03,NYL vs. TOR,W,17,0,3,0,0,2,0,1,2,0.5,0,0,0,3,1,0,2,0,1,9,1,2026,regular-season,204335,Betnijah Laney-Hamilton,6.5,p
22026,1611661313,NYL,New York Liberty,1022600070,2026-06-03,NYL vs. TOR,W,30,5,15,0.333,1,5,0.2,8,8,1,0,9,9,4,0,1,1,1,19,8,1,2026,regular-season,1627668,Breanna Stewart,37.8,p
22026,1611661313,NYL,New York Liberty,1022600070,2026-06-03,NYL vs. TOR,W,28,4,9,0.444,2,3,0.667,0,1,0,0,0,0,5,0,0,0,4,10,20,1,2026,regular-season,1631136,Pauline Astier,17.5,p
22026,1611661317,PHX,Phoenix Mercury,1022600071,2026-06-03,PHX @ SEA,W,13,0,3,0,0,2,0,0,0,NA,0,2,2,2,2,1,1,1,0,7,1,2026,regular-season,1631118,Lexi Held,13.4,p
22026,1611661317,PHX,Phoenix Mercury,1022600071,2026-06-03,PHX @ SEA,W,12,1,2,0.5,0,1,0,2,2,1,0,2,2,2,0,0,0,1,4,-4,1,2026,regular-season,1643505,Jovana Nogic,9.4,p
22026,1611661328,SEA,Seattle Storm,1022600071,2026-06-03,SEA vs. PHX,L,30,6,17,0.353,3,8,0.375,0,1,0,1,3,4,4,2,1,0,2,15,3,1,2026,regular-season,1629567,Natisha Hiedeman,34.8,p
22026,1611661328,SEA,Seattle Storm,1022600071,2026-06-03,SEA vs. PHX,L,21,2,5,0.4,1,4,0.25,0,0,NA,1,4,5,1,0,1,2,1,5,-4,1,2026,regular-season,1641651,Jordan Horston,13.5,p
22026,1611661332,TOR,Toronto Tempo,1022600070,2026-06-03,TOR @ NYL,L,34,8,18,0.444,0,1,0,1,1,1,1,4,5,1,3,1,2,2,17,-12,1,2026,regular-season,1628279,Brittney Sykes,34.5,p
22026,1611661332,TOR,Toronto Tempo,1022600070,2026-06-03,TOR @ NYL,L,26,7,13,0.538,2,6,0.333,1,2,0.5,1,2,3,4,0,1,1,2,17,-16,1,2026,regular-season,1629497,Marina Mabrey,28.6,p
22026,1611661317,PHX,Phoenix Mercury,1022600071,2026-06-03,PHX @ SEA,W,34,4,9,0.444,0,0,NA,1,3,0.333,1,8,9,5,2,0,4,2,9,2,1,2026,regular-season,203826,Alyssa Thomas,29.3,p
22026,1611661317,PHX,Phoenix Mercury,1022600071,2026-06-03,PHX @ SEA,W,28,3,8,0.375,1,4,0.25,5,7,0.714,1,5,6,2,2,0,3,3,12,4,1,2026,regular-season,1642777,Monique Akoa Makani,25.2,p
22026,1611661328,SEA,Seattle Storm,1022600071,2026-06-03,SEA vs. PHX,L,29,3,11,0.273,2,6,0.333,1,2,0.5,0,4,4,5,2,0,4,2,9,5,1,2026,regular-season,1643428,Flau'jae Johnson,23.3,p
22026,1611661332,TOR,Toronto Tempo,1022600070,2026-06-03,TOR @ NYL,L,20,3,9,0.333,1,3,0.333,1,2,0.5,2,3,5,2,2,0,0,5,8,-21,1,2026,regular-season,1643420,Laura Juskaite,23,p
22026,1611661332,TOR,Toronto Tempo,1022600070,2026-06-03,TOR @ NYL,L,9,0,1,0,0,0,NA,0,0,NA,0,1,1,1,0,0,0,1,0,3,1,2026,regular-season,1643457,Teonni Key,2.7,p
22026,1611661317,PHX,Phoenix Mercury,1022600071,2026-06-03,PHX @ SEA,W,25,3,12,0.25,0,7,0,4,5,0.8,0,2,2,1,2,0,1,2,10,0,1,2026,regular-season,201886,DeWanna Bonner,18.9,p
22026,1611661324,MIN,Minnesota Lynx,1022600073,2026-06-04,MIN vs. GSV,W,32,4,13,0.308,3,6,0.5,3,3,1,2,6,8,2,2,0,2,0,14,-1,1,2026,regular-season,203825,Kayla McBride,30.6,p
22026,1611661324,MIN,Minnesota Lynx,1022600073,2026-06-04,MIN vs. GSV,W,13,2,4,0.5,0,0,NA,4,4,1,1,3,4,0,0,0,0,0,8,-4,1,2026,regular-season,1642797,Anastasiia Olairi Kosu,12.8,p
22026,1611661324,MIN,Minnesota Lynx,1022600073,2026-06-04,MIN vs. GSV,W,28,9,16,0.563,8,11,0.727,2,2,1,0,4,4,7,0,3,1,5,28,14,1,2026,regular-season,1643426,Olivia Miles,51.3,p
22026,1611661324,MIN,Minnesota Lynx,1022600073,2026-06-04,MIN vs. GSV,W,13,0,1,0,0,1,0,0,0,NA,0,0,0,0,0,0,1,0,0,-7,1,2026,regular-season,1643489,Antonia Delaere,-1,p
22026,1611661325,IND,Indiana Fever,1022600072,2026-06-04,IND vs. ATL,W,13,0,2,0,0,1,0,0,0,NA,2,3,5,0,0,1,0,2,0,-6,1,2026,regular-season,1628881,Monique Billings,9,p
22026,1611661325,IND,Indiana Fever,1022600072,2026-06-04,IND vs. ATL,W,14,0,0,NA,0,0,NA,0,0,NA,1,2,3,0,0,0,1,3,0,12,1,2026,regular-season,1642815,Makayla Timpson,2.6,p
22026,1611661330,ATL,Atlanta Dream,1022600072,2026-06-04,ATL @ IND,L,1,0,0,NA,0,0,NA,0,0,NA,0,0,0,0,0,0,0,0,0,1,1,2026,regular-season,1642801,Aaliyah Nye,0,p
22026,1611661330,ATL,Atlanta Dream,1022600072,2026-06-04,ATL @ IND,L,9,3,5,0.6,0,0,NA,1,2,0.5,2,1,3,0,0,1,0,1,7,3,1,2026,regular-season,1643431,Madina Okot,13.6,p
22026,1611661324,MIN,Minnesota Lynx,1022600073,2026-06-04,MIN vs. GSV,W,2,0,1,0,0,0,NA,0,0,NA,2,0,2,0,0,0,0,1,0,-1,1,2026,regular-season,1629479,Teaira McCowan,2.4,p
22026,1611661325,IND,Indiana Fever,1022600072,2026-06-04,IND vs. ATL,W,16,2,6,0.333,0,3,0,1,2,0.5,2,5,7,1,2,1,2,5,5,11,1,2026,regular-season,1628899,Myisha Hines-Allen,21.9,p
22026,1611661330,ATL,Atlanta Dream,1022600072,2026-06-04,ATL @ IND,L,37,2,9,0.222,2,5,0.4,2,3,0.667,0,4,4,0,3,0,2,2,8,-9,1,2026,regular-season,1631009,Rhyne Howard,19.8,p
22026,1611661330,ATL,Atlanta Dream,1022600072,2026-06-04,ATL @ IND,L,1,0,0,NA,0,0,NA,2,2,1,0,1,1,0,0,0,0,0,2,1,1,2026,regular-season,1631021,Sika Kone,3.2,p
22026,1611661330,ATL,Atlanta Dream,1022600072,2026-06-04,ATL @ IND,L,31,4,9,0.444,0,1,0,3,4,0.75,4,6,10,3,0,2,4,4,11,-8,1,2026,regular-season,1642291,Angel Reese,29.5,p
22026,1611661331,GSV,Golden State Valkyries,1022600073,2026-06-04,GSV @ MIN,L,21,3,9,0.333,1,4,0.25,2,2,1,2,3,5,0,0,0,0,0,9,-8,1,2026,regular-season,203866,Kayla Thornton,15,p
22026,1611661331,GSV,Golden State Valkyries,1022600073,2026-06-04,GSV @ MIN,L,26,3,8,0.375,0,2,0,2,2,1,1,1,2,3,0,1,1,4,8,-2,1,2026,regular-season,1631007,Veronica Burton,16.9,p
22026,1611661324,MIN,Minnesota Lynx,1022600073,2026-06-04,MIN vs. GSV,W,34,8,18,0.444,0,3,0,1,2,0.5,1,6,7,3,1,0,3,2,17,0,1,2026,regular-season,1627675,Courtney Williams,29.9,p
22026,1611661324,MIN,Minnesota Lynx,1022600073,2026-06-04,MIN vs. GSV,W,35,1,6,0.167,1,4,0.25,0,0,NA,2,4,6,5,0,3,2,3,3,3,1,2026,regular-season,1628269,Nia Coffey,24.7,p
22026,1611661325,IND,Indiana Fever,1022600072,2026-06-04,IND vs. ATL,W,33,11,15,0.733,3,4,0.75,0,1,0,0,0,0,2,2,0,1,0,25,14,1,2026,regular-season,1628909,Kelsey Mitchell,33,p
22026,1611661325,IND,Indiana Fever,1022600072,2026-06-04,IND vs. ATL,W,31,6,12,0.5,3,4,0.75,4,4,1,0,7,7,2,0,3,4,5,19,8,1,2026,regular-season,1641648,Aliyah Boston,35.4,p
22026,1611661325,IND,Indiana Fever,1022600072,2026-06-04,IND vs. ATL,W,23,2,5,0.4,1,1,1,0,0,NA,0,2,2,3,2,0,1,2,5,15,1,2026,regular-season,1643433,Raven Johnson,16.9,p
22026,1611661330,ATL,Atlanta Dream,1022600072,2026-06-04,ATL @ IND,L,36,5,18,0.278,0,4,0,3,3,1,0,1,1,2,2,0,1,3,13,-11,1,2026,regular-season,1628277,Allisha Gray,22.2,p
22026,1611661330,ATL,Atlanta Dream,1022600072,2026-06-04,ATL @ IND,L,1,0,0,NA,0,0,NA,1,2,0.5,0,0,0,0,0,0,0,0,1,1,1,2026,regular-season,1643469,Indya Nivar,1,p
22026,1611661331,GSV,Golden State Valkyries,1022600073,2026-06-04,GSV @ MIN,L,19,6,11,0.545,5,8,0.625,0,0,NA,0,5,5,3,0,1,1,3,17,11,1,2026,regular-season,1642767,Janelle Salaun,29.5,p
22026,1611661331,GSV,Golden State Valkyries,1022600073,2026-06-04,GSV @ MIN,L,14,2,4,0.5,1,2,0.5,0,0,NA,0,1,1,5,0,0,1,0,5,-1,1,2026,regular-season,1642822,Kaitlyn Chen,12.7,p
22026,1611661324,MIN,Minnesota Lynx,1022600073,2026-06-04,MIN vs. GSV,W,12,1,2,0.5,1,1,1,2,2,1,1,1,2,1,1,1,1,1,5,3,1,2026,regular-season,1630471,Maya Caldwell,13.9,p
22026,1611661325,IND,Indiana Fever,1022600072,2026-06-04,IND vs. ATL,W,19,2,4,0.5,2,3,0.667,2,2,1,1,1,2,0,0,0,1,1,8,11,1,2026,regular-season,1629482,Sophie Cunningham,9.4,p
22026,1611661325,IND,Indiana Fever,1022600072,2026-06-04,IND vs. ATL,W,20,1,2,0.5,0,1,0,2,2,1,0,2,2,0,0,1,1,0,4,-7,1,2026,regular-season,1631086,Lexie Hull,8.4,p
22026,1611661330,ATL,Atlanta Dream,1022600072,2026-06-04,ATL @ IND,L,32,4,12,0.333,2,5,0.4,3,4,0.75,0,3,3,7,2,0,3,6,13,-11,1,2026,regular-season,1628886,Jordin Canada,30.1,p
22026,1611661330,ATL,Atlanta Dream,1022600072,2026-06-04,ATL @ IND,L,28,3,8,0.375,2,4,0.5,4,4,1,2,3,5,1,1,0,0,2,12,-14,1,2026,regular-season,1631044,Naz Hillmon,22.5,p
22026,1611661330,ATL,Atlanta Dream,1022600072,2026-06-04,ATL @ IND,L,16,0,3,0,0,2,0,0,0,NA,1,1,2,1,1,0,1,0,0,-10,1,2026,regular-season,1642804,Te-Hina Paopao,5.9,p
22026,1611661331,GSV,Golden State Valkyries,1022600073,2026-06-04,GSV @ MIN,L,21,3,5,0.6,1,2,0.5,0,0,NA,0,3,3,1,0,3,0,1,7,-14,1,2026,regular-season,204329,Kiah Stokes,21.1,p
22026,1611661331,GSV,Golden State Valkyries,1022600073,2026-06-04,GSV @ MIN,L,27,5,14,0.357,4,11,0.364,4,4,1,1,2,3,3,1,0,2,2,18,-1,1,2026,regular-season,1628508,Cecilia Zandalasini,27.1,p
22026,1611661331,GSV,Golden State Valkyries,1022600073,2026-06-04,GSV @ MIN,L,15,0,2,0,0,1,0,0,0,NA,1,1,2,0,2,1,0,3,0,4,1,2026,regular-season,1630097,Kaila Charles,11.4,p
22026,1611661331,GSV,Golden State Valkyries,1022600073,2026-06-04,GSV @ MIN,L,7,0,4,0,0,2,0,0,0,NA,0,0,0,0,0,0,0,1,0,2,1,2026,regular-season,1642794,Juste Jocyte,0,p
22026,1611661324,MIN,Minnesota Lynx,1022600073,2026-06-04,MIN vs. GSV,W,30,4,12,0.333,0,0,NA,4,6,0.667,5,5,10,0,0,0,2,3,12,8,1,2026,regular-season,203827,Natasha Howard,22,p
22026,1611661325,IND,Indiana Fever,1022600072,2026-06-04,IND vs. ATL,W,31,6,17,0.353,2,8,0.25,3,4,0.75,0,7,7,8,0,1,3,4,17,2,1,2026,regular-season,1642286,Caitlin Clark,37.4,p
22026,1611661330,ATL,Atlanta Dream,1022600072,2026-06-04,ATL @ IND,L,7,2,3,0.667,0,0,NA,0,0,NA,0,1,1,0,0,0,0,1,4,-3,1,2026,regular-season,1642302,Isobel Borlase,5.2,p
22026,1611661331,GSV,Golden State Valkyries,1022600073,2026-06-04,GSV @ MIN,L,25,6,9,0.667,1,1,1,2,2,1,1,4,5,3,1,0,1,2,15,1,1,2026,regular-season,203026,Tiffany Hayes,27.5,p
22026,1611661331,GSV,Golden State Valkyries,1022600073,2026-06-04,GSV @ MIN,L,25,2,10,0.2,1,4,0.25,0,0,NA,3,2,5,3,2,1,1,2,5,-7,1,2026,regular-season,1628931,Gabby Williams,23.5,p
22026,1611661317,PHX,Phoenix Mercury,1022600076,2026-06-05,PHX @ PDX,W,34,6,15,0.4,3,8,0.375,4,4,1,1,4,5,5,2,3,1,1,19,12,1,2026,regular-season,201886,DeWanna Bonner,46.5,p
22026,1611661317,PHX,Phoenix Mercury,1022600076,2026-06-05,PHX @ PDX,W,29,7,11,0.636,0,0,NA,2,2,1,0,4,4,2,1,1,1,2,16,14,1,2026,regular-season,1630442,Natasha Mack,28.8,p
22026,1611661320,LAS,Los Angeles Sparks,1022600075,2026-06-05,LAS vs. DAL,L,35,6,8,0.75,1,2,0.5,0,0,NA,2,8,10,5,1,0,0,1,13,-8,1,2026,regular-season,203014,Nneka Ogwumike,35.5,p
22026,1611661320,LAS,Los Angeles Sparks,1022600075,2026-06-05,LAS vs. DAL,L,5,0,1,0,0,1,0,0,0,NA,0,0,0,0,0,0,0,1,0,-2,1,2026,regular-season,1643462,Chance Gray,0,p
22026,1611661321,DAL,Dallas Wings,1022600075,2026-06-05,DAL @ LAS,W,5,0,1,0,0,0,NA,0,0,NA,0,1,1,0,0,0,1,0,0,3,1,2026,regular-season,203824,Odyssey Sims,0.2,p
22026,1611661323,CON,Connecticut Sun,1022600074,2026-06-05,CON @ CHI,L,32,3,14,0.214,2,5,0.4,0,0,NA,4,13,17,3,1,1,1,2,8,-8,1,2026,regular-season,1642800,Aneesah Morrow,37.9,p
22026,1611661323,CON,Connecticut Sun,1022600074,2026-06-05,CON @ CHI,L,6,2,3,0.667,0,0,NA,1,1,1,2,2,4,2,0,1,2,0,5,3,1,2026,regular-season,1643441,Raegan Beers,13.8,p
22026,1611661323,CON,Connecticut Sun,1022600074,2026-06-05,CON @ CHI,L,8,2,4,0.5,0,2,0,0,0,NA,0,0,0,1,1,0,0,1,4,8,1,2026,regular-season,1643449,Charlisse Leger-Walker,8.5,p
22026,1611661327,PDX,Portland Fire,1022600076,2026-06-05,PDX vs. PHX,L,27,2,9,0.222,0,4,0,2,2,1,1,3,4,2,1,0,4,1,6,-17,1,2026,regular-season,1629524,Bridget Carleton,12.8,p
22026,1611661327,PDX,Portland Fire,1022600076,2026-06-05,PDX vs. PHX,L,17,1,5,0.2,0,2,0,1,2,0.5,2,3,5,1,0,2,2,2,3,-19,1,2026,regular-season,1631083,Emily Engstler,14.5,p
22026,1611661329,CHI,Chicago Sky,1022600074,2026-06-05,CHI vs. CON,W,22,2,7,0.286,1,5,0.2,1,1,1,0,2,2,3,0,3,1,4,6,4,1,2026,regular-season,1627671,Rachel Banham,20.9,p
22026,1611661329,CHI,Chicago Sky,1022600074,2026-06-05,CHI vs. CON,W,13,2,5,0.4,0,1,0,0,0,NA,0,1,1,0,0,0,4,3,4,-18,1,2026,regular-season,1642321,Sydney Taylor,1.2,p
22026,1611661317,PHX,Phoenix Mercury,1022600076,2026-06-05,PHX @ PDX,W,4,0,1,0,0,0,NA,2,2,1,2,0,2,0,0,0,2,0,2,-5,1,2026,regular-season,204468,Valeriane Ayayi,2.4,p
22026,1611661317,PHX,Phoenix Mercury,1022600076,2026-06-05,PHX @ PDX,W,6,0,3,0,0,0,NA,0,0,NA,0,1,1,0,0,0,0,1,0,-4,1,2026,regular-season,1642768,Kyara Linskens,1.2,p
22026,1611661320,LAS,Los Angeles Sparks,1022600075,2026-06-05,LAS vs. DAL,L,33,10,16,0.625,1,6,0.167,6,8,0.75,0,2,2,6,0,0,5,2,27,-7,1,2026,regular-season,1628276,Kelsey Plum,33.4,p
22026,1611661321,DAL,Dallas Wings,1022600075,2026-06-05,DAL @ LAS,W,24,7,10,0.7,2,2,1,0,0,NA,2,2,4,0,4,1,1,3,16,10,1,2026,regular-season,1641652,Maddy Siegrist,34.8,p
22026,1611661321,DAL,Dallas Wings,1022600075,2026-06-05,DAL @ LAS,W,10,1,4,0.25,0,2,0,1,3,0.333,0,1,1,3,1,0,0,4,3,5,1,2026,regular-season,1642793,Aziaha James,11.7,p
22026,1611661323,CON,Connecticut Sun,1022600074,2026-06-05,CON @ CHI,L,29,6,8,0.75,0,0,NA,4,6,0.667,2,6,8,5,0,3,2,3,16,-8,1,2026,regular-season,203398,Brittney Griner,40.1,p
22026,1611661323,CON,Connecticut Sun,1022600074,2026-06-05,CON @ CHI,L,6,1,1,1,0,0,NA,2,2,1,1,0,1,0,0,0,1,0,4,-11,1,2026,regular-season,1642817,Hailey Van Lith,4.2,p
22026,1611661317,PHX,Phoenix Mercury,1022600076,2026-06-05,PHX @ PDX,W,20,1,5,0.2,1,2,0.5,5,5,1,0,1,1,3,0,0,1,2,8,-7,1,2026,regular-season,1631118,Lexi Held,12.7,p
22026,1611661317,PHX,Phoenix Mercury,1022600076,2026-06-05,PHX @ PDX,W,28,4,6,0.667,2,2,1,1,2,0.5,0,2,2,2,1,0,1,1,11,9,1,2026,regular-season,1643493,Noemie Brochant,18.4,p
22026,1611661320,LAS,Los Angeles Sparks,1022600075,2026-06-05,LAS vs. DAL,L,30,6,8,0.75,0,0,NA,3,4,0.75,2,3,5,1,0,0,0,2,15,-4,1,2026,regular-season,204324,Dearica Hamby,22.5,p
22026,1611661320,LAS,Los Angeles Sparks,1022600075,2026-06-05,LAS vs. DAL,L,33,2,8,0.25,1,4,0.25,2,2,1,1,0,1,6,1,0,4,1,7,-8,1,2026,regular-season,204365,Erica Wheeler,16.2,p
22026,1611661320,LAS,Los Angeles Sparks,1022600075,2026-06-05,LAS vs. DAL,L,18,1,5,0.2,0,3,0,1,2,0.5,0,2,2,4,2,1,2,0,3,-2,1,2026,regular-season,1630996,Rae Burrell,18.4,p
22026,1611661320,LAS,Los Angeles Sparks,1022600075,2026-06-05,LAS vs. DAL,L,15,3,7,0.429,1,4,0.25,3,4,0.75,1,4,5,0,0,1,3,4,10,-4,1,2026,regular-season,1642287,Cameron Brink,16,p
22026,1611661321,DAL,Dallas Wings,1022600075,2026-06-05,DAL @ LAS,W,35,5,10,0.5,1,4,0.25,0,0,NA,1,0,1,2,2,0,0,3,11,5,1,2026,regular-season,1643425,Azzi Fudd,21.2,p
22026,1611661327,PDX,Portland Fire,1022600076,2026-06-05,PDX vs. PHX,L,19,4,5,0.8,4,5,0.8,1,1,1,0,3,3,1,1,0,0,1,13,11,1,2026,regular-season,1628317,Karlie Samuelson,21.1,p
22026,1611661327,PDX,Portland Fire,1022600076,2026-06-05,PDX vs. PHX,L,24,2,6,0.333,1,2,0.5,2,3,0.667,1,1,2,4,1,0,3,4,7,-19,1,2026,regular-season,1642304,Carla Leite,15.4,p
22026,1611661327,PDX,Portland Fire,1022600076,2026-06-05,PDX vs. PHX,L,15,1,5,0.2,0,1,0,3,3,1,1,3,4,0,0,0,2,0,5,12,1,2026,regular-season,1643494,Frieda Buhner,7.8,p
22026,1611661329,CHI,Chicago Sky,1022600074,2026-06-05,CHI vs. CON,W,33,5,10,0.5,0,0,NA,0,1,0,2,6,8,3,0,2,2,3,10,9,1,2026,regular-season,1642289,Kamilla Cardoso,28.1,p
22026,1611661329,CHI,Chicago Sky,1022600074,2026-06-05,CHI vs. CON,W,6,0,0,NA,0,0,NA,0,0,NA,0,0,0,0,1,0,0,0,0,-2,1,2026,regular-season,1643458,Saylor Poffenbarger,3,p
22026,1611661317,PHX,Phoenix Mercury,1022600076,2026-06-05,PHX @ PDX,W,31,4,8,0.5,1,1,1,2,2,1,0,4,4,2,3,1,2,3,11,9,1,2026,regular-season,1642777,Monique Akoa Makani,28.8,p
22026,1611661317,PHX,Phoenix Mercury,1022600076,2026-06-05,PHX @ PDX,W,9,1,1,1,0,0,NA,0,1,0,3,0,3,0,1,0,2,3,2,-6,1,2026,regular-season,1643487,Quionche Carter,6.6,p
22026,1611661320,LAS,Los Angeles Sparks,1022600075,2026-06-05,LAS vs. DAL,L,3,2,2,1,1,1,1,0,1,0,0,0,0,0,0,0,1,0,5,-4,1,2026,regular-season,1642324,Kate Martin,4,p
22026,1611661321,DAL,Dallas Wings,1022600075,2026-06-05,DAL @ LAS,W,16,2,4,0.5,0,2,0,0,0,NA,0,2,2,0,0,1,2,0,4,-2,1,2026,regular-season,1629501,Alanna Smith,7.4,p
22026,1611661323,CON,Connecticut Sun,1022600074,2026-06-05,CON @ CHI,L,34,1,8,0.125,0,3,0,1,2,0.5,0,1,1,2,1,0,3,6,3,-5,1,2026,regular-season,1642303,Leila Lacan,7.2,p
22026,1611661323,CON,Connecticut Sun,1022600074,2026-06-05,CON @ CHI,L,23,6,9,0.667,1,2,0.5,1,2,0.5,0,1,1,3,1,2,3,2,14,-3,1,2026,regular-season,1642809,Saniya Rivers,25.7,p
22026,1611661323,CON,Connecticut Sun,1022600074,2026-06-05,CON @ CHI,L,17,2,4,0.5,0,0,NA,2,2,1,1,0,1,0,2,0,1,0,6,9,1,2026,regular-season,1643448,Nell Angloma,12.2,p
22026,1611661327,PDX,Portland Fire,1022600076,2026-06-05,PDX vs. PHX,L,18,1,4,0.25,1,4,0.25,2,2,1,0,3,3,3,0,0,3,5,5,9,1,2026,regular-season,1630143,Luisa Geiselsoder,10.1,p
22026,1611661329,CHI,Chicago Sky,1022600074,2026-06-05,CHI vs. CON,W,20,5,13,0.385,1,5,0.2,2,3,0.667,3,7,10,1,1,0,0,4,13,4,1,2026,regular-season,1628922,Azura Stevens,29.5,p
22026,1611661317,PHX,Phoenix Mercury,1022600076,2026-06-05,PHX @ PDX,W,11,0,1,0,0,1,0,0,0,NA,0,0,0,1,0,0,2,4,0,-2,1,2026,regular-season,1643438,Marta Suarez,-0.5,p
22026,1611661317,PHX,Phoenix Mercury,1022600076,2026-06-05,PHX @ PDX,W,30,3,11,0.273,0,7,0,3,4,0.75,1,1,2,6,2,0,0,2,9,10,1,2026,regular-season,1643505,Jovana Nogic,26.4,p
22026,1611661320,LAS,Los Angeles Sparks,1022600075,2026-06-05,LAS vs. DAL,L,28,6,12,0.5,4,7,0.571,0,0,NA,2,3,5,3,1,0,2,5,16,-1,1,2026,regular-season,1628878,Ariel Atkins,27.5,p
22026,1611661321,DAL,Dallas Wings,1022600075,2026-06-05,DAL @ LAS,W,34,10,21,0.476,6,11,0.545,4,5,0.8,3,3,6,6,0,0,3,3,30,6,1,2026,regular-season,1629481,Arike Ogunbowale,43.2,p
22026,1611661321,DAL,Dallas Wings,1022600075,2026-06-05,DAL @ LAS,W,36,7,14,0.5,1,4,0.25,3,4,0.75,1,2,3,14,1,0,1,4,18,5,1,2026,regular-season,1642784,Paige Bueckers,44.6,p
22026,1611661323,CON,Connecticut Sun,1022600074,2026-06-05,CON @ CHI,L,10,1,3,0.333,0,0,NA,0,0,NA,2,1,3,0,0,0,0,4,2,3,1,2026,regular-season,1631135,Olivia Nelson-Ododa,5.6,p
22026,1611661323,CON,Connecticut Sun,1022600074,2026-06-05,CON @ CHI,L,8,0,1,0,0,0,NA,2,3,0.667,0,0,0,0,0,0,0,0,2,-6,1,2026,regular-season,1643429,Gianna Kneepkens,2,p
22026,1611661323,CON,Connecticut Sun,1022600074,2026-06-05,CON @ CHI,L,1,0,1,0,0,1,0,0,0,NA,0,1,1,0,0,0,0,1,0,-3,1,2026,regular-season,1643437,Ashlon Jackson,1.2,p
22026,1611661327,PDX,Portland Fire,1022600076,2026-06-05,PDX vs. PHX,L,22,3,5,0.6,1,2,0.5,0,0,NA,0,2,2,0,0,0,1,0,7,-15,1,2026,regular-season,1629484,Megan DiLeo,8.4,p
22026,1611661327,PDX,Portland Fire,1022600076,2026-06-05,PDX vs. PHX,L,13,0,4,0,0,1,0,0,0,NA,1,0,1,0,0,0,0,1,0,2,1,2026,regular-season,1642296,Nyadiew Puoch,1.2,p
22026,1611661327,PDX,Portland Fire,1022600076,2026-06-05,PDX vs. PHX,L,29,6,10,0.6,2,4,0.5,1,2,0.5,1,6,7,3,0,0,1,3,15,-7,1,2026,regular-season,1642782,Sarah Ashlee Barker,26.9,p
22026,1611661327,PDX,Portland Fire,1022600076,2026-06-05,PDX vs. PHX,L,16,4,4,1,1,1,1,2,2,1,1,0,1,4,0,0,4,2,11,13,1,2026,regular-season,1643506,Teja Oblak,14.2,p
22026,1611661329,CHI,Chicago Sky,1022600074,2026-06-05,CHI vs. CON,W,32,6,16,0.375,2,3,0.667,10,11,0.909,1,2,3,4,1,0,2,1,24,10,1,2026,regular-season,203400,Skylar Diggins,34.6,p
22026,1611661329,CHI,Chicago Sky,1022600074,2026-06-05,CHI vs. CON,W,21,5,8,0.625,0,0,NA,0,2,0,1,2,3,3,2,1,0,1,10,-2,1,2026,regular-season,204322,Elizabeth Williams,27.1,p
22026,1611661321,DAL,Dallas Wings,1022600075,2026-06-05,DAL @ LAS,W,2,0,0,NA,0,0,NA,0,0,NA,0,0,0,0,0,0,0,1,0,-2,1,2026,regular-season,202252,Alysha Clark,0,p
22026,1611661321,DAL,Dallas Wings,1022600075,2026-06-05,DAL @ LAS,W,38,9,13,0.692,0,0,NA,4,6,0.667,6,9,15,5,2,0,4,0,22,10,1,2026,regular-season,1629491,Jessica Shepard,49.5,p
22026,1611661323,CON,Connecticut Sun,1022600074,2026-06-05,CON @ CHI,L,28,6,15,0.4,1,5,0.2,3,3,1,2,1,3,3,0,0,2,2,16,-4,1,2026,regular-season,1641649,Diamond Miller,22.1,p
22026,1611661329,CHI,Chicago Sky,1022600074,2026-06-05,CHI vs. CON,W,26,4,6,0.667,2,2,1,3,3,1,0,0,0,5,2,0,3,3,13,6,1,2026,regular-season,204333,Natasha Cloud,23.5,p
22026,1611661329,CHI,Chicago Sky,1022600074,2026-06-05,CHI vs. CON,W,27,2,2,1,0,0,NA,1,1,1,0,1,1,2,2,1,0,3,5,14,1,2026,regular-season,1642292,Jacy Sheldon,18.2,p
22026,1611661313,NYL,New York Liberty,1022600080,2026-06-06,NYL vs. IND,W,25,3,7,0.429,2,5,0.4,0,0,NA,0,4,4,0,0,0,2,3,8,2,1,2026,regular-season,1629546,Marine Johannes,10.8,p
22026,1611661322,WAS,Washington Mystics,1022600079,2026-06-06,WAS @ ATL,L,29,5,10,0.5,2,4,0.5,6,7,0.857,0,2,2,6,1,0,2,2,18,-24,1,2026,regular-season,1642785,Sonia Citron,30.4,p
22026,1611661324,MIN,Minnesota Lynx,1022600077,2026-06-06,MIN vs. SEA,W,33,9,14,0.643,1,3,0.333,0,1,0,3,3,6,6,1,0,1,3,19,19,1,2026,regular-season,1643426,Olivia Miles,37.2,p
22026,1611661325,IND,Indiana Fever,1022600080,2026-06-06,IND @ NYL,L,17,1,2,0.5,0,1,0,0,0,NA,0,1,1,2,1,0,1,3,2,-20,1,2026,regular-season,1629482,Sophie Cunningham,8.2,p
22026,1611661325,IND,Indiana Fever,1022600080,2026-06-06,IND @ NYL,L,17,2,7,0.286,0,2,0,2,2,1,1,1,2,4,0,0,1,1,6,-6,1,2026,regular-season,1643433,Raven Johnson,13.4,p
22026,1611661328,SEA,Seattle Storm,1022600077,2026-06-06,SEA @ MIN,L,26,4,10,0.4,3,9,0.333,3,3,1,1,3,4,5,3,0,4,0,14,-12,1,2026,regular-season,1629567,Natisha Hiedeman,31.3,p
22026,1611661328,SEA,Seattle Storm,1022600077,2026-06-06,SEA @ MIN,L,18,2,3,0.667,1,2,0.5,2,2,1,1,2,3,2,0,0,3,1,7,-15,1,2026,regular-season,1641651,Jordan Horston,10.6,p
22026,1611661328,SEA,Seattle Storm,1022600077,2026-06-06,SEA @ MIN,L,26,4,15,0.267,2,7,0.286,0,0,NA,1,5,6,2,1,0,3,1,10,-4,1,2026,regular-season,1643428,Flau'jae Johnson,20.2,p
22026,1611661330,ATL,Atlanta Dream,1022600079,2026-06-06,ATL vs. WAS,W,25,4,6,0.667,1,1,1,2,3,0.667,0,2,2,5,0,0,0,0,11,19,1,2026,regular-season,1628886,Jordin Canada,20.9,p
22026,1611661330,ATL,Atlanta Dream,1022600079,2026-06-06,ATL vs. WAS,W,14,2,4,0.5,2,3,0.667,0,0,NA,0,1,1,3,0,1,0,2,6,13,1,2026,regular-season,1642804,Te-Hina Paopao,14.7,p
22026,1611661330,ATL,Atlanta Dream,1022600079,2026-06-06,ATL vs. WAS,W,18,5,9,0.556,0,1,0,1,2,0.5,1,4,5,0,1,0,3,4,11,9,1,2026,regular-season,1643431,Madina Okot,17,p
22026,1611661330,ATL,Atlanta Dream,1022600079,2026-06-06,ATL vs. WAS,W,8,1,3,0.333,0,0,NA,0,3,0,1,1,2,0,1,0,0,4,2,-2,1,2026,regular-season,1643469,Indya Nivar,7.4,p
22026,1611661331,GSV,Golden State Valkyries,1022600078,2026-06-06,GSV @ LVA,L,17,1,2,0.5,0,1,0,0,0,NA,1,3,4,1,0,1,1,2,2,-11,1,2026,regular-season,204329,Kiah Stokes,10.3,p
22026,1611661331,GSV,Golden State Valkyries,1022600078,2026-06-06,GSV @ LVA,L,28,4,12,0.333,3,8,0.375,0,0,NA,1,2,3,2,0,0,1,2,11,-2,1,2026,regular-season,1642767,Janelle Salaun,16.6,p
22026,1611661331,GSV,Golden State Valkyries,1022600078,2026-06-06,GSV @ LVA,L,6,0,1,0,0,0,NA,0,0,NA,0,1,1,0,0,0,0,1,0,-1,1,2026,regular-season,1642822,Kaitlyn Chen,1.2,p
22026,1611661313,NYL,New York Liberty,1022600080,2026-06-06,NYL vs. IND,W,33,6,15,0.4,0,2,0,18,21,0.857,4,4,8,2,4,0,2,1,30,17,1,2026,regular-season,1627668,Breanna Stewart,52.6,p
22026,1611661313,NYL,New York Liberty,1022600080,2026-06-06,NYL vs. IND,W,22,5,11,0.455,0,4,0,3,4,0.75,1,4,5,1,0,0,2,3,13,10,1,2026,regular-season,1630149,Satou Sabally,18.5,p
22026,1611661319,LVA,Las Vegas Aces,1022600078,2026-06-06,LVA vs. GSV,W,36,4,10,0.4,2,7,0.286,2,3,0.667,1,5,6,6,2,0,4,3,12,3,1,2026,regular-season,203833,Chelsea Gray,30.2,p
22026,1611661319,LVA,Las Vegas Aces,1022600078,2026-06-06,LVA vs. GSV,W,36,8,15,0.533,6,8,0.75,5,5,1,1,4,5,5,0,0,1,3,27,13,1,2026,regular-season,1629498,Jackie Young,39.5,p
22026,1611661319,LVA,Las Vegas Aces,1022600078,2026-06-06,LVA vs. GSV,W,7,0,3,0,0,2,0,0,0,NA,0,0,0,0,0,0,0,0,0,-6,1,2026,regular-season,1631006,Kierstan Bell,0,p
22026,1611661319,LVA,Las Vegas Aces,1022600078,2026-06-06,LVA vs. GSV,W,29,2,6,0.333,0,0,NA,2,6,0.333,2,4,6,1,0,0,1,3,6,17,1,2026,regular-season,1631019,NaLyssa Smith,13.7,p
22026,1611661322,WAS,Washington Mystics,1022600079,2026-06-06,WAS @ ATL,L,22,3,9,0.333,1,2,0.5,0,0,NA,5,0,5,4,0,3,3,3,7,-29,1,2026,regular-season,1631022,Shakira Austin,25,p
22026,1611661322,WAS,Washington Mystics,1022600079,2026-06-06,WAS @ ATL,L,20,1,7,0.143,0,2,0,0,2,0,1,1,2,0,1,0,4,2,2,-29,1,2026,regular-season,1643644,Alicia Florez,3.4,p
22026,1611661324,MIN,Minnesota Lynx,1022600077,2026-06-06,MIN vs. SEA,W,30,12,16,0.75,0,1,0,3,4,0.75,4,1,5,1,3,2,2,2,27,22,1,2026,regular-season,203827,Natasha Howard,47.5,p
22026,1611661324,MIN,Minnesota Lynx,1022600077,2026-06-06,MIN vs. SEA,W,27,5,13,0.385,1,3,0.333,0,0,NA,0,5,5,7,2,0,2,1,11,17,1,2026,regular-season,1627675,Courtney Williams,31.5,p
22026,1611661325,IND,Indiana Fever,1022600080,2026-06-06,IND @ NYL,L,3,0,0,NA,0,0,NA,0,0,NA,0,0,0,0,0,0,0,1,0,-1,1,2026,regular-season,1642815,Makayla Timpson,0,p
22026,1611661330,ATL,Atlanta Dream,1022600079,2026-06-06,ATL vs. WAS,W,21,6,11,0.545,4,7,0.571,3,3,1,0,0,0,3,6,1,2,4,19,18,1,2026,regular-season,1631009,Rhyne Howard,42.5,p
22026,1611661330,ATL,Atlanta Dream,1022600079,2026-06-06,ATL vs. WAS,W,25,4,9,0.444,0,0,NA,10,10,1,7,10,17,0,4,1,3,3,18,25,1,2026,regular-season,1642291,Angel Reese,50.4,p
22026,1611661330,ATL,Atlanta Dream,1022600079,2026-06-06,ATL vs. WAS,W,5,1,3,0.333,1,2,0.5,0,0,NA,0,0,0,0,0,0,0,0,3,7,1,2026,regular-season,1642801,Aaliyah Nye,3,p
22026,1611661313,NYL,New York Liberty,1022600080,2026-06-06,NYL vs. IND,W,28,2,6,0.333,0,1,0,4,7,0.571,2,10,12,4,0,1,1,4,8,7,1,2026,regular-season,1627673,Jonquel Jones,30.4,p
22026,1611661319,LVA,Las Vegas Aces,1022600078,2026-06-06,LVA vs. GSV,W,9,0,1,0,0,0,NA,0,0,NA,0,0,0,0,0,0,1,1,0,-5,1,2026,regular-season,1629488,Brianna Turner,-1,p
22026,1611661322,WAS,Washington Mystics,1022600079,2026-06-06,WAS @ ATL,L,27,8,15,0.533,1,3,0.333,7,10,0.7,0,3,3,3,1,1,2,3,24,-20,1,2026,regular-season,1642792,Kiki Iriafen,36.1,p
22026,1611661322,WAS,Washington Mystics,1022600079,2026-06-06,WAS @ ATL,L,16,2,4,0.5,0,0,NA,2,2,1,0,1,1,1,0,0,1,3,6,-6,1,2026,regular-season,1643427,Lauren Betts,7.7,p
22026,1611661322,WAS,Washington Mystics,1022600079,2026-06-06,WAS @ ATL,L,15,2,4,0.5,0,1,0,3,4,0.75,1,1,2,0,0,0,2,3,7,-5,1,2026,regular-season,1643430,Cotie McMahon,7.4,p
22026,1611661322,WAS,Washington Mystics,1022600079,2026-06-06,WAS @ ATL,L,11,2,2,1,0,0,NA,0,0,NA,0,0,0,1,0,0,0,1,4,-12,1,2026,regular-season,1643467,Cassandre Prosper,5.5,p
22026,1611661324,MIN,Minnesota Lynx,1022600077,2026-06-06,MIN vs. SEA,W,7,2,3,0.667,0,0,NA,0,0,NA,1,2,3,1,0,0,1,2,4,2,1,2026,regular-season,1629479,Teaira McCowan,8.1,p
22026,1611661325,IND,Indiana Fever,1022600080,2026-06-06,IND @ NYL,L,35,6,7,0.857,1,2,0.5,2,6,0.333,3,5,8,1,0,1,1,3,15,0,1,2026,regular-season,1628881,Monique Billings,28.1,p
22026,1611661325,IND,Indiana Fever,1022600080,2026-06-06,IND @ NYL,L,13,1,4,0.25,1,2,0.5,0,0,NA,0,1,1,0,1,0,0,5,3,-1,1,2026,regular-season,1628899,Myisha Hines-Allen,7.2,p
22026,1611661325,IND,Indiana Fever,1022600080,2026-06-06,IND @ NYL,L,19,2,2,1,1,1,1,0,0,NA,1,5,6,1,1,0,0,1,5,5,1,2026,regular-season,1631086,Lexie Hull,16.7,p
22026,1611661328,SEA,Seattle Storm,1022600077,2026-06-06,SEA @ MIN,L,18,0,4,0,0,2,0,0,0,NA,0,2,2,0,1,0,0,0,0,-5,1,2026,regular-season,1629478,Katie Lou Samuelson,5.4,p
22026,1611661328,SEA,Seattle Storm,1022600077,2026-06-06,SEA @ MIN,L,20,4,7,0.571,1,3,0.333,5,5,1,2,2,4,0,0,1,2,2,14,-6,1,2026,regular-season,1631141,Jade Melbourne,19.8,p
22026,1611661328,SEA,Seattle Storm,1022600077,2026-06-06,SEA @ MIN,L,14,3,8,0.375,0,2,0,1,2,0.5,0,2,2,0,2,0,2,1,7,-7,1,2026,regular-season,1642798,Dominique Malonga,13.4,p
22026,1611661330,ATL,Atlanta Dream,1022600079,2026-06-06,ATL vs. WAS,W,25,1,4,0.25,1,2,0.5,12,15,0.8,0,1,1,5,0,0,1,2,15,14,1,2026,regular-season,1628277,Allisha Gray,22.7,p
22026,1611661331,GSV,Golden State Valkyries,1022600078,2026-06-06,GSV @ LVA,L,16,2,7,0.286,1,3,0.333,0,2,0,0,3,3,3,1,0,2,4,5,1,1,2026,regular-season,203026,Tiffany Hayes,14.1,p
22026,1611661313,NYL,New York Liberty,1022600080,2026-06-06,NYL vs. IND,W,13,1,3,0.333,0,0,NA,2,2,1,2,2,4,1,1,0,1,1,4,-6,1,2026,regular-season,203822,Rebekah Gardner,12.3,p
22026,1611661319,LVA,Las Vegas Aces,1022600078,2026-06-06,LVA vs. GSV,W,19,2,7,0.286,2,6,0.333,0,0,NA,0,0,0,4,0,2,1,2,6,-11,1,2026,regular-season,203855,Stephanie Talbot,17,p
22026,1611661322,WAS,Washington Mystics,1022600079,2026-06-06,WAS @ ATL,L,22,0,1,0,0,1,0,0,0,NA,0,2,2,1,1,0,1,3,0,-9,1,2026,regular-season,1642781,Georgia Amoore,5.9,p
22026,1611661324,MIN,Minnesota Lynx,1022600077,2026-06-06,MIN vs. SEA,W,14,0,1,0,0,1,0,0,0,NA,1,2,3,2,1,0,1,1,0,2,1,2026,regular-season,1643489,Antonia Delaere,8.6,p
22026,1611661325,IND,Indiana Fever,1022600080,2026-06-06,IND @ NYL,L,32,7,21,0.333,2,8,0.25,5,7,0.714,2,5,7,2,0,0,4,3,21,-8,1,2026,regular-season,1628909,Kelsey Mitchell,28.4,p
22026,1611661328,SEA,Seattle Storm,1022600077,2026-06-06,SEA @ MIN,L,9,1,4,0.25,1,2,0.5,1,2,0.5,1,1,2,0,0,0,1,1,4,-16,1,2026,regular-season,1641660,Zia Cooke,5.4,p
22026,1611661330,ATL,Atlanta Dream,1022600079,2026-06-06,ATL vs. WAS,W,12,3,6,0.5,1,3,0.333,2,3,0.667,5,1,6,2,1,0,1,3,9,6,1,2026,regular-season,1631021,Sika Kone,21.2,p
22026,1611661330,ATL,Atlanta Dream,1022600079,2026-06-06,ATL vs. WAS,W,25,2,6,0.333,2,4,0.5,0,0,NA,2,4,6,1,1,1,0,3,6,24,1,2026,regular-season,1631044,Naz Hillmon,20.7,p
22026,1611661330,ATL,Atlanta Dream,1022600079,2026-06-06,ATL vs. WAS,W,23,3,5,0.6,1,2,0.5,2,2,1,0,2,2,2,2,0,1,1,9,27,1,2026,regular-season,1642302,Isobel Borlase,19.4,p
22026,1611661331,GSV,Golden State Valkyries,1022600078,2026-06-06,GSV @ LVA,L,28,10,17,0.588,3,7,0.429,4,5,0.8,0,6,6,1,2,0,1,2,27,-13,1,2026,regular-season,1628931,Gabby Williams,40.7,p
22026,1611661331,GSV,Golden State Valkyries,1022600078,2026-06-06,GSV @ LVA,L,20,2,5,0.4,1,1,1,0,0,NA,2,4,6,3,0,0,1,1,5,4,1,2026,regular-season,1630097,Kaila Charles,15.7,p
22026,1611661331,GSV,Golden State Valkyries,1022600078,2026-06-06,GSV @ LVA,L,34,5,16,0.313,1,8,0.125,4,6,0.667,2,3,5,3,0,0,1,3,15,-4,1,2026,regular-season,1631007,Veronica Burton,24.5,p
22026,1611661313,NYL,New York Liberty,1022600080,2026-06-06,NYL vs. IND,W,12,1,5,0.2,0,0,NA,0,0,NA,0,1,1,0,0,0,1,1,2,-2,1,2026,regular-season,204335,Betnijah Laney-Hamilton,2.2,p
22026,1611661313,NYL,New York Liberty,1022600080,2026-06-06,NYL vs. IND,W,8,1,4,0.25,0,1,0,0,0,NA,2,2,4,1,0,0,0,0,2,-6,1,2026,regular-season,1629566,Han Xu,8.3,p
22026,1611661313,NYL,New York Liberty,1022600080,2026-06-06,NYL vs. IND,W,30,1,7,0.143,0,3,0,2,2,1,2,2,4,2,3,1,1,2,4,15,1,2026,regular-season,1630142,Leonie Fiebich,22.8,p
22026,1611661313,NYL,New York Liberty,1022600080,2026-06-06,NYL vs. IND,W,5,0,2,0,0,2,0,0,0,NA,0,2,2,0,0,0,0,1,0,-5,1,2026,regular-season,1630469,Marine Fauthoux,2.4,p
22026,1611661319,LVA,Las Vegas Aces,1022600078,2026-06-06,LVA vs. GSV,W,28,2,4,0.5,1,3,0.333,0,0,NA,0,5,5,3,1,0,1,4,5,2,1,2026,regular-season,204319,Jewell Loyd,17.5,p
22026,1611661322,WAS,Washington Mystics,1022600079,2026-06-06,WAS @ ATL,L,2,0,0,NA,0,0,NA,0,0,NA,0,0,0,0,0,0,0,1,0,0,1,2026,regular-season,1643450,Rori Harmon,0,p
22026,1611661322,WAS,Washington Mystics,1022600079,2026-06-06,WAS @ ATL,L,14,2,3,0.667,1,1,1,0,0,NA,1,8,9,1,0,0,1,1,5,-9,1,2026,regular-season,1643455,Angela Dugalic,16.3,p
22026,1611661324,MIN,Minnesota Lynx,1022600077,2026-06-06,MIN vs. SEA,W,23,3,12,0.25,2,8,0.25,3,3,1,0,2,2,3,1,0,1,1,11,18,1,2026,regular-season,203825,Kayla McBride,19.9,p
22026,1611661324,MIN,Minnesota Lynx,1022600077,2026-06-06,MIN vs. SEA,W,22,2,8,0.25,2,5,0.4,0,0,NA,2,1,3,1,0,0,3,3,6,8,1,2026,regular-season,1630471,Maya Caldwell,8.1,p
22026,1611661324,MIN,Minnesota Lynx,1022600077,2026-06-06,MIN vs. SEA,W,17,2,4,0.5,0,0,NA,0,0,NA,0,1,1,1,2,0,0,2,4,3,1,2026,regular-season,1642797,Anastasiia Olairi Kosu,12.7,p
22026,1611661325,IND,Indiana Fever,1022600080,2026-06-06,IND @ NYL,L,34,4,14,0.286,2,6,0.333,0,0,NA,0,7,7,9,0,1,3,5,10,5,1,2026,regular-season,1642286,Caitlin Clark,31.9,p
22026,1611661328,SEA,Seattle Storm,1022600077,2026-06-06,SEA @ MIN,L,20,2,3,0.667,2,3,0.667,0,0,NA,1,3,4,1,0,0,1,2,6,-10,1,2026,regular-season,203828,Stefanie Dolson,11.3,p
22026,1611661328,SEA,Seattle Storm,1022600077,2026-06-06,SEA @ MIN,L,14,0,1,0,0,1,0,1,2,0.5,1,3,4,2,0,0,1,0,1,-6,1,2026,regular-season,1642307,Mackenzie Holmes,7.8,p
22026,1611661328,SEA,Seattle Storm,1022600077,2026-06-06,SEA @ MIN,L,2,0,0,NA,0,0,NA,0,0,NA,0,0,0,0,0,0,0,0,0,-2,1,2026,regular-season,1642814,Taylor Thierry,0,p
22026,1611661328,SEA,Seattle Storm,1022600077,2026-06-06,SEA @ MIN,L,2,0,2,0,0,1,0,0,0,NA,0,0,0,0,0,0,0,0,0,-2,1,2026,regular-season,1643473,Taina Mair,0,p
22026,1611661313,NYL,New York Liberty,1022600080,2026-06-06,NYL vs. IND,W,24,4,6,0.667,0,0,NA,4,4,1,0,3,3,3,1,0,1,3,12,8,1,2026,regular-season,1631136,Pauline Astier,22.1,p
22026,1611661319,LVA,Las Vegas Aces,1022600078,2026-06-06,LVA vs. GSV,W,35,9,17,0.529,2,4,0.5,8,8,1,2,12,14,3,0,0,2,3,28,12,1,2026,regular-season,1628932,A'ja Wilson,47.3,p
22026,1611661322,WAS,Washington Mystics,1022600079,2026-06-06,WAS @ ATL,L,21,1,3,0.333,0,2,0,2,2,1,0,0,0,0,0,0,1,4,4,-17,1,2026,regular-season,1630446,Michaela Onyenwere,3,p
22026,1611661324,MIN,Minnesota Lynx,1022600077,2026-06-06,MIN vs. SEA,W,27,2,6,0.333,2,6,0.333,0,0,NA,2,6,8,5,3,2,1,1,6,9,1,2026,regular-season,1628269,Nia Coffey,37.1,p
22026,1611661325,IND,Indiana Fever,1022600080,2026-06-06,IND @ NYL,L,29,6,15,0.4,1,3,0.333,0,0,NA,2,7,9,1,1,3,4,5,13,-14,1,2026,regular-season,1641648,Aliyah Boston,33.3,p
22026,1611661328,SEA,Seattle Storm,1022600077,2026-06-06,SEA @ MIN,L,30,2,6,0.333,1,4,0.25,0,0,NA,2,2,4,4,0,0,4,4,5,-15,1,2026,regular-season,1643443,Awa Fam,11.8,p
22026,1611661331,GSV,Golden State Valkyries,1022600078,2026-06-06,GSV @ LVA,L,35,2,7,0.286,2,5,0.4,4,4,1,4,5,9,1,0,0,1,4,10,3,1,2026,regular-season,203866,Kayla Thornton,21.3,p
22026,1611661331,GSV,Golden State Valkyries,1022600078,2026-06-06,GSV @ LVA,L,16,2,5,0.4,0,2,0,0,0,NA,0,1,1,0,1,0,1,0,4,-2,1,2026,regular-season,1628508,Cecilia Zandalasini,7.2,p
22026,1611661320,LAS,Los Angeles Sparks,1022600082,2026-06-07,LAS vs. PDX,W,15,0,2,0,0,2,0,2,2,1,0,1,1,0,0,0,2,0,2,-9,1,2026,regular-season,1643462,Chance Gray,1.2,p
22026,1611661327,PDX,Portland Fire,1022600082,2026-06-07,PDX @ LAS,L,15,2,4,0.5,0,2,0,0,0,NA,1,3,4,0,0,1,1,2,4,-3,1,2026,regular-season,1630143,Luisa Geiselsoder,10.8,p
22026,1611661327,PDX,Portland Fire,1022600082,2026-06-07,PDX @ LAS,L,28,2,8,0.25,1,5,0.2,1,1,1,0,2,2,7,1,1,3,4,6,-15,1,2026,regular-season,1642782,Sarah Ashlee Barker,21.9,p
22026,1611661332,TOR,Toronto Tempo,1022600081,2026-06-07,TOR vs. CHI,W,17,6,9,0.667,2,2,1,0,1,0,2,4,6,2,1,0,0,4,14,15,1,2026,regular-season,204330,Isabelle Harrison,27.2,p
22026,1611661332,TOR,Toronto Tempo,1022600081,2026-06-07,TOR vs. CHI,W,26,1,2,0.5,0,1,0,2,2,1,1,5,6,3,1,0,1,1,4,16,1,2026,regular-season,1627700,Julie Allemand,17.7,p
22026,1611661332,TOR,Toronto Tempo,1022600081,2026-06-07,TOR vs. CHI,W,30,9,23,0.391,0,3,0,7,9,0.778,2,5,7,3,1,0,0,2,25,17,1,2026,regular-season,1628279,Brittney Sykes,40.9,p
22026,1611661320,LAS,Los Angeles Sparks,1022600082,2026-06-07,LAS vs. PDX,W,30,8,14,0.571,0,1,0,6,10,0.6,6,6,12,0,2,1,0,3,22,12,1,2026,regular-season,204324,Dearica Hamby,45.4,p
22026,1611661320,LAS,Los Angeles Sparks,1022600082,2026-06-07,LAS vs. PDX,W,27,2,7,0.286,2,6,0.333,0,0,NA,0,1,1,4,1,0,0,2,6,32,1,2026,regular-season,204365,Erica Wheeler,16.2,p
22026,1611661320,LAS,Los Angeles Sparks,1022600082,2026-06-07,LAS vs. PDX,W,18,3,9,0.333,0,3,0,0,0,NA,1,1,2,2,1,0,3,2,6,8,1,2026,regular-season,1628878,Ariel Atkins,11.4,p
22026,1611661327,PDX,Portland Fire,1022600082,2026-06-07,PDX @ LAS,L,26,1,4,0.25,1,4,0.25,4,4,1,1,6,7,2,0,0,3,1,7,-10,1,2026,regular-season,1629524,Bridget Carleton,15.4,p
22026,1611661327,PDX,Portland Fire,1022600082,2026-06-07,PDX @ LAS,L,25,4,7,0.571,0,2,0,2,2,1,1,7,8,0,1,0,2,5,10,-12,1,2026,regular-season,1631083,Emily Engstler,20.6,p
22026,1611661327,PDX,Portland Fire,1022600082,2026-06-07,PDX @ LAS,L,14,2,3,0.667,0,0,NA,0,0,NA,1,0,1,0,0,0,0,2,4,-7,1,2026,regular-season,1642296,Nyadiew Puoch,5.2,p
22026,1611661329,CHI,Chicago Sky,1022600081,2026-06-07,CHI @ TOR,L,22,0,4,0,0,0,NA,4,8,0.5,1,2,3,2,1,2,0,3,4,-4,1,2026,regular-season,204322,Elizabeth Williams,19.6,p
22026,1611661329,CHI,Chicago Sky,1022600081,2026-06-07,CHI @ TOR,L,24,8,15,0.533,0,4,0,2,2,1,2,8,10,0,0,0,0,3,18,-11,1,2026,regular-season,1628922,Azura Stevens,30,p
22026,1611661329,CHI,Chicago Sky,1022600081,2026-06-07,CHI @ TOR,L,21,4,7,0.571,2,2,1,0,0,NA,1,2,3,2,1,0,5,5,10,-7,1,2026,regular-season,1642292,Jacy Sheldon,14.6,p
22026,1611661329,CHI,Chicago Sky,1022600081,2026-06-07,CHI @ TOR,L,8,0,2,0,0,2,0,0,0,NA,0,0,0,0,0,1,1,1,0,-8,1,2026,regular-season,1642321,Sydney Taylor,2,p
22026,1611661332,TOR,Toronto Tempo,1022600081,2026-06-07,TOR vs. CHI,W,9,0,2,0,0,2,0,2,2,1,0,1,1,0,0,0,1,3,2,-1,1,2026,regular-season,1628915,Kia Nurse,2.2,p
22026,1611661332,TOR,Toronto Tempo,1022600081,2026-06-07,TOR vs. CHI,W,25,7,14,0.5,0,1,0,1,2,0.5,3,3,6,1,1,1,1,3,15,16,1,2026,regular-season,1631055,Nyara Sabally,28.7,p
22026,1611661332,TOR,Toronto Tempo,1022600081,2026-06-07,TOR vs. CHI,W,12,0,0,NA,0,0,NA,1,2,0.5,1,3,4,0,1,2,1,5,1,-4,1,2026,regular-season,1643457,Teonni Key,13.8,p
22026,1611661332,TOR,Toronto Tempo,1022600081,2026-06-07,TOR vs. CHI,W,3,0,0,NA,0,0,NA,0,0,NA,0,0,0,1,0,0,1,0,0,0,1,2026,regular-season,1643647,Tima Pouye,0.5,p
22026,1611661320,LAS,Los Angeles Sparks,1022600082,2026-06-07,LAS vs. PDX,W,32,8,14,0.571,2,6,0.333,2,2,1,6,11,17,2,2,0,2,2,20,24,1,2026,regular-season,203014,Nneka Ogwumike,47.4,p
22026,1611661320,LAS,Los Angeles Sparks,1022600082,2026-06-07,LAS vs. PDX,W,10,0,3,0,0,0,NA,2,2,1,0,0,0,0,1,1,2,4,2,1,1,2026,regular-season,1642287,Cameron Brink,6,p
22026,1611661327,PDX,Portland Fire,1022600082,2026-06-07,PDX @ LAS,L,17,1,7,0.143,0,4,0,0,0,NA,0,2,2,5,1,0,2,1,2,4,1,2026,regular-season,1643506,Teja Oblak,12.9,p
22026,1611661329,CHI,Chicago Sky,1022600081,2026-06-07,CHI @ TOR,L,27,2,7,0.286,1,3,0.333,1,2,0.5,0,4,4,3,0,1,3,1,6,-6,1,2026,regular-season,204333,Natasha Cloud,15.3,p
22026,1611661329,CHI,Chicago Sky,1022600081,2026-06-07,CHI @ TOR,L,22,1,5,0.2,1,5,0.2,0,0,NA,0,2,2,1,0,0,2,2,3,-11,1,2026,regular-season,1627671,Rachel Banham,4.9,p
22026,1611661329,CHI,Chicago Sky,1022600081,2026-06-07,CHI @ TOR,L,8,0,3,0,0,3,0,0,0,NA,0,3,3,1,0,0,0,1,0,-2,1,2026,regular-season,1643458,Saylor Poffenbarger,5.1,p
22026,1611661332,TOR,Toronto Tempo,1022600081,2026-06-07,TOR vs. CHI,W,24,2,8,0.25,1,5,0.2,0,0,NA,1,5,6,2,0,0,1,1,5,4,1,2026,regular-season,1629576,Maria Conde,14.2,p
22026,1611661320,LAS,Los Angeles Sparks,1022600082,2026-06-07,LAS vs. PDX,W,8,2,5,0.4,1,3,0.333,0,1,0,0,0,0,1,0,2,0,4,5,-3,1,2026,regular-season,1642324,Kate Martin,12.5,p
22026,1611661327,PDX,Portland Fire,1022600082,2026-06-07,PDX @ LAS,L,11,1,3,0.333,0,2,0,4,4,1,1,0,1,0,1,1,0,0,6,-2,1,2026,regular-season,1628317,Karlie Samuelson,13.2,p
22026,1611661327,PDX,Portland Fire,1022600082,2026-06-07,PDX @ LAS,L,15,3,10,0.3,1,5,0.2,0,0,NA,2,0,2,1,1,0,0,2,7,-5,1,2026,regular-season,1643494,Frieda Buhner,13.9,p
22026,1611661332,TOR,Toronto Tempo,1022600081,2026-06-07,TOR vs. CHI,W,22,2,10,0.2,0,3,0,6,7,0.857,1,3,4,1,0,0,0,3,10,7,1,2026,regular-season,1643420,Laura Juskaite,16.3,p
22026,1611661320,LAS,Los Angeles Sparks,1022600082,2026-06-07,LAS vs. PDX,W,35,5,10,0.5,1,3,0.333,5,5,1,1,5,6,7,3,0,1,4,16,16,1,2026,regular-season,1628276,Kelsey Plum,41.7,p
22026,1611661320,LAS,Los Angeles Sparks,1022600082,2026-06-07,LAS vs. PDX,W,26,4,11,0.364,2,6,0.333,0,0,NA,1,2,3,1,1,0,2,1,10,4,1,2026,regular-season,1630996,Rae Burrell,16.1,p
22026,1611661327,PDX,Portland Fire,1022600082,2026-06-07,PDX @ LAS,L,25,6,13,0.462,0,2,0,4,5,0.8,7,4,11,0,0,1,0,2,16,-14,1,2026,regular-season,1629484,Megan DiLeo,32.2,p
22026,1611661329,CHI,Chicago Sky,1022600081,2026-06-07,CHI @ TOR,L,27,2,8,0.25,0,2,0,3,4,0.75,1,0,1,3,0,0,1,1,7,-14,1,2026,regular-season,203400,Skylar Diggins,11.7,p
22026,1611661329,CHI,Chicago Sky,1022600081,2026-06-07,CHI @ TOR,L,19,4,8,0.5,2,4,0.5,1,2,0.5,0,3,3,1,2,0,2,2,11,-7,1,2026,regular-season,1643447,Gabriela Jaquez,20.1,p
22026,1611661332,TOR,Toronto Tempo,1022600081,2026-06-07,TOR vs. CHI,W,30,3,9,0.333,1,5,0.2,2,2,1,0,4,4,6,2,1,3,0,9,15,1,2026,regular-season,1629497,Marina Mabrey,28.8,p
22026,1611661327,PDX,Portland Fire,1022600082,2026-06-07,PDX @ LAS,L,25,4,13,0.308,0,2,0,2,6,0.333,0,4,4,4,0,1,4,2,10,-21,1,2026,regular-season,1642304,Carla Leite,19.8,p
22026,1611661329,CHI,Chicago Sky,1022600081,2026-06-07,CHI @ TOR,L,23,2,6,0.333,0,0,NA,5,8,0.625,2,6,8,2,0,1,2,5,9,-15,1,2026,regular-season,1642289,Kamilla Cardoso,22.6,p
22026,1611661313,NYL,New York Liberty,1022600083,2026-06-08,NYL @ CON,W,18,3,6,0.5,1,3,0.333,4,6,0.667,0,5,5,0,0,0,3,4,11,0,1,2026,regular-season,204335,Betnijah Laney-Hamilton,14,p
22026,1611661313,NYL,New York Liberty,1022600083,2026-06-08,NYL @ CON,W,22,4,8,0.5,1,2,0.5,5,6,0.833,2,4,6,2,0,2,1,4,14,13,1,2026,regular-season,1629566,Han Xu,29.2,p
22026,1611661313,NYL,New York Liberty,1022600083,2026-06-08,NYL @ CON,W,13,2,3,0.667,0,1,0,3,4,0.75,2,3,5,1,0,1,2,4,7,1,1,2026,regular-season,1630384,Raquel Carrera,15.5,p
22026,1611661319,LVA,Las Vegas Aces,1022600085,2026-06-08,LVA vs. SEA,W,17,1,4,0.25,1,3,0.333,0,0,NA,2,1,3,3,1,0,2,2,3,18,1,2026,regular-season,203855,Stephanie Talbot,12.1,p
22026,1611661319,LVA,Las Vegas Aces,1022600085,2026-06-08,LVA vs. SEA,W,8,1,2,0.5,0,1,0,0,0,NA,2,2,4,0,0,0,1,0,2,-3,1,2026,regular-season,1631006,Kierstan Bell,5.8,p
22026,1611661322,WAS,Washington Mystics,1022600084,2026-06-08,WAS vs. IND,L,9,0,1,0,0,0,NA,0,0,NA,0,1,1,1,0,1,1,4,0,-4,1,2026,regular-season,1643644,Alicia Florez,4.7,p
22026,1611661323,CON,Connecticut Sun,1022600083,2026-06-08,CON vs. NYL,L,26,6,6,1,0,0,NA,3,4,0.75,2,6,8,1,0,1,0,5,15,-3,1,2026,regular-season,1631135,Olivia Nelson-Ododa,29.1,p
22026,1611661323,CON,Connecticut Sun,1022600083,2026-06-08,CON vs. NYL,L,23,4,8,0.5,2,4,0.5,0,0,NA,0,2,2,2,0,0,0,3,10,-12,1,2026,regular-season,1641649,Diamond Miller,15.4,p
22026,1611661323,CON,Connecticut Sun,1022600083,2026-06-08,CON vs. NYL,L,29,6,15,0.4,0,2,0,0,4,0,2,3,5,3,0,2,2,3,12,-12,1,2026,regular-season,1642809,Saniya Rivers,26.5,p
22026,1611661323,CON,Connecticut Sun,1022600083,2026-06-08,CON vs. NYL,L,12,2,3,0.667,0,0,NA,3,7,0.429,1,1,2,2,0,0,2,3,7,4,1,2026,regular-season,1643448,Nell Angloma,10.4,p
22026,1611661325,IND,Indiana Fever,1022600084,2026-06-08,IND @ WAS,W,12,1,3,0.333,1,2,0.5,0,0,NA,1,0,1,0,1,0,1,2,3,-6,1,2026,regular-season,203024,Damiris Dantas,6.2,p
22026,1611661325,IND,Indiana Fever,1022600084,2026-06-08,IND @ WAS,W,19,2,9,0.222,0,2,0,0,0,NA,0,2,2,0,2,0,0,5,4,12,1,2026,regular-season,1628881,Monique Billings,12.4,p
22026,1611661325,IND,Indiana Fever,1022600084,2026-06-08,IND @ WAS,W,23,3,8,0.375,2,4,0.5,0,0,NA,0,2,2,3,0,0,0,1,8,-6,1,2026,regular-season,1629482,Sophie Cunningham,14.9,p
22026,1611661325,IND,Indiana Fever,1022600084,2026-06-08,IND @ WAS,W,24,4,7,0.571,0,0,NA,6,7,0.857,2,8,10,3,2,2,5,5,14,0,1,2026,regular-season,1641648,Aliyah Boston,37.5,p
22026,1611661328,SEA,Seattle Storm,1022600085,2026-06-08,SEA @ LVA,L,28,6,12,0.5,4,6,0.667,1,2,0.5,0,5,5,5,3,0,1,1,17,-4,1,2026,regular-season,1629567,Natisha Hiedeman,38.5,p
22026,1611661313,NYL,New York Liberty,1022600083,2026-06-08,NYL @ CON,W,34,9,17,0.529,1,4,0.25,9,9,1,2,7,9,3,3,0,2,2,28,10,1,2026,regular-season,1627668,Breanna Stewart,50.3,p
22026,1611661319,LVA,Las Vegas Aces,1022600085,2026-06-08,LVA vs. SEA,W,26,6,6,1,0,0,NA,4,5,0.8,0,9,9,0,0,0,1,0,16,16,1,2026,regular-season,1631019,NaLyssa Smith,25.8,p
22026,1611661322,WAS,Washington Mystics,1022600084,2026-06-08,WAS vs. IND,L,18,3,5,0.6,0,1,0,1,2,0.5,0,5,5,1,2,1,2,5,7,-3,1,2026,regular-season,1643455,Angela Dugalic,21.5,p
22026,1611661323,CON,Connecticut Sun,1022600083,2026-06-08,CON vs. NYL,L,15,0,3,0,0,1,0,1,1,1,0,1,1,0,1,0,1,1,1,0,1,2026,regular-season,1629568,Kennedy Burke,4.2,p
22026,1611661328,SEA,Seattle Storm,1022600085,2026-06-08,SEA @ LVA,L,12,1,1,1,1,1,1,0,0,NA,0,2,2,0,0,0,0,1,3,1,1,2026,regular-season,1642307,Mackenzie Holmes,5.4,p
22026,1611661328,SEA,Seattle Storm,1022600085,2026-06-08,SEA @ LVA,L,29,7,11,0.636,1,3,0.333,1,1,1,1,2,3,1,0,0,3,3,16,-13,1,2026,regular-season,1643443,Awa Fam,18.1,p
22026,1611661313,NYL,New York Liberty,1022600083,2026-06-08,NYL @ CON,W,24,2,7,0.286,1,5,0.2,2,2,1,0,4,4,3,1,0,2,3,7,12,1,2026,regular-season,1629546,Marine Johannes,17.3,p
22026,1611661313,NYL,New York Liberty,1022600083,2026-06-08,NYL @ CON,W,19,4,6,0.667,1,3,0.333,0,0,NA,0,2,2,2,0,0,2,3,9,0,1,2026,regular-season,1630149,Satou Sabally,12.4,p
22026,1611661313,NYL,New York Liberty,1022600083,2026-06-08,NYL @ CON,W,6,0,0,NA,0,0,NA,0,0,NA,0,0,0,1,0,0,1,1,0,-3,1,2026,regular-season,1630469,Marine Fauthoux,0.5,p
22026,1611661319,LVA,Las Vegas Aces,1022600085,2026-06-08,LVA vs. SEA,W,35,5,10,0.5,1,4,0.25,1,1,1,1,4,5,8,0,0,1,3,12,7,1,2026,regular-season,203833,Chelsea Gray,29,p
22026,1611661319,LVA,Las Vegas Aces,1022600085,2026-06-08,LVA vs. SEA,W,28,2,7,0.286,1,5,0.2,0,0,NA,1,1,2,0,1,0,1,3,5,-7,1,2026,regular-season,204319,Jewell Loyd,9.4,p
22026,1611661319,LVA,Las Vegas Aces,1022600085,2026-06-08,LVA vs. SEA,W,36,10,19,0.526,3,5,0.6,11,13,0.846,4,8,12,9,1,3,2,1,34,12,1,2026,regular-season,1628932,A'ja Wilson,71.9,p
22026,1611661322,WAS,Washington Mystics,1022600084,2026-06-08,WAS vs. IND,L,8,1,2,0.5,0,0,NA,0,0,NA,0,2,2,1,0,0,0,1,2,-9,1,2026,regular-season,1642792,Kiki Iriafen,5.9,p
22026,1611661328,SEA,Seattle Storm,1022600085,2026-06-08,SEA @ LVA,L,23,1,7,0.143,0,3,0,4,4,1,0,0,0,5,1,0,1,1,6,0,1,2026,regular-season,1631141,Jade Melbourne,15.5,p
22026,1611661328,SEA,Seattle Storm,1022600085,2026-06-08,SEA @ LVA,L,13,2,6,0.333,2,3,0.667,1,2,0.5,0,0,0,1,0,0,0,4,7,-10,1,2026,regular-season,1641660,Zia Cooke,8.5,p
22026,1611661328,SEA,Seattle Storm,1022600085,2026-06-08,SEA @ LVA,L,17,7,12,0.583,1,2,0.5,4,4,1,3,2,5,0,1,0,2,5,19,8,1,2026,regular-season,1642798,Dominique Malonga,26,p
22026,1611661313,NYL,New York Liberty,1022600083,2026-06-08,NYL @ CON,W,8,1,1,1,0,0,NA,0,0,NA,0,1,1,0,0,0,1,1,2,-4,1,2026,regular-season,203822,Rebekah Gardner,2.2,p
22026,1611661313,NYL,New York Liberty,1022600083,2026-06-08,NYL @ CON,W,26,2,8,0.25,0,1,0,2,2,1,1,2,3,4,0,1,4,1,6,9,1,2026,regular-season,1631136,Pauline Astier,14.6,p
22026,1611661319,LVA,Las Vegas Aces,1022600085,2026-06-08,LVA vs. SEA,W,10,0,1,0,0,1,0,0,0,NA,1,0,1,1,0,1,0,1,0,-8,1,2026,regular-season,204323,Cheyenne Parker-Tyus,5.7,p
22026,1611661319,LVA,Las Vegas Aces,1022600085,2026-06-08,LVA vs. SEA,W,34,10,19,0.526,4,9,0.444,5,5,1,0,3,3,6,0,1,4,2,29,15,1,2026,regular-season,1629498,Jackie Young,40.6,p
22026,1611661322,WAS,Washington Mystics,1022600084,2026-06-08,WAS vs. IND,L,34,4,11,0.364,0,1,0,2,4,0.5,2,7,9,4,0,1,5,1,10,-2,1,2026,regular-season,1631022,Shakira Austin,24.8,p
22026,1611661322,WAS,Washington Mystics,1022600084,2026-06-08,WAS vs. IND,L,22,2,10,0.2,0,3,0,3,4,0.75,0,7,7,3,0,0,1,2,7,7,1,2026,regular-season,1643430,Cotie McMahon,18.9,p
22026,1611661322,WAS,Washington Mystics,1022600084,2026-06-08,WAS vs. IND,L,6,0,2,0,0,1,0,1,4,0.25,1,0,1,0,0,0,0,1,1,-3,1,2026,regular-season,1643467,Cassandre Prosper,2.2,p
22026,1611661323,CON,Connecticut Sun,1022600083,2026-06-08,CON vs. NYL,L,26,3,9,0.333,1,4,0.25,0,1,0,0,0,0,7,2,0,1,2,7,-16,1,2026,regular-season,1642303,Leila Lacan,22.5,p
22026,1611661323,CON,Connecticut Sun,1022600083,2026-06-08,CON vs. NYL,L,14,2,3,0.667,0,0,NA,0,0,NA,0,2,2,2,2,0,2,3,4,7,1,2026,regular-season,1643449,Charlisse Leger-Walker,13.4,p
22026,1611661325,IND,Indiana Fever,1022600084,2026-06-08,IND @ WAS,W,31,6,14,0.429,1,6,0.167,2,2,1,0,2,2,3,1,1,1,5,15,5,1,2026,regular-season,1628909,Kelsey Mitchell,26.9,p
22026,1611661325,IND,Indiana Fever,1022600084,2026-06-08,IND @ WAS,W,11,1,4,0.25,0,3,0,0,0,NA,0,1,1,3,0,1,1,0,2,1,1,2026,regular-season,1630112,Tyasha Harris,9.7,p
22026,1611661325,IND,Indiana Fever,1022600084,2026-06-08,IND @ WAS,W,31,7,16,0.438,4,10,0.4,1,3,0.333,0,3,3,5,1,0,5,3,19,-1,1,2026,regular-season,1642286,Caitlin Clark,28.1,p
22026,1611661325,IND,Indiana Fever,1022600084,2026-06-08,IND @ WAS,W,7,0,0,NA,0,0,NA,0,0,NA,0,0,0,0,0,0,0,0,0,-1,1,2026,regular-season,1643433,Raven Johnson,0,p
22026,1611661319,LVA,Las Vegas Aces,1022600085,2026-06-08,LVA vs. SEA,W,6,0,2,0,0,0,NA,0,0,NA,0,0,0,0,1,0,0,1,0,0,1,2026,regular-season,1629488,Brianna Turner,3,p
22026,1611661322,WAS,Washington Mystics,1022600084,2026-06-08,WAS vs. IND,L,38,3,9,0.333,2,4,0.5,4,4,1,0,0,0,5,1,2,2,1,12,-5,1,2026,regular-season,1642785,Sonia Citron,26.5,p
22026,1611661323,CON,Connecticut Sun,1022600083,2026-06-08,CON vs. NYL,L,13,1,5,0.2,0,2,0,3,3,1,0,1,1,4,0,0,0,1,5,7,1,2026,regular-season,1643429,Gianna Kneepkens,12.2,p
22026,1611661323,CON,Connecticut Sun,1022600083,2026-06-08,CON vs. NYL,L,14,2,3,0.667,0,0,NA,0,0,NA,0,2,2,0,0,0,1,5,4,-6,1,2026,regular-season,1643441,Raegan Beers,5.4,p
22026,1611661325,IND,Indiana Fever,1022600084,2026-06-08,IND @ WAS,W,18,2,2,1,0,0,NA,1,2,0.5,0,4,4,1,1,0,3,1,5,-1,1,2026,regular-season,1628899,Myisha Hines-Allen,11.3,p
22026,1611661325,IND,Indiana Fever,1022600084,2026-06-08,IND @ WAS,W,22,3,3,1,2,2,1,0,0,NA,0,3,3,0,0,0,1,4,8,4,1,2026,regular-season,1631086,Lexie Hull,10.6,p
22026,1611661328,SEA,Seattle Storm,1022600085,2026-06-08,SEA @ LVA,L,16,1,3,0.333,1,2,0.5,0,0,NA,0,0,0,2,0,1,1,4,3,-15,1,2026,regular-season,203828,Stefanie Dolson,8,p
22026,1611661328,SEA,Seattle Storm,1022600085,2026-06-08,SEA @ LVA,L,18,0,7,0,0,2,0,0,0,NA,2,5,7,1,3,0,1,1,0,3,1,2026,regular-season,1641651,Jordan Horston,17.9,p
22026,1611661328,SEA,Seattle Storm,1022600085,2026-06-08,SEA @ LVA,L,24,5,9,0.556,1,1,1,2,2,1,0,2,2,7,0,0,0,3,13,-1,1,2026,regular-season,1643428,Flau'jae Johnson,25.9,p
22026,1611661313,NYL,New York Liberty,1022600083,2026-06-08,NYL @ CON,W,28,2,5,0.4,1,3,0.333,0,0,NA,2,5,7,1,0,0,1,1,5,7,1,2026,regular-season,1630142,Leonie Fiebich,13.9,p
22026,1611661322,WAS,Washington Mystics,1022600084,2026-06-08,WAS vs. IND,L,24,4,7,0.571,3,4,0.75,6,6,1,1,1,2,1,1,0,2,5,17,6,1,2026,regular-season,1630446,Michaela Onyenwere,21.9,p
22026,1611661322,WAS,Washington Mystics,1022600084,2026-06-08,WAS vs. IND,L,29,4,6,0.667,4,4,1,0,0,NA,0,1,1,4,1,1,2,1,12,2,1,2026,regular-season,1642781,Georgia Amoore,23.2,p
22026,1611661322,WAS,Washington Mystics,1022600084,2026-06-08,WAS vs. IND,L,12,4,5,0.8,0,0,NA,0,0,NA,1,2,3,1,0,0,0,2,8,1,1,2026,regular-season,1643427,Lauren Betts,13.1,p
22026,1611661323,CON,Connecticut Sun,1022600083,2026-06-08,CON vs. NYL,L,28,6,15,0.4,0,0,NA,3,3,1,2,3,5,0,3,0,1,2,15,-14,1,2026,regular-season,1642290,Aaliyah Edwards,29,p
22026,1611661325,IND,Indiana Fever,1022600084,2026-06-08,IND @ WAS,W,2,0,0,NA,0,0,NA,0,0,NA,0,0,0,1,0,0,0,0,0,3,1,2026,regular-season,1642815,Makayla Timpson,1.5,p
22026,1611661328,SEA,Seattle Storm,1022600085,2026-06-08,SEA @ LVA,L,20,3,6,0.5,1,4,0.25,0,0,NA,0,3,3,0,2,0,0,0,7,-19,1,2026,regular-season,1629478,Katie Lou Samuelson,16.6,p
22026,1611661317,PHX,Phoenix Mercury,1022600088,2026-06-09,PHX @ GSV,L,3,0,1,0,0,1,0,2,2,1,0,0,0,0,1,0,0,1,2,-3,1,2026,regular-season,1643487,Quionche Carter,5,p
22026,1611661317,PHX,Phoenix Mercury,1022600088,2026-06-09,PHX @ GSV,L,29,4,6,0.667,2,4,0.5,0,0,NA,1,1,2,6,2,0,2,2,10,-3,1,2026,regular-season,1643493,Noemie Brochant,25.4,p
22026,1611661321,DAL,Dallas Wings,1022600087,2026-06-09,DAL @ MIN,L,14,0,5,0,0,4,0,0,0,NA,0,1,1,0,1,0,1,1,0,-3,1,2026,regular-season,202252,Alysha Clark,3.2,p
22026,1611661321,DAL,Dallas Wings,1022600087,2026-06-09,DAL @ MIN,L,16,4,13,0.308,1,2,0.5,0,0,NA,1,4,5,0,0,0,0,1,9,-12,1,2026,regular-season,1642793,Aziaha James,15,p
22026,1611661324,MIN,Minnesota Lynx,1022600087,2026-06-09,MIN vs. DAL,W,6,0,0,NA,0,0,NA,0,0,NA,0,1,1,0,0,0,0,1,0,4,1,2026,regular-season,1629479,Teaira McCowan,1.2,p
22026,1611661329,CHI,Chicago Sky,1022600086,2026-06-09,CHI vs. ATL,L,23,2,7,0.286,0,1,0,4,6,0.667,1,6,7,0,1,0,1,2,8,-9,1,2026,regular-season,1628922,Azura Stevens,18.4,p
22026,1611661329,CHI,Chicago Sky,1022600086,2026-06-09,CHI vs. ATL,L,35,6,7,0.857,0,0,NA,1,1,1,0,2,2,5,1,4,1,3,13,-11,1,2026,regular-season,1642289,Kamilla Cardoso,36.9,p
22026,1611661330,ATL,Atlanta Dream,1022600086,2026-06-09,ATL @ CHI,W,38,6,12,0.5,3,8,0.375,1,1,1,2,4,6,1,1,0,0,3,16,9,1,2026,regular-season,1631044,Naz Hillmon,27.7,p
22026,1611661330,ATL,Atlanta Dream,1022600086,2026-06-09,ATL @ CHI,W,35,5,12,0.417,1,2,0.5,6,6,1,5,12,17,4,2,0,6,4,17,18,1,2026,regular-season,1642291,Angel Reese,43.4,p
22026,1611661330,ATL,Atlanta Dream,1022600086,2026-06-09,ATL @ CHI,W,10,1,3,0.333,0,1,0,2,2,1,1,0,1,0,0,0,1,0,4,-3,1,2026,regular-season,1642302,Isobel Borlase,4.2,p
22026,1611661330,ATL,Atlanta Dream,1022600086,2026-06-09,ATL @ CHI,W,7,0,2,0,0,2,0,0,0,NA,0,2,2,1,0,0,1,1,0,-1,1,2026,regular-season,1642804,Te-Hina Paopao,2.9,p
22026,1611661317,PHX,Phoenix Mercury,1022600088,2026-06-09,PHX @ GSV,L,32,7,11,0.636,3,5,0.6,2,2,1,0,3,3,3,1,0,0,4,19,-7,1,2026,regular-season,1642777,Monique Akoa Makani,30.1,p
22026,1611661321,DAL,Dallas Wings,1022600087,2026-06-09,DAL @ MIN,L,29,6,10,0.6,0,1,0,0,0,NA,3,6,9,4,0,0,1,4,12,-26,1,2026,regular-season,1629491,Jessica Shepard,27.8,p
22026,1611661324,MIN,Minnesota Lynx,1022600087,2026-06-09,MIN vs. DAL,W,30,7,10,0.7,4,6,0.667,4,4,1,1,4,5,4,0,0,0,1,22,13,1,2026,regular-season,203825,Kayla McBride,34,p
22026,1611661324,MIN,Minnesota Lynx,1022600087,2026-06-09,MIN vs. DAL,W,31,8,14,0.571,0,0,NA,0,0,NA,0,8,8,2,3,0,2,1,16,21,1,2026,regular-season,1627675,Courtney Williams,35.6,p
22026,1611661329,CHI,Chicago Sky,1022600086,2026-06-09,CHI vs. ATL,L,14,1,2,0.5,1,1,1,0,0,NA,0,0,0,0,0,0,1,1,3,2,1,2026,regular-season,1627671,Rachel Banham,2,p
22026,1611661330,ATL,Atlanta Dream,1022600086,2026-06-09,ATL @ CHI,W,33,6,12,0.5,0,2,0,2,3,0.667,0,1,1,6,0,0,4,2,14,8,1,2026,regular-season,1628886,Jordin Canada,20.2,p
22026,1611661330,ATL,Atlanta Dream,1022600086,2026-06-09,ATL @ CHI,W,1,0,0,NA,0,0,NA,0,0,NA,0,0,0,0,0,0,0,0,0,-2,1,2026,regular-season,1631021,Sika Kone,0,p
22026,1611661331,GSV,Golden State Valkyries,1022600088,2026-06-09,GSV vs. PHX,W,20,1,2,0.5,1,1,1,0,0,NA,1,3,4,3,0,1,1,1,3,-4,1,2026,regular-season,204329,Kiah Stokes,14.3,p
22026,1611661331,GSV,Golden State Valkyries,1022600088,2026-06-09,GSV vs. PHX,W,17,0,2,0,0,2,0,0,0,NA,0,0,0,1,3,0,2,2,0,-6,1,2026,regular-season,1628508,Cecilia Zandalasini,8.5,p
22026,1611661317,PHX,Phoenix Mercury,1022600088,2026-06-09,PHX @ GSV,L,32,9,14,0.643,0,0,NA,4,7,0.571,4,4,8,9,1,0,4,1,22,2,1,2026,regular-season,203826,Alyssa Thomas,44.1,p
22026,1611661317,PHX,Phoenix Mercury,1022600088,2026-06-09,PHX @ GSV,L,26,3,11,0.273,1,4,0.25,2,2,1,1,3,4,1,1,0,1,1,9,3,1,2026,regular-season,1627674,Kahleah Copper,17.3,p
22026,1611661317,PHX,Phoenix Mercury,1022600088,2026-06-09,PHX @ GSV,L,25,3,5,0.6,1,1,1,2,5,0.4,2,8,10,1,0,1,2,2,9,-16,1,2026,regular-season,1630442,Natasha Mack,23.5,p
22026,1611661317,PHX,Phoenix Mercury,1022600088,2026-06-09,PHX @ GSV,L,9,1,3,0.333,0,2,0,0,0,NA,0,0,0,1,0,0,1,4,2,-4,1,2026,regular-season,1643505,Jovana Nogic,2.5,p
22026,1611661321,DAL,Dallas Wings,1022600087,2026-06-09,DAL @ MIN,L,6,0,1,0,0,1,0,2,2,1,0,2,2,0,0,0,1,3,2,-2,1,2026,regular-season,1629574,Li Yueru,3.4,p
22026,1611661321,DAL,Dallas Wings,1022600087,2026-06-09,DAL @ MIN,L,22,2,6,0.333,0,1,0,0,0,NA,2,5,7,2,1,1,1,0,4,-13,1,2026,regular-season,1641652,Maddy Siegrist,20.4,p
22026,1611661321,DAL,Dallas Wings,1022600087,2026-06-09,DAL @ MIN,L,30,9,16,0.563,3,7,0.429,2,2,1,0,1,1,2,0,1,5,2,23,-16,1,2026,regular-season,1642784,Paige Bueckers,25.2,p
22026,1611661324,MIN,Minnesota Lynx,1022600087,2026-06-09,MIN vs. DAL,W,15,1,5,0.2,0,1,0,1,2,0.5,0,2,2,0,0,0,0,2,3,8,1,2026,regular-season,1630471,Maya Caldwell,5.4,p
22026,1611661324,MIN,Minnesota Lynx,1022600087,2026-06-09,MIN vs. DAL,W,14,1,2,0.5,0,0,NA,0,0,NA,0,1,1,2,1,0,0,0,2,12,1,2026,regular-season,1643489,Antonia Delaere,9.2,p
22026,1611661329,CHI,Chicago Sky,1022600086,2026-06-09,CHI vs. ATL,L,19,1,3,0.333,0,0,NA,1,2,0.5,1,3,4,0,0,0,5,5,3,-2,1,2026,regular-season,1643447,Gabriela Jaquez,2.8,p
22026,1611661330,ATL,Atlanta Dream,1022600086,2026-06-09,ATL @ CHI,W,36,7,17,0.412,1,10,0.1,2,2,1,2,1,3,5,3,0,1,3,17,8,1,2026,regular-season,1631009,Rhyne Howard,36.1,p
22026,1611661331,GSV,Golden State Valkyries,1022600088,2026-06-09,GSV vs. PHX,W,13,2,3,0.667,0,1,0,3,3,1,0,1,1,3,0,0,1,0,7,11,1,2026,regular-season,203026,Tiffany Hayes,11.7,p
22026,1611661331,GSV,Golden State Valkyries,1022600088,2026-06-09,GSV vs. PHX,W,25,3,7,0.429,2,5,0.4,3,3,1,1,4,5,0,1,0,1,2,11,1,1,2026,regular-season,1642767,Janelle Salaun,19,p
22026,1611661317,PHX,Phoenix Mercury,1022600088,2026-06-09,PHX @ GSV,L,28,1,7,0.143,1,5,0.2,0,0,NA,0,4,4,0,0,1,0,1,3,-2,1,2026,regular-season,201886,DeWanna Bonner,10.8,p
22026,1611661321,DAL,Dallas Wings,1022600087,2026-06-09,DAL @ MIN,L,30,2,12,0.167,2,6,0.333,0,0,NA,0,0,0,0,2,0,2,3,6,-15,1,2026,regular-season,1643425,Azzi Fudd,10,p
22026,1611661324,MIN,Minnesota Lynx,1022600087,2026-06-09,MIN vs. DAL,W,25,3,10,0.3,0,3,0,0,0,NA,1,7,8,1,0,0,0,1,6,10,1,2026,regular-season,1628269,Nia Coffey,17.1,p
22026,1611661324,MIN,Minnesota Lynx,1022600087,2026-06-09,MIN vs. DAL,W,20,3,10,0.3,0,0,NA,0,0,NA,4,1,5,2,1,1,2,0,6,13,1,2026,regular-season,1642797,Anastasiia Olairi Kosu,19,p
22026,1611661329,CHI,Chicago Sky,1022600086,2026-06-09,CHI vs. ATL,L,30,4,7,0.571,1,3,0.333,9,10,0.9,0,6,6,4,2,2,0,3,18,-3,1,2026,regular-season,204333,Natasha Cloud,43.2,p
22026,1611661329,CHI,Chicago Sky,1022600086,2026-06-09,CHI vs. ATL,L,3,0,0,NA,0,0,NA,0,0,NA,0,0,0,0,0,0,1,1,0,2,1,2026,regular-season,1642321,Sydney Taylor,-1,p
22026,1611661331,GSV,Golden State Valkyries,1022600088,2026-06-09,GSV vs. PHX,W,30,9,19,0.474,3,6,0.5,4,6,0.667,1,3,4,1,1,0,1,4,25,0,1,2026,regular-season,1628931,Gabby Williams,33.3,p
22026,1611661331,GSV,Golden State Valkyries,1022600088,2026-06-09,GSV vs. PHX,W,3,0,0,NA,0,0,NA,0,0,NA,0,0,0,0,0,0,1,1,0,-1,1,2026,regular-season,1642822,Kaitlyn Chen,-1,p
22026,1611661321,DAL,Dallas Wings,1022600087,2026-06-09,DAL @ MIN,L,28,4,8,0.5,2,4,0.5,6,6,1,1,2,3,6,3,0,0,3,16,-21,1,2026,regular-season,1629481,Arike Ogunbowale,37.6,p
22026,1611661321,DAL,Dallas Wings,1022600087,2026-06-09,DAL @ MIN,L,9,0,2,0,0,1,0,0,0,NA,1,1,2,1,2,0,1,1,0,-4,1,2026,regular-season,1629501,Alanna Smith,8.9,p
22026,1611661321,DAL,Dallas Wings,1022600087,2026-06-09,DAL @ MIN,L,10,0,2,0,0,1,0,0,0,NA,0,1,1,2,0,1,0,0,0,-4,1,2026,regular-season,1642808,JJ Quinerly,7.2,p
22026,1611661321,DAL,Dallas Wings,1022600087,2026-06-09,DAL @ MIN,L,6,2,2,1,0,0,NA,0,0,NA,0,0,0,2,0,0,0,0,4,-4,1,2026,regular-season,1643424,Costanza Verona,7,p
22026,1611661324,MIN,Minnesota Lynx,1022600087,2026-06-09,MIN vs. DAL,W,31,7,10,0.7,2,3,0.667,8,8,1,0,7,7,6,1,1,4,1,24,18,1,2026,regular-season,1643426,Olivia Miles,43.4,p
22026,1611661329,CHI,Chicago Sky,1022600086,2026-06-09,CHI vs. ATL,L,32,5,15,0.333,4,6,0.667,3,4,0.75,1,2,3,3,1,0,3,1,17,-15,1,2026,regular-season,203400,Skylar Diggins,25.1,p
22026,1611661329,CHI,Chicago Sky,1022600086,2026-06-09,CHI vs. ATL,L,20,3,8,0.375,0,0,NA,1,2,0.5,1,2,3,2,0,0,2,3,7,3,1,2026,regular-season,204322,Elizabeth Williams,11.6,p
22026,1611661330,ATL,Atlanta Dream,1022600086,2026-06-09,ATL @ CHI,W,35,6,11,0.545,0,1,0,2,2,1,0,4,4,1,3,0,1,2,14,8,1,2026,regular-season,1628277,Allisha Gray,28.3,p
22026,1611661330,ATL,Atlanta Dream,1022600086,2026-06-09,ATL @ CHI,W,1,0,0,NA,0,0,NA,0,0,NA,0,0,0,0,0,0,0,0,0,-1,1,2026,regular-season,1642801,Aaliyah Nye,0,p
22026,1611661330,ATL,Atlanta Dream,1022600086,2026-06-09,ATL @ CHI,W,0,0,0,NA,0,0,NA,0,0,NA,0,0,0,0,0,0,0,0,0,0,1,2026,regular-season,1643469,Indya Nivar,0,p
22026,1611661331,GSV,Golden State Valkyries,1022600088,2026-06-09,GSV vs. PHX,W,20,2,6,0.333,0,2,0,0,0,NA,2,4,6,0,2,1,0,4,4,7,1,2026,regular-season,1630097,Kaila Charles,20.2,p
22026,1611661331,GSV,Golden State Valkyries,1022600088,2026-06-09,GSV vs. PHX,W,37,7,15,0.467,2,7,0.286,9,11,0.818,0,3,3,8,0,0,2,5,25,7,1,2026,regular-season,1631007,Veronica Burton,38.6,p
22026,1611661317,PHX,Phoenix Mercury,1022600088,2026-06-09,PHX @ GSV,L,15,2,7,0.286,1,3,0.333,0,0,NA,1,1,2,2,1,0,2,4,5,0,1,2026,regular-season,1631118,Lexi Held,11.4,p
22026,1611661324,MIN,Minnesota Lynx,1022600087,2026-06-09,MIN vs. DAL,W,29,8,10,0.8,1,1,1,4,4,1,0,4,4,4,3,1,4,4,21,21,1,2026,regular-season,203827,Natasha Howard,39.8,p
22026,1611661329,CHI,Chicago Sky,1022600086,2026-06-09,CHI vs. ATL,L,25,2,4,0.5,2,4,0.5,0,0,NA,0,0,0,3,1,1,1,2,6,-2,1,2026,regular-season,1642292,Jacy Sheldon,15.5,p
22026,1611661330,ATL,Atlanta Dream,1022600086,2026-06-09,ATL @ CHI,W,5,0,1,0,0,0,NA,0,0,NA,2,0,2,0,0,0,2,0,0,-9,1,2026,regular-season,1643431,Madina Okot,0.4,p
22026,1611661331,GSV,Golden State Valkyries,1022600088,2026-06-09,GSV vs. PHX,W,35,3,7,0.429,2,5,0.4,4,5,0.8,1,3,4,2,1,0,0,2,12,15,1,2026,regular-season,203866,Kayla Thornton,22.8,p
22026,1611661320,LAS,Los Angeles Sparks,1022600090,2026-06-10,LAS @ SEA,W,33,9,18,0.5,1,5,0.2,5,5,1,4,5,9,1,1,0,0,0,24,-7,1,2026,regular-season,203014,Nneka Ogwumike,39.3,p
22026,1611661320,LAS,Los Angeles Sparks,1022600090,2026-06-10,LAS @ SEA,W,2,0,1,0,0,1,0,0,0,NA,0,0,0,0,0,0,0,1,0,1,1,2026,regular-season,1630148,Jihyun Park,0,p
22026,1611661332,TOR,Toronto Tempo,1022600089,2026-06-10,TOR vs. CON,W,13,1,5,0.2,0,1,0,3,8,0.375,2,1,3,2,0,0,0,6,5,-3,1,2026,regular-season,204330,Isabelle Harrison,11.6,p
22026,1611661332,TOR,Toronto Tempo,1022600089,2026-06-10,TOR vs. CON,W,36,3,5,0.6,0,1,0,0,0,NA,0,2,2,4,2,0,4,4,6,14,1,2026,regular-season,1627700,Julie Allemand,16.4,p
22026,1611661332,TOR,Toronto Tempo,1022600089,2026-06-10,TOR vs. CON,W,3,0,1,0,0,1,0,0,0,NA,0,0,0,0,0,0,0,0,0,-1,1,2026,regular-season,1628915,Kia Nurse,0,p
22026,1611661332,TOR,Toronto Tempo,1022600089,2026-06-10,TOR vs. CON,W,8,0,0,NA,0,0,NA,2,2,1,1,1,2,2,0,0,0,1,2,-1,1,2026,regular-season,1643647,Tima Pouye,7.4,p
22026,1611661320,LAS,Los Angeles Sparks,1022600090,2026-06-10,LAS @ SEA,W,27,1,4,0.25,1,3,0.333,1,2,0.5,0,2,2,1,0,2,2,0,4,4,1,2026,regular-season,1630996,Rae Burrell,11.9,p
22026,1611661323,CON,Connecticut Sun,1022600089,2026-06-10,CON @ TOR,L,32,9,16,0.563,4,8,0.5,2,4,0.5,0,1,1,7,1,1,2,6,24,-3,1,2026,regular-season,1642303,Leila Lacan,39.7,p
22026,1611661323,CON,Connecticut Sun,1022600089,2026-06-10,CON @ TOR,L,11,2,5,0.4,0,0,NA,0,1,0,0,2,2,1,0,1,0,2,4,-2,1,2026,regular-season,1643448,Nell Angloma,10.9,p
22026,1611661332,TOR,Toronto Tempo,1022600089,2026-06-10,TOR vs. CON,W,41,11,20,0.55,3,6,0.5,13,13,1,1,3,4,1,2,1,2,3,38,4,1,2026,regular-season,1628279,Brittney Sykes,51.3,p
22026,1611661332,TOR,Toronto Tempo,1022600089,2026-06-10,TOR vs. CON,W,30,3,5,0.6,0,1,0,9,10,0.9,2,3,5,3,0,0,0,5,15,6,1,2026,regular-season,1631055,Nyara Sabally,25.5,p
22026,1611661332,TOR,Toronto Tempo,1022600089,2026-06-10,TOR vs. CON,W,37,5,7,0.714,1,1,1,8,8,1,2,4,6,2,4,1,0,5,19,16,1,2026,regular-season,1643420,Laura Juskaite,44.2,p
22026,1611661320,LAS,Los Angeles Sparks,1022600090,2026-06-10,LAS @ SEA,W,26,3,9,0.333,2,7,0.286,2,2,1,0,1,1,1,0,0,2,4,10,-5,1,2026,regular-season,204365,Erica Wheeler,10.7,p
22026,1611661323,CON,Connecticut Sun,1022600089,2026-06-10,CON @ TOR,L,30,8,9,0.889,1,1,1,7,12,0.583,1,3,4,0,0,0,3,4,24,-3,1,2026,regular-season,1642290,Aaliyah Edwards,25.8,p
22026,1611661323,CON,Connecticut Sun,1022600089,2026-06-10,CON @ TOR,L,9,1,1,1,0,0,NA,1,2,0.5,2,2,4,1,0,1,0,3,3,3,1,2026,regular-season,1643441,Raegan Beers,12.3,p
22026,1611661328,SEA,Seattle Storm,1022600090,2026-06-10,SEA vs. LAS,L,19,1,4,0.25,0,2,0,0,0,NA,1,1,2,2,0,0,1,3,2,-5,1,2026,regular-season,203828,Stefanie Dolson,6.4,p
22026,1611661328,SEA,Seattle Storm,1022600090,2026-06-10,SEA vs. LAS,L,9,1,3,0.333,1,3,0.333,0,0,NA,0,0,0,0,1,0,2,1,3,-13,1,2026,regular-season,1629478,Katie Lou Samuelson,4,p
22026,1611661328,SEA,Seattle Storm,1022600090,2026-06-10,SEA vs. LAS,L,16,1,3,0.333,0,1,0,2,3,0.667,0,1,1,3,1,0,1,3,4,-10,1,2026,regular-season,1631141,Jade Melbourne,11.7,p
22026,1611661328,SEA,Seattle Storm,1022600090,2026-06-10,SEA vs. LAS,L,26,5,10,0.5,1,4,0.25,0,0,NA,0,4,4,4,1,1,0,4,11,3,1,2026,regular-season,1641651,Jordan Horston,27.8,p
22026,1611661320,LAS,Los Angeles Sparks,1022600090,2026-06-10,LAS @ SEA,W,25,2,8,0.25,1,4,0.25,2,2,1,1,5,6,3,4,0,0,3,7,4,1,2026,regular-season,1628878,Ariel Atkins,30.7,p
22026,1611661320,LAS,Los Angeles Sparks,1022600090,2026-06-10,LAS @ SEA,W,18,5,7,0.714,2,4,0.5,3,3,1,4,2,6,1,0,2,1,5,15,10,1,2026,regular-season,1642287,Cameron Brink,28.7,p
22026,1611661323,CON,Connecticut Sun,1022600089,2026-06-10,CON @ TOR,L,30,4,12,0.333,1,4,0.25,2,4,0.5,2,2,4,1,0,0,2,2,11,-2,1,2026,regular-season,1641649,Diamond Miller,15.3,p
22026,1611661323,CON,Connecticut Sun,1022600089,2026-06-10,CON @ TOR,L,35,3,11,0.273,2,5,0.4,4,4,1,1,6,7,7,1,2,1,4,12,4,1,2026,regular-season,1642809,Saniya Rivers,38.9,p
22026,1611661323,CON,Connecticut Sun,1022600089,2026-06-10,CON @ TOR,L,0,0,0,NA,0,0,NA,0,0,NA,0,0,0,0,0,0,1,0,0,0,1,2026,regular-season,1643429,Gianna Kneepkens,-1,p
22026,1611661332,TOR,Toronto Tempo,1022600089,2026-06-10,TOR vs. CON,W,9,0,4,0,0,1,0,0,0,NA,2,1,3,1,0,0,0,3,0,-9,1,2026,regular-season,1643457,Teonni Key,5.1,p
22026,1611661320,LAS,Los Angeles Sparks,1022600090,2026-06-10,LAS @ SEA,W,33,6,17,0.353,2,9,0.222,5,8,0.625,0,1,1,11,4,0,3,2,19,4,1,2026,regular-season,1628276,Kelsey Plum,45.7,p
22026,1611661323,CON,Connecticut Sun,1022600089,2026-06-10,CON @ TOR,L,29,3,12,0.25,1,6,0.167,4,4,1,6,0,6,2,1,0,2,1,11,-5,1,2026,regular-season,1629568,Kennedy Burke,22.2,p
22026,1611661323,CON,Connecticut Sun,1022600089,2026-06-10,CON @ TOR,L,29,2,2,1,0,0,NA,5,6,0.833,5,8,13,1,0,1,5,6,9,-3,1,2026,regular-season,1631135,Olivia Nelson-Ododa,24.1,p
22026,1611661323,CON,Connecticut Sun,1022600089,2026-06-10,CON @ TOR,L,18,2,6,0.333,0,1,0,0,0,NA,1,0,1,1,0,0,2,1,4,-9,1,2026,regular-season,1643449,Charlisse Leger-Walker,4.7,p
22026,1611661328,SEA,Seattle Storm,1022600090,2026-06-10,SEA vs. LAS,L,10,2,4,0.5,1,2,0.5,1,1,1,0,1,1,0,1,0,1,1,6,-5,1,2026,regular-season,1641660,Zia Cooke,9.2,p
22026,1611661328,SEA,Seattle Storm,1022600090,2026-06-10,SEA vs. LAS,L,24,6,11,0.545,1,2,0.5,2,2,1,0,7,7,2,0,0,4,4,15,5,1,2026,regular-season,1642798,Dominique Malonga,22.4,p
22026,1611661328,SEA,Seattle Storm,1022600090,2026-06-10,SEA vs. LAS,L,30,4,11,0.364,1,4,0.25,5,6,0.833,2,10,12,6,0,0,0,1,14,0,1,2026,regular-season,1643428,Flau'jae Johnson,37.4,p
22026,1611661328,SEA,Seattle Storm,1022600090,2026-06-10,SEA vs. LAS,L,30,4,6,0.667,2,4,0.5,2,2,1,1,5,6,4,0,2,3,0,12,-1,1,2026,regular-season,1643443,Awa Fam,28.2,p
22026,1611661332,TOR,Toronto Tempo,1022600089,2026-06-10,TOR vs. CON,W,34,8,20,0.4,4,12,0.333,1,2,0.5,0,1,1,1,3,0,3,3,21,4,1,2026,regular-season,1629497,Marina Mabrey,29.7,p
22026,1611661332,TOR,Toronto Tempo,1022600089,2026-06-10,TOR vs. CON,W,15,0,2,0,0,0,NA,0,0,NA,1,1,2,2,1,1,2,2,0,-10,1,2026,regular-season,1629576,Maria Conde,9.4,p
22026,1611661320,LAS,Los Angeles Sparks,1022600090,2026-06-10,LAS @ SEA,W,28,3,8,0.375,0,1,0,0,0,NA,3,7,10,0,0,0,0,2,6,7,1,2026,regular-season,204324,Dearica Hamby,18,p
22026,1611661320,LAS,Los Angeles Sparks,1022600090,2026-06-10,LAS @ SEA,W,7,0,3,0,0,1,0,3,3,1,1,2,3,2,1,0,1,0,3,7,1,2026,regular-season,1643462,Chance Gray,11.6,p
22026,1611661328,SEA,Seattle Storm,1022600090,2026-06-10,SEA vs. LAS,L,29,6,12,0.5,2,7,0.286,2,2,1,0,1,1,5,1,0,3,3,16,10,1,2026,regular-season,1629567,Natisha Hiedeman,24.7,p
22026,1611661328,SEA,Seattle Storm,1022600090,2026-06-10,SEA vs. LAS,L,7,0,0,NA,0,0,NA,0,0,NA,1,0,1,0,0,1,0,1,0,-9,1,2026,regular-season,1642307,Mackenzie Holmes,4.2,p
22026,1611661313,NYL,New York Liberty,1022600092,2026-06-11,NYL @ ATL,W,13,3,5,0.6,1,2,0.5,1,1,1,1,2,3,2,0,0,2,2,8,3,1,2026,regular-season,203822,Rebekah Gardner,12.6,p
22026,1611661313,NYL,New York Liberty,1022600092,2026-06-11,NYL @ ATL,W,26,5,8,0.625,4,7,0.571,2,2,1,2,8,10,5,0,3,4,5,16,-2,1,2026,regular-season,1627673,Jonquel Jones,40.5,p
22026,1611661317,PHX,Phoenix Mercury,1022600093,2026-06-11,PHX @ DAL,L,29,4,8,0.5,0,2,0,1,2,0.5,2,5,7,1,3,0,1,2,9,-1,1,2026,regular-season,201886,DeWanna Bonner,26.9,p
22026,1611661317,PHX,Phoenix Mercury,1022600093,2026-06-11,PHX @ DAL,L,24,1,5,0.2,0,0,NA,4,4,1,0,0,0,1,1,1,2,1,6,-7,1,2026,regular-season,1642777,Monique Akoa Makani,11.5,p
22026,1611661319,LVA,Las Vegas Aces,1022600094,2026-06-11,LVA @ PDX,W,25,1,4,0.25,0,2,0,0,0,NA,1,1,2,2,3,0,1,0,2,1,1,2026,regular-season,204319,Jewell Loyd,15.4,p
22026,1611661321,DAL,Dallas Wings,1022600093,2026-06-11,DAL vs. PHX,W,16,1,2,0.5,0,0,NA,0,0,NA,2,3,5,1,0,0,2,2,2,3,1,2026,regular-season,1629501,Alanna Smith,7.5,p
22026,1611661325,IND,Indiana Fever,1022600091,2026-06-11,IND vs. CHI,W,5,1,3,0.333,0,2,0,0,0,NA,0,1,1,0,0,0,1,2,2,-7,1,2026,regular-season,203024,Damiris Dantas,2.2,p
22026,1611661325,IND,Indiana Fever,1022600091,2026-06-11,IND vs. CHI,W,39,7,17,0.412,2,6,0.333,3,4,0.75,0,1,1,3,3,0,2,3,19,-2,1,2026,regular-season,1628909,Kelsey Mitchell,31.7,p
22026,1611661325,IND,Indiana Fever,1022600091,2026-06-11,IND vs. CHI,W,32,3,13,0.231,1,7,0.143,4,4,1,7,1,8,1,2,0,1,4,11,8,1,2026,regular-season,1631086,Lexie Hull,27.1,p
22026,1611661327,PDX,Portland Fire,1022600094,2026-06-11,PDX vs. LVA,L,12,0,1,0,0,1,0,1,2,0.5,0,1,1,2,0,1,1,2,1,-3,1,2026,regular-season,1628317,Karlie Samuelson,7.2,p
22026,1611661327,PDX,Portland Fire,1022600094,2026-06-11,PDX vs. LVA,L,7,0,0,NA,0,0,NA,0,0,NA,0,0,0,1,1,0,1,1,0,1,1,2026,regular-season,1642296,Nyadiew Puoch,3.5,p
22026,1611661329,CHI,Chicago Sky,1022600091,2026-06-11,CHI @ IND,L,34,3,7,0.429,0,1,0,0,0,NA,2,2,4,5,0,0,5,6,6,-6,1,2026,regular-season,204333,Natasha Cloud,13.3,p
22026,1611661329,CHI,Chicago Sky,1022600091,2026-06-11,CHI @ IND,L,5,0,3,0,0,3,0,0,0,NA,0,0,0,0,0,0,2,0,0,-8,1,2026,regular-season,1627671,Rachel Banham,-2,p
22026,1611661329,CHI,Chicago Sky,1022600091,2026-06-11,CHI @ IND,L,21,10,14,0.714,4,7,0.571,6,6,1,2,0,2,2,1,1,1,0,30,7,1,2026,regular-season,1642321,Sydney Taylor,40.4,p
22026,1611661330,ATL,Atlanta Dream,1022600092,2026-06-11,ATL vs. NYL,L,3,1,2,0.5,0,0,NA,0,0,NA,0,1,1,0,0,0,0,0,2,5,1,2026,regular-season,1631021,Sika Kone,3.2,p
22026,1611661330,ATL,Atlanta Dream,1022600092,2026-06-11,ATL vs. NYL,L,30,3,8,0.375,1,4,0.25,0,0,NA,1,0,1,3,0,0,1,0,7,-18,1,2026,regular-season,1631044,Naz Hillmon,11.7,p
22026,1611661330,ATL,Atlanta Dream,1022600092,2026-06-11,ATL vs. NYL,L,19,2,4,0.5,1,2,0.5,0,0,NA,1,1,2,0,0,0,0,3,5,-14,1,2026,regular-season,1642302,Isobel Borlase,7.4,p
22026,1611661313,NYL,New York Liberty,1022600092,2026-06-11,NYL @ ATL,W,14,0,2,0,0,2,0,0,0,NA,0,1,1,3,0,0,0,1,0,11,1,2026,regular-season,204335,Betnijah Laney-Hamilton,5.7,p
22026,1611661313,NYL,New York Liberty,1022600092,2026-06-11,NYL @ ATL,W,5,0,0,NA,0,0,NA,0,0,NA,0,0,0,1,0,0,1,0,0,6,1,2026,regular-season,1630469,Marine Fauthoux,0.5,p
22026,1611661317,PHX,Phoenix Mercury,1022600093,2026-06-11,PHX @ DAL,L,22,2,8,0.25,0,1,0,0,0,NA,1,1,2,1,2,0,0,3,4,-22,1,2026,regular-season,1643493,Noemie Brochant,13.9,p
22026,1611661317,PHX,Phoenix Mercury,1022600093,2026-06-11,PHX @ DAL,L,16,3,8,0.375,1,5,0.2,0,0,NA,0,2,2,1,1,0,1,0,7,-3,1,2026,regular-season,1643505,Jovana Nogic,12.9,p
22026,1611661319,LVA,Las Vegas Aces,1022600094,2026-06-11,LVA @ PDX,W,24,3,6,0.5,2,5,0.4,0,2,0,5,5,10,3,1,1,1,4,8,17,1,2026,regular-season,203855,Stephanie Talbot,29.5,p
22026,1611661319,LVA,Las Vegas Aces,1022600094,2026-06-11,LVA @ PDX,W,8,0,3,0,0,1,0,0,0,NA,0,0,0,0,0,0,0,3,0,-7,1,2026,regular-season,1630150,Chennedy Carter,0,p
22026,1611661321,DAL,Dallas Wings,1022600093,2026-06-11,DAL vs. PHX,W,29,1,9,0.111,0,3,0,0,0,NA,1,5,6,1,2,0,4,2,2,16,1,2026,regular-season,1629481,Arike Ogunbowale,12.7,p
22026,1611661321,DAL,Dallas Wings,1022600093,2026-06-11,DAL vs. PHX,W,2,1,2,0.5,0,0,NA,1,1,1,0,1,1,0,0,0,1,0,3,0,1,2026,regular-season,1629574,Li Yueru,3.2,p
22026,1611661321,DAL,Dallas Wings,1022600093,2026-06-11,DAL vs. PHX,W,32,14,20,0.7,3,5,0.6,0,0,NA,1,5,6,5,1,0,2,3,31,18,1,2026,regular-season,1642784,Paige Bueckers,46.7,p
22026,1611661325,IND,Indiana Fever,1022600091,2026-06-11,IND vs. CHI,W,13,1,1,1,1,1,1,0,0,NA,0,0,0,0,2,0,0,1,3,4,1,2026,regular-season,1643433,Raven Johnson,9,p
22026,1611661327,PDX,Portland Fire,1022600094,2026-06-11,PDX vs. LVA,L,28,7,13,0.538,2,6,0.333,1,1,1,0,2,2,0,0,0,0,4,17,-11,1,2026,regular-season,1629484,Megan DiLeo,19.4,p
22026,1611661327,PDX,Portland Fire,1022600094,2026-06-11,PDX vs. LVA,L,12,3,4,0.75,0,1,0,0,0,NA,0,1,1,0,0,0,0,4,6,-6,1,2026,regular-season,1630143,Luisa Geiselsoder,7.2,p
22026,1611661329,CHI,Chicago Sky,1022600091,2026-06-11,CHI @ IND,L,26,3,11,0.273,0,4,0,4,4,1,2,7,9,6,1,1,1,3,10,-4,1,2026,regular-season,1628922,Azura Stevens,34.8,p
22026,1611661329,CHI,Chicago Sky,1022600091,2026-06-11,CHI @ IND,L,15,0,3,0,0,0,NA,6,8,0.75,2,4,6,1,1,1,0,1,6,6,1,2026,regular-season,1642786,Aicha Coulibaly,20.7,p
22026,1611661330,ATL,Atlanta Dream,1022600092,2026-06-11,ATL vs. NYL,L,31,7,11,0.636,1,3,0.333,3,9,0.333,1,2,3,2,1,0,0,4,18,-1,1,2026,regular-season,1628277,Allisha Gray,27.6,p
22026,1611661330,ATL,Atlanta Dream,1022600092,2026-06-11,ATL vs. NYL,L,1,0,0,NA,0,0,NA,0,0,NA,0,0,0,1,1,0,0,0,0,0,1,2026,regular-season,1642801,Aaliyah Nye,4.5,p
22026,1611661313,NYL,New York Liberty,1022600092,2026-06-11,NYL @ ATL,W,35,5,9,0.556,0,2,0,9,11,0.818,0,11,11,5,2,1,4,2,19,20,1,2026,regular-season,1627668,Breanna Stewart,44.7,p
22026,1611661313,NYL,New York Liberty,1022600092,2026-06-11,NYL @ ATL,W,22,5,6,0.833,2,3,0.667,5,5,1,0,1,1,0,0,0,2,2,17,12,1,2026,regular-season,1629546,Marine Johannes,16.2,p
22026,1611661313,NYL,New York Liberty,1022600092,2026-06-11,NYL @ ATL,W,17,5,9,0.556,5,6,0.833,4,4,1,0,3,3,0,0,0,1,2,19,0,1,2026,regular-season,1630149,Satou Sabally,21.6,p
22026,1611661319,LVA,Las Vegas Aces,1022600094,2026-06-11,LVA @ PDX,W,37,10,15,0.667,9,13,0.692,0,0,NA,1,4,5,3,0,0,5,0,29,17,1,2026,regular-season,203833,Chelsea Gray,34.5,p
22026,1611661319,LVA,Las Vegas Aces,1022600094,2026-06-11,LVA @ PDX,W,8,1,1,1,0,0,NA,2,5,0.4,0,2,2,0,0,0,0,1,4,-5,1,2026,regular-season,204323,Cheyenne Parker-Tyus,6.4,p
22026,1611661319,LVA,Las Vegas Aces,1022600094,2026-06-11,LVA @ PDX,W,35,7,15,0.467,2,5,0.4,2,3,0.667,6,2,8,10,1,1,2,2,18,22,1,2026,regular-season,1629498,Jackie Young,46.6,p
22026,1611661319,LVA,Las Vegas Aces,1022600094,2026-06-11,LVA @ PDX,W,25,4,8,0.5,0,0,NA,4,6,0.667,2,8,10,3,0,0,2,4,12,13,1,2026,regular-season,1631019,NaLyssa Smith,26.5,p
22026,1611661321,DAL,Dallas Wings,1022600093,2026-06-11,DAL vs. PHX,W,14,0,3,0,0,0,NA,0,0,NA,0,2,2,0,0,0,2,0,0,5,1,2026,regular-season,1641652,Maddy Siegrist,0.4,p
22026,1611661321,DAL,Dallas Wings,1022600093,2026-06-11,DAL vs. PHX,W,34,7,13,0.538,1,5,0.2,2,2,1,0,3,3,4,1,3,2,3,17,21,1,2026,regular-season,1643425,Azzi Fudd,36.6,p
22026,1611661325,IND,Indiana Fever,1022600091,2026-06-11,IND vs. CHI,W,10,0,0,NA,0,0,NA,0,0,NA,2,0,2,1,0,0,0,3,0,-2,1,2026,regular-season,1628881,Monique Billings,3.9,p
22026,1611661327,PDX,Portland Fire,1022600094,2026-06-11,PDX vs. LVA,L,24,2,5,0.4,0,2,0,3,4,0.75,0,6,6,0,2,2,2,3,7,-21,1,2026,regular-season,1631083,Emily Engstler,24.2,p
22026,1611661327,PDX,Portland Fire,1022600094,2026-06-11,PDX vs. LVA,L,30,6,11,0.545,2,5,0.4,0,0,NA,1,0,1,4,1,0,2,4,14,-15,1,2026,regular-season,1642782,Sarah Ashlee Barker,22.2,p
22026,1611661327,PDX,Portland Fire,1022600094,2026-06-11,PDX vs. LVA,L,5,1,1,1,0,0,NA,0,0,NA,0,1,1,1,0,0,0,1,2,10,1,2026,regular-season,1643436,Serah Williams,4.7,p
22026,1611661327,PDX,Portland Fire,1022600094,2026-06-11,PDX vs. LVA,L,10,1,2,0.5,0,0,NA,0,0,NA,0,0,0,0,0,0,1,3,2,9,1,2026,regular-season,1643494,Frieda Buhner,1,p
22026,1611661330,ATL,Atlanta Dream,1022600092,2026-06-11,ATL vs. NYL,L,33,11,22,0.5,0,4,0,3,6,0.5,6,3,9,3,2,1,2,5,25,-7,1,2026,regular-season,1642291,Angel Reese,47.3,p
22026,1611661330,ATL,Atlanta Dream,1022600092,2026-06-11,ATL vs. NYL,L,7,1,1,1,0,0,NA,1,2,0.5,0,1,1,1,0,0,0,1,3,-7,1,2026,regular-season,1643431,Madina Okot,5.7,p
22026,1611661313,NYL,New York Liberty,1022600092,2026-06-11,NYL @ ATL,W,8,1,2,0.5,1,1,1,0,0,NA,0,0,0,0,0,0,0,2,3,10,1,2026,regular-season,1630384,Raquel Carrera,3,p
22026,1611661313,NYL,New York Liberty,1022600092,2026-06-11,NYL @ ATL,W,26,6,10,0.6,1,2,0.5,3,5,0.6,2,6,8,5,0,0,1,2,16,6,1,2026,regular-season,1631136,Pauline Astier,32.1,p
22026,1611661317,PHX,Phoenix Mercury,1022600093,2026-06-11,PHX @ DAL,L,23,6,10,0.6,3,5,0.6,2,2,1,0,4,4,1,1,0,1,3,17,1,1,2026,regular-season,1631118,Lexi Held,25.3,p
22026,1611661319,LVA,Las Vegas Aces,1022600094,2026-06-11,LVA @ PDX,W,36,10,20,0.5,1,2,0.5,11,13,0.846,2,3,5,4,1,2,3,1,32,24,1,2026,regular-season,1628932,A'ja Wilson,50,p
22026,1611661321,DAL,Dallas Wings,1022600093,2026-06-11,DAL vs. PHX,W,32,7,8,0.875,0,0,NA,3,4,0.75,3,7,10,7,2,0,0,0,17,20,1,2026,regular-season,1629491,Jessica Shepard,45.5,p
22026,1611661325,IND,Indiana Fever,1022600091,2026-06-11,IND vs. CHI,W,20,2,3,0.667,0,0,NA,0,0,NA,1,5,6,0,0,2,2,4,4,-9,1,2026,regular-season,1642815,Makayla Timpson,15.2,p
22026,1611661327,PDX,Portland Fire,1022600094,2026-06-11,PDX vs. LVA,L,28,8,13,0.615,1,2,0.5,1,2,0.5,0,3,3,8,1,0,0,0,18,-20,1,2026,regular-season,1642304,Carla Leite,36.6,p
22026,1611661329,CHI,Chicago Sky,1022600091,2026-06-11,CHI @ IND,L,24,2,6,0.333,0,0,NA,3,6,0.5,2,1,3,1,1,3,1,2,7,2,1,2026,regular-season,204322,Elizabeth Williams,23.1,p
22026,1611661329,CHI,Chicago Sky,1022600091,2026-06-11,CHI @ IND,L,21,4,6,0.667,0,0,NA,2,2,1,2,2,4,1,0,1,4,6,10,-13,1,2026,regular-season,1642289,Kamilla Cardoso,15.3,p
22026,1611661330,ATL,Atlanta Dream,1022600092,2026-06-11,ATL vs. NYL,L,29,0,5,0,0,1,0,3,4,0.75,0,3,3,7,2,0,1,4,3,1,1,2026,regular-season,1628886,Jordin Canada,22.1,p
22026,1611661313,NYL,New York Liberty,1022600092,2026-06-11,NYL @ ATL,W,7,0,1,0,0,0,NA,0,0,NA,0,0,0,2,0,0,0,1,0,-3,1,2026,regular-season,1629566,Han Xu,3,p
22026,1611661317,PHX,Phoenix Mercury,1022600093,2026-06-11,PHX @ DAL,L,32,3,8,0.375,0,0,NA,0,2,0,1,8,9,10,2,0,6,2,6,-14,1,2026,regular-season,203826,Alyssa Thomas,31.8,p
22026,1611661317,PHX,Phoenix Mercury,1022600093,2026-06-11,PHX @ DAL,L,22,3,6,0.5,0,0,NA,2,2,1,3,0,3,2,0,0,1,2,8,-16,1,2026,regular-season,1630442,Natasha Mack,13.6,p
22026,1611661317,PHX,Phoenix Mercury,1022600093,2026-06-11,PHX @ DAL,L,3,0,1,0,0,0,NA,0,0,NA,0,1,1,1,0,0,0,0,0,-1,1,2026,regular-season,1643487,Quionche Carter,2.7,p
22026,1611661319,LVA,Las Vegas Aces,1022600094,2026-06-11,LVA @ PDX,W,2,0,0,NA,0,0,NA,0,0,NA,0,0,0,0,0,0,0,0,0,-2,1,2026,regular-season,1629488,Brianna Turner,0,p
22026,1611661321,DAL,Dallas Wings,1022600093,2026-06-11,DAL vs. PHX,W,15,2,3,0.667,0,1,0,0,0,NA,0,3,3,1,0,1,2,1,4,2,1,2026,regular-season,1630386,Awak Kuier,10.1,p
22026,1611661321,DAL,Dallas Wings,1022600093,2026-06-11,DAL vs. PHX,W,17,3,9,0.333,0,3,0,1,1,1,0,1,1,4,3,0,1,4,7,-6,1,2026,regular-season,1642793,Aziaha James,22.2,p
22026,1611661321,DAL,Dallas Wings,1022600093,2026-06-11,DAL vs. PHX,W,3,1,1,1,0,0,NA,0,0,NA,0,0,0,0,0,0,0,0,2,0,1,2026,regular-season,1642808,JJ Quinerly,2,p
22026,1611661325,IND,Indiana Fever,1022600091,2026-06-11,IND vs. CHI,W,23,2,3,0.667,0,0,NA,1,2,0.5,0,9,9,3,0,1,1,2,5,25,1,2026,regular-season,1628899,Myisha Hines-Allen,22.3,p
22026,1611661325,IND,Indiana Fever,1022600091,2026-06-11,IND vs. CHI,W,11,2,3,0.667,0,1,0,0,0,NA,0,0,0,1,0,1,0,0,4,0,1,2026,regular-season,1630112,Tyasha Harris,8.5,p
22026,1611661325,IND,Indiana Fever,1022600091,2026-06-11,IND vs. CHI,W,32,13,26,0.5,2,5,0.4,6,6,1,7,5,12,3,1,2,3,4,34,9,1,2026,regular-season,1641648,Aliyah Boston,58.9,p
22026,1611661325,IND,Indiana Fever,1022600091,2026-06-11,IND vs. CHI,W,40,8,18,0.444,1,6,0.167,15,15,1,2,5,7,10,0,0,5,4,32,14,1,2026,regular-season,1642286,Caitlin Clark,50.4,p
22026,1611661327,PDX,Portland Fire,1022600094,2026-06-11,PDX vs. LVA,L,33,5,13,0.385,3,9,0.333,0,0,NA,0,1,1,0,1,0,2,2,13,-28,1,2026,regular-season,1629524,Bridget Carleton,15.2,p
22026,1611661327,PDX,Portland Fire,1022600094,2026-06-11,PDX vs. LVA,L,12,3,5,0.6,0,0,NA,3,3,1,0,3,3,6,1,0,0,1,9,4,1,2026,regular-season,1643506,Teja Oblak,24.6,p
22026,1611661329,CHI,Chicago Sky,1022600091,2026-06-11,CHI @ IND,L,32,7,15,0.467,2,4,0.5,5,7,0.714,1,2,3,1,1,0,1,1,21,-9,1,2026,regular-season,203400,Skylar Diggins,28.1,p
22026,1611661329,CHI,Chicago Sky,1022600091,2026-06-11,CHI @ IND,L,26,3,6,0.5,1,3,0.333,3,3,1,0,1,1,4,0,0,1,5,10,-1,1,2026,regular-season,1642292,Jacy Sheldon,16.2,p
22026,1611661330,ATL,Atlanta Dream,1022600092,2026-06-11,ATL vs. NYL,L,36,7,18,0.389,5,13,0.385,5,6,0.833,0,4,4,3,4,1,1,3,24,-12,1,2026,regular-season,1631009,Rhyne Howard,47.3,p
22026,1611661330,ATL,Atlanta Dream,1022600092,2026-06-11,ATL vs. NYL,L,11,1,4,0.25,1,2,0.5,0,0,NA,0,0,0,2,1,0,0,1,3,-17,1,2026,regular-season,1642804,Te-Hina Paopao,9,p
22026,1611661313,NYL,New York Liberty,1022600092,2026-06-11,NYL @ ATL,W,27,2,7,0.286,2,6,0.333,0,0,NA,2,1,3,1,0,0,4,3,6,7,1,2026,regular-season,1630142,Leonie Fiebich,7.1,p
22026,1611661317,PHX,Phoenix Mercury,1022600093,2026-06-11,PHX @ DAL,L,29,3,10,0.3,2,5,0.4,5,6,0.833,0,2,2,3,0,0,4,2,13,-12,1,2026,regular-season,1627674,Kahleah Copper,15.9,p
22026,1611661321,DAL,Dallas Wings,1022600093,2026-06-11,DAL vs. PHX,W,5,0,1,0,0,1,0,0,0,NA,0,0,0,1,0,0,0,2,0,-4,1,2026,regular-season,202252,Alysha Clark,1.5,p
22026,1611661329,CHI,Chicago Sky,1022600091,2026-06-11,CHI @ IND,L,22,2,6,0.333,0,2,0,2,2,1,0,2,2,1,1,0,0,1,6,-14,1,2026,regular-season,1643447,Gabriela Jaquez,12.9,p
22026,1611661330,ATL,Atlanta Dream,1022600092,2026-06-11,ATL vs. NYL,L,1,0,0,NA,0,0,NA,0,0,NA,0,0,0,0,0,0,0,0,0,0,1,2026,regular-season,1643469,Indya Nivar,0,p
22026,1611661322,WAS,Washington Mystics,1022600095,2026-06-12,WAS vs. TOR,W,29,7,15,0.467,1,3,0.333,2,2,1,5,3,8,1,1,0,1,2,17,-7,1,2026,regular-season,1630446,Michaela Onyenwere,30.1,p
22026,1611661322,WAS,Washington Mystics,1022600095,2026-06-12,WAS vs. TOR,W,32,3,6,0.5,0,1,0,6,7,0.857,4,7,11,3,0,2,9,2,12,7,1,2026,regular-season,1631022,Shakira Austin,26.7,p
22026,1611661322,WAS,Washington Mystics,1022600095,2026-06-12,WAS vs. TOR,W,21,8,9,0.889,0,0,NA,2,2,1,3,1,4,1,2,0,3,0,18,3,1,2026,regular-season,1643427,Lauren Betts,27.3,p
22026,1611661322,WAS,Washington Mystics,1022600095,2026-06-12,WAS vs. TOR,W,18,3,6,0.5,0,2,0,4,4,1,1,5,6,0,0,0,1,0,10,-2,1,2026,regular-season,1643455,Angela Dugalic,16.2,p
22026,1611661328,SEA,Seattle Storm,1022600096,2026-06-12,SEA vs. GSV,L,33,8,17,0.471,5,10,0.5,5,7,0.714,0,4,4,5,2,1,3,3,26,1,1,2026,regular-season,1629567,Natisha Hiedeman,44.3,p
22026,1611661328,SEA,Seattle Storm,1022600096,2026-06-12,SEA vs. GSV,L,25,3,10,0.3,0,0,NA,3,3,1,3,5,8,2,0,1,2,3,9,-7,1,2026,regular-season,1642798,Dominique Malonga,22.6,p
22026,1611661331,GSV,Golden State Valkyries,1022600096,2026-06-12,GSV @ SEA,W,33,7,14,0.5,5,12,0.417,3,3,1,2,5,7,1,0,0,2,6,22,9,1,2026,regular-season,1642767,Janelle Salaun,29.9,p
22026,1611661331,GSV,Golden State Valkyries,1022600096,2026-06-12,GSV @ SEA,W,10,0,1,0,0,1,0,0,0,NA,0,2,2,0,0,0,0,1,0,2,1,2026,regular-season,1642822,Kaitlyn Chen,2.4,p
22026,1611661332,TOR,Toronto Tempo,1022600095,2026-06-12,TOR @ WAS,L,15,1,2,0.5,0,0,NA,0,0,NA,0,1,1,2,3,2,0,0,2,-9,1,2026,regular-season,1643457,Teonni Key,21.2,p
22026,1611661328,SEA,Seattle Storm,1022600096,2026-06-12,SEA vs. GSV,L,8,1,1,1,1,1,1,0,0,NA,0,1,1,0,0,0,0,0,3,-3,1,2026,regular-season,203828,Stefanie Dolson,4.2,p
22026,1611661328,SEA,Seattle Storm,1022600096,2026-06-12,SEA vs. GSV,L,12,2,2,1,2,2,1,2,2,1,0,1,1,0,0,0,0,1,8,-5,1,2026,regular-season,1629478,Katie Lou Samuelson,9.2,p
22026,1611661328,SEA,Seattle Storm,1022600096,2026-06-12,SEA vs. GSV,L,26,2,7,0.286,0,2,0,1,2,0.5,1,4,5,5,2,2,1,2,5,-5,1,2026,regular-season,1641651,Jordan Horston,29.5,p
22026,1611661328,SEA,Seattle Storm,1022600096,2026-06-12,SEA vs. GSV,L,4,0,0,NA,0,0,NA,0,0,NA,0,0,0,1,0,0,0,0,0,-4,1,2026,regular-season,1642307,Mackenzie Holmes,1.5,p
22026,1611661328,SEA,Seattle Storm,1022600096,2026-06-12,SEA vs. GSV,L,29,4,9,0.444,0,2,0,0,0,NA,0,5,5,1,0,0,3,5,8,8,1,2026,regular-season,1643428,Flau'jae Johnson,12.5,p
22026,1611661332,TOR,Toronto Tempo,1022600095,2026-06-12,TOR @ WAS,L,3,0,1,0,0,0,NA,0,0,NA,0,0,0,1,1,0,0,1,0,-3,1,2026,regular-season,1628915,Kia Nurse,4.5,p
22026,1611661332,TOR,Toronto Tempo,1022600095,2026-06-12,TOR @ WAS,L,28,9,15,0.6,5,10,0.5,4,4,1,0,1,1,3,1,0,4,1,27,-4,1,2026,regular-season,1629497,Marina Mabrey,31.7,p
22026,1611661332,TOR,Toronto Tempo,1022600095,2026-06-12,TOR @ WAS,L,22,3,7,0.429,0,2,0,1,2,0.5,0,6,6,4,1,0,3,4,7,7,1,2026,regular-season,1629576,Maria Conde,20.2,p
22026,1611661322,WAS,Washington Mystics,1022600095,2026-06-12,WAS vs. TOR,W,26,0,4,0,0,4,0,1,2,0.5,0,0,0,7,0,0,1,2,1,-15,1,2026,regular-season,1642781,Georgia Amoore,10.5,p
22026,1611661331,GSV,Golden State Valkyries,1022600096,2026-06-12,GSV @ SEA,W,13,1,6,0.167,0,3,0,0,0,NA,0,2,2,0,1,1,0,0,2,-5,1,2026,regular-season,1628508,Cecilia Zandalasini,10.4,p
22026,1611661332,TOR,Toronto Tempo,1022600095,2026-06-12,TOR @ WAS,L,26,4,5,0.8,1,2,0.5,0,0,NA,0,2,2,3,3,1,2,2,9,15,1,2026,regular-season,1627700,Julie Allemand,25.9,p
22026,1611661328,SEA,Seattle Storm,1022600096,2026-06-12,SEA vs. GSV,L,4,0,4,0,0,0,NA,0,0,NA,1,0,1,0,0,0,0,0,0,-11,1,2026,regular-season,1641660,Zia Cooke,1.2,p
22026,1611661328,SEA,Seattle Storm,1022600096,2026-06-12,SEA vs. GSV,L,35,3,9,0.333,2,5,0.4,0,2,0,1,5,6,1,0,1,1,5,8,6,1,2026,regular-season,1643443,Awa Fam,18.7,p
22026,1611661331,GSV,Golden State Valkyries,1022600096,2026-06-12,GSV @ SEA,W,32,6,16,0.375,2,7,0.286,5,5,1,1,0,1,4,1,0,3,0,19,-2,1,2026,regular-season,1628931,Gabby Williams,26.2,p
22026,1611661332,TOR,Toronto Tempo,1022600095,2026-06-12,TOR @ WAS,L,31,7,14,0.5,1,2,0.5,5,6,0.833,2,0,2,3,1,1,5,4,20,-5,1,2026,regular-season,1628279,Brittney Sykes,27.9,p
22026,1611661332,TOR,Toronto Tempo,1022600095,2026-06-12,TOR @ WAS,L,17,1,5,0.2,0,2,0,2,2,1,0,0,0,3,0,0,0,1,4,0,1,2026,regular-season,1643647,Tima Pouye,8.5,p
22026,1611661322,WAS,Washington Mystics,1022600095,2026-06-12,WAS vs. TOR,W,34,6,16,0.375,1,6,0.167,4,5,0.8,1,4,5,3,2,0,2,3,17,1,1,2026,regular-season,1642785,Sonia Citron,31.5,p
22026,1611661322,WAS,Washington Mystics,1022600095,2026-06-12,WAS vs. TOR,W,23,4,6,0.667,0,1,0,1,2,0.5,0,2,2,3,2,0,1,1,9,7,1,2026,regular-season,1643430,Cotie McMahon,20.9,p
22026,1611661322,WAS,Washington Mystics,1022600095,2026-06-12,WAS vs. TOR,W,3,0,0,NA,0,0,NA,0,0,NA,0,0,0,0,0,0,1,2,0,-4,1,2026,regular-season,1643467,Cassandre Prosper,-1,p
22026,1611661331,GSV,Golden State Valkyries,1022600096,2026-06-12,GSV @ SEA,W,24,5,9,0.556,0,2,0,7,7,1,2,2,4,3,0,0,4,1,17,10,1,2026,regular-season,203026,Tiffany Hayes,22.3,p
22026,1611661331,GSV,Golden State Valkyries,1022600096,2026-06-12,GSV @ SEA,W,11,0,3,0,0,3,0,1,2,0.5,2,1,3,0,0,1,0,3,1,5,1,2026,regular-season,1630097,Kaila Charles,7.6,p
22026,1611661331,GSV,Golden State Valkyries,1022600096,2026-06-12,GSV @ SEA,W,30,3,9,0.333,1,5,0.2,4,6,0.667,1,4,5,8,2,1,3,3,11,2,1,2026,regular-season,1631007,Veronica Burton,35,p
22026,1611661332,TOR,Toronto Tempo,1022600095,2026-06-12,TOR @ WAS,L,28,4,7,0.571,0,1,0,0,0,NA,2,4,6,3,4,1,0,2,8,9,1,2026,regular-season,204330,Isabelle Harrison,34.7,p
22026,1611661332,TOR,Toronto Tempo,1022600095,2026-06-12,TOR @ WAS,L,8,0,2,0,0,0,NA,0,0,NA,1,2,3,1,2,0,2,5,0,-6,1,2026,regular-season,1627701,Temi Fagbenle,9.1,p
22026,1611661332,TOR,Toronto Tempo,1022600095,2026-06-12,TOR @ WAS,L,23,2,6,0.333,0,3,0,4,4,1,0,0,0,0,2,0,1,4,8,-9,1,2026,regular-season,1643420,Laura Juskaite,13,p
22026,1611661322,WAS,Washington Mystics,1022600095,2026-06-12,WAS vs. TOR,W,14,0,3,0,0,1,0,2,2,1,1,2,3,4,1,0,3,2,2,15,1,2026,regular-season,1643644,Alicia Florez,11.6,p
22026,1611661328,SEA,Seattle Storm,1022600096,2026-06-12,SEA vs. GSV,L,27,2,7,0.286,0,1,0,1,2,0.5,0,0,0,2,2,0,1,4,5,0,1,2026,regular-season,1631141,Jade Melbourne,13,p
22026,1611661331,GSV,Golden State Valkyries,1022600096,2026-06-12,GSV @ SEA,W,24,1,7,0.143,0,4,0,0,0,NA,2,2,4,1,1,2,1,2,2,-8,1,2026,regular-season,203866,Kayla Thornton,16.3,p
22026,1611661331,GSV,Golden State Valkyries,1022600096,2026-06-12,GSV @ SEA,W,23,1,1,1,0,0,NA,0,0,NA,0,5,5,1,1,1,0,2,2,7,1,2026,regular-season,204329,Kiah Stokes,15.5,p
22026,1611661317,PHX,Phoenix Mercury,1022600100,2026-06-13,PHX vs. LAS,L,29,4,10,0.4,1,6,0.167,0,0,NA,1,1,2,2,1,0,3,4,9,-8,1,2026,regular-season,1631118,Lexi Held,14.4,p
22026,1611661319,LVA,Las Vegas Aces,1022600098,2026-06-13,LVA vs. MIN,W,26,2,6,0.333,2,5,0.4,3,3,1,1,1,2,3,2,0,0,2,9,-7,1,2026,regular-season,204319,Jewell Loyd,21.9,p
22026,1611661319,LVA,Las Vegas Aces,1022600098,2026-06-13,LVA vs. MIN,W,32,9,15,0.6,1,2,0.5,5,6,0.833,2,8,10,1,2,3,3,4,24,3,1,2026,regular-season,1628932,A'ja Wilson,49.5,p
22026,1611661319,LVA,Las Vegas Aces,1022600098,2026-06-13,LVA vs. MIN,W,37,5,10,0.5,1,5,0.2,5,5,1,2,3,5,10,1,0,3,2,16,5,1,2026,regular-season,1629498,Jackie Young,37,p
22026,1611661319,LVA,Las Vegas Aces,1022600098,2026-06-13,LVA vs. MIN,W,8,2,5,0.4,0,1,0,0,0,NA,1,0,1,1,0,0,0,2,4,-2,1,2026,regular-season,1630150,Chennedy Carter,6.7,p
22026,1611661320,LAS,Los Angeles Sparks,1022600100,2026-06-13,LAS @ PHX,W,29,2,8,0.25,2,6,0.333,0,0,NA,0,0,0,5,3,0,3,2,6,3,1,2026,regular-season,204365,Erica Wheeler,19.5,p
22026,1611661320,LAS,Los Angeles Sparks,1022600100,2026-06-13,LAS @ PHX,W,37,14,26,0.538,5,11,0.455,10,12,0.833,0,2,2,7,0,0,5,3,43,9,1,2026,regular-season,1628276,Kelsey Plum,50.9,p
22026,1611661320,LAS,Los Angeles Sparks,1022600100,2026-06-13,LAS @ PHX,W,31,2,7,0.286,1,3,0.333,1,1,1,0,1,1,3,1,0,1,3,6,7,1,2026,regular-season,1628878,Ariel Atkins,13.7,p
22026,1611661320,LAS,Los Angeles Sparks,1022600100,2026-06-13,LAS @ PHX,W,27,9,15,0.6,2,4,0.5,4,4,1,1,2,3,1,0,3,0,1,24,7,1,2026,regular-season,1630996,Rae Burrell,38.1,p
22026,1611661320,LAS,Los Angeles Sparks,1022600100,2026-06-13,LAS @ PHX,W,4,0,1,0,0,1,0,0,0,NA,0,0,0,0,0,0,0,1,0,-3,1,2026,regular-season,1642324,Kate Martin,0,p
22026,1611661323,CON,Connecticut Sun,1022600097,2026-06-13,CON vs. IND,L,22,5,11,0.455,0,0,NA,0,0,NA,1,1,2,4,0,2,1,3,10,-9,1,2026,regular-season,203398,Brittney Griner,23.4,p
22026,1611661323,CON,Connecticut Sun,1022600097,2026-06-13,CON vs. IND,L,24,3,4,0.75,0,1,0,4,4,1,1,3,4,0,0,0,1,0,10,7,1,2026,regular-season,1629568,Kennedy Burke,13.8,p
22026,1611661323,CON,Connecticut Sun,1022600097,2026-06-13,CON vs. IND,L,17,1,5,0.2,1,3,0.333,1,1,1,0,1,1,1,0,0,1,2,4,-17,1,2026,regular-season,1641649,Diamond Miller,5.7,p
22026,1611661323,CON,Connecticut Sun,1022600097,2026-06-13,CON vs. IND,L,21,4,14,0.286,0,4,0,0,0,NA,2,3,5,2,0,0,0,2,8,7,1,2026,regular-season,1642800,Aneesah Morrow,17,p
22026,1611661323,CON,Connecticut Sun,1022600097,2026-06-13,CON vs. IND,L,27,4,10,0.4,1,4,0.25,0,0,NA,0,3,3,4,2,1,0,3,9,-5,1,2026,regular-season,1642809,Saniya Rivers,27.6,p
22026,1611661324,MIN,Minnesota Lynx,1022600098,2026-06-13,MIN @ LVA,L,34,6,14,0.429,3,8,0.375,4,4,1,0,2,2,5,2,0,0,3,19,-4,1,2026,regular-season,203825,Kayla McBride,34.9,p
22026,1611661325,IND,Indiana Fever,1022600097,2026-06-13,IND @ CON,W,37,6,15,0.4,2,9,0.222,5,7,0.714,0,2,2,5,1,0,4,2,19,11,1,2026,regular-season,1628909,Kelsey Mitchell,27.9,p
22026,1611661325,IND,Indiana Fever,1022600097,2026-06-13,IND @ CON,W,22,0,3,0,0,2,0,2,2,1,3,3,6,2,0,0,2,1,2,12,1,2026,regular-season,1631086,Lexie Hull,10.2,p
22026,1611661325,IND,Indiana Fever,1022600097,2026-06-13,IND @ CON,W,3,1,1,1,1,1,1,0,0,NA,1,0,1,0,0,0,0,1,3,-4,1,2026,regular-season,1643433,Raven Johnson,4.2,p
22026,1611661327,PDX,Portland Fire,1022600099,2026-06-13,PDX vs. DAL,W,31,6,14,0.429,6,10,0.6,2,2,1,0,4,4,1,1,0,2,2,20,2,1,2026,regular-season,1629524,Bridget Carleton,27.3,p
22026,1611661327,PDX,Portland Fire,1022600099,2026-06-13,PDX vs. DAL,W,24,4,10,0.4,0,3,0,3,5,0.6,0,6,6,2,1,2,1,1,11,8,1,2026,regular-season,1631083,Emily Engstler,29.2,p
22026,1611661327,PDX,Portland Fire,1022600099,2026-06-13,PDX vs. DAL,W,32,4,8,0.5,2,4,0.5,0,0,NA,0,5,5,3,1,0,2,3,10,5,1,2026,regular-season,1642782,Sarah Ashlee Barker,21.5,p
22026,1611661327,PDX,Portland Fire,1022600099,2026-06-13,PDX vs. DAL,W,6,0,1,0,0,0,NA,2,2,1,0,1,1,0,0,0,0,2,2,-8,1,2026,regular-season,1643436,Serah Williams,3.2,p
22026,1611661327,PDX,Portland Fire,1022600099,2026-06-13,PDX vs. DAL,W,13,2,3,0.667,1,2,0.5,0,0,NA,0,0,0,0,1,0,0,2,5,-1,1,2026,regular-season,1643494,Frieda Buhner,8,p
22026,1611661327,PDX,Portland Fire,1022600099,2026-06-13,PDX vs. DAL,W,13,1,2,0.5,1,1,1,0,0,NA,0,1,1,2,1,0,2,3,3,-1,1,2026,regular-season,1643506,Teja Oblak,8.2,p
22026,1611661317,PHX,Phoenix Mercury,1022600100,2026-06-13,PHX vs. LAS,L,35,5,9,0.556,0,1,0,1,1,1,1,11,12,4,4,3,0,2,11,6,1,2026,regular-season,1630442,Natasha Mack,52.4,p
22026,1611661317,PHX,Phoenix Mercury,1022600100,2026-06-13,PHX vs. LAS,L,8,0,2,0,0,2,0,0,0,NA,0,0,0,0,0,0,0,2,0,-12,1,2026,regular-season,1643487,Quionche Carter,0,p
22026,1611661319,LVA,Las Vegas Aces,1022600098,2026-06-13,LVA vs. MIN,W,2,0,0,NA,0,0,NA,0,0,NA,0,0,0,0,0,0,0,0,0,3,1,2026,regular-season,1629488,Brianna Turner,0,p
22026,1611661321,DAL,Dallas Wings,1022600099,2026-06-13,DAL @ PDX,L,11,1,3,0.333,0,1,0,2,2,1,0,3,3,0,0,0,1,2,4,-12,1,2026,regular-season,1629501,Alanna Smith,6.6,p
22026,1611661321,DAL,Dallas Wings,1022600099,2026-06-13,DAL @ PDX,L,34,6,18,0.333,1,7,0.143,4,6,0.667,1,5,6,4,2,0,1,1,17,2,1,2026,regular-season,1642793,Aziaha James,35.2,p
22026,1611661324,MIN,Minnesota Lynx,1022600098,2026-06-13,MIN @ LVA,L,33,8,19,0.421,1,3,0.333,0,0,NA,0,5,5,4,0,0,1,1,17,-3,1,2026,regular-season,1627675,Courtney Williams,28,p
22026,1611661324,MIN,Minnesota Lynx,1022600098,2026-06-13,MIN @ LVA,L,2,0,0,NA,0,0,NA,0,0,NA,0,0,0,0,0,0,0,0,0,-3,1,2026,regular-season,1629479,Teaira McCowan,0,p
22026,1611661325,IND,Indiana Fever,1022600097,2026-06-13,IND @ CON,W,27,3,5,0.6,0,0,NA,4,4,1,1,7,8,2,1,2,0,2,10,18,1,2026,regular-season,1628881,Monique Billings,31.6,p
22026,1611661325,IND,Indiana Fever,1022600097,2026-06-13,IND @ CON,W,10,0,0,NA,0,0,NA,0,0,NA,0,0,0,0,0,0,1,3,0,-9,1,2026,regular-season,1628899,Myisha Hines-Allen,-1,p
22026,1611661325,IND,Indiana Fever,1022600097,2026-06-13,IND @ CON,W,36,10,17,0.588,5,10,0.5,0,0,NA,0,3,3,5,0,1,6,2,25,15,1,2026,regular-season,1642286,Caitlin Clark,33.1,p
22026,1611661317,PHX,Phoenix Mercury,1022600100,2026-06-13,PHX vs. LAS,L,23,3,5,0.6,2,3,0.667,0,0,NA,1,2,3,1,0,0,3,3,8,3,1,2026,regular-season,1643493,Noemie Brochant,10.1,p
22026,1611661319,LVA,Las Vegas Aces,1022600098,2026-06-13,LVA vs. MIN,W,2,0,0,NA,0,0,NA,0,0,NA,0,0,0,0,0,0,1,0,0,0,1,2026,regular-season,1631006,Kierstan Bell,-1,p
22026,1611661320,LAS,Los Angeles Sparks,1022600100,2026-06-13,LAS @ PHX,W,28,3,7,0.429,0,0,NA,2,3,0.667,1,5,6,0,2,0,1,3,8,-4,1,2026,regular-season,204324,Dearica Hamby,20.2,p
22026,1611661321,DAL,Dallas Wings,1022600099,2026-06-13,DAL @ PDX,L,16,0,1,0,0,1,0,1,2,0.5,1,0,1,2,0,0,1,3,1,-13,1,2026,regular-season,202252,Alysha Clark,4.2,p
22026,1611661323,CON,Connecticut Sun,1022600097,2026-06-13,CON vs. IND,L,21,6,12,0.5,0,0,NA,0,2,0,3,4,7,1,0,0,1,2,12,-7,1,2026,regular-season,1631135,Olivia Nelson-Ododa,20.9,p
22026,1611661317,PHX,Phoenix Mercury,1022600100,2026-06-13,PHX vs. LAS,L,41,4,10,0.4,0,0,NA,2,3,0.667,3,4,7,12,0,1,2,3,10,-8,1,2026,regular-season,203826,Alyssa Thomas,37.4,p
22026,1611661317,PHX,Phoenix Mercury,1022600100,2026-06-13,PHX vs. LAS,L,38,16,30,0.533,6,14,0.429,3,6,0.5,3,7,10,1,0,0,5,2,41,-9,1,2026,regular-season,1627674,Kahleah Copper,49.5,p
22026,1611661317,PHX,Phoenix Mercury,1022600100,2026-06-13,PHX vs. LAS,L,24,3,5,0.6,1,2,0.5,2,4,0.5,0,2,2,5,1,0,1,5,9,2,1,2026,regular-season,1642777,Monique Akoa Makani,20.9,p
22026,1611661319,LVA,Las Vegas Aces,1022600098,2026-06-13,LVA vs. MIN,W,34,7,15,0.467,6,10,0.6,3,3,1,0,4,4,7,2,0,3,1,23,3,1,2026,regular-season,203833,Chelsea Gray,41.3,p
22026,1611661319,LVA,Las Vegas Aces,1022600098,2026-06-13,LVA vs. MIN,W,12,4,6,0.667,1,1,1,0,0,NA,0,2,2,1,0,0,0,1,9,3,1,2026,regular-season,204323,Cheyenne Parker-Tyus,12.9,p
22026,1611661319,LVA,Las Vegas Aces,1022600098,2026-06-13,LVA vs. MIN,W,27,7,9,0.778,0,0,NA,1,2,0.5,2,4,6,0,1,0,1,2,15,-2,1,2026,regular-season,1631019,NaLyssa Smith,24.2,p
22026,1611661320,LAS,Los Angeles Sparks,1022600100,2026-06-13,LAS @ PHX,W,36,6,11,0.545,3,5,0.6,0,0,NA,3,12,15,3,1,3,1,3,15,12,1,2026,regular-season,203014,Nneka Ogwumike,48.5,p
22026,1611661320,LAS,Los Angeles Sparks,1022600100,2026-06-13,LAS @ PHX,W,22,2,4,0.5,2,4,0.5,3,3,1,4,5,9,2,1,2,0,2,9,11,1,2026,regular-season,1642287,Cameron Brink,31.8,p
22026,1611661320,LAS,Los Angeles Sparks,1022600100,2026-06-13,LAS @ PHX,W,8,0,0,NA,0,0,NA,0,0,NA,0,0,0,0,0,0,0,0,0,6,1,2026,regular-season,1643462,Chance Gray,0,p
22026,1611661321,DAL,Dallas Wings,1022600099,2026-06-13,DAL @ PDX,L,14,2,4,0.5,1,3,0.333,0,0,NA,1,1,2,2,0,0,0,1,5,6,1,2026,regular-season,1641652,Maddy Siegrist,10.4,p
22026,1611661323,CON,Connecticut Sun,1022600097,2026-06-13,CON vs. IND,L,30,5,9,0.556,1,2,0.5,0,0,NA,1,0,1,7,4,0,1,5,11,-6,1,2026,regular-season,1642303,Leila Lacan,33.7,p
22026,1611661323,CON,Connecticut Sun,1022600097,2026-06-13,CON vs. IND,L,9,0,1,0,0,0,NA,1,2,0.5,0,0,0,0,0,1,1,1,1,-5,1,2026,regular-season,1643448,Nell Angloma,3,p
22026,1611661324,MIN,Minnesota Lynx,1022600098,2026-06-13,MIN @ LVA,L,32,8,12,0.667,0,0,NA,6,6,1,5,4,9,2,4,1,2,6,22,1,1,2026,regular-season,203827,Natasha Howard,48.8,p
22026,1611661324,MIN,Minnesota Lynx,1022600098,2026-06-13,MIN @ LVA,L,26,1,2,0.5,1,2,0.5,0,0,NA,2,1,3,2,0,2,0,2,3,0,1,2026,regular-season,1628269,Nia Coffey,15.6,p
22026,1611661324,MIN,Minnesota Lynx,1022600098,2026-06-13,MIN @ LVA,L,9,1,2,0.5,0,1,0,2,4,0.5,2,2,4,0,0,0,0,2,4,-4,1,2026,regular-season,1642820,Liatu King,8.8,p
22026,1611661324,MIN,Minnesota Lynx,1022600098,2026-06-13,MIN @ LVA,L,13,1,1,1,1,1,1,0,0,NA,0,2,2,2,1,0,1,1,3,0,1,2026,regular-season,1643489,Antonia Delaere,10.4,p
22026,1611661325,IND,Indiana Fever,1022600097,2026-06-13,IND @ CON,W,18,4,5,0.8,3,4,0.75,0,0,NA,0,2,2,0,0,0,1,2,11,-2,1,2026,regular-season,1629482,Sophie Cunningham,12.4,p
22026,1611661325,IND,Indiana Fever,1022600097,2026-06-13,IND @ CON,W,4,0,1,0,0,1,0,0,0,NA,0,0,0,0,1,0,0,0,0,-2,1,2026,regular-season,1630112,Tyasha Harris,3,p
22026,1611661325,IND,Indiana Fever,1022600097,2026-06-13,IND @ CON,W,11,1,1,1,0,0,NA,0,1,0,2,3,5,0,0,2,1,0,2,-5,1,2026,regular-season,1642815,Makayla Timpson,13,p
22026,1611661327,PDX,Portland Fire,1022600099,2026-06-13,PDX vs. DAL,W,26,7,11,0.636,0,2,0,2,2,1,0,6,6,4,0,2,0,1,16,3,1,2026,regular-season,1629484,Megan DiLeo,35.2,p
22026,1611661327,PDX,Portland Fire,1022600099,2026-06-13,PDX vs. DAL,W,14,2,5,0.4,2,3,0.667,1,2,0.5,1,1,2,3,0,1,1,2,7,-2,1,2026,regular-season,1630143,Luisa Geiselsoder,15.9,p
22026,1611661317,PHX,Phoenix Mercury,1022600100,2026-06-13,PHX vs. LAS,L,15,2,4,0.5,0,2,0,0,0,NA,0,1,1,1,0,0,0,1,4,-3,1,2026,regular-season,1643505,Jovana Nogic,6.7,p
22026,1611661319,LVA,Las Vegas Aces,1022600098,2026-06-13,LVA vs. MIN,W,20,0,1,0,0,1,0,0,0,NA,3,0,3,1,0,0,0,1,0,9,1,2026,regular-season,203855,Stephanie Talbot,5.1,p
22026,1611661320,LAS,Los Angeles Sparks,1022600100,2026-06-13,LAS @ PHX,W,4,0,0,NA,0,0,NA,0,0,NA,1,0,1,0,0,0,0,1,0,-3,1,2026,regular-season,1630148,Jihyun Park,1.2,p
22026,1611661321,DAL,Dallas Wings,1022600099,2026-06-13,DAL @ PDX,L,35,5,10,0.5,0,0,NA,3,5,0.6,4,10,14,2,1,0,3,1,13,3,1,2026,regular-season,1629491,Jessica Shepard,32.8,p
22026,1611661321,DAL,Dallas Wings,1022600099,2026-06-13,DAL @ PDX,L,24,1,5,0.2,0,1,0,1,2,0.5,4,1,5,3,2,2,1,0,3,1,1,2026,regular-season,1630386,Awak Kuier,24.5,p
22026,1611661321,DAL,Dallas Wings,1022600099,2026-06-13,DAL @ PDX,L,32,7,17,0.412,3,8,0.375,1,1,1,1,3,4,3,2,2,1,5,18,7,1,2026,regular-season,1643425,Azzi Fudd,38.3,p
22026,1611661323,CON,Connecticut Sun,1022600097,2026-06-13,CON vs. IND,L,14,3,6,0.5,1,1,1,0,0,NA,1,2,3,1,0,0,1,2,7,-11,1,2026,regular-season,1642290,Aaliyah Edwards,11.1,p
22026,1611661323,CON,Connecticut Sun,1022600097,2026-06-13,CON vs. IND,L,14,1,3,0.333,1,2,0.5,0,0,NA,0,0,0,4,1,0,1,2,3,-4,1,2026,regular-season,1643449,Charlisse Leger-Walker,11,p
22026,1611661324,MIN,Minnesota Lynx,1022600098,2026-06-13,MIN @ LVA,L,6,0,2,0,0,0,NA,0,0,NA,0,0,0,0,0,0,0,0,0,1,1,2026,regular-season,1630471,Maya Caldwell,0,p
22026,1611661324,MIN,Minnesota Lynx,1022600098,2026-06-13,MIN @ LVA,L,10,0,2,0,0,0,NA,0,0,NA,2,0,2,0,0,0,0,1,0,0,1,2026,regular-season,1642797,Anastasiia Olairi Kosu,2.4,p
22026,1611661327,PDX,Portland Fire,1022600099,2026-06-13,PDX vs. DAL,W,14,0,3,0,0,3,0,0,0,NA,2,0,2,3,0,0,0,4,0,-3,1,2026,regular-season,1628317,Karlie Samuelson,6.9,p
22026,1611661327,PDX,Portland Fire,1022600099,2026-06-13,PDX vs. DAL,W,27,4,11,0.364,2,3,0.667,0,0,NA,2,3,5,8,0,0,4,4,10,2,1,2026,regular-season,1642304,Carla Leite,24,p
22026,1611661317,PHX,Phoenix Mercury,1022600100,2026-06-13,PHX vs. LAS,L,14,3,5,0.6,3,5,0.6,1,1,1,0,1,1,0,0,1,1,1,10,-16,1,2026,regular-season,201886,DeWanna Bonner,13.2,p
22026,1611661321,DAL,Dallas Wings,1022600099,2026-06-13,DAL @ PDX,L,35,7,16,0.438,2,7,0.286,6,8,0.75,0,6,6,2,0,0,2,2,22,1,1,2026,regular-season,1629481,Arike Ogunbowale,30.2,p
22026,1611661323,CON,Connecticut Sun,1022600097,2026-06-13,CON vs. IND,L,2,0,0,NA,0,0,NA,0,0,NA,0,0,0,0,0,0,1,0,0,0,1,2026,regular-season,1643441,Raegan Beers,-1,p
22026,1611661324,MIN,Minnesota Lynx,1022600098,2026-06-13,MIN @ LVA,L,34,11,20,0.55,3,6,0.5,4,4,1,0,4,4,1,1,0,6,3,29,-3,1,2026,regular-season,1643426,Olivia Miles,32.3,p
22026,1611661325,IND,Indiana Fever,1022600097,2026-06-13,IND @ CON,W,32,5,13,0.385,1,2,0.5,2,5,0.4,2,9,11,5,1,0,2,3,13,16,1,2026,regular-season,1641648,Aliyah Boston,34.7,p
22026,1611661313,NYL,New York Liberty,1022600101,2026-06-14,NYL vs. WAS,W,11,2,4,0.5,0,0,NA,0,0,NA,1,1,2,1,0,1,3,0,4,14,1,2026,regular-season,204335,Betnijah Laney-Hamilton,7.9,p
22026,1611661313,NYL,New York Liberty,1022600101,2026-06-14,NYL vs. WAS,W,30,5,12,0.417,1,2,0.5,3,4,0.75,3,9,12,1,0,7,1,2,14,13,1,2026,regular-season,1627668,Breanna Stewart,49.9,p
22026,1611661313,NYL,New York Liberty,1022600101,2026-06-14,NYL vs. WAS,W,26,1,4,0.25,0,2,0,3,4,0.75,0,3,3,3,0,0,2,1,5,18,1,2026,regular-season,1629477,Sabrina Ionescu,11.1,p
22026,1611661313,NYL,New York Liberty,1022600101,2026-06-14,NYL vs. WAS,W,2,1,1,1,0,0,NA,2,2,1,0,0,0,0,0,0,0,0,4,6,1,2026,regular-season,1630384,Raquel Carrera,4,p
22026,1611661322,WAS,Washington Mystics,1022600101,2026-06-14,WAS @ NYL,L,24,2,3,0.667,0,0,NA,0,1,0,1,5,6,1,1,1,0,2,4,-17,1,2026,regular-season,1643427,Lauren Betts,18.7,p
22026,1611661322,WAS,Washington Mystics,1022600101,2026-06-14,WAS @ NYL,L,26,2,11,0.182,0,4,0,0,0,NA,3,3,6,0,2,0,5,5,4,-14,1,2026,regular-season,1643455,Angela Dugalic,12.2,p
22026,1611661332,TOR,Toronto Tempo,1022600102,2026-06-14,TOR vs. ATL,L,19,6,11,0.545,2,5,0.4,3,3,1,1,2,3,0,1,2,3,3,17,-11,1,2026,regular-season,204330,Isabelle Harrison,26.6,p
22026,1611661332,TOR,Toronto Tempo,1022600102,2026-06-14,TOR vs. ATL,L,26,2,7,0.286,0,2,0,1,1,1,0,2,2,3,1,0,3,2,5,-17,1,2026,regular-season,1643420,Laura Juskaite,11.9,p
22026,1611661332,TOR,Toronto Tempo,1022600102,2026-06-14,TOR vs. ATL,L,4,0,1,0,0,0,NA,0,0,NA,0,1,1,0,1,0,1,1,0,-12,1,2026,regular-season,1643647,Tima Pouye,3.2,p
22026,1611661313,NYL,New York Liberty,1022600101,2026-06-14,NYL vs. WAS,W,11,0,1,0,0,0,NA,4,4,1,0,0,0,0,3,0,1,2,4,6,1,2026,regular-season,203822,Rebekah Gardner,12,p
22026,1611661313,NYL,New York Liberty,1022600101,2026-06-14,NYL vs. WAS,W,19,2,5,0.4,1,3,0.333,2,3,0.667,0,2,2,6,0,0,4,3,7,15,1,2026,regular-season,1630149,Satou Sabally,14.4,p
22026,1611661322,WAS,Washington Mystics,1022600101,2026-06-14,WAS @ NYL,L,30,3,12,0.25,0,0,NA,2,4,0.5,1,5,6,4,0,1,3,2,8,-13,1,2026,regular-season,1631022,Shakira Austin,21.2,p
22026,1611661322,WAS,Washington Mystics,1022600101,2026-06-14,WAS @ NYL,L,21,3,10,0.3,2,5,0.4,0,0,NA,1,2,3,0,1,0,0,0,8,-21,1,2026,regular-season,1643430,Cotie McMahon,14.6,p
22026,1611661322,WAS,Washington Mystics,1022600101,2026-06-14,WAS @ NYL,L,2,0,0,NA,0,0,NA,0,0,NA,0,0,0,1,0,0,0,0,0,-5,1,2026,regular-season,1643450,Rori Harmon,1.5,p
22026,1611661322,WAS,Washington Mystics,1022600101,2026-06-14,WAS @ NYL,L,4,1,1,1,0,0,NA,0,0,NA,0,0,0,0,0,0,1,0,2,-6,1,2026,regular-season,1643467,Cassandre Prosper,1,p
22026,1611661330,ATL,Atlanta Dream,1022600102,2026-06-14,ATL @ TOR,W,32,4,8,0.5,0,4,0,1,1,1,1,5,6,1,1,0,0,2,9,11,1,2026,regular-season,1631044,Naz Hillmon,20.7,p
22026,1611661332,TOR,Toronto Tempo,1022600102,2026-06-14,TOR vs. ATL,L,34,5,8,0.625,3,5,0.6,0,0,NA,1,2,3,6,2,2,0,4,13,-25,1,2026,regular-season,1627700,Julie Allemand,37.6,p
22026,1611661332,TOR,Toronto Tempo,1022600102,2026-06-14,TOR vs. ATL,L,27,2,11,0.182,2,7,0.286,3,3,1,0,4,4,2,0,1,1,2,9,-12,1,2026,regular-season,1629497,Marina Mabrey,18.8,p
22026,1611661313,NYL,New York Liberty,1022600101,2026-06-14,NYL vs. WAS,W,24,3,7,0.429,2,5,0.4,0,0,NA,0,2,2,2,1,0,1,2,8,3,1,2026,regular-season,1630142,Leonie Fiebich,15.4,p
22026,1611661322,WAS,Washington Mystics,1022600101,2026-06-14,WAS @ NYL,L,22,2,8,0.25,2,4,0.5,1,4,0.25,1,1,2,6,1,0,4,3,7,-12,1,2026,regular-season,1643644,Alicia Florez,17.4,p
22026,1611661330,ATL,Atlanta Dream,1022600102,2026-06-14,ATL @ TOR,W,28,2,8,0.25,1,3,0.333,0,0,NA,2,3,5,9,3,0,2,1,5,30,1,2026,regular-season,1628886,Jordin Canada,31.5,p
22026,1611661330,ATL,Atlanta Dream,1022600102,2026-06-14,ATL @ TOR,W,1,0,0,NA,0,0,NA,0,0,NA,0,0,0,0,0,0,1,0,0,1,1,2026,regular-season,1642801,Aaliyah Nye,-1,p
22026,1611661332,TOR,Toronto Tempo,1022600102,2026-06-14,TOR vs. ATL,L,17,3,5,0.6,0,0,NA,1,2,0.5,2,1,3,2,0,0,0,2,7,-12,1,2026,regular-season,1627701,Temi Fagbenle,13.6,p
22026,1611661332,TOR,Toronto Tempo,1022600102,2026-06-14,TOR vs. ATL,L,35,5,12,0.417,0,2,0,1,2,0.5,0,2,2,4,0,1,4,3,11,-18,1,2026,regular-season,1628279,Brittney Sykes,18.4,p
22026,1611661332,TOR,Toronto Tempo,1022600102,2026-06-14,TOR vs. ATL,L,8,1,1,1,1,1,1,0,0,NA,0,1,1,0,0,0,0,0,3,-8,1,2026,regular-season,1628915,Kia Nurse,4.2,p
22026,1611661332,TOR,Toronto Tempo,1022600102,2026-06-14,TOR vs. ATL,L,25,4,9,0.444,1,2,0.5,3,5,0.6,1,2,3,4,0,0,2,2,12,-12,1,2026,regular-season,1629576,Maria Conde,19.6,p
22026,1611661313,NYL,New York Liberty,1022600101,2026-06-14,NYL vs. WAS,W,13,2,3,0.667,2,3,0.667,0,0,NA,0,0,0,0,1,0,1,0,6,14,1,2026,regular-season,1629566,Han Xu,8,p
22026,1611661313,NYL,New York Liberty,1022600101,2026-06-14,NYL vs. WAS,W,20,2,4,0.5,0,1,0,2,2,1,0,1,1,6,1,0,1,3,6,9,1,2026,regular-season,1631136,Pauline Astier,18.2,p
22026,1611661322,WAS,Washington Mystics,1022600101,2026-06-14,WAS @ NYL,L,21,7,10,0.7,2,2,1,1,1,1,3,1,4,1,0,1,2,2,17,4,1,2026,regular-season,1630446,Michaela Onyenwere,24.3,p
22026,1611661322,WAS,Washington Mystics,1022600101,2026-06-14,WAS @ NYL,L,16,0,5,0,0,4,0,0,0,NA,1,1,2,2,1,0,0,3,0,-5,1,2026,regular-season,1642781,Georgia Amoore,8.4,p
22026,1611661322,WAS,Washington Mystics,1022600101,2026-06-14,WAS @ NYL,L,4,1,2,0.5,0,1,0,0,0,NA,0,0,0,0,0,0,0,1,2,-4,1,2026,regular-season,1642802,Lucy Olsen,2,p
22026,1611661330,ATL,Atlanta Dream,1022600102,2026-06-14,ATL @ TOR,W,35,8,14,0.571,5,9,0.556,5,6,0.833,0,3,3,7,1,0,0,3,26,26,1,2026,regular-season,1628277,Allisha Gray,43.1,p
22026,1611661330,ATL,Atlanta Dream,1022600102,2026-06-14,ATL @ TOR,W,38,9,18,0.5,4,11,0.364,2,2,1,0,6,6,2,1,3,1,2,24,26,1,2026,regular-season,1631009,Rhyne Howard,45.2,p
22026,1611661330,ATL,Atlanta Dream,1022600102,2026-06-14,ATL @ TOR,W,6,0,1,0,0,0,NA,0,0,NA,0,3,3,0,1,0,1,1,0,-9,1,2026,regular-season,1643431,Madina Okot,5.6,p
22026,1611661330,ATL,Atlanta Dream,1022600102,2026-06-14,ATL @ TOR,W,1,0,0,NA,0,0,NA,0,0,NA,0,0,0,1,0,0,0,0,0,1,1,2026,regular-season,1643469,Indya Nivar,1.5,p
22026,1611661313,NYL,New York Liberty,1022600101,2026-06-14,NYL vs. WAS,W,27,7,11,0.636,3,6,0.5,3,3,1,1,3,4,1,3,2,2,1,20,8,1,2026,regular-season,1627673,Jonquel Jones,39.3,p
22026,1611661313,NYL,New York Liberty,1022600101,2026-06-14,NYL vs. WAS,W,17,3,5,0.6,2,4,0.5,0,0,NA,0,4,4,2,0,0,1,2,8,4,1,2026,regular-season,1629546,Marine Johannes,14.8,p
22026,1611661322,WAS,Washington Mystics,1022600101,2026-06-14,WAS @ NYL,L,31,3,9,0.333,1,5,0.2,5,6,0.833,1,2,3,2,0,0,1,1,12,-17,1,2026,regular-season,1642785,Sonia Citron,17.6,p
22026,1611661330,ATL,Atlanta Dream,1022600102,2026-06-14,ATL @ TOR,W,2,0,1,0,0,1,0,0,0,NA,0,1,1,0,0,0,0,0,0,4,1,2026,regular-season,1631021,Sika Kone,1.2,p
22026,1611661330,ATL,Atlanta Dream,1022600102,2026-06-14,ATL @ TOR,W,27,6,19,0.316,0,0,NA,3,6,0.5,11,6,17,1,1,1,2,5,15,18,1,2026,regular-season,1642291,Angel Reese,40.9,p
22026,1611661330,ATL,Atlanta Dream,1022600102,2026-06-14,ATL @ TOR,W,18,5,6,0.833,2,3,0.667,5,5,1,0,3,3,1,0,0,1,2,17,22,1,2026,regular-season,1642302,Isobel Borlase,21.1,p
22026,1611661330,ATL,Atlanta Dream,1022600102,2026-06-14,ATL @ TOR,W,12,2,7,0.286,2,5,0.4,0,0,NA,0,0,0,0,0,0,0,2,6,-5,1,2026,regular-season,1642804,Te-Hina Paopao,6,p
22026,1611661332,TOR,Toronto Tempo,1022600102,2026-06-14,TOR vs. ATL,L,6,0,0,NA,0,0,NA,0,0,NA,0,2,2,2,0,1,1,0,0,2,1,2026,regular-season,1643457,Teonni Key,7.4,p
22026,1611661319,LVA,Las Vegas Aces,1022600103,2026-06-15,LVA @ DAL,L,18,1,5,0.2,0,1,0,2,2,1,1,4,5,3,1,1,1,1,4,-4,1,2026,regular-season,204323,Cheyenne Parker-Tyus,19.5,p
22026,1611661320,LAS,Los Angeles Sparks,1022600105,2026-06-15,LAS @ GSV,L,27,3,5,0.6,0,0,NA,0,0,NA,2,8,10,3,2,0,3,3,6,-6,1,2026,regular-season,204324,Dearica Hamby,25.5,p
22026,1611661320,LAS,Los Angeles Sparks,1022600105,2026-06-15,LAS @ GSV,L,29,3,10,0.3,1,4,0.25,2,3,0.667,1,0,1,1,0,0,2,6,9,-22,1,2026,regular-season,1628276,Kelsey Plum,9.7,p
22026,1611661320,LAS,Los Angeles Sparks,1022600105,2026-06-15,LAS @ GSV,L,21,3,11,0.273,0,7,0,0,0,NA,0,0,0,2,1,0,1,0,6,-11,1,2026,regular-season,1628878,Ariel Atkins,11,p
22026,1611661321,DAL,Dallas Wings,1022600103,2026-06-15,DAL vs. LVA,W,27,3,9,0.333,1,3,0.333,0,0,NA,2,2,4,0,2,2,3,3,7,26,1,2026,regular-season,1630386,Awak Kuier,20.8,p
22026,1611661324,MIN,Minnesota Lynx,1022600104,2026-06-15,MIN vs. PDX,W,26,6,11,0.545,0,0,NA,6,11,0.545,3,3,6,1,2,0,2,2,18,18,1,2026,regular-season,203827,Natasha Howard,30.7,p
22026,1611661324,MIN,Minnesota Lynx,1022600104,2026-06-15,MIN vs. PDX,W,19,4,8,0.5,1,2,0.5,2,2,1,3,2,5,3,0,1,2,2,11,11,1,2026,regular-season,1642797,Anastasiia Olairi Kosu,22.5,p
22026,1611661324,MIN,Minnesota Lynx,1022600104,2026-06-15,MIN vs. PDX,W,10,2,3,0.667,0,1,0,0,0,NA,0,0,0,1,0,0,0,1,4,4,1,2026,regular-season,1643490,Eliska Hamzova,5.5,p
22026,1611661327,PDX,Portland Fire,1022600104,2026-06-15,PDX @ MIN,L,17,4,7,0.571,1,2,0.5,0,0,NA,2,4,6,5,0,0,3,3,9,-8,1,2026,regular-season,1643506,Teja Oblak,20.7,p
22026,1611661319,LVA,Las Vegas Aces,1022600103,2026-06-15,LVA @ DAL,L,24,3,13,0.231,0,4,0,0,0,NA,2,2,4,5,0,0,3,4,6,-17,1,2026,regular-season,1629498,Jackie Young,15.3,p
22026,1611661319,LVA,Las Vegas Aces,1022600103,2026-06-15,LVA @ DAL,L,18,1,6,0.167,0,3,0,0,0,NA,0,1,1,2,0,2,1,4,2,-3,1,2026,regular-season,1631006,Kierstan Bell,11.2,p
22026,1611661320,LAS,Los Angeles Sparks,1022600105,2026-06-15,LAS @ GSV,L,1,0,0,NA,0,0,NA,0,0,NA,0,1,1,0,0,0,0,0,0,-2,1,2026,regular-season,1642790,Sania Feagin,1.2,p
22026,1611661321,DAL,Dallas Wings,1022600103,2026-06-15,DAL vs. LVA,W,31,4,6,0.667,0,0,NA,7,10,0.7,2,13,15,9,2,0,3,1,15,24,1,2026,regular-season,1629491,Jessica Shepard,49.5,p
22026,1611661321,DAL,Dallas Wings,1022600103,2026-06-15,DAL vs. LVA,W,9,2,3,0.667,0,1,0,0,0,NA,0,1,1,0,0,0,0,1,4,-2,1,2026,regular-season,1629501,Alanna Smith,5.2,p
22026,1611661324,MIN,Minnesota Lynx,1022600104,2026-06-15,MIN vs. PDX,W,25,5,14,0.357,1,4,0.25,3,3,1,3,3,6,4,2,0,4,2,14,27,1,2026,regular-season,203825,Kayla McBride,29.2,p
22026,1611661324,MIN,Minnesota Lynx,1022600104,2026-06-15,MIN vs. PDX,W,8,0,2,0,0,0,NA,0,2,0,1,3,4,1,0,1,0,2,0,10,1,2026,regular-season,1629479,Teaira McCowan,9.3,p
22026,1611661324,MIN,Minnesota Lynx,1022600104,2026-06-15,MIN vs. PDX,W,15,4,6,0.667,1,2,0.5,2,2,1,3,1,4,1,1,0,0,0,11,6,1,2026,regular-season,1630471,Maya Caldwell,20.3,p
22026,1611661327,PDX,Portland Fire,1022600104,2026-06-15,PDX @ MIN,L,17,4,10,0.4,1,2,0.5,0,0,NA,1,2,3,0,1,0,0,2,9,-19,1,2026,regular-season,1629484,Megan DiLeo,15.6,p
22026,1611661327,PDX,Portland Fire,1022600104,2026-06-15,PDX @ MIN,L,26,1,9,0.111,0,4,0,1,2,0.5,0,1,1,2,0,0,1,2,3,-31,1,2026,regular-season,1629524,Bridget Carleton,6.2,p
22026,1611661327,PDX,Portland Fire,1022600104,2026-06-15,PDX @ MIN,L,20,4,7,0.571,1,1,1,0,0,NA,1,1,2,3,2,1,3,0,9,-14,1,2026,regular-season,1631083,Emily Engstler,21.9,p
22026,1611661327,PDX,Portland Fire,1022600104,2026-06-15,PDX @ MIN,L,19,3,8,0.375,1,3,0.333,3,4,0.75,0,2,2,3,1,0,4,3,10,-20,1,2026,regular-season,1642304,Carla Leite,15.9,p
22026,1611661327,PDX,Portland Fire,1022600104,2026-06-15,PDX @ MIN,L,25,3,5,0.6,2,4,0.5,0,0,NA,0,2,2,2,2,1,7,3,8,-16,1,2026,regular-season,1642782,Sarah Ashlee Barker,15.4,p
22026,1611661331,GSV,Golden State Valkyries,1022600105,2026-06-15,GSV vs. LAS,W,18,5,12,0.417,0,2,0,0,0,NA,0,3,3,3,1,0,0,1,10,5,1,2026,regular-season,1628508,Cecilia Zandalasini,21.1,p
22026,1611661331,GSV,Golden State Valkyries,1022600105,2026-06-15,GSV vs. LAS,W,2,0,0,NA,0,0,NA,0,0,NA,0,0,0,0,0,0,0,0,0,2,1,2026,regular-season,1641656,Laeticia Amihere,0,p
22026,1611661319,LVA,Las Vegas Aces,1022600103,2026-06-15,LVA @ DAL,L,31,8,14,0.571,5,9,0.556,0,0,NA,0,2,2,0,1,0,2,2,21,-17,1,2026,regular-season,204319,Jewell Loyd,24.4,p
22026,1611661319,LVA,Las Vegas Aces,1022600103,2026-06-15,LVA @ DAL,L,11,1,1,1,0,0,NA,0,0,NA,0,0,0,0,0,0,0,0,2,-20,1,2026,regular-season,1629488,Brianna Turner,2,p
22026,1611661319,LVA,Las Vegas Aces,1022600103,2026-06-15,LVA @ DAL,L,23,4,7,0.571,0,0,NA,1,2,0.5,1,5,6,0,0,0,0,2,9,-18,1,2026,regular-season,1631019,NaLyssa Smith,16.2,p
22026,1611661320,LAS,Los Angeles Sparks,1022600105,2026-06-15,LAS @ GSV,L,28,0,7,0,0,5,0,0,0,NA,1,3,4,5,1,0,1,5,0,-11,1,2026,regular-season,204365,Erica Wheeler,14.3,p
22026,1611661320,LAS,Los Angeles Sparks,1022600105,2026-06-15,LAS @ GSV,L,4,0,1,0,0,0,NA,0,0,NA,0,1,1,0,0,0,1,0,0,-1,1,2026,regular-season,1643444,Ta'Niya Latson,0.2,p
22026,1611661321,DAL,Dallas Wings,1022600103,2026-06-15,DAL vs. LVA,W,5,0,2,0,0,1,0,0,0,NA,0,1,1,0,0,0,0,1,0,6,1,2026,regular-season,202252,Alysha Clark,1.2,p
22026,1611661321,DAL,Dallas Wings,1022600103,2026-06-15,DAL vs. LVA,W,30,6,16,0.375,5,11,0.455,5,6,0.833,1,3,4,7,2,0,0,2,22,25,1,2026,regular-season,1629481,Arike Ogunbowale,43.3,p
22026,1611661321,DAL,Dallas Wings,1022600103,2026-06-15,DAL vs. LVA,W,9,2,2,1,1,1,1,0,0,NA,0,1,1,0,0,0,0,2,5,6,1,2026,regular-season,1641652,Maddy Siegrist,6.2,p
22026,1611661321,DAL,Dallas Wings,1022600103,2026-06-15,DAL vs. LVA,W,12,4,5,0.8,0,0,NA,2,3,0.667,2,2,4,1,2,0,0,0,10,8,1,2026,regular-season,1642793,Aziaha James,22.3,p
22026,1611661327,PDX,Portland Fire,1022600104,2026-06-15,PDX @ MIN,L,13,1,2,0.5,0,0,NA,0,0,NA,1,1,2,1,0,0,2,2,2,-7,1,2026,regular-season,1643436,Serah Williams,3.9,p
22026,1611661331,GSV,Golden State Valkyries,1022600105,2026-06-15,GSV vs. LAS,W,28,6,12,0.5,1,3,0.333,3,3,1,0,4,4,1,1,0,3,2,16,17,1,2026,regular-season,1628931,Gabby Williams,22.3,p
22026,1611661331,GSV,Golden State Valkyries,1022600105,2026-06-15,GSV vs. LAS,W,22,5,7,0.714,2,3,0.667,1,2,0.5,1,7,8,5,0,0,0,3,13,15,1,2026,regular-season,1630097,Kaila Charles,30.1,p
22026,1611661331,GSV,Golden State Valkyries,1022600105,2026-06-15,GSV vs. LAS,W,25,1,8,0.125,1,4,0.25,4,4,1,2,2,4,2,1,0,0,3,7,18,1,2026,regular-season,1642767,Janelle Salaun,17.8,p
22026,1611661331,GSV,Golden State Valkyries,1022600105,2026-06-15,GSV vs. LAS,W,10,3,4,0.75,0,0,NA,0,0,NA,1,2,3,1,1,0,1,1,6,5,1,2026,regular-season,1642822,Kaitlyn Chen,13.1,p
22026,1611661319,LVA,Las Vegas Aces,1022600103,2026-06-15,LVA @ DAL,L,29,0,5,0,0,1,0,0,0,NA,1,3,4,9,2,0,4,3,0,-22,1,2026,regular-season,203833,Chelsea Gray,20.3,p
22026,1611661319,LVA,Las Vegas Aces,1022600103,2026-06-15,LVA @ DAL,L,26,8,15,0.533,0,2,0,2,3,0.667,0,5,5,2,1,0,2,1,18,-18,1,2026,regular-season,1628932,A'ja Wilson,28,p
22026,1611661320,LAS,Los Angeles Sparks,1022600105,2026-06-15,LAS @ GSV,L,4,1,2,0.5,0,0,NA,0,0,NA,1,0,1,0,0,0,0,0,2,-2,1,2026,regular-season,1630148,Jihyun Park,3.2,p
22026,1611661320,LAS,Los Angeles Sparks,1022600105,2026-06-15,LAS @ GSV,L,15,4,5,0.8,0,1,0,2,5,0.4,0,2,2,0,0,1,1,1,10,-4,1,2026,regular-season,1642287,Cameron Brink,14.4,p
22026,1611661321,DAL,Dallas Wings,1022600103,2026-06-15,DAL vs. LVA,W,4,0,3,0,0,2,0,0,0,NA,1,3,4,1,0,0,0,0,0,6,1,2026,regular-season,1629574,Li Yueru,6.3,p
22026,1611661321,DAL,Dallas Wings,1022600103,2026-06-15,DAL vs. LVA,W,21,2,5,0.4,0,2,0,0,0,NA,0,2,2,4,1,1,0,1,4,8,1,2026,regular-season,1630134,Sug Sutton,18.4,p
22026,1611661321,DAL,Dallas Wings,1022600103,2026-06-15,DAL vs. LVA,W,28,8,9,0.889,1,2,0.5,2,2,1,0,0,0,1,0,0,1,1,19,22,1,2026,regular-season,1643425,Azzi Fudd,19.5,p
22026,1611661324,MIN,Minnesota Lynx,1022600104,2026-06-15,MIN vs. PDX,W,24,7,10,0.7,2,3,0.667,0,0,NA,1,4,5,4,0,0,2,0,16,26,1,2026,regular-season,1627675,Courtney Williams,26,p
22026,1611661324,MIN,Minnesota Lynx,1022600104,2026-06-15,MIN vs. PDX,W,21,6,9,0.667,3,4,0.75,0,2,0,2,3,5,4,3,3,0,0,15,16,1,2026,regular-season,1628269,Nia Coffey,45,p
22026,1611661324,MIN,Minnesota Lynx,1022600104,2026-06-15,MIN vs. PDX,W,23,6,8,0.75,0,2,0,0,0,NA,0,4,4,5,3,0,3,3,12,21,1,2026,regular-season,1643426,Olivia Miles,30.3,p
22026,1611661327,PDX,Portland Fire,1022600104,2026-06-15,PDX @ MIN,L,21,1,3,0.333,1,3,0.333,0,0,NA,2,1,3,2,0,0,0,3,3,-10,1,2026,regular-season,1642296,Nyadiew Puoch,9.6,p
22026,1611661331,GSV,Golden State Valkyries,1022600105,2026-06-15,GSV vs. LAS,W,10,1,4,0.25,0,1,0,2,2,1,0,0,0,2,1,0,1,1,4,1,1,2026,regular-season,203026,Tiffany Hayes,9,p
22026,1611661320,LAS,Los Angeles Sparks,1022600105,2026-06-15,LAS @ GSV,L,29,3,9,0.333,1,2,0.5,2,2,1,2,5,7,2,0,0,2,0,9,-22,1,2026,regular-season,203014,Nneka Ogwumike,18.4,p
22026,1611661320,LAS,Los Angeles Sparks,1022600105,2026-06-15,LAS @ GSV,L,22,2,8,0.25,0,1,0,9,10,0.9,0,1,1,1,0,3,1,0,13,-10,1,2026,regular-season,1630996,Rae Burrell,23.7,p
22026,1611661320,LAS,Los Angeles Sparks,1022600105,2026-06-15,LAS @ GSV,L,11,1,1,1,1,1,1,0,0,NA,1,2,3,2,0,0,0,1,3,2,1,2026,regular-season,1642324,Kate Martin,9.6,p
22026,1611661320,LAS,Los Angeles Sparks,1022600105,2026-06-15,LAS @ GSV,L,8,0,1,0,0,0,NA,0,0,NA,0,2,2,0,0,0,3,2,0,-11,1,2026,regular-season,1643462,Chance Gray,-0.6,p
22026,1611661321,DAL,Dallas Wings,1022600103,2026-06-15,DAL vs. LVA,W,24,4,11,0.364,2,5,0.4,0,0,NA,0,5,5,7,1,0,0,2,10,21,1,2026,regular-season,1642784,Paige Bueckers,29.5,p
22026,1611661324,MIN,Minnesota Lynx,1022600104,2026-06-15,MIN vs. PDX,W,29,2,6,0.333,2,5,0.4,0,0,NA,0,1,1,7,3,0,0,2,6,26,1,2026,regular-season,1643489,Antonia Delaere,26.7,p
22026,1611661327,PDX,Portland Fire,1022600104,2026-06-15,PDX @ MIN,L,15,3,5,0.6,3,4,0.75,0,0,NA,1,3,4,0,1,0,0,3,9,-12,1,2026,regular-season,1630143,Luisa Geiselsoder,16.8,p
22026,1611661327,PDX,Portland Fire,1022600104,2026-06-15,PDX @ MIN,L,8,1,4,0.25,0,3,0,0,0,NA,0,0,0,2,0,0,1,2,2,-9,1,2026,regular-season,1641683,Holly Winterburn,4,p
22026,1611661331,GSV,Golden State Valkyries,1022600105,2026-06-15,GSV vs. LAS,W,23,2,6,0.333,0,3,0,2,2,1,1,1,2,1,4,0,0,4,6,5,1,2026,regular-season,203866,Kayla Thornton,21.9,p
22026,1611661331,GSV,Golden State Valkyries,1022600105,2026-06-15,GSV vs. LAS,W,30,1,1,1,1,1,1,1,2,0.5,1,6,7,1,2,2,1,3,4,15,1,2026,regular-season,204329,Kiah Stokes,24.9,p
22026,1611661331,GSV,Golden State Valkyries,1022600105,2026-06-15,GSV vs. LAS,W,2,0,0,NA,0,0,NA,0,0,NA,0,0,0,0,0,0,1,0,0,2,1,2026,regular-season,1642794,Juste Jocyte,-1,p
22026,1611661319,LVA,Las Vegas Aces,1022600103,2026-06-15,LVA @ DAL,L,20,1,2,0.5,0,1,0,2,2,1,2,2,4,3,0,0,1,1,4,-31,1,2026,regular-season,203855,Stephanie Talbot,12.3,p
22026,1611661327,PDX,Portland Fire,1022600104,2026-06-15,PDX @ MIN,L,20,3,9,0.333,0,4,0,4,5,0.8,2,0,2,1,0,0,0,1,10,-19,1,2026,regular-season,1643494,Frieda Buhner,13.9,p
22026,1611661331,GSV,Golden State Valkyries,1022600105,2026-06-15,GSV vs. LAS,W,30,4,12,0.333,2,4,0.5,2,4,0.5,1,1,2,3,2,2,2,2,12,15,1,2026,regular-season,1631007,Veronica Burton,28.9,p
22026,1611661325,IND,Indiana Fever,1022600106,2026-06-16,IND vs. TOR,W,20,3,6,0.5,0,3,0,0,0,NA,1,3,4,0,0,0,0,3,6,2,1,2026,regular-season,1631086,Lexie Hull,10.8,p
22026,1611661325,IND,Indiana Fever,1022600106,2026-06-16,IND vs. TOR,W,23,1,3,0.333,0,0,NA,0,0,NA,1,5,6,0,1,2,2,4,2,17,1,2026,regular-season,1642815,Makayla Timpson,16.2,p
22026,1611661332,TOR,Toronto Tempo,1022600106,2026-06-16,TOR @ IND,L,26,4,12,0.333,2,5,0.4,1,2,0.5,2,6,8,2,3,0,0,2,11,-9,1,2026,regular-season,204330,Isabelle Harrison,32.6,p
22026,1611661332,TOR,Toronto Tempo,1022600106,2026-06-16,TOR @ IND,L,25,8,11,0.727,2,3,0.667,1,2,0.5,0,2,2,4,3,0,2,5,19,-8,1,2026,regular-season,1643420,Laura Juskaite,34.4,p
22026,1611661332,TOR,Toronto Tempo,1022600106,2026-06-16,TOR @ IND,L,13,1,7,0.143,1,3,0.333,2,4,0.5,1,1,2,2,1,0,1,5,5,-17,1,2026,regular-season,1643647,Tima Pouye,12.4,p
22026,1611661325,IND,Indiana Fever,1022600106,2026-06-16,IND vs. TOR,W,20,1,5,0.2,0,1,0,3,4,0.75,3,4,7,0,0,0,0,2,5,10,1,2026,regular-season,1628881,Monique Billings,13.4,p
22026,1611661325,IND,Indiana Fever,1022600106,2026-06-16,IND vs. TOR,W,7,0,1,0,0,0,NA,0,0,NA,0,2,2,2,0,0,0,0,0,5,1,2026,regular-season,1628899,Myisha Hines-Allen,5.4,p
22026,1611661325,IND,Indiana Fever,1022600106,2026-06-16,IND vs. TOR,W,24,8,11,0.727,6,7,0.857,2,2,1,1,5,6,2,0,0,0,2,24,26,1,2026,regular-season,1629482,Sophie Cunningham,34.2,p
22026,1611661332,TOR,Toronto Tempo,1022600106,2026-06-16,TOR @ IND,L,11,0,2,0,0,2,0,0,0,NA,0,0,0,1,0,0,0,3,0,-3,1,2026,regular-season,1627700,Julie Allemand,1.5,p
22026,1611661332,TOR,Toronto Tempo,1022600106,2026-06-16,TOR @ IND,L,18,1,4,0.25,0,0,NA,1,2,0.5,1,4,5,1,0,0,0,2,3,-16,1,2026,regular-season,1627701,Temi Fagbenle,10.5,p
22026,1611661332,TOR,Toronto Tempo,1022600106,2026-06-16,TOR @ IND,L,31,4,8,0.5,3,4,0.75,1,1,1,0,4,4,5,0,0,1,3,12,-22,1,2026,regular-season,1629576,Maria Conde,23.3,p
22026,1611661325,IND,Indiana Fever,1022600106,2026-06-16,IND vs. TOR,W,2,0,1,0,0,1,0,4,4,1,1,0,1,0,0,0,0,0,4,-2,1,2026,regular-season,203024,Damiris Dantas,5.2,p
22026,1611661325,IND,Indiana Fever,1022600106,2026-06-16,IND vs. TOR,W,14,2,5,0.4,2,4,0.5,0,0,NA,0,0,0,1,0,0,1,1,6,15,1,2026,regular-season,1643433,Raven Johnson,6.5,p
22026,1611661332,TOR,Toronto Tempo,1022600106,2026-06-16,TOR @ IND,L,19,5,8,0.625,1,1,1,0,1,0,0,2,2,3,0,0,1,2,11,6,1,2026,regular-season,1628279,Brittney Sykes,16.9,p
22026,1611661325,IND,Indiana Fever,1022600106,2026-06-16,IND vs. TOR,W,32,9,11,0.818,3,4,0.75,6,6,1,0,1,1,2,0,0,4,1,27,17,1,2026,regular-season,1628909,Kelsey Mitchell,27.2,p
22026,1611661325,IND,Indiana Fever,1022600106,2026-06-16,IND vs. TOR,W,26,7,11,0.636,1,2,0.5,3,3,1,2,9,11,4,2,2,3,3,18,6,1,2026,regular-season,1641648,Aliyah Boston,46.2,p
22026,1611661325,IND,Indiana Fever,1022600106,2026-06-16,IND vs. TOR,W,1,0,0,NA,0,0,NA,0,0,NA,0,0,0,0,0,0,0,0,0,0,1,2026,regular-season,1643453,Grace VanSlooten,0,p
22026,1611661325,IND,Indiana Fever,1022600106,2026-06-16,IND vs. TOR,W,32,5,15,0.333,1,8,0.125,10,14,0.714,1,4,5,14,1,1,6,2,21,14,1,2026,regular-season,1642286,Caitlin Clark,48,p
22026,1611661332,TOR,Toronto Tempo,1022600106,2026-06-16,TOR @ IND,L,31,7,16,0.438,2,5,0.4,2,3,0.667,0,1,1,7,2,1,4,2,18,-14,1,2026,regular-season,1629497,Marina Mabrey,34.7,p
22026,1611661332,TOR,Toronto Tempo,1022600106,2026-06-16,TOR @ IND,L,11,1,3,0.333,0,1,0,0,0,NA,1,1,2,0,0,0,1,1,2,-11,1,2026,regular-season,1643457,Teonni Key,3.4,p
22026,1611661332,TOR,Toronto Tempo,1022600106,2026-06-16,TOR @ IND,L,15,3,4,0.75,0,1,0,4,4,1,0,1,1,0,0,0,2,2,10,-16,1,2026,regular-season,1628915,Kia Nurse,9.2,p
22026,1611661313,NYL,New York Liberty,1022600108,2026-06-17,NYL @ CHI,W,17,1,5,0.2,1,3,0.333,0,0,NA,0,1,1,1,2,0,1,0,3,1,1,2026,regular-season,1629546,Marine Johannes,10.7,p
22026,1611661313,NYL,New York Liberty,1022600108,2026-06-17,NYL @ CHI,W,19,8,11,0.727,1,4,0.25,0,0,NA,1,1,2,2,0,0,1,2,17,6,1,2026,regular-season,1630149,Satou Sabally,21.4,p
22026,1611661313,NYL,New York Liberty,1022600108,2026-06-17,NYL @ CHI,W,23,1,3,0.333,0,0,NA,7,7,1,2,3,5,4,1,0,0,0,9,9,1,2026,regular-season,1631136,Pauline Astier,24,p
22026,1611661319,LVA,Las Vegas Aces,1022600111,2026-06-17,LVA @ PHX,W,24,0,7,0,0,5,0,0,0,NA,2,1,3,1,2,0,0,3,0,10,1,2026,regular-season,204319,Jewell Loyd,11.1,p
22026,1611661319,LVA,Las Vegas Aces,1022600111,2026-06-17,LVA @ PHX,W,5,0,1,0,0,1,0,0,0,NA,0,0,0,0,1,1,1,0,0,-11,1,2026,regular-season,1631006,Kierstan Bell,5,p
22026,1611661319,LVA,Las Vegas Aces,1022600111,2026-06-17,LVA @ PHX,W,31,8,10,0.8,0,0,NA,5,8,0.625,2,3,5,2,1,0,0,1,21,11,1,2026,regular-season,1631019,NaLyssa Smith,33,p
22026,1611661320,LAS,Los Angeles Sparks,1022600110,2026-06-17,LAS vs. MIN,L,12,0,2,0,0,1,0,6,9,0.667,1,2,3,2,0,0,2,0,6,-4,1,2026,regular-season,1643444,Ta'Niya Latson,10.6,p
22026,1611661320,LAS,Los Angeles Sparks,1022600110,2026-06-17,LAS vs. MIN,L,13,2,3,0.667,2,3,0.667,2,2,1,0,2,2,2,0,0,2,1,8,-9,1,2026,regular-season,1643462,Chance Gray,11.4,p
22026,1611661321,DAL,Dallas Wings,1022600109,2026-06-17,DAL @ GSV,L,16,2,4,0.5,1,3,0.333,0,0,NA,0,3,3,0,0,1,0,1,5,5,1,2026,regular-season,1629501,Alanna Smith,11.6,p
22026,1611661321,DAL,Dallas Wings,1022600109,2026-06-17,DAL @ GSV,L,13,3,4,0.75,2,2,1,1,2,0.5,0,0,0,2,0,0,1,2,9,-2,1,2026,regular-season,1630134,Sug Sutton,11,p
22026,1611661322,WAS,Washington Mystics,1022600107,2026-06-17,WAS @ CON,W,19,3,5,0.6,2,4,0.5,2,2,1,0,0,0,2,0,0,2,1,10,4,1,2026,regular-season,1642781,Georgia Amoore,11,p
22026,1611661323,CON,Connecticut Sun,1022600107,2026-06-17,CON vs. WAS,L,5,0,1,0,0,1,0,0,0,NA,1,0,1,0,0,0,1,0,0,-6,1,2026,regular-season,1643429,Gianna Kneepkens,0.2,p
22026,1611661323,CON,Connecticut Sun,1022600107,2026-06-17,CON vs. WAS,L,19,3,5,0.6,1,1,1,3,3,1,0,2,2,4,0,0,0,3,10,-4,1,2026,regular-season,1643449,Charlisse Leger-Walker,18.4,p
22026,1611661324,MIN,Minnesota Lynx,1022600110,2026-06-17,MIN @ LAS,W,29,6,13,0.462,0,0,NA,3,5,0.6,4,5,9,2,1,1,2,4,15,14,1,2026,regular-season,203827,Natasha Howard,32.8,p
22026,1611661324,MIN,Minnesota Lynx,1022600110,2026-06-17,MIN @ LAS,W,5,1,1,1,0,0,NA,0,1,0,0,1,1,0,0,0,1,2,2,-4,1,2026,regular-season,1629479,Teaira McCowan,2.2,p
22026,1611661324,MIN,Minnesota Lynx,1022600110,2026-06-17,MIN @ LAS,W,10,2,2,1,0,0,NA,0,0,NA,0,2,2,1,0,0,3,2,4,0,1,2026,regular-season,1642797,Anastasiia Olairi Kosu,4.9,p
22026,1611661324,MIN,Minnesota Lynx,1022600110,2026-06-17,MIN @ LAS,W,15,2,4,0.5,2,4,0.5,0,0,NA,0,0,0,1,0,0,0,2,6,5,1,2026,regular-season,1643489,Antonia Delaere,7.5,p
22026,1611661327,PDX,Portland Fire,1022600112,2026-06-17,PDX vs. SEA,W,27,3,8,0.375,2,4,0.5,1,2,0.5,3,3,6,5,1,2,2,4,9,10,1,2026,regular-season,1631083,Emily Engstler,30.7,p
22026,1611661327,PDX,Portland Fire,1022600112,2026-06-17,PDX vs. SEA,W,12,0,1,0,0,0,NA,1,2,0.5,2,2,4,0,0,0,2,2,1,-7,1,2026,regular-season,1643436,Serah Williams,3.8,p
22026,1611661328,SEA,Seattle Storm,1022600112,2026-06-17,SEA @ PDX,L,9,0,2,0,0,2,0,0,0,NA,0,2,2,0,0,0,0,0,0,5,1,2026,regular-season,203828,Stefanie Dolson,2.4,p
22026,1611661329,CHI,Chicago Sky,1022600108,2026-06-17,CHI vs. NYL,L,31,7,16,0.438,3,5,0.6,2,3,0.667,1,1,2,8,1,1,1,1,19,7,1,2026,regular-season,203400,Skylar Diggins,38.4,p
22026,1611661329,CHI,Chicago Sky,1022600108,2026-06-17,CHI vs. NYL,L,11,0,2,0,0,1,0,0,0,NA,1,1,2,1,0,0,0,1,0,-5,1,2026,regular-season,1642786,Aicha Coulibaly,3.9,p
22026,1611661331,GSV,Golden State Valkyries,1022600109,2026-06-17,GSV vs. DAL,W,22,2,6,0.333,1,2,0.5,1,2,0.5,2,3,5,2,0,0,1,2,6,4,1,2026,regular-season,1630097,Kaila Charles,14,p
22026,1611661331,GSV,Golden State Valkyries,1022600109,2026-06-17,GSV vs. DAL,W,33,3,8,0.375,2,3,0.667,3,3,1,2,6,8,5,2,1,2,3,11,1,1,2026,regular-season,1631007,Veronica Burton,35.1,p
22026,1611661331,GSV,Golden State Valkyries,1022600109,2026-06-17,GSV vs. DAL,W,20,3,7,0.429,2,4,0.5,4,5,0.8,0,4,4,1,0,0,2,1,12,-2,1,2026,regular-season,1642767,Janelle Salaun,16.3,p
22026,1611661313,NYL,New York Liberty,1022600108,2026-06-17,NYL @ CHI,W,15,3,5,0.6,0,2,0,4,4,1,1,0,1,1,1,0,0,2,10,-3,1,2026,regular-season,203822,Rebekah Gardner,15.7,p
22026,1611661313,NYL,New York Liberty,1022600108,2026-06-17,NYL @ CHI,W,35,7,12,0.583,1,3,0.333,2,3,0.667,1,5,6,3,2,1,0,3,17,-1,1,2026,regular-season,1627668,Breanna Stewart,37.7,p
22026,1611661317,PHX,Phoenix Mercury,1022600111,2026-06-17,PHX vs. LVA,L,5,1,2,0.5,1,1,1,0,0,NA,1,1,2,0,0,0,1,0,3,-2,1,2026,regular-season,1642768,Kyara Linskens,4.4,p
22026,1611661319,LVA,Las Vegas Aces,1022600111,2026-06-17,LVA @ PHX,W,38,7,15,0.467,4,8,0.5,2,3,0.667,1,0,1,9,5,1,3,2,20,13,1,2026,regular-season,1629498,Jackie Young,49.7,p
22026,1611661320,LAS,Los Angeles Sparks,1022600110,2026-06-17,LAS vs. MIN,L,22,5,7,0.714,1,2,0.5,2,2,1,0,0,0,0,1,0,2,3,13,-10,1,2026,regular-season,1630148,Jihyun Park,14,p
22026,1611661320,LAS,Los Angeles Sparks,1022600110,2026-06-17,LAS vs. MIN,L,26,6,10,0.6,2,4,0.5,5,6,0.833,0,0,0,3,0,0,2,4,19,-6,1,2026,regular-season,1630996,Rae Burrell,21.5,p
22026,1611661321,DAL,Dallas Wings,1022600109,2026-06-17,DAL @ GSV,L,24,1,3,0.333,0,2,0,1,2,0.5,0,2,2,1,1,0,3,1,3,-16,1,2026,regular-season,1630386,Awak Kuier,6.9,p
22026,1611661321,DAL,Dallas Wings,1022600109,2026-06-17,DAL @ GSV,L,37,4,13,0.308,2,5,0.4,0,2,0,0,1,1,1,5,1,1,4,10,-14,1,2026,regular-season,1643425,Azzi Fudd,29.7,p
22026,1611661322,WAS,Washington Mystics,1022600107,2026-06-17,WAS @ CON,W,32,2,7,0.286,0,0,NA,9,10,0.9,1,6,7,3,0,0,2,1,13,13,1,2026,regular-season,1643427,Lauren Betts,23.9,p
22026,1611661327,PDX,Portland Fire,1022600112,2026-06-17,PDX vs. SEA,W,17,3,6,0.5,2,5,0.4,2,2,1,1,0,1,0,1,0,0,0,10,-4,1,2026,regular-season,1628317,Karlie Samuelson,14.2,p
22026,1611661327,PDX,Portland Fire,1022600112,2026-06-17,PDX vs. SEA,W,29,7,13,0.538,7,13,0.538,3,4,0.75,2,2,4,1,3,2,2,2,24,6,1,2026,regular-season,1629524,Bridget Carleton,43.3,p
22026,1611661327,PDX,Portland Fire,1022600112,2026-06-17,PDX vs. SEA,W,29,5,11,0.455,1,2,0.5,9,10,0.9,2,2,4,10,1,0,1,2,20,13,1,2026,regular-season,1642304,Carla Leite,41.8,p
22026,1611661327,PDX,Portland Fire,1022600112,2026-06-17,PDX vs. SEA,W,11,2,3,0.667,1,2,0.5,0,0,NA,0,0,0,2,0,0,2,1,5,-8,1,2026,regular-season,1643506,Teja Oblak,6,p
22026,1611661328,SEA,Seattle Storm,1022600112,2026-06-17,SEA @ PDX,L,11,0,2,0,0,1,0,0,0,NA,0,1,1,1,1,0,0,0,0,3,1,2026,regular-season,1629478,Katie Lou Samuelson,5.7,p
22026,1611661328,SEA,Seattle Storm,1022600112,2026-06-17,SEA @ PDX,L,23,2,5,0.4,0,2,0,3,4,0.75,0,3,3,2,0,0,1,4,7,-10,1,2026,regular-season,1641660,Zia Cooke,12.6,p
22026,1611661329,CHI,Chicago Sky,1022600108,2026-06-17,CHI vs. NYL,L,20,3,6,0.5,0,0,NA,0,0,NA,1,5,6,0,0,0,4,4,6,5,1,2026,regular-season,1628922,Azura Stevens,9.2,p
22026,1611661329,CHI,Chicago Sky,1022600108,2026-06-17,CHI vs. NYL,L,24,4,7,0.571,0,0,NA,2,2,1,0,4,4,4,1,0,2,5,10,7,1,2026,regular-season,1642289,Kamilla Cardoso,21.8,p
22026,1611661331,GSV,Golden State Valkyries,1022600109,2026-06-17,GSV vs. DAL,W,10,3,4,0.75,2,2,1,2,2,1,0,0,0,1,0,0,0,2,10,-2,1,2026,regular-season,203026,Tiffany Hayes,11.5,p
22026,1611661317,PHX,Phoenix Mercury,1022600111,2026-06-17,PHX vs. LVA,L,20,3,6,0.5,2,4,0.5,2,3,0.667,0,3,3,1,2,0,0,2,10,-6,1,2026,regular-season,201886,DeWanna Bonner,21.1,p
22026,1611661317,PHX,Phoenix Mercury,1022600111,2026-06-17,PHX vs. LVA,L,35,4,10,0.4,0,0,NA,2,2,1,1,4,5,11,0,0,6,5,10,-11,1,2026,regular-season,203826,Alyssa Thomas,26.5,p
22026,1611661317,PHX,Phoenix Mercury,1022600111,2026-06-17,PHX vs. LVA,L,15,3,5,0.6,1,2,0.5,0,0,NA,0,1,1,0,0,0,1,0,7,-2,1,2026,regular-season,1631118,Lexi Held,7.2,p
22026,1611661319,LVA,Las Vegas Aces,1022600111,2026-06-17,LVA @ PHX,W,20,1,2,0.5,1,1,1,0,0,NA,0,2,2,1,2,0,0,2,3,1,1,2026,regular-season,203855,Stephanie Talbot,12.9,p
22026,1611661321,DAL,Dallas Wings,1022600109,2026-06-17,DAL @ GSV,L,28,7,11,0.636,3,3,1,4,4,1,0,2,2,3,1,0,0,2,21,-13,1,2026,regular-season,1629481,Arike Ogunbowale,30.9,p
22026,1611661321,DAL,Dallas Wings,1022600109,2026-06-17,DAL @ GSV,L,6,1,3,0.333,0,2,0,0,0,NA,0,2,2,0,2,0,1,0,2,4,1,2026,regular-season,1642793,Aziaha James,9.4,p
22026,1611661322,WAS,Washington Mystics,1022600107,2026-06-17,WAS @ CON,W,32,8,12,0.667,4,4,1,2,2,1,0,3,3,0,1,0,2,3,22,11,1,2026,regular-season,1630446,Michaela Onyenwere,26.6,p
22026,1611661323,CON,Connecticut Sun,1022600107,2026-06-17,CON vs. WAS,L,12,3,5,0.6,1,3,0.333,0,0,NA,0,0,0,0,2,0,0,3,7,1,1,2026,regular-season,1641649,Diamond Miller,13,p
22026,1611661323,CON,Connecticut Sun,1022600107,2026-06-17,CON vs. WAS,L,21,3,7,0.429,0,2,0,0,0,NA,0,2,2,1,0,0,0,3,6,-8,1,2026,regular-season,1642809,Saniya Rivers,9.9,p
22026,1611661324,MIN,Minnesota Lynx,1022600110,2026-06-17,MIN @ LAS,W,26,12,15,0.8,2,3,0.667,5,6,0.833,0,4,4,4,0,0,5,2,31,13,1,2026,regular-season,1643426,Olivia Miles,36.8,p
22026,1611661327,PDX,Portland Fire,1022600112,2026-06-17,PDX vs. SEA,W,11,0,3,0,0,3,0,2,2,1,0,1,1,1,1,0,0,1,2,-2,1,2026,regular-season,1642296,Nyadiew Puoch,7.7,p
22026,1611661327,PDX,Portland Fire,1022600112,2026-06-17,PDX vs. SEA,W,24,3,11,0.273,2,7,0.286,4,4,1,1,5,6,0,0,1,1,1,12,11,1,2026,regular-season,1642782,Sarah Ashlee Barker,21.2,p
22026,1611661327,PDX,Portland Fire,1022600112,2026-06-17,PDX vs. SEA,W,13,1,4,0.25,0,2,0,1,1,1,0,2,2,1,0,0,0,1,3,-6,1,2026,regular-season,1643494,Frieda Buhner,6.9,p
22026,1611661328,SEA,Seattle Storm,1022600112,2026-06-17,SEA @ PDX,L,33,6,14,0.429,5,8,0.625,2,2,1,0,4,4,6,1,0,5,1,19,-3,1,2026,regular-season,1629567,Natisha Hiedeman,30.8,p
22026,1611661328,SEA,Seattle Storm,1022600112,2026-06-17,SEA @ PDX,L,35,12,19,0.632,0,0,NA,4,6,0.667,3,8,11,3,2,3,1,0,28,-2,1,2026,regular-season,1642798,Dominique Malonga,59.7,p
22026,1611661329,CHI,Chicago Sky,1022600108,2026-06-17,CHI vs. NYL,L,16,1,2,0.5,0,0,NA,1,2,0.5,1,2,3,0,0,2,0,0,3,-13,1,2026,regular-season,204322,Elizabeth Williams,12.6,p
22026,1611661329,CHI,Chicago Sky,1022600108,2026-06-17,CHI vs. NYL,L,4,0,2,0,0,2,0,0,0,NA,1,1,2,0,1,0,0,0,0,-4,1,2026,regular-season,1627671,Rachel Banham,5.4,p
22026,1611661331,GSV,Golden State Valkyries,1022600109,2026-06-17,GSV vs. DAL,W,29,7,16,0.438,2,6,0.333,9,12,0.75,2,1,3,4,1,0,2,0,25,25,1,2026,regular-season,1628931,Gabby Williams,35.6,p
22026,1611661313,NYL,New York Liberty,1022600108,2026-06-17,NYL @ CHI,W,24,2,9,0.222,1,5,0.2,4,5,0.8,3,3,6,3,0,0,3,2,9,2,1,2026,regular-season,1630142,Leonie Fiebich,17.7,p
22026,1611661317,PHX,Phoenix Mercury,1022600111,2026-06-17,PHX vs. LVA,L,20,1,3,0.333,0,1,0,2,2,1,0,3,3,1,1,0,3,1,4,-10,1,2026,regular-season,1642777,Monique Akoa Makani,9.1,p
22026,1611661319,LVA,Las Vegas Aces,1022600111,2026-06-17,LVA @ PHX,W,35,2,10,0.2,0,4,0,1,1,1,0,4,4,9,2,0,3,2,5,15,1,2026,regular-season,203833,Chelsea Gray,26.3,p
22026,1611661319,LVA,Las Vegas Aces,1022600111,2026-06-17,LVA @ PHX,W,4,1,2,0.5,0,0,NA,0,0,NA,0,1,1,0,0,1,0,0,2,-9,1,2026,regular-season,204323,Cheyenne Parker-Tyus,6.2,p
22026,1611661320,LAS,Los Angeles Sparks,1022600110,2026-06-17,LAS vs. MIN,L,30,3,9,0.333,0,4,0,4,4,1,0,8,8,1,1,0,2,0,10,-14,1,2026,regular-season,203014,Nneka Ogwumike,22.1,p
22026,1611661320,LAS,Los Angeles Sparks,1022600110,2026-06-17,LAS vs. MIN,L,25,2,10,0.2,0,4,0,2,2,1,1,0,1,4,1,0,2,1,6,-12,1,2026,regular-season,204365,Erica Wheeler,14.2,p
22026,1611661320,LAS,Los Angeles Sparks,1022600110,2026-06-17,LAS vs. MIN,L,7,0,3,0,0,2,0,0,0,NA,0,1,1,0,0,0,0,0,0,-9,1,2026,regular-season,1642324,Kate Martin,1.2,p
22026,1611661321,DAL,Dallas Wings,1022600109,2026-06-17,DAL @ GSV,L,7,0,0,NA,0,0,NA,1,2,0.5,0,2,2,0,0,0,0,3,1,-2,1,2026,regular-season,1641652,Maddy Siegrist,3.4,p
22026,1611661321,DAL,Dallas Wings,1022600109,2026-06-17,DAL @ GSV,L,36,5,13,0.385,1,5,0.2,4,4,1,0,3,3,8,1,1,2,4,15,-8,1,2026,regular-season,1642784,Paige Bueckers,34.6,p
22026,1611661322,WAS,Washington Mystics,1022600107,2026-06-17,WAS @ CON,W,20,2,6,0.333,0,1,0,2,2,1,0,2,2,2,1,0,2,4,6,3,1,2026,regular-season,1642802,Lucy Olsen,12.4,p
22026,1611661322,WAS,Washington Mystics,1022600107,2026-06-17,WAS @ CON,W,21,0,3,0,0,1,0,2,2,1,0,6,6,4,0,0,1,1,2,4,1,2026,regular-season,1643430,Cotie McMahon,14.2,p
22026,1611661322,WAS,Washington Mystics,1022600107,2026-06-17,WAS @ CON,W,27,3,7,0.429,0,3,0,0,0,NA,0,2,2,3,0,0,0,4,6,-3,1,2026,regular-season,1643455,Angela Dugalic,12.9,p
22026,1611661323,CON,Connecticut Sun,1022600107,2026-06-17,CON vs. WAS,L,23,3,7,0.429,0,1,0,0,0,NA,0,3,3,1,1,2,1,4,6,-6,1,2026,regular-season,203398,Brittney Griner,19.1,p
22026,1611661323,CON,Connecticut Sun,1022600107,2026-06-17,CON vs. WAS,L,10,2,2,1,0,0,NA,1,2,0.5,0,0,0,1,1,0,0,3,5,-3,1,2026,regular-season,1631135,Olivia Nelson-Ododa,9.5,p
22026,1611661323,CON,Connecticut Sun,1022600107,2026-06-17,CON vs. WAS,L,28,5,14,0.357,0,4,0,1,1,1,0,2,2,4,2,0,1,2,11,-5,1,2026,regular-season,1642303,Leila Lacan,24.4,p
22026,1611661323,CON,Connecticut Sun,1022600107,2026-06-17,CON vs. WAS,L,14,1,5,0.2,0,2,0,2,4,0.5,1,1,2,1,0,0,0,2,4,-1,1,2026,regular-season,1643448,Nell Angloma,7.9,p
22026,1611661324,MIN,Minnesota Lynx,1022600110,2026-06-17,MIN @ LAS,W,25,6,12,0.5,2,6,0.333,0,0,NA,1,3,4,0,3,0,1,3,14,5,1,2026,regular-season,203825,Kayla McBride,26.8,p
22026,1611661324,MIN,Minnesota Lynx,1022600110,2026-06-17,MIN @ LAS,W,29,3,6,0.5,1,2,0.5,0,0,NA,1,5,6,2,5,1,1,5,7,20,1,2026,regular-season,1628269,Nia Coffey,34.2,p
22026,1611661324,MIN,Minnesota Lynx,1022600110,2026-06-17,MIN @ LAS,W,11,0,1,0,0,1,0,0,0,NA,0,0,0,3,0,0,1,2,0,-1,1,2026,regular-season,1643490,Eliska Hamzova,3.5,p
22026,1611661328,SEA,Seattle Storm,1022600112,2026-06-17,SEA @ PDX,L,30,1,6,0.167,0,4,0,4,4,1,0,2,2,8,0,0,2,1,6,-6,1,2026,regular-season,1631141,Jade Melbourne,18.4,p
22026,1611661328,SEA,Seattle Storm,1022600112,2026-06-17,SEA @ PDX,L,3,0,1,0,0,0,NA,0,0,NA,1,0,1,0,0,0,0,0,0,-4,1,2026,regular-season,1642814,Taylor Thierry,1.2,p
22026,1611661328,SEA,Seattle Storm,1022600112,2026-06-17,SEA @ PDX,L,22,4,7,0.571,0,1,0,0,0,NA,1,1,2,1,1,0,2,6,8,8,1,2026,regular-season,1643428,Flau'jae Johnson,12.9,p
22026,1611661331,GSV,Golden State Valkyries,1022600109,2026-06-17,GSV vs. DAL,W,25,7,10,0.7,1,2,0.5,0,1,0,0,2,2,2,1,0,2,3,15,26,1,2026,regular-season,1642822,Kaitlyn Chen,21.4,p
22026,1611661313,NYL,New York Liberty,1022600108,2026-06-17,NYL @ CHI,W,28,4,9,0.444,2,4,0.5,0,0,NA,1,2,3,1,0,0,3,1,10,-7,1,2026,regular-season,1629477,Sabrina Ionescu,12.1,p
22026,1611661313,NYL,New York Liberty,1022600108,2026-06-17,NYL @ CHI,W,11,1,3,0.333,0,1,0,0,0,NA,0,2,2,2,0,3,1,0,2,3,1,2026,regular-season,1629566,Han Xu,15.4,p
22026,1611661317,PHX,Phoenix Mercury,1022600111,2026-06-17,PHX vs. LVA,L,11,0,2,0,0,1,0,0,0,NA,0,1,1,1,0,1,2,3,0,3,1,2026,regular-season,204468,Valeriane Ayayi,3.7,p
22026,1611661317,PHX,Phoenix Mercury,1022600111,2026-06-17,PHX vs. LVA,L,30,9,16,0.563,1,4,0.25,7,7,1,0,4,4,3,0,0,4,4,26,-1,1,2026,regular-season,1627674,Kahleah Copper,31.3,p
22026,1611661317,PHX,Phoenix Mercury,1022600111,2026-06-17,PHX vs. LVA,L,23,0,3,0,0,1,0,0,0,NA,3,5,8,0,0,1,0,3,0,-6,1,2026,regular-season,1630442,Natasha Mack,12.6,p
22026,1611661317,PHX,Phoenix Mercury,1022600111,2026-06-17,PHX vs. LVA,L,21,4,7,0.571,4,6,0.667,0,0,NA,0,0,0,0,1,0,2,1,12,-4,1,2026,regular-season,1643505,Jovana Nogic,13,p
22026,1611661319,LVA,Las Vegas Aces,1022600111,2026-06-17,LVA @ PHX,W,37,11,20,0.55,0,2,0,11,13,0.846,4,6,10,3,5,2,2,2,33,14,1,2026,regular-season,1628932,A'ja Wilson,68.5,p
22026,1611661319,LVA,Las Vegas Aces,1022600111,2026-06-17,LVA @ PHX,W,8,1,1,1,0,0,NA,0,0,NA,0,3,3,0,0,1,0,1,2,6,1,2026,regular-season,1629488,Brianna Turner,8.6,p
22026,1611661320,LAS,Los Angeles Sparks,1022600110,2026-06-17,LAS vs. MIN,L,4,1,2,0.5,1,2,0.5,2,2,1,1,0,1,1,0,0,0,1,5,4,1,2026,regular-season,1628242,Emma Cannon,7.7,p
22026,1611661320,LAS,Los Angeles Sparks,1022600110,2026-06-17,LAS vs. MIN,L,30,1,7,0.143,0,3,0,2,2,1,0,1,1,3,2,0,3,4,4,-12,1,2026,regular-season,1628878,Ariel Atkins,12.7,p
22026,1611661320,LAS,Los Angeles Sparks,1022600110,2026-06-17,LAS vs. MIN,L,6,0,1,0,0,0,NA,0,0,NA,0,0,0,2,0,0,0,2,0,-1,1,2026,regular-season,1642790,Sania Feagin,3,p
22026,1611661321,DAL,Dallas Wings,1022600109,2026-06-17,DAL @ GSV,L,33,7,13,0.538,0,0,NA,0,0,NA,2,8,10,4,0,0,0,3,14,-9,1,2026,regular-season,1629491,Jessica Shepard,32,p
22026,1611661322,WAS,Washington Mystics,1022600107,2026-06-17,WAS @ CON,W,38,7,13,0.538,0,4,0,12,12,1,1,10,11,4,0,1,3,4,26,9,1,2026,regular-season,1642785,Sonia Citron,45.2,p
22026,1611661322,WAS,Washington Mystics,1022600107,2026-06-17,WAS @ CON,W,10,1,2,0.5,1,1,1,0,0,NA,2,0,2,0,0,0,1,2,3,-6,1,2026,regular-season,1643467,Cassandre Prosper,4.4,p
22026,1611661323,CON,Connecticut Sun,1022600107,2026-06-17,CON vs. WAS,L,18,2,5,0.4,0,0,NA,5,7,0.714,1,2,3,1,0,1,0,1,9,-5,1,2026,regular-season,1642290,Aaliyah Edwards,17.1,p
22026,1611661323,CON,Connecticut Sun,1022600107,2026-06-17,CON vs. WAS,L,21,5,11,0.455,0,2,0,1,2,0.5,3,7,10,2,2,0,2,0,11,2,1,2026,regular-season,1642800,Aneesah Morrow,30,p
22026,1611661323,CON,Connecticut Sun,1022600107,2026-06-17,CON vs. WAS,L,7,1,1,1,0,0,NA,0,0,NA,1,0,1,1,0,0,0,4,2,2,1,2026,regular-season,1643441,Raegan Beers,4.7,p
22026,1611661324,MIN,Minnesota Lynx,1022600110,2026-06-17,MIN @ LAS,W,26,6,11,0.545,1,2,0.5,0,0,NA,0,1,1,5,0,0,3,3,13,10,1,2026,regular-season,1627675,Courtney Williams,18.7,p
22026,1611661324,MIN,Minnesota Lynx,1022600110,2026-06-17,MIN @ LAS,W,25,2,7,0.286,1,3,0.333,2,2,1,2,5,7,3,2,1,3,2,7,18,1,2026,regular-season,1630471,Maya Caldwell,25.9,p
22026,1611661327,PDX,Portland Fire,1022600112,2026-06-17,PDX vs. SEA,W,28,3,10,0.3,2,4,0.5,0,0,NA,3,1,4,0,0,2,2,4,8,12,1,2026,regular-season,1629484,Megan DiLeo,16.8,p
22026,1611661329,CHI,Chicago Sky,1022600108,2026-06-17,CHI vs. NYL,L,28,3,7,0.429,1,2,0.5,4,4,1,1,2,3,4,2,0,0,3,11,-2,1,2026,regular-season,204333,Natasha Cloud,26.6,p
22026,1611661331,GSV,Golden State Valkyries,1022600109,2026-06-17,GSV vs. DAL,W,9,1,3,0.333,0,1,0,0,0,NA,0,1,1,2,0,0,3,2,2,-11,1,2026,regular-season,1628508,Cecilia Zandalasini,3.2,p
22026,1611661331,GSV,Golden State Valkyries,1022600109,2026-06-17,GSV vs. DAL,W,3,0,0,NA,0,0,NA,0,0,NA,0,0,0,1,0,0,0,0,0,-7,1,2026,regular-season,1641656,Laeticia Amihere,1.5,p
22026,1611661313,NYL,New York Liberty,1022600108,2026-06-17,NYL @ CHI,W,28,6,9,0.667,3,5,0.6,4,4,1,1,7,8,3,1,1,4,2,19,-5,1,2026,regular-season,1627673,Jonquel Jones,35.1,p
22026,1611661317,PHX,Phoenix Mercury,1022600111,2026-06-17,PHX vs. LVA,L,19,2,3,0.667,0,1,0,0,0,NA,0,3,3,1,1,0,1,0,4,-11,1,2026,regular-season,1643493,Noemie Brochant,11.1,p
22026,1611661320,LAS,Los Angeles Sparks,1022600110,2026-06-17,LAS vs. MIN,L,25,5,6,0.833,1,1,1,1,3,0.333,2,7,9,2,3,1,3,2,12,-7,1,2026,regular-season,204324,Dearica Hamby,34.8,p
22026,1611661323,CON,Connecticut Sun,1022600107,2026-06-17,CON vs. WAS,L,22,3,5,0.6,2,4,0.5,2,4,0.5,0,0,0,0,0,0,0,0,10,-2,1,2026,regular-season,1629568,Kennedy Burke,10,p
22026,1611661328,SEA,Seattle Storm,1022600112,2026-06-17,SEA @ PDX,L,4,1,1,1,1,1,1,0,0,NA,0,0,0,0,0,0,0,2,3,-2,1,2026,regular-season,1642307,Mackenzie Holmes,3,p
22026,1611661328,SEA,Seattle Storm,1022600112,2026-06-17,SEA @ PDX,L,29,6,10,0.6,3,5,0.6,3,3,1,3,2,5,1,0,0,1,4,18,-14,1,2026,regular-season,1643443,Awa Fam,24.5,p
22026,1611661329,CHI,Chicago Sky,1022600108,2026-06-17,CHI vs. NYL,L,10,0,2,0,0,1,0,0,0,NA,1,1,2,1,1,0,0,2,0,-9,1,2026,regular-season,1642292,Jacy Sheldon,6.9,p
22026,1611661329,CHI,Chicago Sky,1022600108,2026-06-17,CHI vs. NYL,L,28,10,16,0.625,4,7,0.571,0,0,NA,0,1,1,2,3,1,1,5,24,4,1,2026,regular-season,1642321,Sydney Taylor,39.2,p
22026,1611661329,CHI,Chicago Sky,1022600108,2026-06-17,CHI vs. NYL,L,29,7,11,0.636,4,5,0.8,4,4,1,0,3,3,3,1,0,2,1,22,5,1,2026,regular-season,1643447,Gabriela Jaquez,31.1,p
22026,1611661331,GSV,Golden State Valkyries,1022600109,2026-06-17,GSV vs. DAL,W,29,2,7,0.286,2,5,0.4,2,2,1,3,8,11,2,0,1,0,1,8,19,1,2026,regular-season,203866,Kayla Thornton,27.2,p
22026,1611661331,GSV,Golden State Valkyries,1022600109,2026-06-17,GSV vs. DAL,W,21,1,2,0.5,0,0,NA,0,0,NA,0,7,7,0,0,1,1,0,2,2,1,2026,regular-season,204329,Kiah Stokes,12.4,p
22026,1611661330,ATL,Atlanta Dream,1022600113,2026-06-18,ATL @ IND,W,29,8,14,0.571,0,0,NA,5,8,0.625,4,7,11,1,0,0,4,4,21,8,1,2026,regular-season,1642291,Angel Reese,31.7,p
22026,1611661325,IND,Indiana Fever,1022600113,2026-06-18,IND vs. ATL,L,13,2,3,0.667,0,0,NA,2,2,1,2,1,3,1,1,0,2,3,6,-10,1,2026,regular-season,1628881,Monique Billings,12.1,p
22026,1611661325,IND,Indiana Fever,1022600113,2026-06-18,IND vs. ATL,L,34,8,15,0.533,1,2,0.5,6,8,0.75,0,8,8,3,1,3,4,3,23,-2,1,2026,regular-season,1641648,Aliyah Boston,45.1,p
22026,1611661325,IND,Indiana Fever,1022600113,2026-06-18,IND vs. ATL,L,21,2,3,0.667,0,0,NA,2,2,1,2,2,4,0,3,0,1,2,6,8,1,2026,regular-season,1642815,Makayla Timpson,18.8,p
22026,1611661330,ATL,Atlanta Dream,1022600113,2026-06-18,ATL @ IND,W,5,1,1,1,0,0,NA,1,4,0.25,1,0,1,0,0,0,1,0,3,-6,1,2026,regular-season,1631021,Sika Kone,3.2,p
22026,1611661330,ATL,Atlanta Dream,1022600113,2026-06-18,ATL @ IND,W,32,4,8,0.5,3,5,0.6,6,6,1,1,3,4,2,1,1,2,6,17,4,1,2026,regular-season,1631044,Naz Hillmon,28.8,p
22026,1611661325,IND,Indiana Fever,1022600113,2026-06-18,IND vs. ATL,L,34,10,15,0.667,3,7,0.429,3,3,1,0,1,1,1,1,0,2,2,26,0,1,2026,regular-season,1628909,Kelsey Mitchell,29.7,p
22026,1611661325,IND,Indiana Fever,1022600113,2026-06-18,IND vs. ATL,L,30,4,5,0.8,2,3,0.667,2,2,1,0,2,2,2,0,0,1,2,12,-7,1,2026,regular-season,1629482,Sophie Cunningham,16.4,p
22026,1611661325,IND,Indiana Fever,1022600113,2026-06-18,IND vs. ATL,L,11,1,2,0.5,0,0,NA,0,0,NA,0,3,3,0,0,0,0,4,2,-6,1,2026,regular-season,1631086,Lexie Hull,5.6,p
22026,1611661325,IND,Indiana Fever,1022600113,2026-06-18,IND vs. ATL,L,3,0,1,0,0,0,NA,0,0,NA,0,0,0,0,0,0,2,0,0,-5,1,2026,regular-season,1643433,Raven Johnson,-2,p
22026,1611661330,ATL,Atlanta Dream,1022600113,2026-06-18,ATL @ IND,W,38,6,12,0.5,1,3,0.333,3,3,1,2,2,4,6,3,1,1,1,16,4,1,2026,regular-season,1631009,Rhyne Howard,40.8,p
22026,1611661330,ATL,Atlanta Dream,1022600113,2026-06-18,ATL @ IND,W,13,4,7,0.571,0,1,0,1,1,1,0,2,2,0,0,1,0,4,9,-1,1,2026,regular-season,1642302,Isobel Borlase,14.4,p
22026,1611661325,IND,Indiana Fever,1022600113,2026-06-18,IND vs. ATL,L,9,0,1,0,0,0,NA,0,0,NA,0,1,1,0,0,0,0,2,0,-3,1,2026,regular-season,1628899,Myisha Hines-Allen,1.2,p
22026,1611661325,IND,Indiana Fever,1022600113,2026-06-18,IND vs. ATL,L,14,0,1,0,0,0,NA,0,0,NA,1,1,2,2,1,0,1,3,0,3,1,2026,regular-season,1630112,Tyasha Harris,7.4,p
22026,1611661325,IND,Indiana Fever,1022600113,2026-06-18,IND vs. ATL,L,31,8,17,0.471,2,5,0.4,8,12,0.667,0,2,2,7,0,0,5,5,26,-13,1,2026,regular-season,1642286,Caitlin Clark,33.9,p
22026,1611661330,ATL,Atlanta Dream,1022600113,2026-06-18,ATL @ IND,W,29,5,10,0.5,1,3,0.333,7,8,0.875,0,2,2,5,4,0,1,4,18,9,1,2026,regular-season,1628886,Jordin Canada,38.9,p
22026,1611661330,ATL,Atlanta Dream,1022600113,2026-06-18,ATL @ IND,W,14,3,5,0.6,1,2,0.5,0,0,NA,0,1,1,3,0,0,1,2,7,-2,1,2026,regular-season,1642804,Te-Hina Paopao,11.7,p
22026,1611661330,ATL,Atlanta Dream,1022600113,2026-06-18,ATL @ IND,W,34,6,11,0.545,1,3,0.333,4,5,0.8,0,0,0,3,3,0,2,4,17,16,1,2026,regular-season,1628277,Allisha Gray,28.5,p
22026,1611661330,ATL,Atlanta Dream,1022600113,2026-06-18,ATL @ IND,W,5,0,1,0,0,1,0,0,0,NA,0,4,4,1,0,0,0,2,0,3,1,2026,regular-season,1643431,Madina Okot,6.3,p
22026,1611661313,NYL,New York Liberty,1022600115,2026-06-19,NYL vs. WAS,L,30,4,13,0.308,1,6,0.167,0,0,NA,0,1,1,3,0,0,4,3,9,-7,1,2026,regular-season,1629477,Sabrina Ionescu,10.7,p
22026,1611661313,NYL,New York Liberty,1022600115,2026-06-19,NYL vs. WAS,L,12,3,5,0.6,2,3,0.667,0,0,NA,1,2,3,1,0,2,1,2,8,1,1,2026,regular-season,1629566,Han Xu,18.1,p
22026,1611661313,NYL,New York Liberty,1022600115,2026-06-19,NYL vs. WAS,L,17,4,8,0.5,3,6,0.5,2,2,1,0,0,0,1,1,0,2,4,13,6,1,2026,regular-season,1630149,Satou Sabally,15.5,p
22026,1611661322,WAS,Washington Mystics,1022600115,2026-06-19,WAS @ NYL,W,13,3,5,0.6,1,3,0.333,0,3,0,0,1,1,1,1,0,0,2,7,0,1,2026,regular-season,1643430,Cotie McMahon,12.7,p
22026,1611661323,CON,Connecticut Sun,1022600114,2026-06-19,CON vs. TOR,L,3,0,0,NA,0,0,NA,0,0,NA,0,0,0,0,0,0,1,0,0,-3,1,2026,regular-season,1643448,Nell Angloma,-1,p
22026,1611661331,GSV,Golden State Valkyries,1022600116,2026-06-19,GSV vs. MIN,L,27,7,15,0.467,4,10,0.4,5,5,1,1,3,4,2,0,0,2,2,23,-6,1,2026,regular-season,1628508,Cecilia Zandalasini,28.8,p
22026,1611661332,TOR,Toronto Tempo,1022600114,2026-06-19,TOR @ CON,W,34,2,5,0.4,0,3,0,0,0,NA,0,0,0,9,1,0,4,1,4,12,1,2026,regular-season,1627700,Julie Allemand,16.5,p
22026,1611661313,NYL,New York Liberty,1022600115,2026-06-19,NYL vs. WAS,L,33,4,8,0.5,0,4,0,2,4,0.5,0,10,10,2,0,1,2,3,10,-6,1,2026,regular-season,1627673,Jonquel Jones,26,p
22026,1611661313,NYL,New York Liberty,1022600115,2026-06-19,NYL vs. WAS,L,31,6,9,0.667,3,5,0.6,4,4,1,2,0,2,2,1,0,1,3,19,-5,1,2026,regular-season,1630142,Leonie Fiebich,26.4,p
22026,1611661322,WAS,Washington Mystics,1022600115,2026-06-19,WAS @ NYL,W,35,5,11,0.455,1,5,0.2,5,6,0.833,0,6,6,8,5,0,2,4,16,3,1,2026,regular-season,1642785,Sonia Citron,48.2,p
22026,1611661322,WAS,Washington Mystics,1022600115,2026-06-19,WAS @ NYL,W,11,0,2,0,0,1,0,0,0,NA,0,2,2,1,1,0,1,4,0,-1,1,2026,regular-season,1642802,Lucy Olsen,5.9,p
22026,1611661323,CON,Connecticut Sun,1022600114,2026-06-19,CON vs. TOR,L,27,5,9,0.556,2,5,0.4,6,6,1,2,1,3,1,2,1,0,0,18,11,1,2026,regular-season,1629568,Kennedy Burke,32.1,p
22026,1611661323,CON,Connecticut Sun,1022600114,2026-06-19,CON vs. TOR,L,21,4,10,0.4,1,3,0.333,1,2,0.5,0,3,3,2,0,0,0,3,10,-5,1,2026,regular-season,1641649,Diamond Miller,16.6,p
22026,1611661323,CON,Connecticut Sun,1022600114,2026-06-19,CON vs. TOR,L,31,5,16,0.313,2,8,0.25,4,5,0.8,0,1,1,3,1,0,1,2,16,-14,1,2026,regular-season,1642303,Leila Lacan,23.7,p
22026,1611661324,MIN,Minnesota Lynx,1022600116,2026-06-19,MIN @ GSV,W,34,7,12,0.583,1,3,0.333,2,3,0.667,0,3,3,2,1,0,0,3,17,5,1,2026,regular-season,203825,Kayla McBride,26.6,p
22026,1611661324,MIN,Minnesota Lynx,1022600116,2026-06-19,MIN @ GSV,W,28,5,10,0.5,0,0,NA,0,0,NA,4,4,8,4,0,1,1,6,10,0,1,2026,regular-season,203827,Natasha Howard,27.6,p
22026,1611661324,MIN,Minnesota Lynx,1022600116,2026-06-19,MIN @ GSV,W,11,0,4,0,0,0,NA,0,0,NA,0,2,2,0,0,0,1,1,0,2,1,2026,regular-season,1630471,Maya Caldwell,1.4,p
22026,1611661331,GSV,Golden State Valkyries,1022600116,2026-06-19,GSV vs. MIN,L,19,1,2,0.5,0,1,0,0,0,NA,0,6,6,0,0,0,0,1,2,0,1,2026,regular-season,204329,Kiah Stokes,9.2,p
22026,1611661331,GSV,Golden State Valkyries,1022600116,2026-06-19,GSV vs. MIN,L,21,1,5,0.2,0,2,0,0,0,NA,0,1,1,2,2,1,3,2,2,-5,1,2026,regular-season,1630097,Kaila Charles,12.2,p
22026,1611661331,GSV,Golden State Valkyries,1022600116,2026-06-19,GSV vs. MIN,L,10,0,1,0,0,0,NA,1,4,0.25,2,2,4,0,1,2,0,0,1,-8,1,2026,regular-season,1641656,Laeticia Amihere,14.8,p
22026,1611661332,TOR,Toronto Tempo,1022600114,2026-06-19,TOR @ CON,W,5,0,3,0,0,3,0,0,0,NA,0,0,0,0,0,0,0,2,0,-15,1,2026,regular-season,1628915,Kia Nurse,0,p
22026,1611661332,TOR,Toronto Tempo,1022600114,2026-06-19,TOR @ CON,W,3,0,0,NA,0,0,NA,0,0,NA,0,0,0,0,0,0,0,1,0,-10,1,2026,regular-season,1643457,Teonni Key,0,p
22026,1611661322,WAS,Washington Mystics,1022600115,2026-06-19,WAS @ NYL,W,28,3,9,0.333,1,6,0.167,3,3,1,0,0,0,8,0,0,3,2,10,4,1,2026,regular-season,1642781,Georgia Amoore,19,p
22026,1611661322,WAS,Washington Mystics,1022600115,2026-06-19,WAS @ NYL,W,5,0,1,0,0,0,NA,0,0,NA,0,1,1,0,0,0,0,0,0,0,1,2026,regular-season,1643467,Cassandre Prosper,1.2,p
22026,1611661323,CON,Connecticut Sun,1022600114,2026-06-19,CON vs. TOR,L,24,7,11,0.636,0,0,NA,2,3,0.667,4,4,8,2,0,2,2,0,16,-19,1,2026,regular-season,203398,Brittney Griner,32.6,p
22026,1611661323,CON,Connecticut Sun,1022600114,2026-06-19,CON vs. TOR,L,20,2,5,0.4,0,0,NA,2,2,1,0,2,2,2,1,0,0,3,6,-2,1,2026,regular-season,1642290,Aaliyah Edwards,14.4,p
22026,1611661324,MIN,Minnesota Lynx,1022600116,2026-06-19,MIN @ GSV,W,36,6,16,0.375,2,2,1,7,7,1,2,10,12,5,1,2,2,0,21,6,1,2026,regular-season,1627675,Courtney Williams,49.9,p
22026,1611661324,MIN,Minnesota Lynx,1022600116,2026-06-19,MIN @ GSV,W,33,7,11,0.636,3,4,0.75,5,6,0.833,3,3,6,3,0,1,1,1,22,7,1,2026,regular-season,1628269,Nia Coffey,35.7,p
22026,1611661331,GSV,Golden State Valkyries,1022600116,2026-06-19,GSV vs. MIN,L,7,0,2,0,0,0,NA,2,2,1,0,1,1,3,0,0,0,1,2,5,1,2026,regular-season,203026,Tiffany Hayes,7.7,p
22026,1611661331,GSV,Golden State Valkyries,1022600116,2026-06-19,GSV vs. MIN,L,28,6,16,0.375,2,6,0.333,1,2,0.5,3,5,8,1,1,0,3,3,15,-10,1,2026,regular-season,1628931,Gabby Williams,26.1,p
22026,1611661332,TOR,Toronto Tempo,1022600114,2026-06-19,TOR @ CON,W,30,5,14,0.357,2,3,0.667,3,3,1,1,5,6,5,0,1,1,2,15,2,1,2026,regular-season,204330,Isabelle Harrison,31.7,p
22026,1611661332,TOR,Toronto Tempo,1022600114,2026-06-19,TOR @ CON,W,32,8,9,0.889,2,2,1,1,2,0.5,4,5,9,2,1,1,0,3,19,8,1,2026,regular-season,1627701,Temi Fagbenle,38.8,p
22026,1611661332,TOR,Toronto Tempo,1022600114,2026-06-19,TOR @ CON,W,33,14,24,0.583,9,12,0.75,0,0,NA,1,3,4,4,0,0,6,4,37,21,1,2026,regular-season,1629497,Marina Mabrey,41.8,p
22026,1611661332,TOR,Toronto Tempo,1022600114,2026-06-19,TOR @ CON,W,29,2,7,0.286,0,1,0,0,0,NA,2,5,7,4,3,1,4,5,4,7,1,2026,regular-season,1643420,Laura Juskaite,26.4,p
22026,1611661332,TOR,Toronto Tempo,1022600114,2026-06-19,TOR @ CON,W,6,1,2,0.5,1,2,0.5,0,0,NA,0,1,1,0,0,0,0,4,3,-5,1,2026,regular-season,1643647,Tima Pouye,4.2,p
22026,1611661313,NYL,New York Liberty,1022600115,2026-06-19,NYL vs. WAS,L,10,1,2,0.5,0,0,NA,0,0,NA,0,1,1,1,1,0,2,3,2,4,1,2026,regular-season,1631136,Pauline Astier,5.7,p
22026,1611661322,WAS,Washington Mystics,1022600115,2026-06-19,WAS @ NYL,W,28,8,14,0.571,0,1,0,4,6,0.667,2,4,6,0,1,1,1,3,20,3,1,2026,regular-season,1642792,Kiki Iriafen,32.2,p
22026,1611661323,CON,Connecticut Sun,1022600114,2026-06-19,CON vs. TOR,L,20,3,9,0.333,0,3,0,2,2,1,5,5,10,4,2,0,2,2,8,1,1,2026,regular-season,1642800,Aneesah Morrow,30,p
22026,1611661323,CON,Connecticut Sun,1022600114,2026-06-19,CON vs. TOR,L,21,1,4,0.25,1,3,0.333,0,0,NA,0,3,3,4,2,0,2,2,3,-11,1,2026,regular-season,1642809,Saniya Rivers,16.6,p
22026,1611661324,MIN,Minnesota Lynx,1022600116,2026-06-19,MIN @ GSV,W,32,1,10,0.1,0,4,0,5,5,1,0,5,5,4,3,3,6,4,7,2,1,2026,regular-season,1643426,Olivia Miles,31,p
22026,1611661324,MIN,Minnesota Lynx,1022600116,2026-06-19,MIN @ GSV,W,7,0,0,NA,0,0,NA,0,0,NA,0,0,0,0,1,0,0,0,0,6,1,2026,regular-season,1643489,Antonia Delaere,3,p
22026,1611661331,GSV,Golden State Valkyries,1022600116,2026-06-19,GSV vs. MIN,L,16,3,4,0.75,1,1,1,0,0,NA,0,0,0,2,0,0,2,2,7,-6,1,2026,regular-season,1642822,Kaitlyn Chen,8,p
22026,1611661313,NYL,New York Liberty,1022600115,2026-06-19,NYL vs. WAS,L,9,1,2,0.5,0,1,0,0,0,NA,0,0,0,0,0,0,0,2,2,-6,1,2026,regular-season,203822,Rebekah Gardner,2,p
22026,1611661313,NYL,New York Liberty,1022600115,2026-06-19,NYL vs. WAS,L,32,5,11,0.455,0,2,0,6,8,0.75,1,9,10,6,1,2,1,5,16,0,1,2026,regular-season,1627668,Breanna Stewart,45,p
22026,1611661313,NYL,New York Liberty,1022600115,2026-06-19,NYL vs. WAS,L,27,1,8,0.125,1,7,0.143,1,2,0.5,1,2,3,4,1,1,1,1,4,-2,1,2026,regular-season,1629546,Marine Johannes,18.6,p
22026,1611661322,WAS,Washington Mystics,1022600115,2026-06-19,WAS @ NYL,W,28,3,5,0.6,0,1,0,5,5,1,1,1,2,0,0,0,2,3,11,3,1,2026,regular-season,1630446,Michaela Onyenwere,11.4,p
22026,1611661322,WAS,Washington Mystics,1022600115,2026-06-19,WAS @ NYL,W,28,4,8,0.5,1,1,1,5,8,0.625,2,5,7,1,0,0,1,3,14,5,1,2026,regular-season,1631022,Shakira Austin,22.9,p
22026,1611661322,WAS,Washington Mystics,1022600115,2026-06-19,WAS @ NYL,W,17,4,6,0.667,0,0,NA,0,1,0,3,2,5,0,1,1,1,2,8,-3,1,2026,regular-season,1643427,Lauren Betts,19,p
22026,1611661322,WAS,Washington Mystics,1022600115,2026-06-19,WAS @ NYL,W,7,0,1,0,0,0,NA,0,0,NA,0,1,1,1,0,0,0,0,0,1,1,2026,regular-season,1643455,Angela Dugalic,2.7,p
22026,1611661323,CON,Connecticut Sun,1022600114,2026-06-19,CON vs. TOR,L,16,6,9,0.667,0,0,NA,1,2,0.5,1,2,3,0,1,1,0,1,13,15,1,2026,regular-season,1631135,Olivia Nelson-Ododa,22.6,p
22026,1611661324,MIN,Minnesota Lynx,1022600116,2026-06-19,MIN @ GSV,W,19,1,5,0.2,0,0,NA,2,2,1,3,3,6,0,2,2,2,2,4,2,1,2026,regular-season,1642797,Anastasiia Olairi Kosu,21.2,p
22026,1611661331,GSV,Golden State Valkyries,1022600116,2026-06-19,GSV vs. MIN,L,23,1,5,0.2,1,4,0.25,0,0,NA,2,4,6,2,1,0,0,1,3,-2,1,2026,regular-season,203866,Kayla Thornton,16.2,p
22026,1611661331,GSV,Golden State Valkyries,1022600116,2026-06-19,GSV vs. MIN,L,24,1,8,0.125,1,5,0.2,2,2,1,1,1,2,5,2,0,2,3,5,1,1,2026,regular-season,1631007,Veronica Burton,18.9,p
22026,1611661332,TOR,Toronto Tempo,1022600114,2026-06-19,TOR @ CON,W,28,5,12,0.417,5,8,0.625,4,4,1,2,4,6,3,0,1,0,1,19,0,1,2026,regular-season,1629576,Maria Conde,33.7,p
22026,1611661323,CON,Connecticut Sun,1022600114,2026-06-19,CON vs. TOR,L,18,2,3,0.667,0,0,NA,3,4,0.75,0,2,2,3,0,0,0,0,7,7,1,2026,regular-season,1643449,Charlisse Leger-Walker,13.9,p
22026,1611661331,GSV,Golden State Valkyries,1022600116,2026-06-19,GSV vs. MIN,L,24,6,16,0.375,3,11,0.273,0,2,0,4,2,6,0,1,0,1,1,15,1,1,2026,regular-season,1642767,Janelle Salaun,24.2,p
22026,1611661317,PHX,Phoenix Mercury,1022600118,2026-06-20,PHX vs. SEA,W,23,3,5,0.6,1,3,0.333,3,3,1,1,3,4,1,0,1,0,0,10,18,1,2026,regular-season,201886,DeWanna Bonner,19.3,p
22026,1611661317,PHX,Phoenix Mercury,1022600118,2026-06-20,PHX vs. SEA,W,22,4,7,0.571,2,4,0.5,8,8,1,1,9,10,0,0,1,2,2,18,22,1,2026,regular-season,204468,Valeriane Ayayi,31,p
22026,1611661317,PHX,Phoenix Mercury,1022600118,2026-06-20,PHX vs. SEA,W,27,4,10,0.4,2,8,0.25,7,9,0.778,0,7,7,2,1,1,1,1,17,12,1,2026,regular-season,1627674,Kahleah Copper,33.4,p
22026,1611661317,PHX,Phoenix Mercury,1022600118,2026-06-20,PHX vs. SEA,W,23,4,10,0.4,0,0,NA,2,4,0.5,4,6,10,2,0,1,2,2,10,19,1,2026,regular-season,1630442,Natasha Mack,26,p
22026,1611661321,DAL,Dallas Wings,1022600119,2026-06-20,DAL vs. CHI,W,32,4,11,0.364,3,5,0.6,1,2,0.5,1,2,3,1,1,0,1,2,12,3,1,2026,regular-season,1629481,Arike Ogunbowale,19.1,p
22026,1611661321,DAL,Dallas Wings,1022600119,2026-06-20,DAL vs. CHI,W,5,1,1,1,1,1,1,0,0,NA,0,0,0,0,2,0,1,2,3,-1,1,2026,regular-season,1629501,Alanna Smith,8,p
22026,1611661321,DAL,Dallas Wings,1022600119,2026-06-20,DAL vs. CHI,W,15,1,2,0.5,0,1,0,3,4,0.75,2,4,6,1,0,0,1,4,5,-5,1,2026,regular-season,1629574,Li Yueru,12.7,p
22026,1611661321,DAL,Dallas Wings,1022600119,2026-06-20,DAL vs. CHI,W,13,2,3,0.667,0,0,NA,0,0,NA,0,0,0,1,0,1,0,1,4,-5,1,2026,regular-season,1630134,Sug Sutton,8.5,p
22026,1611661321,DAL,Dallas Wings,1022600119,2026-06-20,DAL vs. CHI,W,14,1,4,0.25,1,3,0.333,0,0,NA,0,0,0,0,0,1,1,6,3,3,1,2026,regular-season,1630386,Awak Kuier,5,p
22026,1611661321,DAL,Dallas Wings,1022600119,2026-06-20,DAL vs. CHI,W,36,7,16,0.438,1,5,0.2,4,4,1,1,6,7,8,2,1,2,1,19,-5,1,2026,regular-season,1642784,Paige Bueckers,46.4,p
22026,1611661325,IND,Indiana Fever,1022600117,2026-06-20,IND @ ATL,L,17,3,5,0.6,1,1,1,2,2,1,0,3,3,0,0,1,3,3,9,-1,1,2026,regular-season,1628899,Myisha Hines-Allen,12.6,p
22026,1611661325,IND,Indiana Fever,1022600117,2026-06-20,IND @ ATL,L,4,0,0,NA,0,0,NA,0,0,NA,0,1,1,0,0,1,0,0,0,-9,1,2026,regular-season,1642815,Makayla Timpson,4.2,p
22026,1611661328,SEA,Seattle Storm,1022600118,2026-06-20,SEA @ PHX,L,30,2,7,0.286,1,2,0.5,0,0,NA,4,6,10,3,2,0,2,2,5,-11,1,2026,regular-season,1643443,Awa Fam,25.5,p
22026,1611661329,CHI,Chicago Sky,1022600119,2026-06-20,CHI @ DAL,L,11,2,2,1,0,0,NA,0,2,0,0,4,4,1,0,1,0,1,4,-3,1,2026,regular-season,204322,Elizabeth Williams,13.3,p
22026,1611661329,CHI,Chicago Sky,1022600119,2026-06-20,CHI @ DAL,L,25,3,10,0.3,2,6,0.333,2,2,1,0,6,6,6,1,0,1,1,10,-2,1,2026,regular-season,204333,Natasha Cloud,28.2,p
22026,1611661330,ATL,Atlanta Dream,1022600117,2026-06-20,ATL vs. IND,W,32,5,9,0.556,0,0,NA,2,4,0.5,0,7,7,12,3,1,0,3,12,26,1,2026,regular-season,1628886,Jordin Canada,50.4,p
22026,1611661330,ATL,Atlanta Dream,1022600117,2026-06-20,ATL vs. IND,W,29,8,13,0.615,2,3,0.667,1,2,0.5,3,3,6,3,0,1,1,3,19,26,1,2026,regular-season,1631044,Naz Hillmon,32.7,p
22026,1611661330,ATL,Atlanta Dream,1022600117,2026-06-20,ATL vs. IND,W,31,7,14,0.5,0,1,0,4,8,0.5,4,4,8,1,2,1,3,5,18,9,1,2026,regular-season,1642291,Angel Reese,35.1,p
22026,1611661330,ATL,Atlanta Dream,1022600117,2026-06-20,ATL vs. IND,W,2,1,1,1,1,1,1,0,0,NA,0,0,0,0,0,0,0,0,3,-5,1,2026,regular-season,1643469,Indya Nivar,3,p
22026,1611661317,PHX,Phoenix Mercury,1022600118,2026-06-20,PHX vs. SEA,W,28,4,6,0.667,0,0,NA,0,0,NA,0,3,3,9,1,1,5,1,8,21,1,2026,regular-season,203826,Alyssa Thomas,26.1,p
22026,1611661317,PHX,Phoenix Mercury,1022600118,2026-06-20,PHX vs. SEA,W,30,5,12,0.417,1,6,0.167,0,0,NA,0,0,0,2,0,1,2,1,11,13,1,2026,regular-season,1631118,Lexi Held,15,p
22026,1611661325,IND,Indiana Fever,1022600117,2026-06-20,IND @ ATL,L,16,0,1,0,0,1,0,0,0,NA,0,0,0,1,0,0,0,3,0,-11,1,2026,regular-season,1631086,Lexie Hull,1.5,p
22026,1611661325,IND,Indiana Fever,1022600117,2026-06-20,IND @ ATL,L,34,11,18,0.611,3,7,0.429,1,2,0.5,0,3,3,7,1,0,7,3,26,-19,1,2026,regular-season,1642286,Caitlin Clark,36.1,p
22026,1611661328,SEA,Seattle Storm,1022600118,2026-06-20,SEA @ PHX,L,21,2,3,0.667,1,2,0.5,1,2,0.5,1,2,3,2,0,0,0,2,6,-7,1,2026,regular-season,203828,Stefanie Dolson,12.6,p
22026,1611661328,SEA,Seattle Storm,1022600118,2026-06-20,SEA @ PHX,L,16,2,6,0.333,0,3,0,6,6,1,0,2,2,2,0,0,1,4,10,0,1,2026,regular-season,1641660,Zia Cooke,14.4,p
22026,1611661328,SEA,Seattle Storm,1022600118,2026-06-20,SEA @ PHX,L,4,0,0,NA,0,0,NA,0,0,NA,0,1,1,0,1,0,0,1,0,4,1,2026,regular-season,1642307,Mackenzie Holmes,4.2,p
22026,1611661329,CHI,Chicago Sky,1022600119,2026-06-20,CHI @ DAL,L,28,3,11,0.273,1,3,0.333,1,2,0.5,4,7,11,4,2,0,1,3,8,-8,1,2026,regular-season,1628922,Azura Stevens,32.2,p
22026,1611661321,DAL,Dallas Wings,1022600119,2026-06-20,DAL vs. CHI,W,12,3,6,0.5,2,3,0.667,1,2,0.5,1,2,3,0,0,0,0,3,9,13,1,2026,regular-season,1641652,Maddy Siegrist,12.6,p
22026,1611661321,DAL,Dallas Wings,1022600119,2026-06-20,DAL vs. CHI,W,6,2,3,0.667,0,0,NA,0,0,NA,1,2,3,1,0,0,1,0,4,5,1,2026,regular-season,1642793,Aziaha James,8.1,p
22026,1611661325,IND,Indiana Fever,1022600117,2026-06-20,IND @ ATL,L,32,5,13,0.385,2,4,0.5,4,4,1,0,3,3,3,0,0,1,3,16,-18,1,2026,regular-season,1628909,Kelsey Mitchell,23.1,p
22026,1611661325,IND,Indiana Fever,1022600117,2026-06-20,IND @ ATL,L,7,0,0,NA,0,0,NA,0,0,NA,0,0,0,0,0,0,0,2,0,-7,1,2026,regular-season,1630112,Tyasha Harris,0,p
22026,1611661328,SEA,Seattle Storm,1022600118,2026-06-20,SEA @ PHX,L,11,0,2,0,0,2,0,2,2,1,0,1,1,1,0,0,1,4,2,-18,1,2026,regular-season,1631141,Jade Melbourne,3.7,p
22026,1611661328,SEA,Seattle Storm,1022600118,2026-06-20,SEA @ PHX,L,7,0,2,0,0,1,0,0,0,NA,1,1,2,0,1,0,1,0,0,1,1,2026,regular-season,1642814,Taylor Thierry,4.4,p
22026,1611661329,CHI,Chicago Sky,1022600119,2026-06-20,CHI @ DAL,L,29,10,13,0.769,0,0,NA,6,10,0.6,4,5,9,3,0,2,4,6,26,2,1,2026,regular-season,1642289,Kamilla Cardoso,43.3,p
22026,1611661329,CHI,Chicago Sky,1022600119,2026-06-20,CHI @ DAL,L,15,2,3,0.667,1,1,1,1,2,0.5,1,1,2,0,0,0,1,1,6,-4,1,2026,regular-season,1642292,Jacy Sheldon,7.4,p
22026,1611661329,CHI,Chicago Sky,1022600119,2026-06-20,CHI @ DAL,L,25,3,7,0.429,0,1,0,0,1,0,2,5,7,1,2,0,1,1,6,1,1,2026,regular-season,1643447,Gabriela Jaquez,20.9,p
22026,1611661330,ATL,Atlanta Dream,1022600117,2026-06-20,ATL vs. IND,W,2,0,2,0,0,1,0,0,0,NA,0,0,0,1,0,0,0,0,0,-5,1,2026,regular-season,1631021,Sika Kone,1.5,p
22026,1611661330,ATL,Atlanta Dream,1022600117,2026-06-20,ATL vs. IND,W,16,3,5,0.6,3,4,0.75,0,0,NA,0,0,0,2,0,0,1,1,9,-5,1,2026,regular-season,1642804,Te-Hina Paopao,11,p
22026,1611661330,ATL,Atlanta Dream,1022600117,2026-06-20,ATL vs. IND,W,4,0,0,NA,0,0,NA,3,4,0.75,2,0,2,0,1,0,0,2,3,-10,1,2026,regular-season,1643431,Madina Okot,8.4,p
22026,1611661321,DAL,Dallas Wings,1022600119,2026-06-20,DAL vs. CHI,W,34,7,14,0.5,0,1,0,7,8,0.875,2,6,8,3,1,0,4,1,21,-8,1,2026,regular-season,1629491,Jessica Shepard,34.1,p
22026,1611661325,IND,Indiana Fever,1022600117,2026-06-20,IND @ ATL,L,26,3,9,0.333,3,8,0.375,4,5,0.8,0,1,1,1,0,0,1,2,13,-8,1,2026,regular-season,1629482,Sophie Cunningham,14.7,p
22026,1611661325,IND,Indiana Fever,1022600117,2026-06-20,IND @ ATL,L,22,4,10,0.4,2,3,0.667,3,3,1,2,7,9,6,0,0,4,5,13,-8,1,2026,regular-season,1641648,Aliyah Boston,28.8,p
22026,1611661325,IND,Indiana Fever,1022600117,2026-06-20,IND @ ATL,L,21,4,6,0.667,1,3,0.333,0,0,NA,1,5,6,2,0,0,1,1,9,-5,1,2026,regular-season,1643433,Raven Johnson,18.2,p
22026,1611661328,SEA,Seattle Storm,1022600118,2026-06-20,SEA @ PHX,L,23,4,16,0.25,1,2,0.5,1,2,0.5,2,1,3,2,1,0,1,2,10,-35,1,2026,regular-season,1642798,Dominique Malonga,18.6,p
22026,1611661328,SEA,Seattle Storm,1022600118,2026-06-20,SEA @ PHX,L,34,6,17,0.353,1,7,0.143,0,0,NA,1,1,2,0,0,2,2,4,13,-10,1,2026,regular-season,1643428,Flau'jae Johnson,19.4,p
22026,1611661329,CHI,Chicago Sky,1022600119,2026-06-20,CHI @ DAL,L,32,4,10,0.4,1,3,0.333,5,6,0.833,0,1,1,6,3,0,3,3,14,-3,1,2026,regular-season,203400,Skylar Diggins,30.2,p
22026,1611661329,CHI,Chicago Sky,1022600119,2026-06-20,CHI @ DAL,L,10,0,1,0,0,1,0,0,0,NA,1,0,1,1,0,0,1,2,0,3,1,2026,regular-season,1642818,Maddy Westbeld,1.7,p
22026,1611661330,ATL,Atlanta Dream,1022600117,2026-06-20,ATL vs. IND,W,33,9,18,0.5,2,6,0.333,2,4,0.5,3,2,5,1,3,1,1,3,22,22,1,2026,regular-season,1628277,Allisha Gray,40.5,p
22026,1611661330,ATL,Atlanta Dream,1022600117,2026-06-20,ATL vs. IND,W,35,6,15,0.4,4,10,0.4,8,8,1,0,4,4,3,1,1,1,5,24,16,1,2026,regular-season,1631009,Rhyne Howard,38.3,p
22026,1611661321,DAL,Dallas Wings,1022600119,2026-06-20,DAL vs. CHI,W,34,5,13,0.385,2,6,0.333,1,1,1,1,4,5,2,1,4,2,3,13,5,1,2026,regular-season,1643425,Azzi Fudd,35,p
22026,1611661325,IND,Indiana Fever,1022600117,2026-06-20,IND @ ATL,L,7,1,3,0.333,0,2,0,1,3,0.333,1,2,3,0,0,0,1,2,3,-2,1,2026,regular-season,203024,Damiris Dantas,5.6,p
22026,1611661325,IND,Indiana Fever,1022600117,2026-06-20,IND @ ATL,L,13,2,2,1,1,1,1,2,2,1,0,1,1,0,0,1,1,5,7,3,1,2026,regular-season,1628881,Monique Billings,10.2,p
22026,1611661328,SEA,Seattle Storm,1022600118,2026-06-20,SEA @ PHX,L,27,3,8,0.375,1,5,0.2,0,0,NA,0,5,5,3,2,0,0,1,7,-8,1,2026,regular-season,1629478,Katie Lou Samuelson,23.5,p
22026,1611661328,SEA,Seattle Storm,1022600118,2026-06-20,SEA @ PHX,L,28,6,9,0.667,3,4,0.75,5,5,1,0,0,0,4,0,0,2,4,20,-16,1,2026,regular-season,1629567,Natisha Hiedeman,24,p
22026,1611661329,CHI,Chicago Sky,1022600119,2026-06-20,CHI @ DAL,L,25,6,13,0.462,2,8,0.25,4,4,1,1,1,2,0,1,0,3,6,18,9,1,2026,regular-season,1642321,Sydney Taylor,20.4,p
22026,1611661330,ATL,Atlanta Dream,1022600117,2026-06-20,ATL vs. IND,W,17,1,3,0.333,0,0,NA,1,1,1,0,3,3,2,0,0,1,2,3,11,1,2026,regular-season,1642302,Isobel Borlase,8.6,p
22026,1611661317,PHX,Phoenix Mercury,1022600118,2026-06-20,PHX vs. SEA,W,13,1,5,0.2,0,2,0,1,2,0.5,1,1,2,0,0,2,1,1,3,-9,1,2026,regular-season,1642768,Kyara Linskens,10.4,p
22026,1611661317,PHX,Phoenix Mercury,1022600118,2026-06-20,PHX vs. SEA,W,4,0,1,0,0,1,0,0,0,NA,0,1,1,0,1,0,0,1,0,-4,1,2026,regular-season,1643487,Quionche Carter,4.2,p
22026,1611661317,PHX,Phoenix Mercury,1022600118,2026-06-20,PHX vs. SEA,W,32,6,7,0.857,4,5,0.8,0,0,NA,0,2,2,10,1,0,1,4,16,8,1,2026,regular-season,1643493,Noemie Brochant,35.4,p
22026,1611661313,NYL,New York Liberty,1022600122,2026-06-21,NYL @ LAS,L,7,1,3,0.333,0,1,0,0,0,NA,1,1,2,0,0,1,0,1,2,-6,1,2026,regular-season,203822,Rebekah Gardner,7.4,p
22026,1611661313,NYL,New York Liberty,1022600122,2026-06-21,NYL @ LAS,L,34,8,17,0.471,0,4,0,2,4,0.5,1,9,10,4,2,0,2,5,18,-3,1,2026,regular-season,1627668,Breanna Stewart,40,p
22026,1611661313,NYL,New York Liberty,1022600122,2026-06-21,NYL @ LAS,L,27,5,12,0.417,3,8,0.375,1,2,0.5,1,4,5,7,0,0,3,3,14,8,1,2026,regular-season,1630149,Satou Sabally,27.5,p
22026,1611661313,NYL,New York Liberty,1022600122,2026-06-21,NYL @ LAS,L,1,0,0,NA,0,0,NA,0,0,NA,0,0,0,0,0,0,0,0,0,-4,1,2026,regular-season,1630384,Raquel Carrera,0,p
22026,1611661313,NYL,New York Liberty,1022600122,2026-06-21,NYL @ LAS,L,21,4,5,0.8,0,1,0,9,9,1,0,4,4,5,1,1,3,2,17,3,1,2026,regular-season,1631136,Pauline Astier,32.3,p
22026,1611661319,LVA,Las Vegas Aces,1022600120,2026-06-21,LVA vs. GSV,W,17,0,0,NA,0,0,NA,0,0,NA,0,3,3,1,1,0,0,1,0,17,1,2026,regular-season,1629488,Brianna Turner,8.1,p
22026,1611661319,LVA,Las Vegas Aces,1022600120,2026-06-21,LVA vs. GSV,W,14,2,7,0.286,1,5,0.2,0,0,NA,0,0,0,1,1,0,0,1,5,0,1,2026,regular-season,1631006,Kierstan Bell,9.5,p
22026,1611661319,LVA,Las Vegas Aces,1022600120,2026-06-21,LVA vs. GSV,W,27,6,7,0.857,0,0,NA,2,2,1,2,1,3,1,0,1,2,4,14,4,1,2026,regular-season,1631019,NaLyssa Smith,20.1,p
22026,1611661322,WAS,Washington Mystics,1022600121,2026-06-21,WAS @ MIN,W,22,2,8,0.25,0,1,0,3,4,0.75,1,7,8,2,3,1,2,1,7,-6,1,2026,regular-season,1631022,Shakira Austin,29.6,p
22026,1611661322,WAS,Washington Mystics,1022600121,2026-06-21,WAS @ MIN,W,33,6,13,0.462,2,7,0.286,7,8,0.875,1,2,3,2,1,1,1,3,21,4,1,2026,regular-season,1642785,Sonia Citron,32.6,p
22026,1611661331,GSV,Golden State Valkyries,1022600120,2026-06-21,GSV @ LVA,L,19,1,4,0.25,0,2,0,0,0,NA,3,2,5,0,0,0,1,4,2,-10,1,2026,regular-season,203866,Kayla Thornton,7,p
22026,1611661331,GSV,Golden State Valkyries,1022600120,2026-06-21,GSV @ LVA,L,21,1,4,0.25,0,1,0,0,1,0,2,1,3,3,2,0,0,0,2,-21,1,2026,regular-season,204329,Kiah Stokes,16.1,p
22026,1611661331,GSV,Golden State Valkyries,1022600120,2026-06-21,GSV @ LVA,L,18,1,4,0.25,1,4,0.25,2,2,1,0,3,3,1,0,0,3,4,5,-16,1,2026,regular-season,1642767,Janelle Salaun,7.1,p
22026,1611661313,NYL,New York Liberty,1022600122,2026-06-21,NYL @ LAS,L,17,4,10,0.4,2,7,0.286,0,0,NA,1,1,2,1,0,0,1,2,10,1,1,2026,regular-season,1629546,Marine Johannes,12.9,p
22026,1611661320,LAS,Los Angeles Sparks,1022600122,2026-06-21,LAS vs. NYL,W,35,11,18,0.611,2,4,0.5,0,0,NA,2,4,6,3,3,0,1,2,24,-2,1,2026,regular-season,203014,Nneka Ogwumike,43.7,p
22026,1611661320,LAS,Los Angeles Sparks,1022600122,2026-06-21,LAS vs. NYL,W,26,4,8,0.5,2,4,0.5,0,0,NA,0,2,2,4,0,2,1,1,10,7,1,2026,regular-season,1628878,Ariel Atkins,23.4,p
22026,1611661322,WAS,Washington Mystics,1022600121,2026-06-21,WAS @ MIN,W,18,1,2,0.5,0,0,NA,0,0,NA,0,2,2,0,2,0,1,1,2,11,1,2026,regular-season,1643427,Lauren Betts,9.4,p
22026,1611661324,MIN,Minnesota Lynx,1022600121,2026-06-21,MIN vs. WAS,L,32,5,15,0.333,1,3,0.333,2,2,1,2,2,4,3,2,0,1,2,13,-2,1,2026,regular-season,1627675,Courtney Williams,27.3,p
22026,1611661324,MIN,Minnesota Lynx,1022600121,2026-06-21,MIN vs. WAS,L,5,1,1,1,0,0,NA,0,0,NA,0,2,2,0,0,1,0,1,2,1,1,2026,regular-season,1629479,Teaira McCowan,7.4,p
22026,1611661324,MIN,Minnesota Lynx,1022600121,2026-06-21,MIN vs. WAS,L,13,2,4,0.5,0,1,0,0,0,NA,0,0,0,1,2,0,0,2,4,-1,1,2026,regular-season,1630471,Maya Caldwell,11.5,p
22026,1611661331,GSV,Golden State Valkyries,1022600120,2026-06-21,GSV @ LVA,L,21,6,9,0.667,0,2,0,0,0,NA,0,3,3,0,0,0,0,2,12,-4,1,2026,regular-season,1628508,Cecilia Zandalasini,15.6,p
22026,1611661331,GSV,Golden State Valkyries,1022600120,2026-06-21,GSV @ LVA,L,24,4,8,0.5,1,5,0.2,2,3,0.667,1,1,2,2,0,0,2,1,11,-4,1,2026,regular-season,1642822,Kaitlyn Chen,14.4,p
22026,1611661313,NYL,New York Liberty,1022600122,2026-06-21,NYL @ LAS,L,33,6,9,0.667,4,7,0.571,2,2,1,3,5,8,3,2,1,0,3,18,0,1,2026,regular-season,1627673,Jonquel Jones,41.1,p
22026,1611661313,NYL,New York Liberty,1022600122,2026-06-21,NYL @ LAS,L,6,0,1,0,0,0,NA,0,0,NA,0,2,2,0,1,0,1,0,0,5,1,2026,regular-season,1629566,Han Xu,4.4,p
22026,1611661313,NYL,New York Liberty,1022600122,2026-06-21,NYL @ LAS,L,26,4,8,0.5,3,6,0.5,2,2,1,0,2,2,1,1,0,4,2,13,3,1,2026,regular-season,1630142,Leonie Fiebich,15.9,p
22026,1611661319,LVA,Las Vegas Aces,1022600120,2026-06-21,LVA vs. GSV,W,4,0,0,NA,0,0,NA,0,0,NA,0,2,2,0,0,0,0,0,0,-4,1,2026,regular-season,204323,Cheyenne Parker-Tyus,2.4,p
22026,1611661320,LAS,Los Angeles Sparks,1022600122,2026-06-21,LAS vs. NYL,W,3,0,0,NA,0,0,NA,0,0,NA,1,0,1,0,0,0,0,0,0,6,1,2026,regular-season,1630148,Jihyun Park,1.2,p
22026,1611661320,LAS,Los Angeles Sparks,1022600122,2026-06-21,LAS vs. NYL,W,26,5,10,0.5,2,4,0.5,7,7,1,1,2,3,4,0,0,3,2,19,-7,1,2026,regular-season,1630996,Rae Burrell,25.6,p
22026,1611661322,WAS,Washington Mystics,1022600121,2026-06-21,WAS @ MIN,W,25,6,11,0.545,0,0,NA,5,7,0.714,3,4,7,0,1,0,2,5,17,-1,1,2026,regular-season,1642792,Kiki Iriafen,26.4,p
22026,1611661324,MIN,Minnesota Lynx,1022600121,2026-06-21,MIN vs. WAS,L,8,0,0,NA,0,0,NA,1,2,0.5,0,0,0,0,0,0,0,0,1,1,1,2026,regular-season,1642797,Anastasiia Olairi Kosu,1,p
22026,1611661331,GSV,Golden State Valkyries,1022600120,2026-06-21,GSV @ LVA,L,19,2,4,0.5,1,2,0.5,2,2,1,0,4,4,1,1,0,1,2,7,4,1,2026,regular-season,1630097,Kaila Charles,15.3,p
22026,1611661331,GSV,Golden State Valkyries,1022600120,2026-06-21,GSV @ LVA,L,12,3,5,0.6,2,2,1,2,2,1,1,2,3,0,1,1,0,1,10,6,1,2026,regular-season,1641656,Laeticia Amihere,19.6,p
22026,1611661331,GSV,Golden State Valkyries,1022600120,2026-06-21,GSV @ LVA,L,4,1,1,1,0,0,NA,0,0,NA,1,0,1,0,0,0,0,0,2,4,1,2026,regular-season,1643686,Nadia Fingall,3.2,p
22026,1611661313,NYL,New York Liberty,1022600122,2026-06-21,NYL @ LAS,L,22,1,3,0.333,0,1,0,0,0,NA,2,1,3,2,0,0,2,1,2,-7,1,2026,regular-season,1629477,Sabrina Ionescu,6.6,p
22026,1611661319,LVA,Las Vegas Aces,1022600120,2026-06-21,LVA vs. GSV,W,32,5,7,0.714,3,4,0.75,2,3,0.667,0,2,2,9,1,0,3,4,15,12,1,2026,regular-season,203833,Chelsea Gray,30.9,p
22026,1611661319,LVA,Las Vegas Aces,1022600120,2026-06-21,LVA vs. GSV,W,21,2,5,0.4,0,2,0,0,0,NA,0,0,0,0,0,0,1,2,4,-12,1,2026,regular-season,203855,Stephanie Talbot,3,p
22026,1611661319,LVA,Las Vegas Aces,1022600120,2026-06-21,LVA vs. GSV,W,32,9,12,0.75,3,6,0.5,0,0,NA,0,3,3,5,0,0,0,3,21,24,1,2026,regular-season,1629498,Jackie Young,32.1,p
22026,1611661320,LAS,Los Angeles Sparks,1022600122,2026-06-21,LAS vs. NYL,W,26,6,11,0.545,2,5,0.4,1,1,1,1,1,2,5,1,0,1,3,15,4,1,2026,regular-season,204365,Erica Wheeler,26.9,p
22026,1611661322,WAS,Washington Mystics,1022600121,2026-06-21,WAS @ MIN,W,23,1,5,0.2,0,1,0,3,5,0.6,2,1,3,1,0,0,1,2,5,-3,1,2026,regular-season,1630446,Michaela Onyenwere,9.1,p
22026,1611661322,WAS,Washington Mystics,1022600121,2026-06-21,WAS @ MIN,W,32,3,7,0.429,0,3,0,2,3,0.667,0,2,2,7,0,0,4,1,8,8,1,2026,regular-season,1642781,Georgia Amoore,16.9,p
22026,1611661322,WAS,Washington Mystics,1022600121,2026-06-21,WAS @ MIN,W,6,1,1,1,1,1,1,0,0,NA,0,0,0,2,0,0,2,1,3,-4,1,2026,regular-season,1642802,Lucy Olsen,4,p
22026,1611661322,WAS,Washington Mystics,1022600121,2026-06-21,WAS @ MIN,W,15,3,5,0.6,0,2,0,0,0,NA,1,4,5,1,0,0,2,0,6,6,1,2026,regular-season,1643455,Angela Dugalic,11.5,p
22026,1611661324,MIN,Minnesota Lynx,1022600121,2026-06-21,MIN vs. WAS,L,31,2,6,0.333,1,5,0.2,0,0,NA,1,7,8,2,2,4,0,4,5,-7,1,2026,regular-season,1628269,Nia Coffey,35.6,p
22026,1611661331,GSV,Golden State Valkyries,1022600120,2026-06-21,GSV @ LVA,L,19,3,8,0.375,0,3,0,1,2,0.5,0,1,1,1,0,0,1,1,7,-19,1,2026,regular-season,203026,Tiffany Hayes,8.7,p
22026,1611661331,GSV,Golden State Valkyries,1022600120,2026-06-21,GSV @ LVA,L,21,4,11,0.364,0,4,0,2,4,0.5,0,1,1,0,2,0,1,0,10,-23,1,2026,regular-season,1628931,Gabby Williams,16.2,p
22026,1611661331,GSV,Golden State Valkyries,1022600120,2026-06-21,GSV @ LVA,L,16,1,5,0.2,0,3,0,0,0,NA,3,0,3,1,1,0,1,0,2,-15,1,2026,regular-season,1631007,Veronica Burton,9.1,p
22026,1611661313,NYL,New York Liberty,1022600122,2026-06-21,NYL @ LAS,L,6,1,1,1,1,1,1,0,0,NA,0,0,0,0,0,0,0,2,3,-5,1,2026,regular-season,204296,Rebecca Allen,3,p
22026,1611661319,LVA,Las Vegas Aces,1022600120,2026-06-21,LVA vs. GSV,W,23,5,7,0.714,4,5,0.8,0,0,NA,0,3,3,1,1,0,2,3,14,27,1,2026,regular-season,204319,Jewell Loyd,20.1,p
22026,1611661319,LVA,Las Vegas Aces,1022600120,2026-06-21,LVA vs. GSV,W,31,7,13,0.538,0,2,0,5,5,1,0,9,9,3,1,2,3,0,19,27,1,2026,regular-season,1628932,A'ja Wilson,40.3,p
22026,1611661320,LAS,Los Angeles Sparks,1022600122,2026-06-21,LAS vs. NYL,W,31,6,12,0.5,0,2,0,0,2,0,2,6,8,3,1,0,2,5,12,-2,1,2026,regular-season,204324,Dearica Hamby,27.1,p
22026,1611661320,LAS,Los Angeles Sparks,1022600122,2026-06-21,LAS vs. NYL,W,36,5,14,0.357,1,7,0.143,1,1,1,0,3,3,7,0,0,1,4,12,4,1,2026,regular-season,1628276,Kelsey Plum,25.1,p
22026,1611661322,WAS,Washington Mystics,1022600121,2026-06-21,WAS @ MIN,W,26,5,9,0.556,4,4,1,1,2,0.5,0,3,3,5,0,1,1,2,15,10,1,2026,regular-season,1643430,Cotie McMahon,28.1,p
22026,1611661324,MIN,Minnesota Lynx,1022600121,2026-06-21,MIN vs. WAS,L,36,3,11,0.273,1,6,0.167,5,5,1,0,2,2,4,0,0,2,5,12,-3,1,2026,regular-season,203825,Kayla McBride,18.4,p
22026,1611661324,MIN,Minnesota Lynx,1022600121,2026-06-21,MIN vs. WAS,L,36,9,15,0.6,0,1,0,2,2,1,3,3,6,2,5,0,5,5,20,-5,1,2026,regular-season,203827,Natasha Howard,40.2,p
22026,1611661324,MIN,Minnesota Lynx,1022600121,2026-06-21,MIN vs. WAS,L,8,0,1,0,0,1,0,0,0,NA,0,0,0,0,0,0,0,1,0,1,1,2026,regular-season,1643489,Antonia Delaere,0,p
22026,1611661331,GSV,Golden State Valkyries,1022600120,2026-06-21,GSV @ LVA,L,6,1,4,0.25,0,2,0,1,2,0.5,0,2,2,1,0,0,0,0,3,3,1,2026,regular-season,1642794,Juste Jocyte,6.9,p
22026,1611661320,LAS,Los Angeles Sparks,1022600122,2026-06-21,LAS vs. NYL,W,7,1,2,0.5,0,1,0,0,0,NA,0,0,0,1,0,0,0,2,2,-6,1,2026,regular-season,1630461,Kiana Williams,3.5,p
22026,1611661320,LAS,Los Angeles Sparks,1022600122,2026-06-21,LAS vs. NYL,W,10,2,2,1,0,0,NA,0,1,0,0,1,1,1,0,0,0,1,4,1,1,2026,regular-season,1643461,Laura Ziegler,6.7,p
22026,1611661324,MIN,Minnesota Lynx,1022600121,2026-06-21,MIN vs. WAS,L,32,9,18,0.5,1,4,0.25,3,3,1,1,4,5,6,0,2,4,5,22,-10,1,2026,regular-season,1643426,Olivia Miles,39,p
22026,1611661317,PHX,Phoenix Mercury,1022600125,2026-06-22,PHX @ IND,L,27,3,8,0.375,1,3,0.333,0,1,0,0,3,3,0,0,1,0,1,7,-15,1,2026,regular-season,201886,DeWanna Bonner,13.6,p
22026,1611661323,CON,Connecticut Sun,1022600123,2026-06-22,CON vs. CHI,W,27,4,8,0.5,0,0,NA,3,4,0.75,3,12,15,3,2,2,2,3,11,24,1,2026,regular-season,1631135,Olivia Nelson-Ododa,43.5,p
22026,1611661323,CON,Connecticut Sun,1022600123,2026-06-22,CON vs. CHI,W,20,5,6,0.833,0,1,0,2,3,0.667,0,1,1,2,3,0,1,4,12,10,1,2026,regular-season,1642303,Leila Lacan,24.2,p
22026,1611661328,SEA,Seattle Storm,1022600126,2026-06-22,SEA vs. DAL,L,8,0,3,0,0,1,0,2,2,1,1,1,2,1,0,0,1,0,2,-4,1,2026,regular-season,1643473,Taina Mair,4.9,p
22026,1611661329,CHI,Chicago Sky,1022600123,2026-06-22,CHI @ CON,L,20,0,7,0,0,2,0,3,3,1,0,1,1,4,2,0,0,3,3,-7,1,2026,regular-season,203400,Skylar Diggins,16.2,p
22026,1611661329,CHI,Chicago Sky,1022600123,2026-06-22,CHI @ CON,L,20,1,6,0.167,0,2,0,4,4,1,0,0,0,0,1,0,2,2,6,-11,1,2026,regular-season,1642292,Jacy Sheldon,7,p
22026,1611661329,CHI,Chicago Sky,1022600123,2026-06-22,CHI @ CON,L,11,1,4,0.25,1,3,0.333,0,0,NA,0,1,1,0,0,0,0,4,3,-13,1,2026,regular-season,1642818,Maddy Westbeld,4.2,p
22026,1611661330,ATL,Atlanta Dream,1022600124,2026-06-22,ATL vs. TOR,W,14,1,2,0.5,0,1,0,0,0,NA,1,0,1,1,0,0,0,2,2,-19,1,2026,regular-season,1642804,Te-Hina Paopao,4.7,p
22026,1611661332,TOR,Toronto Tempo,1022600124,2026-06-22,TOR @ ATL,L,22,1,3,0.333,0,2,0,6,8,0.75,0,2,2,2,1,0,2,4,8,9,1,2026,regular-season,1643420,Laura Juskaite,14.4,p
22026,1611661317,PHX,Phoenix Mercury,1022600125,2026-06-22,PHX @ IND,L,20,1,5,0.2,0,4,0,7,7,1,0,3,3,3,2,0,2,3,9,-6,1,2026,regular-season,204468,Valeriane Ayayi,21.1,p
22026,1611661317,PHX,Phoenix Mercury,1022600125,2026-06-22,PHX @ IND,L,22,2,7,0.286,0,3,0,0,0,NA,1,1,2,3,1,0,1,4,4,-1,1,2026,regular-season,1631118,Lexi Held,12.9,p
22026,1611661321,DAL,Dallas Wings,1022600126,2026-06-22,DAL @ SEA,W,20,1,5,0.2,0,3,0,2,2,1,0,2,2,4,0,0,1,1,4,-8,1,2026,regular-season,1629481,Arike Ogunbowale,11.4,p
22026,1611661321,DAL,Dallas Wings,1022600126,2026-06-22,DAL @ SEA,W,22,3,8,0.375,0,2,0,0,0,NA,0,4,4,0,0,2,2,1,6,-9,1,2026,regular-season,1630386,Awak Kuier,14.8,p
22026,1611661321,DAL,Dallas Wings,1022600126,2026-06-22,DAL @ SEA,W,42,11,17,0.647,2,5,0.4,2,2,1,0,3,3,2,4,0,1,0,26,2,1,2026,regular-season,1643425,Azzi Fudd,43.6,p
22026,1611661323,CON,Connecticut Sun,1022600123,2026-06-22,CON vs. CHI,W,24,4,7,0.571,1,3,0.333,0,1,0,0,1,1,4,0,1,1,4,9,19,1,2026,regular-season,1641649,Diamond Miller,18.2,p
22026,1611661323,CON,Connecticut Sun,1022600123,2026-06-22,CON vs. CHI,W,8,0,0,NA,0,0,NA,1,2,0.5,0,1,1,1,0,0,1,4,1,-2,1,2026,regular-season,1643448,Nell Angloma,2.7,p
22026,1611661325,IND,Indiana Fever,1022600125,2026-06-22,IND vs. PHX,W,32,8,20,0.4,3,10,0.3,3,4,0.75,0,1,1,1,1,0,1,3,22,9,1,2026,regular-season,1628909,Kelsey Mitchell,26.7,p
22026,1611661325,IND,Indiana Fever,1022600125,2026-06-22,IND vs. PHX,W,29,8,17,0.471,3,10,0.3,5,6,0.833,0,3,3,9,0,0,3,5,24,13,1,2026,regular-season,1642286,Caitlin Clark,38.1,p
22026,1611661325,IND,Indiana Fever,1022600125,2026-06-22,IND vs. PHX,W,18,2,6,0.333,0,2,0,0,0,NA,3,2,5,3,1,0,0,4,4,3,1,2026,regular-season,1643433,Raven Johnson,17.5,p
22026,1611661328,SEA,Seattle Storm,1022600126,2026-06-22,SEA vs. DAL,L,37,9,19,0.474,2,8,0.25,1,1,1,0,4,4,11,1,0,3,2,21,2,1,2026,regular-season,1629567,Natisha Hiedeman,42.3,p
22026,1611661328,SEA,Seattle Storm,1022600126,2026-06-22,SEA vs. DAL,L,38,14,24,0.583,2,5,0.4,7,9,0.778,2,10,12,1,0,2,4,2,37,5,1,2026,regular-season,1642798,Dominique Malonga,54.9,p
22026,1611661329,CHI,Chicago Sky,1022600123,2026-06-22,CHI @ CON,L,21,1,6,0.167,0,4,0,2,2,1,0,1,1,0,0,0,2,0,4,-27,1,2026,regular-season,204333,Natasha Cloud,3.2,p
22026,1611661329,CHI,Chicago Sky,1022600123,2026-06-22,CHI @ CON,L,26,3,12,0.25,1,5,0.2,4,5,0.8,1,2,3,1,0,0,1,3,11,-18,1,2026,regular-season,1628922,Azura Stevens,15.1,p
22026,1611661329,CHI,Chicago Sky,1022600123,2026-06-22,CHI @ CON,L,21,2,8,0.25,0,3,0,1,1,1,3,1,4,0,0,0,3,1,5,-19,1,2026,regular-season,1643447,Gabriela Jaquez,6.8,p
22026,1611661330,ATL,Atlanta Dream,1022600124,2026-06-22,ATL vs. TOR,W,33,5,15,0.333,1,6,0.167,7,8,0.875,0,1,1,3,5,0,2,2,18,23,1,2026,regular-season,1628277,Allisha Gray,36.7,p
22026,1611661330,ATL,Atlanta Dream,1022600124,2026-06-22,ATL vs. TOR,W,29,4,13,0.308,0,2,0,3,4,0.75,3,6,9,2,0,1,4,5,11,10,1,2026,regular-season,1642291,Angel Reese,23.8,p
22026,1611661332,TOR,Toronto Tempo,1022600124,2026-06-22,TOR @ ATL,L,14,4,6,0.667,1,3,0.333,1,2,0.5,0,2,2,1,1,0,3,6,10,-7,1,2026,regular-season,1627701,Temi Fagbenle,13.9,p
22026,1611661332,TOR,Toronto Tempo,1022600124,2026-06-22,TOR @ ATL,L,29,3,6,0.5,2,3,0.667,0,0,NA,1,3,4,2,0,0,3,1,8,-20,1,2026,regular-season,1629576,Maria Conde,12.8,p
22026,1611661332,TOR,Toronto Tempo,1022600124,2026-06-22,TOR @ ATL,L,2,0,0,NA,0,0,NA,0,0,NA,1,0,1,1,0,0,0,1,0,6,1,2026,regular-season,1643457,Teonni Key,2.7,p
22026,1611661317,PHX,Phoenix Mercury,1022600125,2026-06-22,PHX @ IND,L,31,6,14,0.429,2,7,0.286,6,8,0.75,0,3,3,0,0,0,1,6,20,-9,1,2026,regular-season,1627674,Kahleah Copper,22.6,p
22026,1611661317,PHX,Phoenix Mercury,1022600125,2026-06-22,PHX @ IND,L,21,2,7,0.286,0,0,NA,0,0,NA,5,2,7,1,0,0,3,3,4,-8,1,2026,regular-season,1630442,Natasha Mack,10.9,p
22026,1611661317,PHX,Phoenix Mercury,1022600125,2026-06-22,PHX @ IND,L,14,2,5,0.4,0,2,0,0,0,NA,1,3,4,0,0,0,2,3,4,-10,1,2026,regular-season,1642768,Kyara Linskens,6.8,p
22026,1611661321,DAL,Dallas Wings,1022600126,2026-06-22,DAL @ SEA,W,38,12,23,0.522,3,6,0.5,0,0,NA,1,4,5,5,1,0,2,1,27,-6,1,2026,regular-season,1642784,Paige Bueckers,41.5,p
22026,1611661321,DAL,Dallas Wings,1022600126,2026-06-22,DAL @ SEA,W,24,7,11,0.636,1,1,1,3,5,0.6,1,5,6,6,2,0,0,4,18,10,1,2026,regular-season,1642793,Aziaha James,40.2,p
22026,1611661323,CON,Connecticut Sun,1022600123,2026-06-22,CON vs. CHI,W,22,6,10,0.6,0,0,NA,2,3,0.667,2,6,8,3,0,4,3,3,14,18,1,2026,regular-season,203398,Brittney Griner,37.1,p
22026,1611661323,CON,Connecticut Sun,1022600123,2026-06-22,CON vs. CHI,W,24,3,7,0.429,1,3,0.333,1,2,0.5,0,4,4,3,2,0,1,1,8,28,1,2026,regular-season,1629568,Kennedy Burke,22.3,p
22026,1611661323,CON,Connecticut Sun,1022600123,2026-06-22,CON vs. CHI,W,14,4,8,0.5,1,1,1,2,2,1,3,2,5,0,1,1,0,2,11,14,1,2026,regular-season,1642290,Aaliyah Edwards,23,p
22026,1611661323,CON,Connecticut Sun,1022600123,2026-06-22,CON vs. CHI,W,9,0,3,0,0,0,NA,1,1,1,0,2,2,0,1,0,1,0,1,2,1,2026,regular-season,1642800,Aneesah Morrow,5.4,p
22026,1611661323,CON,Connecticut Sun,1022600123,2026-06-22,CON vs. CHI,W,5,2,3,0.667,0,1,0,0,0,NA,0,1,1,0,0,0,0,1,4,-2,1,2026,regular-season,1643429,Gianna Kneepkens,5.2,p
22026,1611661323,CON,Connecticut Sun,1022600123,2026-06-22,CON vs. CHI,W,29,4,11,0.364,1,4,0.25,4,4,1,0,7,7,5,1,0,3,3,13,19,1,2026,regular-season,1643449,Charlisse Leger-Walker,28.9,p
22026,1611661325,IND,Indiana Fever,1022600125,2026-06-22,IND vs. PHX,W,1,0,0,NA,0,0,NA,0,0,NA,0,0,0,0,0,0,1,2,0,-5,1,2026,regular-season,1643453,Grace VanSlooten,-1,p
22026,1611661328,SEA,Seattle Storm,1022600126,2026-06-22,SEA vs. DAL,L,14,0,0,NA,0,0,NA,0,0,NA,0,1,1,0,0,0,0,1,0,-8,1,2026,regular-season,203828,Stefanie Dolson,1.2,p
22026,1611661328,SEA,Seattle Storm,1022600126,2026-06-22,SEA vs. DAL,L,21,1,2,0.5,1,2,0.5,0,0,NA,0,2,2,1,2,0,0,3,3,-7,1,2026,regular-season,1629478,Katie Lou Samuelson,12.9,p
22026,1611661328,SEA,Seattle Storm,1022600126,2026-06-22,SEA vs. DAL,L,39,6,8,0.75,4,5,0.8,2,2,1,1,5,6,4,0,3,2,3,18,-1,1,2026,regular-season,1643443,Awa Fam,38.2,p
22026,1611661329,CHI,Chicago Sky,1022600123,2026-06-22,CHI @ CON,L,23,6,12,0.5,0,0,NA,4,5,0.8,5,9,14,0,2,2,2,4,16,-11,1,2026,regular-season,1642289,Kamilla Cardoso,42.8,p
22026,1611661329,CHI,Chicago Sky,1022600123,2026-06-22,CHI @ CON,L,22,2,12,0.167,1,8,0.125,5,6,0.833,1,0,1,2,0,0,2,1,10,-18,1,2026,regular-season,1642321,Sydney Taylor,12.2,p
22026,1611661330,ATL,Atlanta Dream,1022600124,2026-06-22,ATL vs. TOR,W,29,4,8,0.5,1,4,0.25,2,2,1,0,2,2,13,2,0,2,1,11,24,1,2026,regular-season,1628886,Jordin Canada,36.9,p
22026,1611661330,ATL,Atlanta Dream,1022600124,2026-06-22,ATL vs. TOR,W,20,3,10,0.3,2,4,0.5,0,0,NA,0,2,2,2,1,0,0,3,8,-19,1,2026,regular-season,1642302,Isobel Borlase,16.4,p
22026,1611661330,ATL,Atlanta Dream,1022600124,2026-06-22,ATL vs. TOR,W,18,7,9,0.778,0,0,NA,4,5,0.8,2,5,7,0,0,0,0,3,18,1,1,2026,regular-season,1643431,Madina Okot,26.4,p
22026,1611661332,TOR,Toronto Tempo,1022600124,2026-06-22,TOR @ ATL,L,32,7,16,0.438,1,4,0.25,6,7,0.857,1,9,10,2,1,1,1,1,21,-10,1,2026,regular-season,204330,Isabelle Harrison,41,p
22026,1611661332,TOR,Toronto Tempo,1022600124,2026-06-22,TOR @ ATL,L,15,1,4,0.25,1,3,0.333,1,1,1,0,1,1,4,1,0,1,0,4,22,1,2026,regular-season,1628915,Kia Nurse,13.2,p
22026,1611661332,TOR,Toronto Tempo,1022600124,2026-06-22,TOR @ ATL,L,18,3,7,0.429,0,3,0,3,3,1,0,4,4,2,1,4,1,3,9,-12,1,2026,regular-season,1631055,Nyara Sabally,30.8,p
22026,1611661332,TOR,Toronto Tempo,1022600124,2026-06-22,TOR @ ATL,L,8,0,0,NA,0,0,NA,0,0,NA,1,0,1,1,0,0,1,0,0,7,1,2026,regular-season,1643647,Tima Pouye,1.7,p
22026,1611661317,PHX,Phoenix Mercury,1022600125,2026-06-22,PHX @ IND,L,34,8,12,0.667,0,0,NA,3,5,0.6,0,5,5,9,1,1,3,2,19,-13,1,2026,regular-season,203826,Alyssa Thomas,41.5,p
22026,1611661321,DAL,Dallas Wings,1022600126,2026-06-22,DAL @ SEA,W,36,7,13,0.538,0,0,NA,0,0,NA,4,5,9,8,1,0,1,2,14,-3,1,2026,regular-season,1629491,Jessica Shepard,38.8,p
22026,1611661321,DAL,Dallas Wings,1022600126,2026-06-22,DAL @ SEA,W,18,4,6,0.667,2,4,0.5,0,0,NA,3,0,3,2,0,0,0,2,10,10,1,2026,regular-season,1629574,Li Yueru,16.6,p
22026,1611661321,DAL,Dallas Wings,1022600126,2026-06-22,DAL @ SEA,W,13,3,5,0.6,1,2,0.5,0,0,NA,0,0,0,1,0,0,0,1,7,6,1,2026,regular-season,1641652,Maddy Siegrist,8.5,p
22026,1611661323,CON,Connecticut Sun,1022600123,2026-06-22,CON vs. CHI,W,5,2,2,1,0,0,NA,0,0,NA,1,0,1,0,0,0,2,2,4,-2,1,2026,regular-season,1643441,Raegan Beers,3.2,p
22026,1611661325,IND,Indiana Fever,1022600125,2026-06-22,IND vs. PHX,W,14,1,1,1,1,1,1,0,0,NA,0,1,1,1,0,0,1,1,3,4,1,2026,regular-season,1628899,Myisha Hines-Allen,4.7,p
22026,1611661325,IND,Indiana Fever,1022600125,2026-06-22,IND vs. PHX,W,26,0,5,0,0,5,0,2,2,1,0,6,6,0,0,0,0,0,2,-2,1,2026,regular-season,1629482,Sophie Cunningham,9.2,p
22026,1611661325,IND,Indiana Fever,1022600125,2026-06-22,IND vs. PHX,W,29,2,9,0.222,1,4,0.25,3,4,0.75,1,8,9,0,2,1,3,3,8,10,1,2026,regular-season,1641648,Aliyah Boston,24.8,p
22026,1611661328,SEA,Seattle Storm,1022600126,2026-06-22,SEA vs. DAL,L,30,6,12,0.5,2,5,0.4,4,4,1,1,1,2,2,0,0,1,0,18,-8,1,2026,regular-season,1641660,Zia Cooke,22.4,p
22026,1611661329,CHI,Chicago Sky,1022600123,2026-06-22,CHI @ CON,L,16,1,2,0.5,1,2,0.5,0,0,NA,0,0,0,1,0,0,1,1,3,-5,1,2026,regular-season,1627671,Rachel Banham,3.5,p
22026,1611661329,CHI,Chicago Sky,1022600123,2026-06-22,CHI @ CON,L,5,0,1,0,0,1,0,0,0,NA,0,0,0,0,0,0,0,1,0,2,1,2026,regular-season,1643458,Saylor Poffenbarger,0,p
22026,1611661330,ATL,Atlanta Dream,1022600124,2026-06-22,ATL vs. TOR,W,1,0,0,NA,0,0,NA,0,0,NA,0,0,0,0,0,0,1,1,0,-5,1,2026,regular-season,1643469,Indya Nivar,-1,p
22026,1611661317,PHX,Phoenix Mercury,1022600125,2026-06-22,PHX @ IND,L,2,1,1,1,1,1,1,0,0,NA,0,0,0,0,0,0,0,1,3,6,1,2026,regular-season,1643470,Shay Ciezki,3,p
22026,1611661317,PHX,Phoenix Mercury,1022600125,2026-06-22,PHX @ IND,L,2,0,0,NA,0,0,NA,0,0,NA,0,0,0,0,0,0,0,0,0,6,1,2026,regular-season,1643487,Quionche Carter,0,p
22026,1611661321,DAL,Dallas Wings,1022600126,2026-06-22,DAL @ SEA,W,10,0,1,0,0,1,0,0,0,NA,0,2,2,2,1,0,1,2,0,8,1,2026,regular-season,1630134,Sug Sutton,7.4,p
22026,1611661323,CON,Connecticut Sun,1022600123,2026-06-22,CON vs. CHI,W,13,0,2,0,0,0,NA,4,4,1,1,2,3,0,0,1,1,2,4,17,1,2026,regular-season,1642809,Saniya Rivers,9.6,p
22026,1611661325,IND,Indiana Fever,1022600125,2026-06-22,IND vs. PHX,W,17,2,2,1,2,2,1,2,2,1,1,1,2,0,0,0,1,2,8,1,1,2026,regular-season,1631086,Lexie Hull,9.4,p
22026,1611661325,IND,Indiana Fever,1022600125,2026-06-22,IND vs. PHX,W,5,0,0,NA,0,0,NA,1,2,0.5,1,1,2,0,1,0,1,0,1,-3,1,2026,regular-season,1642815,Makayla Timpson,5.4,p
22026,1611661328,SEA,Seattle Storm,1022600126,2026-06-22,SEA vs. DAL,L,40,3,9,0.333,2,3,0.667,3,3,1,0,5,5,9,2,1,2,1,11,11,1,2026,regular-season,1643428,Flau'jae Johnson,37.5,p
22026,1611661329,CHI,Chicago Sky,1022600123,2026-06-22,CHI @ CON,L,15,0,3,0,0,0,NA,2,6,0.333,1,2,3,2,1,0,0,1,2,-18,1,2026,regular-season,204322,Elizabeth Williams,11.6,p
22026,1611661330,ATL,Atlanta Dream,1022600124,2026-06-22,ATL vs. TOR,W,32,7,17,0.412,5,11,0.455,1,2,0.5,3,4,7,1,0,0,1,6,20,5,1,2026,regular-season,1631009,Rhyne Howard,28.9,p
22026,1611661330,ATL,Atlanta Dream,1022600124,2026-06-22,ATL vs. TOR,W,1,0,0,NA,0,0,NA,0,0,NA,0,0,0,0,0,0,0,2,0,0,1,2026,regular-season,1631021,Sika Kone,0,p
22026,1611661330,ATL,Atlanta Dream,1022600124,2026-06-22,ATL vs. TOR,W,23,3,4,0.75,0,1,0,0,0,NA,0,3,3,1,0,0,1,1,6,15,1,2026,regular-season,1631044,Naz Hillmon,10.1,p
22026,1611661332,TOR,Toronto Tempo,1022600124,2026-06-22,TOR @ ATL,L,28,1,3,0.333,1,2,0.5,1,2,0.5,0,2,2,3,2,1,2,3,4,-14,1,2026,regular-season,1627700,Julie Allemand,17.9,p
22026,1611661332,TOR,Toronto Tempo,1022600124,2026-06-22,TOR @ ATL,L,31,8,17,0.471,3,8,0.375,4,5,0.8,1,3,4,4,1,0,3,4,23,-16,1,2026,regular-season,1629497,Marina Mabrey,33.8,p
22026,1611661317,PHX,Phoenix Mercury,1022600125,2026-06-22,PHX @ IND,L,26,3,9,0.333,1,5,0.2,0,0,NA,1,1,2,3,1,0,0,2,7,5,1,2026,regular-season,1643493,Noemie Brochant,16.9,p
22026,1611661325,IND,Indiana Fever,1022600125,2026-06-22,IND vs. PHX,W,28,4,4,1,0,0,NA,6,9,0.667,6,4,10,1,1,1,3,3,14,15,1,2026,regular-season,1628881,Monique Billings,30.5,p
22026,1611661313,NYL,New York Liberty,1022600127,2026-06-23,NYL @ LVA,W,30,4,7,0.571,4,5,0.8,0,0,NA,0,1,1,1,2,0,1,0,12,8,1,2026,regular-season,1630142,Leonie Fiebich,19.7,p
22026,1611661313,NYL,New York Liberty,1022600127,2026-06-23,NYL @ LVA,W,17,0,3,0,0,3,0,0,0,NA,0,3,3,1,0,1,2,2,0,-2,1,2026,regular-season,204335,Betnijah Laney-Hamilton,6.1,p
22026,1611661313,NYL,New York Liberty,1022600127,2026-06-23,NYL @ LVA,W,36,7,16,0.438,2,3,0.667,4,6,0.667,2,4,6,4,0,3,4,0,20,6,1,2026,regular-season,1627668,Breanna Stewart,38.2,p
22026,1611661319,LVA,Las Vegas Aces,1022600127,2026-06-23,LVA vs. NYL,L,13,1,5,0.2,1,4,0.25,0,0,NA,0,3,3,0,0,0,0,1,3,-8,1,2026,regular-season,203855,Stephanie Talbot,6.6,p
22026,1611661313,NYL,New York Liberty,1022600127,2026-06-23,NYL @ LVA,W,20,3,6,0.5,0,0,NA,1,1,1,0,2,2,2,0,0,0,5,7,5,1,2026,regular-season,1631136,Pauline Astier,12.4,p
22026,1611661313,NYL,New York Liberty,1022600127,2026-06-23,NYL @ LVA,W,18,2,6,0.333,2,5,0.4,0,0,NA,0,2,2,3,0,0,1,0,6,14,1,2026,regular-season,1629546,Marine Johannes,11.9,p
22026,1611661313,NYL,New York Liberty,1022600127,2026-06-23,NYL @ LVA,W,13,4,4,1,2,2,1,2,2,1,1,1,2,0,0,0,1,0,12,4,1,2026,regular-season,1629566,Han Xu,13.4,p
22026,1611661319,LVA,Las Vegas Aces,1022600127,2026-06-23,LVA vs. NYL,L,35,4,8,0.5,2,5,0.4,1,1,1,0,5,5,8,2,1,1,0,11,-6,1,2026,regular-season,203833,Chelsea Gray,37,p
22026,1611661319,LVA,Las Vegas Aces,1022600127,2026-06-23,LVA vs. NYL,L,17,5,7,0.714,2,2,1,2,2,1,3,3,6,0,1,0,0,3,14,5,1,2026,regular-season,204323,Cheyenne Parker-Tyus,24.2,p
22026,1611661319,LVA,Las Vegas Aces,1022600127,2026-06-23,LVA vs. NYL,L,23,3,6,0.5,0,0,NA,1,2,0.5,0,1,1,0,1,2,0,2,7,-14,1,2026,regular-season,1631019,NaLyssa Smith,17.2,p
22026,1611661313,NYL,New York Liberty,1022600127,2026-06-23,NYL @ LVA,W,8,0,3,0,0,3,0,0,0,NA,0,3,3,1,0,1,0,1,0,8,1,2026,regular-season,1630149,Satou Sabally,8.1,p
22026,1611661319,LVA,Las Vegas Aces,1022600127,2026-06-23,LVA vs. NYL,L,30,2,7,0.286,2,5,0.4,0,0,NA,0,1,1,0,1,0,1,3,6,-6,1,2026,regular-season,204319,Jewell Loyd,9.2,p
22026,1611661319,LVA,Las Vegas Aces,1022600127,2026-06-23,LVA vs. NYL,L,36,7,18,0.389,0,3,0,2,3,0.667,1,8,9,5,4,0,3,2,16,-11,1,2026,regular-season,1628932,A'ja Wilson,43.3,p
22026,1611661319,LVA,Las Vegas Aces,1022600127,2026-06-23,LVA vs. NYL,L,38,9,19,0.474,1,6,0.167,0,0,NA,0,4,4,7,0,1,2,2,19,-7,1,2026,regular-season,1629498,Jackie Young,35.3,p
22026,1611661319,LVA,Las Vegas Aces,1022600127,2026-06-23,LVA vs. NYL,L,9,0,2,0,0,2,0,0,0,NA,1,2,3,3,0,0,0,1,0,-8,1,2026,regular-season,1631006,Kierstan Bell,8.1,p
22026,1611661313,NYL,New York Liberty,1022600127,2026-06-23,NYL @ LVA,W,28,5,8,0.625,1,4,0.25,3,3,1,1,4,5,3,0,0,0,4,14,7,1,2026,regular-season,1627673,Jonquel Jones,24.5,p
22026,1611661313,NYL,New York Liberty,1022600127,2026-06-23,NYL @ LVA,W,30,5,12,0.417,2,6,0.333,4,4,1,1,9,10,4,1,0,2,0,16,5,1,2026,regular-season,1629477,Sabrina Ionescu,35,p
22026,1611661317,PHX,Phoenix Mercury,1022600128,2026-06-24,PHX @ IND,W,33,5,11,0.455,2,6,0.333,1,1,1,0,8,8,1,2,1,1,3,13,11,1,2026,regular-season,201886,DeWanna Bonner,32.1,p
22026,1611661317,PHX,Phoenix Mercury,1022600128,2026-06-24,PHX @ IND,W,38,12,17,0.706,0,1,0,0,1,0,1,3,4,8,1,1,6,4,24,0,1,2026,regular-season,203826,Alyssa Thomas,40.8,p
22026,1611661317,PHX,Phoenix Mercury,1022600128,2026-06-24,PHX @ IND,W,2,0,1,0,0,0,NA,0,0,NA,0,0,0,0,0,0,0,0,0,-3,1,2026,regular-season,1643487,Quionche Carter,0,p
22026,1611661317,PHX,Phoenix Mercury,1022600128,2026-06-24,PHX @ IND,W,33,5,9,0.556,2,4,0.5,0,2,0,1,4,5,9,3,0,1,1,12,1,1,2026,regular-season,1643493,Noemie Brochant,39.5,p
22026,1611661322,WAS,Washington Mystics,1022600129,2026-06-24,WAS vs. MIN,L,34,9,14,0.643,4,5,0.8,6,6,1,0,3,3,3,1,1,3,3,28,-5,1,2026,regular-season,1642785,Sonia Citron,39.1,p
22026,1611661324,MIN,Minnesota Lynx,1022600129,2026-06-24,MIN @ WAS,W,25,2,9,0.222,0,2,0,1,2,0.5,0,2,2,3,0,1,0,1,5,-3,1,2026,regular-season,1627675,Courtney Williams,14.9,p
22026,1611661324,MIN,Minnesota Lynx,1022600129,2026-06-24,MIN @ WAS,W,14,1,2,0.5,0,0,NA,0,0,NA,0,2,2,0,1,1,1,3,2,-9,1,2026,regular-season,1642797,Anastasiia Olairi Kosu,9.4,p
22026,1611661325,IND,Indiana Fever,1022600128,2026-06-24,IND vs. PHX,L,19,1,2,0.5,0,1,0,0,0,NA,0,5,5,7,1,0,0,3,2,7,1,2026,regular-season,1643433,Raven Johnson,21.5,p
22026,1611661327,PDX,Portland Fire,1022600130,2026-06-24,PDX @ CHI,L,14,1,4,0.25,0,1,0,0,0,NA,2,1,3,2,0,2,0,3,2,-8,1,2026,regular-season,1630143,Luisa Geiselsoder,14.6,p
22026,1611661327,PDX,Portland Fire,1022600130,2026-06-24,PDX @ CHI,L,7,3,3,1,0,0,NA,0,0,NA,1,2,3,0,0,0,1,2,6,-3,1,2026,regular-season,1643436,Serah Williams,8.6,p
22026,1611661329,CHI,Chicago Sky,1022600130,2026-06-24,CHI vs. PDX,W,25,5,10,0.5,0,3,0,5,5,1,2,1,3,6,1,0,3,2,15,12,1,2026,regular-season,203400,Skylar Diggins,27.6,p
22026,1611661329,CHI,Chicago Sky,1022600130,2026-06-24,CHI vs. PDX,W,27,6,7,0.857,0,0,NA,1,2,0.5,0,8,8,3,0,2,1,2,13,16,1,2026,regular-season,1642289,Kamilla Cardoso,32.1,p
22026,1611661329,CHI,Chicago Sky,1022600130,2026-06-24,CHI vs. PDX,W,22,6,12,0.5,1,3,0.333,1,2,0.5,1,0,1,3,1,2,0,5,14,15,1,2026,regular-season,1642292,Jacy Sheldon,28.7,p
22026,1611661330,ATL,Atlanta Dream,1022600131,2026-06-24,ATL @ GSV,L,19,1,2,0.5,0,1,0,0,0,NA,0,1,1,2,0,0,3,2,2,-1,1,2026,regular-season,1642302,Isobel Borlase,3.2,p
22026,1611661317,PHX,Phoenix Mercury,1022600128,2026-06-24,PHX @ IND,W,31,6,10,0.6,1,3,0.333,15,16,0.938,1,2,3,1,1,0,0,4,28,4,1,2026,regular-season,1627674,Kahleah Copper,36.1,p
22026,1611661317,PHX,Phoenix Mercury,1022600128,2026-06-24,PHX @ IND,W,26,3,6,0.5,1,1,1,2,3,0.667,0,1,1,0,0,1,0,2,9,-5,1,2026,regular-season,1631118,Lexi Held,13.2,p
22026,1611661317,PHX,Phoenix Mercury,1022600128,2026-06-24,PHX @ IND,W,10,3,4,0.75,0,1,0,0,1,0,1,1,2,0,0,0,1,3,6,-7,1,2026,regular-season,1643438,Marta Suarez,7.4,p
22026,1611661324,MIN,Minnesota Lynx,1022600129,2026-06-24,MIN @ WAS,W,38,7,18,0.389,5,14,0.357,0,0,NA,1,5,6,2,1,0,4,3,19,10,1,2026,regular-season,203825,Kayla McBride,28.2,p
22026,1611661324,MIN,Minnesota Lynx,1022600129,2026-06-24,MIN @ WAS,W,8,0,0,NA,0,0,NA,0,0,NA,0,0,0,0,0,0,2,1,0,-9,1,2026,regular-season,1643489,Antonia Delaere,-2,p
22026,1611661325,IND,Indiana Fever,1022600128,2026-06-24,IND vs. PHX,L,38,11,16,0.688,7,9,0.778,1,1,1,0,0,0,6,2,0,3,6,30,-4,1,2026,regular-season,1628909,Kelsey Mitchell,42,p
22026,1611661325,IND,Indiana Fever,1022600128,2026-06-24,IND vs. PHX,L,20,5,9,0.556,3,4,0.75,6,6,1,0,0,0,8,1,0,4,2,19,-2,1,2026,regular-season,1642286,Caitlin Clark,30,p
22026,1611661327,PDX,Portland Fire,1022600130,2026-06-24,PDX @ CHI,L,4,1,2,0.5,0,0,NA,0,0,NA,0,0,0,1,0,0,1,1,2,1,1,2026,regular-season,1641683,Holly Winterburn,2.5,p
22026,1611661330,ATL,Atlanta Dream,1022600131,2026-06-24,ATL @ GSV,L,31,5,11,0.455,1,5,0.2,1,1,1,0,5,5,3,1,1,1,2,12,-23,1,2026,regular-season,1631009,Rhyne Howard,27.5,p
22026,1611661330,ATL,Atlanta Dream,1022600131,2026-06-24,ATL @ GSV,L,16,1,1,1,0,0,NA,0,0,NA,1,1,2,0,0,0,0,1,2,-13,1,2026,regular-season,1631044,Naz Hillmon,4.4,p
22026,1611661331,GSV,Golden State Valkyries,1022600131,2026-06-24,GSV vs. ATL,W,21,4,9,0.444,4,6,0.667,2,2,1,0,1,1,3,0,0,1,5,14,12,1,2026,regular-season,1628508,Cecilia Zandalasini,18.7,p
22026,1611661331,GSV,Golden State Valkyries,1022600131,2026-06-24,GSV vs. ATL,W,13,2,5,0.4,1,1,1,1,2,0.5,1,4,5,1,1,2,3,2,6,12,1,2026,regular-season,1641656,Laeticia Amihere,19.5,p
22026,1611661317,PHX,Phoenix Mercury,1022600128,2026-06-24,PHX @ IND,W,28,5,8,0.625,1,4,0.25,8,9,0.889,2,1,3,2,1,0,1,2,19,9,1,2026,regular-season,204468,Valeriane Ayayi,27.6,p
22026,1611661322,WAS,Washington Mystics,1022600129,2026-06-24,WAS vs. MIN,L,26,5,15,0.333,0,1,0,1,2,0.5,2,14,16,3,1,0,3,2,11,-3,1,2026,regular-season,1631022,Shakira Austin,34.7,p
22026,1611661322,WAS,Washington Mystics,1022600129,2026-06-24,WAS vs. MIN,L,29,3,8,0.375,0,1,0,1,2,0.5,1,2,3,1,0,0,1,0,7,-10,1,2026,regular-season,1643430,Cotie McMahon,11.1,p
22026,1611661324,MIN,Minnesota Lynx,1022600129,2026-06-24,MIN @ WAS,W,36,7,13,0.538,0,1,0,7,8,0.875,3,12,15,3,2,1,4,5,21,7,1,2026,regular-season,203827,Natasha Howard,48.5,p
22026,1611661324,MIN,Minnesota Lynx,1022600129,2026-06-24,MIN @ WAS,W,23,2,6,0.333,1,5,0.2,0,0,NA,1,4,5,5,2,1,1,6,5,-3,1,2026,regular-season,1628269,Nia Coffey,26.5,p
22026,1611661324,MIN,Minnesota Lynx,1022600129,2026-06-24,MIN @ WAS,W,14,2,4,0.5,1,2,0.5,0,0,NA,1,1,2,1,0,0,0,1,5,2,1,2026,regular-season,1630471,Maya Caldwell,8.9,p
22026,1611661324,MIN,Minnesota Lynx,1022600129,2026-06-24,MIN @ WAS,W,35,6,18,0.333,1,6,0.167,8,12,0.667,1,3,4,5,1,1,1,3,21,6,1,2026,regular-season,1643426,Olivia Miles,38.3,p
22026,1611661325,IND,Indiana Fever,1022600128,2026-06-24,IND vs. PHX,L,21,5,10,0.5,0,2,0,3,4,0.75,2,3,5,2,0,1,1,2,13,4,1,2026,regular-season,1628899,Myisha Hines-Allen,24,p
22026,1611661325,IND,Indiana Fever,1022600128,2026-06-24,IND vs. PHX,L,20,2,3,0.667,1,2,0.5,0,0,NA,0,0,0,0,0,0,3,3,5,-7,1,2026,regular-season,1629482,Sophie Cunningham,2,p
22026,1611661325,IND,Indiana Fever,1022600128,2026-06-24,IND vs. PHX,L,35,9,16,0.563,1,4,0.25,4,4,1,1,8,9,5,1,0,3,5,23,-2,1,2026,regular-season,1641648,Aliyah Boston,41.3,p
22026,1611661327,PDX,Portland Fire,1022600130,2026-06-24,PDX @ CHI,L,15,2,3,0.667,2,3,0.667,0,0,NA,0,2,2,0,0,0,0,1,6,-15,1,2026,regular-season,1628317,Karlie Samuelson,8.4,p
22026,1611661327,PDX,Portland Fire,1022600130,2026-06-24,PDX @ CHI,L,23,6,12,0.5,2,3,0.667,3,3,1,1,1,2,1,2,0,0,5,17,-11,1,2026,regular-season,1629484,Megan DiLeo,26.9,p
22026,1611661327,PDX,Portland Fire,1022600130,2026-06-24,PDX @ CHI,L,26,5,12,0.417,2,5,0.4,1,3,0.333,0,5,5,2,1,0,1,1,13,-10,1,2026,regular-season,1642782,Sarah Ashlee Barker,24,p
22026,1611661327,PDX,Portland Fire,1022600130,2026-06-24,PDX @ CHI,L,16,0,3,0,0,2,0,2,2,1,0,3,3,2,1,0,1,1,2,-10,1,2026,regular-season,1643494,Frieda Buhner,10.6,p
22026,1611661329,CHI,Chicago Sky,1022600130,2026-06-24,CHI vs. PDX,W,6,1,2,0.5,1,2,0.5,0,0,NA,0,0,0,0,0,0,0,2,3,1,1,2026,regular-season,1627671,Rachel Banham,3,p
22026,1611661329,CHI,Chicago Sky,1022600130,2026-06-24,CHI vs. PDX,W,23,3,7,0.429,0,1,0,4,5,0.8,2,3,5,1,0,0,0,1,10,13,1,2026,regular-season,1643447,Gabriela Jaquez,17.5,p
22026,1611661330,ATL,Atlanta Dream,1022600131,2026-06-24,ATL @ GSV,L,12,1,3,0.333,0,1,0,2,2,1,2,1,3,1,0,0,1,3,4,14,1,2026,regular-season,1631021,Sika Kone,8.1,p
22026,1611661331,GSV,Golden State Valkyries,1022600131,2026-06-24,GSV vs. ATL,W,32,6,12,0.5,5,10,0.5,0,2,0,0,5,5,1,0,0,1,3,17,15,1,2026,regular-season,203866,Kayla Thornton,23.5,p
22026,1611661331,GSV,Golden State Valkyries,1022600131,2026-06-24,GSV vs. ATL,W,10,2,5,0.4,2,4,0.5,0,0,NA,0,2,2,1,0,0,1,2,6,1,1,2026,regular-season,1642767,Janelle Salaun,8.9,p
22026,1611661331,GSV,Golden State Valkyries,1022600131,2026-06-24,GSV vs. ATL,W,5,0,1,0,0,1,0,0,0,NA,0,0,0,0,0,0,0,1,0,-2,1,2026,regular-season,1642822,Kaitlyn Chen,0,p
22026,1611661322,WAS,Washington Mystics,1022600129,2026-06-24,WAS vs. MIN,L,26,1,4,0.25,1,3,0.333,3,3,1,0,1,1,3,0,0,4,4,6,-3,1,2026,regular-season,1642781,Georgia Amoore,7.7,p
22026,1611661322,WAS,Washington Mystics,1022600129,2026-06-24,WAS vs. MIN,L,30,5,10,0.5,0,1,0,3,8,0.375,1,10,11,3,1,0,1,2,13,-11,1,2026,regular-season,1642792,Kiki Iriafen,32.7,p
22026,1611661322,WAS,Washington Mystics,1022600129,2026-06-24,WAS vs. MIN,L,16,2,3,0.667,0,0,NA,0,0,NA,2,2,4,1,0,1,3,4,4,-2,1,2026,regular-season,1643427,Lauren Betts,10.3,p
22026,1611661322,WAS,Washington Mystics,1022600129,2026-06-24,WAS vs. MIN,L,8,0,0,NA,0,0,NA,3,4,0.75,0,0,0,1,0,0,0,1,3,12,1,2026,regular-season,1643455,Angela Dugalic,4.5,p
22026,1611661325,IND,Indiana Fever,1022600128,2026-06-24,IND vs. PHX,L,3,0,2,0,0,2,0,0,0,NA,0,0,0,0,0,0,0,1,0,-6,1,2026,regular-season,1630112,Tyasha Harris,0,p
22026,1611661325,IND,Indiana Fever,1022600128,2026-06-24,IND vs. PHX,L,24,4,6,0.667,1,3,0.333,0,0,NA,0,2,2,2,1,0,2,4,9,5,1,2026,regular-season,1631086,Lexie Hull,15.4,p
22026,1611661327,PDX,Portland Fire,1022600130,2026-06-24,PDX @ CHI,L,29,2,6,0.333,0,2,0,3,4,0.75,2,3,5,2,0,1,2,1,7,-19,1,2026,regular-season,1629524,Bridget Carleton,17,p
22026,1611661327,PDX,Portland Fire,1022600130,2026-06-24,PDX @ CHI,L,28,1,8,0.125,1,1,1,7,8,0.875,1,0,1,6,0,0,1,3,10,-19,1,2026,regular-season,1642304,Carla Leite,19.2,p
22026,1611661327,PDX,Portland Fire,1022600130,2026-06-24,PDX @ CHI,L,8,1,4,0.25,1,1,1,0,0,NA,1,0,1,0,0,0,2,0,3,-5,1,2026,regular-season,1643506,Teja Oblak,2.2,p
22026,1611661329,CHI,Chicago Sky,1022600130,2026-06-24,CHI vs. PDX,W,13,1,3,0.333,0,0,NA,0,0,NA,0,2,2,0,0,1,1,0,2,7,1,2026,regular-season,204322,Elizabeth Williams,6.4,p
22026,1611661329,CHI,Chicago Sky,1022600130,2026-06-24,CHI vs. PDX,W,21,3,3,1,1,1,1,2,2,1,0,4,4,4,0,0,2,1,9,26,1,2026,regular-season,204333,Natasha Cloud,17.8,p
22026,1611661329,CHI,Chicago Sky,1022600130,2026-06-24,CHI vs. PDX,W,21,5,8,0.625,2,4,0.5,2,3,0.667,0,1,1,4,1,0,1,4,14,4,1,2026,regular-season,1642321,Sydney Taylor,23.2,p
22026,1611661329,CHI,Chicago Sky,1022600130,2026-06-24,CHI vs. PDX,W,15,3,4,0.75,0,0,NA,4,6,0.667,1,2,3,1,2,1,1,0,10,20,1,2026,regular-season,1642786,Aicha Coulibaly,23.1,p
22026,1611661330,ATL,Atlanta Dream,1022600131,2026-06-24,ATL @ GSV,L,25,3,10,0.3,1,5,0.2,1,3,0.333,0,1,1,0,1,0,1,2,8,-22,1,2026,regular-season,1628277,Allisha Gray,11.2,p
22026,1611661330,ATL,Atlanta Dream,1022600131,2026-06-24,ATL @ GSV,L,27,3,12,0.25,0,0,NA,4,9,0.444,7,5,12,4,1,0,1,2,10,-14,1,2026,regular-season,1642291,Angel Reese,32.4,p
22026,1611661330,ATL,Atlanta Dream,1022600131,2026-06-24,ATL @ GSV,L,12,1,3,0.333,0,1,0,0,0,NA,0,0,0,2,0,0,1,2,2,-3,1,2026,regular-season,1642804,Te-Hina Paopao,4,p
22026,1611661330,ATL,Atlanta Dream,1022600131,2026-06-24,ATL @ GSV,L,19,7,9,0.778,1,1,1,1,1,1,1,4,5,1,1,1,2,0,16,-1,1,2026,regular-season,1643431,Madina Okot,27.5,p
22026,1611661331,GSV,Golden State Valkyries,1022600131,2026-06-24,GSV vs. ATL,W,18,0,3,0,0,1,0,0,0,NA,0,1,1,0,0,1,0,1,0,-1,1,2026,regular-season,203026,Tiffany Hayes,4.2,p
22026,1611661322,WAS,Washington Mystics,1022600129,2026-06-24,WAS vs. MIN,L,23,1,5,0.2,0,3,0,0,0,NA,0,1,1,1,1,0,1,5,2,8,1,2026,regular-season,1630446,Michaela Onyenwere,6.7,p
22026,1611661322,WAS,Washington Mystics,1022600129,2026-06-24,WAS vs. MIN,L,5,0,2,0,0,2,0,2,2,1,0,1,1,1,0,0,0,0,2,7,1,2026,regular-season,1642802,Lucy Olsen,4.7,p
22026,1611661322,WAS,Washington Mystics,1022600129,2026-06-24,WAS vs. MIN,L,2,0,0,NA,0,0,NA,0,0,NA,0,0,0,0,0,0,1,1,0,-3,1,2026,regular-season,1643644,Alicia Florez,-1,p
22026,1611661325,IND,Indiana Fever,1022600128,2026-06-24,IND vs. PHX,L,20,2,2,1,0,0,NA,4,4,1,2,3,5,0,0,0,0,3,8,-5,1,2026,regular-season,1628881,Monique Billings,14,p
22026,1611661327,PDX,Portland Fire,1022600130,2026-06-24,PDX @ CHI,L,17,4,6,0.667,2,2,1,0,0,NA,0,4,4,2,2,0,2,5,10,-3,1,2026,regular-season,1631083,Emily Engstler,21.8,p
22026,1611661329,CHI,Chicago Sky,1022600130,2026-06-24,CHI vs. PDX,W,27,3,13,0.231,1,5,0.2,4,4,1,6,5,11,5,1,0,3,1,11,1,1,2026,regular-season,1628922,Azura Stevens,31.7,p
22026,1611661330,ATL,Atlanta Dream,1022600131,2026-06-24,ATL @ GSV,L,28,2,10,0.2,1,4,0.25,3,4,0.75,1,3,4,2,1,1,1,1,8,-6,1,2026,regular-season,1628886,Jordin Canada,20.8,p
22026,1611661330,ATL,Atlanta Dream,1022600131,2026-06-24,ATL @ GSV,L,11,1,3,0.333,0,0,NA,0,2,0,0,1,1,1,1,0,0,1,2,14,1,2026,regular-season,1643469,Indya Nivar,7.7,p
22026,1611661331,GSV,Golden State Valkyries,1022600131,2026-06-24,GSV vs. ATL,W,9,1,3,0.333,0,2,0,0,0,NA,1,2,3,0,0,0,1,0,2,-6,1,2026,regular-season,1630097,Kaila Charles,4.6,p
22026,1611661331,GSV,Golden State Valkyries,1022600131,2026-06-24,GSV vs. ATL,W,35,3,5,0.6,0,1,0,2,2,1,2,3,5,7,2,0,4,1,8,13,1,2026,regular-season,1631007,Veronica Burton,26.5,p
22026,1611661324,MIN,Minnesota Lynx,1022600129,2026-06-24,MIN @ WAS,W,7,0,1,0,0,0,NA,0,0,NA,0,1,1,0,0,1,0,2,0,9,1,2026,regular-season,1629479,Teaira McCowan,4.2,p
22026,1611661327,PDX,Portland Fire,1022600130,2026-06-24,PDX @ CHI,L,13,0,6,0,0,5,0,0,0,NA,0,0,0,2,1,2,0,0,0,-13,1,2026,regular-season,1642296,Nyadiew Puoch,12,p
22026,1611661331,GSV,Golden State Valkyries,1022600131,2026-06-24,GSV vs. ATL,W,24,0,1,0,0,1,0,1,2,0.5,1,4,5,2,1,3,1,4,1,-6,1,2026,regular-season,204329,Kiah Stokes,21,p
22026,1611661331,GSV,Golden State Valkyries,1022600131,2026-06-24,GSV vs. ATL,W,32,9,16,0.563,3,5,0.6,2,2,1,1,4,5,5,1,1,0,1,23,17,1,2026,regular-season,1628931,Gabby Williams,42.5,p
22026,1611661313,NYL,New York Liberty,1022600134,2026-06-25,NYL @ SEA,L,14,4,7,0.571,0,2,0,0,0,NA,0,0,0,2,1,1,0,0,8,-7,1,2026,regular-season,1629566,Han Xu,17,p
22026,1611661319,LVA,Las Vegas Aces,1022600133,2026-06-25,LVA vs. DAL,W,30,1,4,0.25,0,1,0,2,4,0.5,2,9,11,0,1,1,1,2,4,12,1,2026,regular-season,1631019,NaLyssa Smith,22.2,p
22026,1611661320,LAS,Los Angeles Sparks,1022600132,2026-06-25,LAS @ TOR,L,27,8,13,0.615,1,4,0.25,4,4,1,2,5,7,4,1,0,0,1,21,-28,1,2026,regular-season,203014,Nneka Ogwumike,38.4,p
22026,1611661328,SEA,Seattle Storm,1022600134,2026-06-25,SEA vs. NYL,W,25,6,11,0.545,0,3,0,6,7,0.857,0,2,2,7,2,0,2,2,18,15,1,2026,regular-season,1631141,Jade Melbourne,34.9,p
22026,1611661328,SEA,Seattle Storm,1022600134,2026-06-25,SEA vs. NYL,W,13,1,6,0.167,1,3,0.333,0,0,NA,1,3,4,0,1,0,1,1,3,-4,1,2026,regular-season,1641660,Zia Cooke,9.8,p
22026,1611661328,SEA,Seattle Storm,1022600134,2026-06-25,SEA vs. NYL,W,34,9,12,0.75,1,2,0.5,1,1,1,3,7,10,2,0,1,2,5,20,7,1,2026,regular-season,1642798,Dominique Malonga,36,p
22026,1611661332,TOR,Toronto Tempo,1022600132,2026-06-25,TOR vs. LAS,W,15,3,8,0.375,2,6,0.333,4,4,1,2,1,3,0,1,0,0,3,12,-10,1,2026,regular-season,1628915,Kia Nurse,18.6,p
22026,1611661332,TOR,Toronto Tempo,1022600132,2026-06-25,TOR vs. LAS,W,32,17,28,0.607,9,18,0.5,10,12,0.833,2,4,6,2,0,0,3,2,53,36,1,2026,regular-season,1629497,Marina Mabrey,60.2,p
22026,1611661332,TOR,Toronto Tempo,1022600132,2026-06-25,TOR vs. LAS,W,19,2,5,0.4,0,1,0,1,2,0.5,0,4,4,0,0,1,0,5,5,18,1,2026,regular-season,1631055,Nyara Sabally,12.8,p
22026,1611661332,TOR,Toronto Tempo,1022600132,2026-06-25,TOR vs. LAS,W,2,0,0,NA,0,0,NA,0,0,NA,0,0,0,0,0,0,0,1,0,-5,1,2026,regular-season,1643457,Teonni Key,0,p
22026,1611661313,NYL,New York Liberty,1022600134,2026-06-25,NYL @ SEA,L,30,10,17,0.588,3,8,0.375,3,7,0.429,2,6,8,1,1,1,1,1,26,-8,1,2026,regular-season,1627673,Jonquel Jones,42.1,p
22026,1611661320,LAS,Los Angeles Sparks,1022600132,2026-06-25,LAS @ TOR,L,14,2,7,0.286,2,5,0.4,4,6,0.667,0,1,1,0,0,0,1,1,10,-8,1,2026,regular-season,1628242,Emma Cannon,10.2,p
22026,1611661320,LAS,Los Angeles Sparks,1022600132,2026-06-25,LAS @ TOR,L,17,3,8,0.375,2,6,0.333,0,0,NA,1,0,1,1,0,0,1,2,8,-11,1,2026,regular-season,1630461,Kiana Williams,9.7,p
22026,1611661320,LAS,Los Angeles Sparks,1022600132,2026-06-25,LAS @ TOR,L,29,6,12,0.5,2,4,0.5,3,5,0.6,1,1,2,4,2,1,1,2,17,-25,1,2026,regular-season,1630996,Rae Burrell,33.4,p
22026,1611661321,DAL,Dallas Wings,1022600133,2026-06-25,DAL @ LVA,L,35,8,11,0.727,0,0,NA,6,8,0.75,2,12,14,4,1,0,2,3,22,-13,1,2026,regular-season,1629491,Jessica Shepard,45.8,p
22026,1611661321,DAL,Dallas Wings,1022600133,2026-06-25,DAL @ LVA,L,7,1,1,1,1,1,1,0,0,NA,0,0,0,0,0,0,2,1,3,-3,1,2026,regular-season,1630134,Sug Sutton,1,p
22026,1611661321,DAL,Dallas Wings,1022600133,2026-06-25,DAL @ LVA,L,12,1,3,0.333,0,2,0,0,0,NA,0,1,1,0,0,1,0,3,2,-3,1,2026,regular-season,1641652,Maddy Siegrist,6.2,p
22026,1611661321,DAL,Dallas Wings,1022600133,2026-06-25,DAL @ LVA,L,13,3,5,0.6,0,2,0,2,2,1,0,1,1,3,1,1,3,2,8,4,1,2026,regular-season,1642793,Aziaha James,16.7,p
22026,1611661332,TOR,Toronto Tempo,1022600132,2026-06-25,TOR vs. LAS,W,21,4,4,1,1,1,1,0,0,NA,1,5,6,2,0,2,2,1,9,10,1,2026,regular-season,204330,Isabelle Harrison,23.2,p
22026,1611661332,TOR,Toronto Tempo,1022600132,2026-06-25,TOR vs. LAS,W,19,2,5,0.4,0,2,0,0,0,NA,3,3,6,3,0,0,1,2,4,15,1,2026,regular-season,1627701,Temi Fagbenle,14.7,p
22026,1611661313,NYL,New York Liberty,1022600134,2026-06-25,NYL @ SEA,L,29,5,12,0.417,1,7,0.143,3,3,1,0,2,2,5,1,0,2,4,14,-14,1,2026,regular-season,1629477,Sabrina Ionescu,24.9,p
22026,1611661313,NYL,New York Liberty,1022600134,2026-06-25,NYL @ SEA,L,31,6,12,0.5,3,6,0.5,4,5,0.8,1,1,2,2,2,0,1,2,19,-5,1,2026,regular-season,1630142,Leonie Fiebich,29.4,p
22026,1611661319,LVA,Las Vegas Aces,1022600133,2026-06-25,LVA vs. DAL,W,33,5,11,0.455,2,5,0.4,0,0,NA,0,1,1,9,1,0,5,3,12,19,1,2026,regular-season,203833,Chelsea Gray,24.7,p
22026,1611661319,LVA,Las Vegas Aces,1022600133,2026-06-25,LVA vs. DAL,W,2,0,0,NA,0,0,NA,0,0,NA,0,0,0,0,0,0,0,0,0,-5,1,2026,regular-season,1629488,Brianna Turner,0,p
22026,1611661320,LAS,Los Angeles Sparks,1022600132,2026-06-25,LAS @ TOR,L,14,2,4,0.5,2,4,0.5,1,2,0.5,1,3,4,2,0,0,0,1,7,0,1,2026,regular-season,1643462,Chance Gray,14.8,p
22026,1611661321,DAL,Dallas Wings,1022600133,2026-06-25,DAL @ LVA,L,7,2,4,0.5,0,2,0,1,1,1,0,1,1,1,0,0,0,1,5,-7,1,2026,regular-season,1629574,Li Yueru,7.7,p
22026,1611661332,TOR,Toronto Tempo,1022600132,2026-06-25,TOR vs. LAS,W,30,4,4,1,3,3,1,2,2,1,0,6,6,14,3,1,0,2,13,31,1,2026,regular-season,1627700,Julie Allemand,53.2,p
22026,1611661332,TOR,Toronto Tempo,1022600132,2026-06-25,TOR vs. LAS,W,20,4,13,0.308,2,5,0.4,0,0,NA,6,6,12,2,0,0,0,1,10,14,1,2026,regular-season,1643420,Laura Juskaite,27.4,p
22026,1611661313,NYL,New York Liberty,1022600134,2026-06-25,NYL @ SEA,L,13,0,2,0,0,0,NA,2,2,1,1,3,4,4,1,1,0,1,2,-7,1,2026,regular-season,203822,Rebekah Gardner,18.8,p
22026,1611661313,NYL,New York Liberty,1022600134,2026-06-25,NYL @ SEA,L,21,1,5,0.2,1,4,0.25,0,0,NA,0,5,5,0,0,0,3,3,3,-11,1,2026,regular-season,204335,Betnijah Laney-Hamilton,6,p
22026,1611661319,LVA,Las Vegas Aces,1022600133,2026-06-25,LVA vs. DAL,W,16,0,1,0,0,1,0,0,0,NA,0,1,1,0,1,0,2,2,0,1,1,2026,regular-season,203855,Stephanie Talbot,2.2,p
22026,1611661319,LVA,Las Vegas Aces,1022600133,2026-06-25,LVA vs. DAL,W,26,2,6,0.333,2,5,0.4,2,2,1,0,2,2,2,1,0,1,3,8,12,1,2026,regular-season,204319,Jewell Loyd,15.4,p
22026,1611661319,LVA,Las Vegas Aces,1022600133,2026-06-25,LVA vs. DAL,W,17,4,7,0.571,0,0,NA,5,6,0.833,2,0,2,3,0,1,0,4,13,9,1,2026,regular-season,204323,Cheyenne Parker-Tyus,22.9,p
22026,1611661319,LVA,Las Vegas Aces,1022600133,2026-06-25,LVA vs. DAL,W,13,4,4,1,2,2,1,0,0,NA,0,1,1,0,0,0,0,0,10,3,1,2026,regular-season,1631006,Kierstan Bell,11.2,p
22026,1611661320,LAS,Los Angeles Sparks,1022600132,2026-06-25,LAS @ TOR,L,29,7,13,0.538,1,3,0.333,6,7,0.857,1,8,9,0,3,0,2,3,21,-10,1,2026,regular-season,204324,Dearica Hamby,38.8,p
22026,1611661320,LAS,Los Angeles Sparks,1022600132,2026-06-25,LAS @ TOR,L,3,0,0,NA,0,0,NA,0,0,NA,0,1,1,0,0,0,0,0,0,0,1,2026,regular-season,1643444,Ta'Niya Latson,1.2,p
22026,1611661320,LAS,Los Angeles Sparks,1022600132,2026-06-25,LAS @ TOR,L,11,0,4,0,0,3,0,0,0,NA,1,1,2,2,0,1,0,2,0,-10,1,2026,regular-season,1643461,Laura Ziegler,8.4,p
22026,1611661328,SEA,Seattle Storm,1022600134,2026-06-25,SEA vs. NYL,W,13,1,1,1,0,0,NA,0,0,NA,2,3,5,2,0,0,1,1,2,-2,1,2026,regular-season,1629478,Katie Lou Samuelson,10,p
22026,1611661328,SEA,Seattle Storm,1022600134,2026-06-25,SEA vs. NYL,W,33,11,23,0.478,4,10,0.4,2,4,0.5,4,5,9,2,3,1,2,4,28,13,1,2026,regular-season,1643428,Flau'jae Johnson,51.8,p
22026,1611661328,SEA,Seattle Storm,1022600134,2026-06-25,SEA vs. NYL,W,33,6,9,0.667,2,3,0.667,1,1,1,1,5,6,2,0,1,3,3,15,16,1,2026,regular-season,1643443,Awa Fam,25.2,p
22026,1611661332,TOR,Toronto Tempo,1022600132,2026-06-25,TOR vs. LAS,W,14,1,5,0.2,0,1,0,4,5,0.8,1,1,2,3,0,0,2,4,6,4,1,2026,regular-season,1643647,Tima Pouye,10.9,p
22026,1611661313,NYL,New York Liberty,1022600134,2026-06-25,NYL @ SEA,L,17,3,4,0.75,0,1,0,1,2,0.5,3,2,5,0,0,0,1,0,7,-2,1,2026,regular-season,1630384,Raquel Carrera,12,p
22026,1611661313,NYL,New York Liberty,1022600134,2026-06-25,NYL @ SEA,L,25,1,5,0.2,0,1,0,1,1,1,0,1,1,5,3,0,2,3,3,4,1,2026,regular-season,1631136,Pauline Astier,18.7,p
22026,1611661319,LVA,Las Vegas Aces,1022600133,2026-06-25,LVA vs. DAL,W,32,12,21,0.571,0,1,0,8,11,0.727,2,7,9,0,0,0,2,3,32,14,1,2026,regular-season,1628932,A'ja Wilson,40.8,p
22026,1611661319,LVA,Las Vegas Aces,1022600133,2026-06-25,LVA vs. DAL,W,32,4,6,0.667,2,3,0.667,10,10,1,1,7,8,6,1,0,4,3,20,10,1,2026,regular-season,1629498,Jackie Young,37.6,p
22026,1611661320,LAS,Los Angeles Sparks,1022600132,2026-06-25,LAS @ TOR,L,24,3,7,0.429,0,3,0,2,2,1,0,1,1,5,0,0,0,4,8,-16,1,2026,regular-season,204365,Erica Wheeler,16.7,p
22026,1611661320,LAS,Los Angeles Sparks,1022600132,2026-06-25,LAS @ TOR,L,19,2,6,0.333,1,5,0.2,0,0,NA,1,1,2,1,0,0,1,3,5,-11,1,2026,regular-season,1630148,Jihyun Park,7.9,p
22026,1611661321,DAL,Dallas Wings,1022600133,2026-06-25,DAL @ LVA,L,8,0,1,0,0,1,0,0,0,NA,0,1,1,0,0,0,1,2,0,-3,1,2026,regular-season,202252,Alysha Clark,0.2,p
22026,1611661321,DAL,Dallas Wings,1022600133,2026-06-25,DAL @ LVA,L,29,1,10,0.1,0,5,0,2,2,1,0,1,1,2,0,0,1,4,4,-16,1,2026,regular-season,1629481,Arike Ogunbowale,7.2,p
22026,1611661321,DAL,Dallas Wings,1022600133,2026-06-25,DAL @ LVA,L,21,4,7,0.571,0,1,0,0,0,NA,1,1,2,1,0,0,1,4,8,-2,1,2026,regular-season,1630386,Awak Kuier,10.9,p
22026,1611661321,DAL,Dallas Wings,1022600133,2026-06-25,DAL @ LVA,L,37,11,19,0.579,0,3,0,3,3,1,0,2,2,6,3,0,1,3,25,-12,1,2026,regular-season,1642784,Paige Bueckers,44.4,p
22026,1611661321,DAL,Dallas Wings,1022600133,2026-06-25,DAL @ LVA,L,32,3,9,0.333,1,4,0.25,0,0,NA,0,1,1,1,2,0,1,2,7,-20,1,2026,regular-season,1643425,Azzi Fudd,14.7,p
22026,1611661328,SEA,Seattle Storm,1022600134,2026-06-25,SEA vs. NYL,W,13,0,1,0,0,1,0,2,2,1,1,1,2,0,0,0,2,4,2,-1,1,2026,regular-season,203828,Stefanie Dolson,2.4,p
22026,1611661328,SEA,Seattle Storm,1022600134,2026-06-25,SEA vs. NYL,W,33,5,12,0.417,1,6,0.167,0,0,NA,0,0,0,3,2,0,2,1,11,12,1,2026,regular-season,1629567,Natisha Hiedeman,19.5,p
22026,1611661328,SEA,Seattle Storm,1022600134,2026-06-25,SEA vs. NYL,W,3,0,0,NA,0,0,NA,0,0,NA,1,0,1,0,0,0,0,0,0,-1,1,2026,regular-season,1642814,Taylor Thierry,1.2,p
22026,1611661332,TOR,Toronto Tempo,1022600132,2026-06-25,TOR vs. LAS,W,29,4,8,0.5,3,5,0.6,2,2,1,0,7,7,0,1,0,2,2,13,27,1,2026,regular-season,1629576,Maria Conde,22.4,p
22026,1611661313,NYL,New York Liberty,1022600134,2026-06-25,NYL @ SEA,L,19,2,7,0.286,2,7,0.286,0,0,NA,0,1,1,2,0,0,3,1,6,-5,1,2026,regular-season,1629546,Marine Johannes,7.2,p
22026,1611661320,LAS,Los Angeles Sparks,1022600132,2026-06-25,LAS @ TOR,L,14,0,3,0,0,1,0,0,0,NA,0,0,0,1,1,0,2,4,0,-21,1,2026,regular-season,1628878,Ariel Atkins,2.5,p
22026,1611661322,WAS,Washington Mystics,1022600135,2026-06-26,WAS @ CON,L,28,1,5,0.2,0,2,0,2,2,1,0,2,2,1,0,0,4,1,4,-17,1,2026,regular-season,1630446,Michaela Onyenwere,3.9,p
22026,1611661322,WAS,Washington Mystics,1022600135,2026-06-26,WAS @ CON,L,17,2,5,0.4,0,0,NA,1,4,0.25,0,6,6,2,1,1,1,3,5,10,1,2026,regular-season,1643427,Lauren Betts,20.2,p
22026,1611661323,CON,Connecticut Sun,1022600135,2026-06-26,CON vs. WAS,W,30,6,12,0.5,0,0,NA,0,1,0,3,6,9,3,2,3,1,4,12,9,1,2026,regular-season,1631135,Olivia Nelson-Ododa,41.3,p
22026,1611661329,CHI,Chicago Sky,1022600136,2026-06-26,CHI vs. PDX,W,23,4,8,0.5,2,4,0.5,0,0,NA,0,3,3,9,0,1,2,1,10,11,1,2026,regular-season,203400,Skylar Diggins,28.1,p
22026,1611661329,CHI,Chicago Sky,1022600136,2026-06-26,CHI vs. PDX,W,18,1,3,0.333,0,2,0,0,0,NA,1,0,1,4,1,2,2,3,2,14,1,2026,regular-season,204333,Natasha Cloud,16.2,p
22026,1611661329,CHI,Chicago Sky,1022600136,2026-06-26,CHI vs. PDX,W,12,3,4,0.75,2,3,0.667,0,0,NA,0,0,0,1,0,0,0,1,8,12,1,2026,regular-season,1627671,Rachel Banham,9.5,p
22026,1611661330,ATL,Atlanta Dream,1022600137,2026-06-26,ATL @ GSV,L,29,4,11,0.364,0,0,NA,7,8,0.875,5,7,12,0,6,0,2,5,15,-3,1,2026,regular-season,1642291,Angel Reese,45.4,p
22026,1611661330,ATL,Atlanta Dream,1022600137,2026-06-26,ATL @ GSV,L,18,1,5,0.2,0,2,0,0,0,NA,0,0,0,2,1,0,1,0,2,6,1,2026,regular-season,1642302,Isobel Borlase,7,p
22026,1611661330,ATL,Atlanta Dream,1022600137,2026-06-26,ATL @ GSV,L,11,3,5,0.6,0,1,0,1,2,0.5,1,1,2,0,0,2,2,1,7,0,1,2026,regular-season,1643431,Madina Okot,13.4,p
22026,1611661322,WAS,Washington Mystics,1022600135,2026-06-26,WAS @ CON,L,33,5,10,0.5,4,9,0.444,0,0,NA,0,2,2,5,0,0,4,4,14,-16,1,2026,regular-season,1642781,Georgia Amoore,19.9,p
22026,1611661322,WAS,Washington Mystics,1022600135,2026-06-26,WAS @ CON,L,31,2,10,0.2,0,4,0,7,7,1,2,4,6,3,0,1,2,0,11,-3,1,2026,regular-season,1642785,Sonia Citron,23.7,p
22026,1611661323,CON,Connecticut Sun,1022600135,2026-06-26,CON vs. WAS,W,18,3,5,0.6,0,1,0,0,0,NA,1,4,5,0,0,0,2,1,6,-4,1,2026,regular-season,1642290,Aaliyah Edwards,10,p
22026,1611661323,CON,Connecticut Sun,1022600135,2026-06-26,CON vs. WAS,W,4,0,1,0,0,0,NA,0,0,NA,0,0,0,0,0,0,1,0,0,-3,1,2026,regular-season,1643448,Nell Angloma,-1,p
22026,1611661327,PDX,Portland Fire,1022600136,2026-06-26,PDX @ CHI,L,13,1,4,0.25,0,0,NA,1,2,0.5,2,0,2,3,0,0,0,3,3,-7,1,2026,regular-season,1643527,Jordan Harrison,9.9,p
22026,1611661329,CHI,Chicago Sky,1022600136,2026-06-26,CHI vs. PDX,W,28,4,10,0.4,3,6,0.5,1,1,1,1,5,6,6,0,2,1,2,12,23,1,2026,regular-season,1628922,Azura Stevens,33.2,p
22026,1611661329,CHI,Chicago Sky,1022600136,2026-06-26,CHI vs. PDX,W,23,8,11,0.727,6,7,0.857,7,7,1,0,3,3,3,0,0,2,3,29,34,1,2026,regular-season,1642321,Sydney Taylor,35.1,p
22026,1611661329,CHI,Chicago Sky,1022600136,2026-06-26,CHI vs. PDX,W,24,1,4,0.25,0,2,0,2,2,1,0,1,1,3,0,0,2,0,4,14,1,2026,regular-season,1643447,Gabriela Jaquez,7.7,p
22026,1611661330,ATL,Atlanta Dream,1022600137,2026-06-26,ATL @ GSV,L,36,5,13,0.385,1,4,0.25,3,5,0.6,1,1,2,2,2,0,2,4,14,-5,1,2026,regular-season,1628277,Allisha Gray,23.4,p
22026,1611661330,ATL,Atlanta Dream,1022600137,2026-06-26,ATL @ GSV,L,36,2,16,0.125,1,8,0.125,4,4,1,0,5,5,2,3,1,2,5,9,-6,1,2026,regular-season,1631009,Rhyne Howard,28,p
22026,1611661330,ATL,Atlanta Dream,1022600137,2026-06-26,ATL @ GSV,L,0,0,0,NA,0,0,NA,0,0,NA,0,0,0,0,0,0,0,1,0,2,1,2026,regular-season,1643469,Indya Nivar,0,p
22026,1611661331,GSV,Golden State Valkyries,1022600137,2026-06-26,GSV vs. ATL,W,19,0,5,0,0,3,0,0,0,NA,0,2,2,0,0,0,0,0,0,4,1,2026,regular-season,203866,Kayla Thornton,2.4,p
22026,1611661331,GSV,Golden State Valkyries,1022600137,2026-06-26,GSV vs. ATL,W,18,0,2,0,0,0,NA,2,2,1,1,3,4,0,0,1,0,3,2,-4,1,2026,regular-season,1630097,Kaila Charles,9.8,p
22026,1611661322,WAS,Washington Mystics,1022600135,2026-06-26,WAS @ CON,L,23,2,7,0.286,1,2,0.5,1,4,0.25,3,9,12,1,0,1,7,1,6,-21,1,2026,regular-season,1631022,Shakira Austin,17.9,p
22026,1611661322,WAS,Washington Mystics,1022600135,2026-06-26,WAS @ CON,L,32,5,11,0.455,0,0,NA,1,4,0.25,5,9,14,0,1,0,1,5,11,-13,1,2026,regular-season,1642792,Kiki Iriafen,29.8,p
22026,1611661322,WAS,Washington Mystics,1022600135,2026-06-26,WAS @ CON,L,24,1,4,0.25,0,1,0,2,4,0.5,2,0,2,2,0,0,2,0,4,0,1,2026,regular-season,1643430,Cotie McMahon,7.4,p
22026,1611661322,WAS,Washington Mystics,1022600135,2026-06-26,WAS @ CON,L,8,1,2,0.5,0,0,NA,0,0,NA,0,1,1,2,0,1,0,1,2,2,1,2026,regular-season,1643455,Angela Dugalic,9.2,p
22026,1611661323,CON,Connecticut Sun,1022600135,2026-06-26,CON vs. WAS,W,21,5,14,0.357,0,0,NA,0,0,NA,1,1,2,2,0,1,1,5,10,12,1,2026,regular-season,203398,Brittney Griner,17.4,p
22026,1611661327,PDX,Portland Fire,1022600136,2026-06-26,PDX @ CHI,L,23,4,10,0.4,1,4,0.25,9,10,0.9,0,1,1,4,1,0,4,1,18,-9,1,2026,regular-season,1642304,Carla Leite,24.2,p
22026,1611661327,PDX,Portland Fire,1022600136,2026-06-26,PDX @ CHI,L,11,3,6,0.5,0,0,NA,0,2,0,0,0,0,1,1,0,0,2,6,-9,1,2026,regular-season,1643436,Serah Williams,10.5,p
22026,1611661330,ATL,Atlanta Dream,1022600137,2026-06-26,ATL @ GSV,L,29,0,4,0,0,1,0,2,2,1,0,3,3,1,0,0,1,2,2,-8,1,2026,regular-season,1631044,Naz Hillmon,6.1,p
22026,1611661331,GSV,Golden State Valkyries,1022600137,2026-06-26,GSV vs. ATL,W,22,5,11,0.455,0,4,0,6,10,0.6,0,4,4,2,2,0,2,0,16,7,1,2026,regular-season,1628931,Gabby Williams,27.8,p
22026,1611661331,GSV,Golden State Valkyries,1022600137,2026-06-26,GSV vs. ATL,W,18,5,9,0.556,1,2,0.5,2,2,1,1,2,3,1,0,0,4,3,13,-2,1,2026,regular-season,1642822,Kaitlyn Chen,14.1,p
22026,1611661323,CON,Connecticut Sun,1022600135,2026-06-26,CON vs. WAS,W,28,3,9,0.333,3,5,0.6,2,3,0.667,0,3,3,2,1,2,1,2,11,4,1,2026,regular-season,1629568,Kennedy Burke,25.6,p
22026,1611661323,CON,Connecticut Sun,1022600135,2026-06-26,CON vs. WAS,W,31,4,9,0.444,2,4,0.5,0,0,NA,0,3,3,5,3,0,0,3,10,16,1,2026,regular-season,1643449,Charlisse Leger-Walker,30.1,p
22026,1611661327,PDX,Portland Fire,1022600136,2026-06-26,PDX @ CHI,L,29,5,14,0.357,2,7,0.286,8,8,1,0,4,4,1,1,0,0,3,20,-23,1,2026,regular-season,1629524,Bridget Carleton,29.3,p
22026,1611661327,PDX,Portland Fire,1022600136,2026-06-26,PDX @ CHI,L,29,5,11,0.455,1,4,0.25,0,0,NA,2,1,3,1,3,2,1,1,11,-24,1,2026,regular-season,1642782,Sarah Ashlee Barker,30.1,p
22026,1611661327,PDX,Portland Fire,1022600136,2026-06-26,PDX @ CHI,L,21,4,7,0.571,1,2,0.5,1,1,1,1,4,5,2,0,0,0,1,10,-21,1,2026,regular-season,1643494,Frieda Buhner,19,p
22026,1611661327,PDX,Portland Fire,1022600136,2026-06-26,PDX @ CHI,L,10,2,7,0.286,1,4,0.25,0,0,NA,2,0,2,0,1,0,2,2,5,-20,1,2026,regular-season,1643506,Teja Oblak,8.4,p
22026,1611661329,CHI,Chicago Sky,1022600136,2026-06-26,CHI vs. PDX,W,14,4,4,1,1,1,1,1,1,1,0,3,3,7,0,0,2,2,10,-1,1,2026,regular-season,202664,Courtney Vandersloot,22.1,p
22026,1611661329,CHI,Chicago Sky,1022600136,2026-06-26,CHI vs. PDX,W,19,3,5,0.6,0,0,NA,2,5,0.4,1,4,5,4,0,1,0,2,8,27,1,2026,regular-season,204322,Elizabeth Williams,23,p
22026,1611661329,CHI,Chicago Sky,1022600136,2026-06-26,CHI vs. PDX,W,15,4,6,0.667,1,3,0.333,2,2,1,0,2,2,0,1,2,0,3,11,10,1,2026,regular-season,1642292,Jacy Sheldon,22.4,p
22026,1611661330,ATL,Atlanta Dream,1022600137,2026-06-26,ATL @ GSV,L,35,7,11,0.636,3,3,1,6,6,1,0,3,3,2,2,1,4,3,23,-3,1,2026,regular-season,1628886,Jordin Canada,34.6,p
22026,1611661322,WAS,Washington Mystics,1022600135,2026-06-26,WAS @ CON,L,4,0,1,0,0,0,NA,0,0,NA,0,0,0,0,1,0,0,0,0,3,1,2026,regular-season,1642802,Lucy Olsen,3,p
22026,1611661323,CON,Connecticut Sun,1022600135,2026-06-26,CON vs. WAS,W,25,2,6,0.333,0,1,0,0,0,NA,0,4,4,1,1,0,1,1,4,10,1,2026,regular-season,1641649,Diamond Miller,12.3,p
22026,1611661323,CON,Connecticut Sun,1022600135,2026-06-26,CON vs. WAS,W,29,4,10,0.4,0,1,0,4,4,1,0,0,0,5,4,0,2,3,12,12,1,2026,regular-season,1642303,Leila Lacan,29.5,p
22026,1611661323,CON,Connecticut Sun,1022600135,2026-06-26,CON vs. WAS,W,5,0,0,NA,0,0,NA,0,0,NA,0,0,0,0,1,0,0,1,0,-8,1,2026,regular-season,1643437,Ashlon Jackson,3,p
22026,1611661323,CON,Connecticut Sun,1022600135,2026-06-26,CON vs. WAS,W,9,1,2,0.5,0,0,NA,1,2,0.5,0,1,1,0,0,0,0,0,3,7,1,2026,regular-season,1643441,Raegan Beers,4.2,p
22026,1611661327,PDX,Portland Fire,1022600136,2026-06-26,PDX @ CHI,L,29,4,10,0.4,3,6,0.5,2,3,0.667,1,0,1,3,1,0,1,5,13,-21,1,2026,regular-season,1629484,Megan DiLeo,20.7,p
22026,1611661327,PDX,Portland Fire,1022600136,2026-06-26,PDX @ CHI,L,14,1,4,0.25,0,2,0,0,1,0,1,0,1,1,0,0,0,3,2,-5,1,2026,regular-season,1642296,Nyadiew Puoch,4.7,p
22026,1611661331,GSV,Golden State Valkyries,1022600137,2026-06-26,GSV vs. ATL,W,22,4,6,0.667,0,0,NA,4,5,0.8,0,2,2,5,0,1,5,3,12,4,1,2026,regular-season,203026,Tiffany Hayes,19.9,p
22026,1611661331,GSV,Golden State Valkyries,1022600137,2026-06-26,GSV vs. ATL,W,18,2,4,0.5,0,2,0,0,0,NA,0,2,2,3,0,0,2,1,4,-1,1,2026,regular-season,1628508,Cecilia Zandalasini,8.9,p
22026,1611661331,GSV,Golden State Valkyries,1022600137,2026-06-26,GSV vs. ATL,W,22,4,10,0.4,0,2,0,2,2,1,0,1,1,2,4,0,2,1,10,5,1,2026,regular-season,1631007,Veronica Burton,24.2,p
22026,1611661331,GSV,Golden State Valkyries,1022600137,2026-06-26,GSV vs. ATL,W,10,0,1,0,0,0,NA,0,0,NA,2,1,3,1,0,0,1,3,0,-5,1,2026,regular-season,1641656,Laeticia Amihere,4.1,p
22026,1611661331,GSV,Golden State Valkyries,1022600137,2026-06-26,GSV vs. ATL,W,22,2,7,0.286,2,5,0.4,2,2,1,2,5,7,0,0,0,0,2,8,0,1,2026,regular-season,1642767,Janelle Salaun,16.4,p
22026,1611661327,PDX,Portland Fire,1022600136,2026-06-26,PDX @ CHI,L,18,2,3,0.667,0,0,NA,0,0,NA,2,3,5,3,2,2,0,2,4,-8,1,2026,regular-season,1631083,Emily Engstler,26.5,p
22026,1611661327,PDX,Portland Fire,1022600136,2026-06-26,PDX @ CHI,L,3,1,3,0.333,0,1,0,0,0,NA,0,0,0,0,0,0,1,0,2,-3,1,2026,regular-season,1641683,Holly Winterburn,1,p
22026,1611661329,CHI,Chicago Sky,1022600136,2026-06-26,CHI vs. PDX,W,24,13,13,1,0,0,NA,4,6,0.667,3,5,8,1,0,1,3,2,30,6,1,2026,regular-season,1642289,Kamilla Cardoso,41.1,p
22026,1611661330,ATL,Atlanta Dream,1022600137,2026-06-26,ATL @ GSV,L,5,1,2,0.5,1,1,1,0,0,NA,0,0,0,1,0,0,0,0,3,2,1,2026,regular-season,1642804,Te-Hina Paopao,4.5,p
22026,1611661331,GSV,Golden State Valkyries,1022600137,2026-06-26,GSV vs. ATL,W,30,5,7,0.714,2,4,0.5,1,2,0.5,0,4,4,0,0,7,2,6,13,7,1,2026,regular-season,204329,Kiah Stokes,36.8,p
22026,1611661317,PHX,Phoenix Mercury,1022600138,2026-06-27,PHX @ TOR,W,15,2,5,0.4,0,0,NA,0,0,NA,0,0,0,0,0,0,0,1,4,11,1,2026,regular-season,1643438,Marta Suarez,4,p
22026,1611661320,LAS,Los Angeles Sparks,1022600139,2026-06-27,LAS @ IND,L,24,3,6,0.5,1,3,0.333,1,1,1,0,4,4,1,1,1,0,1,8,-11,1,2026,regular-season,1630148,Jihyun Park,20.3,p
22026,1611661320,LAS,Los Angeles Sparks,1022600139,2026-06-27,LAS @ IND,L,19,2,7,0.286,0,3,0,0,0,NA,0,1,1,0,0,0,0,1,4,-1,1,2026,regular-season,1630461,Kiana Williams,5.2,p
22026,1611661325,IND,Indiana Fever,1022600139,2026-06-27,IND vs. LAS,W,4,0,4,0,0,1,0,0,0,NA,0,1,1,1,0,0,1,2,0,-8,1,2026,regular-season,203024,Damiris Dantas,1.7,p
22026,1611661325,IND,Indiana Fever,1022600139,2026-06-27,IND vs. LAS,W,22,6,10,0.6,0,0,NA,3,5,0.6,3,3,6,2,2,0,0,2,15,38,1,2026,regular-season,1628881,Monique Billings,31.2,p
22026,1611661325,IND,Indiana Fever,1022600139,2026-06-27,IND vs. LAS,W,26,9,13,0.692,4,6,0.667,4,4,1,0,3,3,2,0,0,2,2,26,30,1,2026,regular-season,1628909,Kelsey Mitchell,30.6,p
22026,1611661328,SEA,Seattle Storm,1022600140,2026-06-27,SEA vs. ATL,W,31,4,9,0.444,2,2,1,0,0,NA,1,3,4,5,1,0,0,2,10,25,1,2026,regular-season,1631141,Jade Melbourne,25.3,p
22026,1611661328,SEA,Seattle Storm,1022600140,2026-06-27,SEA vs. ATL,W,6,0,1,0,0,0,NA,0,0,NA,0,0,0,0,0,0,0,0,0,-5,1,2026,regular-season,1642814,Taylor Thierry,0,p
22026,1611661328,SEA,Seattle Storm,1022600140,2026-06-27,SEA vs. ATL,W,33,9,12,0.75,2,3,0.667,4,5,0.8,2,9,11,4,2,0,4,3,24,12,1,2026,regular-season,1643428,Flau'jae Johnson,45.2,p
22026,1611661328,SEA,Seattle Storm,1022600140,2026-06-27,SEA vs. ATL,W,28,8,9,0.889,5,6,0.833,0,0,NA,1,0,1,1,0,1,4,4,21,15,1,2026,regular-season,1643443,Awa Fam,22.7,p
22026,1611661330,ATL,Atlanta Dream,1022600140,2026-06-27,ATL @ SEA,L,18,1,6,0.167,1,5,0.2,0,0,NA,0,0,0,4,1,0,0,1,3,2,1,2026,regular-season,1642804,Te-Hina Paopao,12,p
22026,1611661330,ATL,Atlanta Dream,1022600140,2026-06-27,ATL @ SEA,L,11,2,4,0.5,0,0,NA,2,2,1,3,2,5,0,0,0,2,1,6,-16,1,2026,regular-season,1643431,Madina Okot,10,p
22026,1611661332,TOR,Toronto Tempo,1022600138,2026-06-27,TOR vs. PHX,L,20,5,10,0.5,3,7,0.429,0,0,NA,1,1,2,4,1,0,1,5,13,6,1,2026,regular-season,1643647,Tima Pouye,23.4,p
22026,1611661317,PHX,Phoenix Mercury,1022600138,2026-06-27,PHX @ TOR,W,14,0,2,0,0,0,NA,4,6,0.667,2,2,4,3,1,1,1,3,4,4,1,2026,regular-season,1642768,Kyara Linskens,18.3,p
22026,1611661320,LAS,Los Angeles Sparks,1022600139,2026-06-27,LAS @ IND,L,26,7,13,0.538,0,3,0,3,4,0.75,0,7,7,2,1,2,3,0,17,-13,1,2026,regular-season,203014,Nneka Ogwumike,34.4,p
22026,1611661320,LAS,Los Angeles Sparks,1022600139,2026-06-27,LAS @ IND,L,26,6,14,0.429,0,1,0,3,4,0.75,2,2,4,4,0,0,2,6,15,-37,1,2026,regular-season,204324,Dearica Hamby,23.8,p
22026,1611661325,IND,Indiana Fever,1022600139,2026-06-27,IND vs. LAS,W,21,5,6,0.833,1,1,1,6,6,1,2,5,7,3,0,3,2,2,17,23,1,2026,regular-season,1641648,Aliyah Boston,36.9,p
22026,1611661325,IND,Indiana Fever,1022600139,2026-06-27,IND vs. LAS,W,10,2,5,0.4,1,1,1,0,0,NA,0,1,1,0,0,0,0,0,5,-4,1,2026,regular-season,1642788,Bree Hall,6.2,p
22026,1611661325,IND,Indiana Fever,1022600139,2026-06-27,IND vs. LAS,W,21,1,2,0.5,0,1,0,0,0,NA,1,2,3,4,0,0,3,4,2,-1,1,2026,regular-season,1643433,Raven Johnson,8.6,p
22026,1611661328,SEA,Seattle Storm,1022600140,2026-06-27,SEA vs. ATL,W,13,2,3,0.667,1,1,1,0,0,NA,2,0,2,3,0,0,1,4,5,-5,1,2026,regular-season,203828,Stefanie Dolson,10.9,p
22026,1611661330,ATL,Atlanta Dream,1022600140,2026-06-27,ATL @ SEA,L,35,5,16,0.313,1,7,0.143,4,4,1,1,2,3,2,1,0,1,5,15,-20,1,2026,regular-season,1628277,Allisha Gray,23.6,p
22026,1611661330,ATL,Atlanta Dream,1022600140,2026-06-27,ATL @ SEA,L,36,3,5,0.6,0,1,0,2,2,1,1,3,4,10,1,0,3,4,8,-16,1,2026,regular-season,1628886,Jordin Canada,27.8,p
22026,1611661330,ATL,Atlanta Dream,1022600140,2026-06-27,ATL @ SEA,L,14,2,5,0.4,0,2,0,2,2,1,0,2,2,2,0,0,0,1,6,7,1,2026,regular-season,1631021,Sika Kone,11.4,p
22026,1611661330,ATL,Atlanta Dream,1022600140,2026-06-27,ATL @ SEA,L,32,4,10,0.4,0,0,NA,9,11,0.818,1,8,9,0,2,0,4,1,17,-10,1,2026,regular-season,1642291,Angel Reese,29.8,p
22026,1611661332,TOR,Toronto Tempo,1022600138,2026-06-27,TOR vs. PHX,L,11,0,1,0,0,0,NA,0,0,NA,0,4,4,1,0,0,2,2,0,6,1,2026,regular-season,1643420,Laura Juskaite,4.3,p
22026,1611661317,PHX,Phoenix Mercury,1022600138,2026-06-27,PHX @ TOR,W,34,10,15,0.667,1,4,0.25,6,8,0.75,1,4,5,1,0,0,1,3,27,-5,1,2026,regular-season,1627674,Kahleah Copper,33.5,p
22026,1611661317,PHX,Phoenix Mercury,1022600138,2026-06-27,PHX @ TOR,W,11,0,2,0,0,1,0,2,6,0.333,0,1,1,2,1,0,0,2,2,11,1,2026,regular-season,1643487,Quionche Carter,9.2,p
22026,1611661317,PHX,Phoenix Mercury,1022600138,2026-06-27,PHX @ TOR,W,28,1,4,0.25,1,3,0.333,0,0,NA,0,2,2,2,3,0,0,1,3,-2,1,2026,regular-season,1643493,Noemie Brochant,17.4,p
22026,1611661320,LAS,Los Angeles Sparks,1022600139,2026-06-27,LAS @ IND,L,7,1,2,0.5,1,2,0.5,3,4,0.75,0,1,1,1,0,0,0,2,6,2,1,2026,regular-season,1628242,Emma Cannon,8.7,p
22026,1611661320,LAS,Los Angeles Sparks,1022600139,2026-06-27,LAS @ IND,L,22,5,8,0.625,2,2,1,0,0,NA,1,2,3,3,1,0,0,4,12,-12,1,2026,regular-season,1628878,Ariel Atkins,23.1,p
22026,1611661320,LAS,Los Angeles Sparks,1022600139,2026-06-27,LAS @ IND,L,7,1,3,0.333,0,0,NA,0,0,NA,1,1,2,0,0,0,0,0,2,0,1,2026,regular-season,1643444,Ta'Niya Latson,4.4,p
22026,1611661320,LAS,Los Angeles Sparks,1022600139,2026-06-27,LAS @ IND,L,8,1,2,0.5,0,0,NA,2,2,1,0,1,1,0,1,0,0,2,4,4,1,2026,regular-season,1643461,Laura Ziegler,8.2,p
22026,1611661320,LAS,Los Angeles Sparks,1022600139,2026-06-27,LAS @ IND,L,11,2,4,0.5,0,1,0,2,2,1,0,0,0,4,0,0,0,1,6,-5,1,2026,regular-season,1643462,Chance Gray,12,p
22026,1611661325,IND,Indiana Fever,1022600139,2026-06-27,IND vs. LAS,W,30,5,8,0.625,2,4,0.5,4,5,0.8,0,5,5,3,0,0,2,0,16,27,1,2026,regular-season,1630112,Tyasha Harris,24.5,p
22026,1611661325,IND,Indiana Fever,1022600139,2026-06-27,IND vs. LAS,W,22,2,7,0.286,1,4,0.25,0,0,NA,1,6,7,3,1,1,0,5,5,21,1,2026,regular-season,1631086,Lexie Hull,23.9,p
22026,1611661325,IND,Indiana Fever,1022600139,2026-06-27,IND vs. LAS,W,10,0,0,NA,0,0,NA,5,6,0.833,1,1,2,0,1,0,0,1,5,-6,1,2026,regular-season,1642815,Makayla Timpson,10.4,p
22026,1611661328,SEA,Seattle Storm,1022600140,2026-06-27,SEA vs. ATL,W,11,2,2,1,1,1,1,1,3,0.333,0,1,1,2,0,0,1,1,6,-4,1,2026,regular-season,1641660,Zia Cooke,9.2,p
22026,1611661328,SEA,Seattle Storm,1022600140,2026-06-27,SEA vs. ATL,W,1,0,0,NA,0,0,NA,1,2,0.5,0,0,0,0,0,0,0,0,1,0,1,2026,regular-season,1642307,Mackenzie Holmes,1,p
22026,1611661328,SEA,Seattle Storm,1022600140,2026-06-27,SEA vs. ATL,W,28,7,13,0.538,1,2,0.5,1,2,0.5,1,10,11,3,2,3,6,6,16,11,1,2026,regular-season,1642798,Dominique Malonga,42.7,p
22026,1611661330,ATL,Atlanta Dream,1022600140,2026-06-27,ATL @ SEA,L,14,3,6,0.5,1,3,0.333,0,0,NA,0,2,2,1,1,0,1,2,7,-5,1,2026,regular-season,1642302,Isobel Borlase,12.9,p
22026,1611661332,TOR,Toronto Tempo,1022600138,2026-06-27,TOR vs. PHX,L,27,5,11,0.455,0,1,0,2,2,1,2,5,7,0,0,1,3,4,12,-6,1,2026,regular-season,204330,Isabelle Harrison,20.4,p
22026,1611661332,TOR,Toronto Tempo,1022600138,2026-06-27,TOR vs. PHX,L,37,4,14,0.286,1,8,0.125,1,1,1,0,6,6,6,3,0,2,3,10,-6,1,2026,regular-season,1629576,Maria Conde,33.2,p
22026,1611661317,PHX,Phoenix Mercury,1022600138,2026-06-27,PHX @ TOR,W,33,4,13,0.308,3,8,0.375,2,2,1,2,9,11,3,3,0,1,1,13,-1,1,2026,regular-season,201886,DeWanna Bonner,38.7,p
22026,1611661317,PHX,Phoenix Mercury,1022600138,2026-06-27,PHX @ TOR,W,27,7,14,0.5,2,5,0.4,4,4,1,1,5,6,2,1,1,3,5,20,8,1,2026,regular-season,204468,Valeriane Ayayi,33.2,p
22026,1611661320,LAS,Los Angeles Sparks,1022600139,2026-06-27,LAS @ IND,L,28,4,15,0.267,0,3,0,3,4,0.75,1,1,2,1,0,0,2,4,11,-24,1,2026,regular-season,1630996,Rae Burrell,12.9,p
22026,1611661325,IND,Indiana Fever,1022600139,2026-06-27,IND vs. LAS,W,9,3,6,0.5,0,0,NA,1,2,0.5,1,2,3,3,1,1,1,2,7,-2,1,2026,regular-season,1628899,Myisha Hines-Allen,20.1,p
22026,1611661325,IND,Indiana Fever,1022600139,2026-06-27,IND vs. LAS,W,20,2,4,0.5,1,1,1,4,5,0.8,0,2,2,1,1,0,1,3,9,8,1,2026,regular-season,1629482,Sophie Cunningham,14.9,p
22026,1611661325,IND,Indiana Fever,1022600139,2026-06-27,IND vs. LAS,W,5,2,2,1,0,0,NA,0,0,NA,0,1,1,1,0,1,0,1,4,-6,1,2026,regular-season,1643453,Grace VanSlooten,9.7,p
22026,1611661332,TOR,Toronto Tempo,1022600138,2026-06-27,TOR vs. PHX,L,19,4,6,0.667,0,1,0,0,2,0,1,3,4,3,0,0,0,2,8,-1,1,2026,regular-season,1627701,Temi Fagbenle,17.3,p
22026,1611661332,TOR,Toronto Tempo,1022600138,2026-06-27,TOR vs. PHX,L,22,4,9,0.444,3,5,0.6,1,2,0.5,0,1,1,1,0,0,0,3,12,-18,1,2026,regular-season,1628915,Kia Nurse,14.7,p
22026,1611661317,PHX,Phoenix Mercury,1022600138,2026-06-27,PHX @ TOR,W,30,5,11,0.455,3,6,0.5,3,3,1,1,1,2,2,1,0,2,0,16,7,1,2026,regular-season,1631118,Lexi Held,22.4,p
22026,1611661317,PHX,Phoenix Mercury,1022600138,2026-06-27,PHX @ TOR,W,8,0,1,0,0,0,NA,0,0,NA,0,1,1,1,0,0,0,0,0,12,1,2026,regular-season,1643470,Shay Ciezki,2.7,p
22026,1611661328,SEA,Seattle Storm,1022600140,2026-06-27,SEA vs. ATL,W,31,6,10,0.6,2,5,0.4,6,6,1,0,2,2,6,0,0,1,1,20,16,1,2026,regular-season,1629567,Natisha Hiedeman,30.4,p
22026,1611661330,ATL,Atlanta Dream,1022600140,2026-06-27,ATL @ SEA,L,1,0,1,0,0,1,0,1,2,0.5,0,1,1,0,0,0,0,1,1,0,1,2026,regular-season,1629539,Amy Okonkwo,2.2,p
22026,1611661330,ATL,Atlanta Dream,1022600140,2026-06-27,ATL @ SEA,L,38,10,17,0.588,4,10,0.4,3,3,1,0,0,0,3,1,0,1,1,27,-17,1,2026,regular-season,1631009,Rhyne Howard,33.5,p
22026,1611661330,ATL,Atlanta Dream,1022600140,2026-06-27,ATL @ SEA,L,1,0,0,NA,0,0,NA,0,0,NA,0,0,0,0,0,0,1,1,0,0,1,2026,regular-season,1643469,Indya Nivar,-1,p
22026,1611661332,TOR,Toronto Tempo,1022600138,2026-06-27,TOR vs. PHX,L,39,4,6,0.667,3,5,0.6,0,0,NA,0,7,7,10,0,1,2,0,11,-8,1,2026,regular-season,1627700,Julie Allemand,35.4,p
22026,1611661332,TOR,Toronto Tempo,1022600138,2026-06-27,TOR vs. PHX,L,26,5,10,0.5,2,3,0.667,2,5,0.4,0,4,4,1,0,0,2,5,14,-18,1,2026,regular-season,1631055,Nyara Sabally,18.3,p
22026,1611661320,LAS,Los Angeles Sparks,1022600139,2026-06-27,LAS @ IND,L,21,1,3,0.333,0,2,0,0,0,NA,0,0,0,5,0,1,2,2,2,-23,1,2026,regular-season,204365,Erica Wheeler,10.5,p
22026,1611661328,SEA,Seattle Storm,1022600140,2026-06-27,SEA vs. ATL,W,17,0,4,0,0,3,0,2,2,1,1,1,2,3,0,0,0,0,2,10,1,2026,regular-season,1629478,Katie Lou Samuelson,8.9,p
22026,1611661313,NYL,New York Liberty,1022600144,2026-06-28,NYL @ GSV,L,4,0,1,0,0,1,0,0,0,NA,0,0,0,0,0,1,0,0,0,8,1,2026,regular-season,204296,Rebecca Allen,3,p
22026,1611661313,NYL,New York Liberty,1022600144,2026-06-28,NYL @ GSV,L,31,3,4,0.75,0,1,0,0,0,NA,0,0,0,1,1,0,0,2,6,-17,1,2026,regular-season,1630142,Leonie Fiebich,10.5,p
22026,1611661313,NYL,New York Liberty,1022600144,2026-06-28,NYL @ GSV,L,8,0,0,NA,0,0,NA,0,2,0,1,3,4,0,1,0,1,2,0,6,1,2026,regular-season,1630384,Raquel Carrera,6.8,p
22026,1611661319,LVA,Las Vegas Aces,1022600143,2026-06-28,LVA @ CHI,W,20,1,2,0.5,0,1,0,1,2,0.5,1,0,1,0,2,0,1,3,3,-8,1,2026,regular-season,203855,Stephanie Talbot,9.2,p
22026,1611661319,LVA,Las Vegas Aces,1022600143,2026-06-28,LVA @ CHI,W,4,0,1,0,0,0,NA,0,0,NA,0,1,1,0,0,0,0,0,0,-3,1,2026,regular-season,204323,Cheyenne Parker-Tyus,1.2,p
22026,1611661319,LVA,Las Vegas Aces,1022600143,2026-06-28,LVA @ CHI,W,4,0,0,NA,0,0,NA,0,0,NA,0,1,1,0,0,0,0,0,0,5,1,2026,regular-season,1629488,Brianna Turner,1.2,p
22026,1611661319,LVA,Las Vegas Aces,1022600143,2026-06-28,LVA @ CHI,W,36,9,14,0.643,4,6,0.667,6,6,1,0,5,5,8,0,0,1,2,28,6,1,2026,regular-season,1629498,Jackie Young,45,p
22026,1611661319,LVA,Las Vegas Aces,1022600143,2026-06-28,LVA @ CHI,W,16,3,6,0.5,1,2,0.5,4,5,0.8,1,0,1,1,0,0,1,2,11,8,1,2026,regular-season,1630150,Chennedy Carter,12.7,p
22026,1611661321,DAL,Dallas Wings,1022600141,2026-06-28,DAL vs. MIN,L,38,8,23,0.348,4,9,0.444,1,1,1,1,0,1,3,4,1,2,3,21,-2,1,2026,regular-season,1643425,Azzi Fudd,39.7,p
22026,1611661322,WAS,Washington Mystics,1022600142,2026-06-28,WAS vs. PDX,W,12,0,3,0,0,3,0,2,2,1,0,0,0,3,0,0,1,2,2,-1,1,2026,regular-season,1642781,Georgia Amoore,5.5,p
22026,1611661322,WAS,Washington Mystics,1022600142,2026-06-28,WAS vs. PDX,W,48,11,25,0.44,1,2,0.5,4,9,0.444,3,8,11,6,2,1,2,6,27,19,1,2026,regular-season,1642792,Kiki Iriafen,56.2,p
22026,1611661322,WAS,Washington Mystics,1022600142,2026-06-28,WAS vs. PDX,W,11,1,3,0.333,0,1,0,1,2,0.5,1,1,2,0,0,1,2,1,3,-19,1,2026,regular-season,1643455,Angela Dugalic,6.4,p
22026,1611661324,MIN,Minnesota Lynx,1022600141,2026-06-28,MIN @ DAL,W,38,6,16,0.375,4,10,0.4,1,1,1,0,1,1,2,0,0,1,2,17,6,1,2026,regular-season,203825,Kayla McBride,20.2,p
22026,1611661324,MIN,Minnesota Lynx,1022600141,2026-06-28,MIN @ DAL,W,36,9,17,0.529,0,0,NA,3,4,0.75,4,10,14,2,3,1,0,2,21,13,1,2026,regular-season,203827,Natasha Howard,52.8,p
22026,1611661324,MIN,Minnesota Lynx,1022600141,2026-06-28,MIN @ DAL,W,10,2,3,0.667,1,1,1,0,0,NA,0,3,3,1,1,0,0,1,5,-3,1,2026,regular-season,1630471,Maya Caldwell,13.1,p
22026,1611661327,PDX,Portland Fire,1022600142,2026-06-28,PDX @ WAS,L,38,3,11,0.273,0,4,0,0,0,NA,0,11,11,2,2,3,3,6,6,-7,1,2026,regular-season,1631083,Emily Engstler,34.2,p
22026,1611661327,PDX,Portland Fire,1022600142,2026-06-28,PDX @ WAS,L,7,0,0,NA,0,0,NA,0,0,NA,0,0,0,4,0,1,0,2,0,12,1,2026,regular-season,1643527,Jordan Harrison,9,p
22026,1611661329,CHI,Chicago Sky,1022600143,2026-06-28,CHI vs. LVA,L,28,2,11,0.182,2,5,0.4,1,5,0.2,0,6,6,5,0,0,2,4,7,-14,1,2026,regular-season,203400,Skylar Diggins,19.7,p
22026,1611661331,GSV,Golden State Valkyries,1022600144,2026-06-28,GSV vs. NYL,W,2,0,1,0,0,1,0,0,0,NA,0,0,0,0,0,0,0,0,0,-7,1,2026,regular-season,1642794,Juste Jocyte,0,p
22026,1611661313,NYL,New York Liberty,1022600144,2026-06-28,NYL @ GSV,L,18,1,5,0.2,1,4,0.25,0,0,NA,0,1,1,3,1,1,2,2,3,14,1,2026,regular-season,1629546,Marine Johannes,12.7,p
22026,1611661313,NYL,New York Liberty,1022600144,2026-06-28,NYL @ GSV,L,10,1,1,1,1,1,1,1,2,0.5,0,0,0,0,0,0,0,0,4,7,1,2026,regular-season,1629566,Han Xu,4,p
22026,1611661322,WAS,Washington Mystics,1022600142,2026-06-28,WAS vs. PDX,W,21,2,5,0.4,1,3,0.333,0,0,NA,0,1,1,2,0,0,0,3,5,-23,1,2026,regular-season,1643430,Cotie McMahon,9.2,p
22026,1611661324,MIN,Minnesota Lynx,1022600141,2026-06-28,MIN @ DAL,W,34,3,7,0.429,2,3,0.667,1,2,0.5,3,5,8,2,2,1,0,3,9,4,1,2026,regular-season,1628269,Nia Coffey,30.6,p
22026,1611661327,PDX,Portland Fire,1022600142,2026-06-28,PDX @ WAS,L,51,5,13,0.385,3,7,0.429,3,3,1,0,3,3,2,3,2,3,6,16,-1,1,2026,regular-season,1629524,Bridget Carleton,34.6,p
22026,1611661327,PDX,Portland Fire,1022600142,2026-06-28,PDX @ WAS,L,48,12,26,0.462,3,6,0.5,5,6,0.833,3,3,6,9,3,0,6,5,32,-9,1,2026,regular-season,1642304,Carla Leite,55.7,p
22026,1611661327,PDX,Portland Fire,1022600142,2026-06-28,PDX @ WAS,L,14,1,3,0.333,0,0,NA,2,2,1,4,3,7,0,0,0,0,2,4,12,1,2026,regular-season,1643436,Serah Williams,12.4,p
22026,1611661327,PDX,Portland Fire,1022600142,2026-06-28,PDX @ WAS,L,22,3,10,0.3,1,6,0.167,2,2,1,1,0,1,1,1,1,0,3,9,6,1,2026,regular-season,1643494,Frieda Buhner,17.7,p
22026,1611661329,CHI,Chicago Sky,1022600143,2026-06-28,CHI vs. LVA,L,32,6,13,0.462,2,6,0.333,0,0,NA,0,3,3,0,2,1,4,3,14,-10,1,2026,regular-season,1642321,Sydney Taylor,22.6,p
22026,1611661331,GSV,Golden State Valkyries,1022600144,2026-06-28,GSV vs. NYL,W,17,3,5,0.6,1,3,0.333,3,3,1,0,2,2,1,1,0,2,1,10,8,1,2026,regular-season,1628508,Cecilia Zandalasini,14.9,p
22026,1611661331,GSV,Golden State Valkyries,1022600144,2026-06-28,GSV vs. NYL,W,15,0,2,0,0,0,NA,0,0,NA,2,3,5,3,0,0,2,4,0,-2,1,2026,regular-season,1641656,Laeticia Amihere,8.5,p
22026,1611661313,NYL,New York Liberty,1022600144,2026-06-28,NYL @ GSV,L,26,3,10,0.3,2,6,0.333,1,1,1,0,3,3,2,0,0,1,1,9,-21,1,2026,regular-season,1629477,Sabrina Ionescu,14.6,p
22026,1611661319,LVA,Las Vegas Aces,1022600143,2026-06-28,LVA @ CHI,W,34,8,14,0.571,1,3,0.333,13,16,0.813,4,11,15,1,4,3,4,2,30,9,1,2026,regular-season,1628932,A'ja Wilson,66.5,p
22026,1611661321,DAL,Dallas Wings,1022600141,2026-06-28,DAL vs. MIN,L,35,4,6,0.667,0,0,NA,0,0,NA,5,11,16,3,0,0,3,4,8,-13,1,2026,regular-season,1629491,Jessica Shepard,28.7,p
22026,1611661322,WAS,Washington Mystics,1022600142,2026-06-28,WAS vs. PDX,W,53,9,20,0.45,1,7,0.143,13,14,0.929,0,6,6,4,1,1,8,3,32,16,1,2026,regular-season,1642785,Sonia Citron,43.2,p
22026,1611661327,PDX,Portland Fire,1022600142,2026-06-28,PDX @ WAS,L,46,10,16,0.625,1,4,0.25,4,4,1,1,5,6,3,0,0,5,5,25,-20,1,2026,regular-season,1642782,Sarah Ashlee Barker,31.7,p
22026,1611661329,CHI,Chicago Sky,1022600143,2026-06-28,CHI vs. LVA,L,10,5,7,0.714,0,0,NA,0,1,0,1,2,3,1,0,0,0,1,10,-1,1,2026,regular-season,204322,Elizabeth Williams,15.1,p
22026,1611661329,CHI,Chicago Sky,1022600143,2026-06-28,CHI vs. LVA,L,23,2,4,0.5,1,2,0.5,1,2,0.5,1,1,2,4,0,0,2,5,6,-6,1,2026,regular-season,204333,Natasha Cloud,12.4,p
22026,1611661329,CHI,Chicago Sky,1022600143,2026-06-28,CHI vs. LVA,L,30,8,14,0.571,3,6,0.5,5,7,0.714,2,4,6,3,2,0,1,4,24,-1,1,2026,regular-season,1628922,Azura Stevens,40.7,p
22026,1611661329,CHI,Chicago Sky,1022600143,2026-06-28,CHI vs. LVA,L,30,10,15,0.667,0,0,NA,4,4,1,3,5,8,2,2,0,1,4,24,-7,1,2026,regular-season,1642289,Kamilla Cardoso,41.6,p
22026,1611661329,CHI,Chicago Sky,1022600143,2026-06-28,CHI vs. LVA,L,12,1,3,0.333,0,0,NA,0,0,NA,2,1,3,2,1,0,0,1,2,-8,1,2026,regular-season,1643447,Gabriela Jaquez,11.6,p
22026,1611661331,GSV,Golden State Valkyries,1022600144,2026-06-28,GSV vs. NYL,W,18,3,8,0.375,2,5,0.4,0,0,NA,1,0,1,2,2,0,0,3,8,7,1,2026,regular-season,203026,Tiffany Hayes,18.2,p
22026,1611661331,GSV,Golden State Valkyries,1022600144,2026-06-28,GSV vs. NYL,W,20,2,9,0.222,1,4,0.25,2,5,0.4,0,2,2,1,0,0,2,0,7,9,1,2026,regular-season,1628931,Gabby Williams,8.9,p
22026,1611661331,GSV,Golden State Valkyries,1022600144,2026-06-28,GSV vs. NYL,W,13,3,5,0.6,0,0,NA,2,2,1,0,0,0,2,0,0,0,5,8,-16,1,2026,regular-season,1642822,Kaitlyn Chen,11,p
22026,1611661313,NYL,New York Liberty,1022600144,2026-06-28,NYL @ GSV,L,27,5,8,0.625,3,6,0.5,8,10,0.8,0,7,7,2,0,0,3,4,21,-10,1,2026,regular-season,1627673,Jonquel Jones,29.4,p
22026,1611661319,LVA,Las Vegas Aces,1022600143,2026-06-28,LVA @ CHI,W,35,6,9,0.667,1,3,0.333,5,5,1,0,6,6,8,0,0,3,3,18,5,1,2026,regular-season,203833,Chelsea Gray,34.2,p
22026,1611661319,LVA,Las Vegas Aces,1022600143,2026-06-28,LVA @ CHI,W,28,2,7,0.286,2,7,0.286,0,0,NA,0,1,1,0,2,0,0,3,6,6,1,2026,regular-season,204319,Jewell Loyd,13.2,p
22026,1611661321,DAL,Dallas Wings,1022600141,2026-06-28,DAL vs. MIN,L,9,1,4,0.25,0,2,0,0,0,NA,0,1,1,1,1,0,0,0,2,-4,1,2026,regular-season,1630134,Sug Sutton,7.7,p
22026,1611661321,DAL,Dallas Wings,1022600141,2026-06-28,DAL vs. MIN,L,24,3,4,0.75,0,1,0,6,7,0.857,3,2,5,2,0,0,1,2,12,3,1,2026,regular-season,1641652,Maddy Siegrist,20,p
22026,1611661321,DAL,Dallas Wings,1022600141,2026-06-28,DAL vs. MIN,L,11,0,4,0,0,1,0,2,2,1,0,1,1,0,0,0,1,1,2,-1,1,2026,regular-season,1642793,Aziaha James,2.2,p
22026,1611661322,WAS,Washington Mystics,1022600142,2026-06-28,WAS vs. PDX,W,34,4,7,0.571,0,0,NA,0,2,0,0,3,3,4,5,1,2,1,8,1,1,2026,regular-season,1643644,Alicia Florez,33.6,p
22026,1611661324,MIN,Minnesota Lynx,1022600141,2026-06-28,MIN @ DAL,W,6,0,0,NA,0,0,NA,0,0,NA,1,1,2,0,0,0,1,2,0,-9,1,2026,regular-season,1642820,Liatu King,1.4,p
22026,1611661324,MIN,Minnesota Lynx,1022600141,2026-06-28,MIN @ DAL,W,34,6,13,0.462,1,4,0.25,8,8,1,1,2,3,8,1,1,5,2,21,13,1,2026,regular-season,1643426,Olivia Miles,37.6,p
22026,1611661327,PDX,Portland Fire,1022600142,2026-06-28,PDX @ WAS,L,46,7,14,0.5,4,7,0.571,2,2,1,2,3,5,4,3,1,2,6,20,-13,1,2026,regular-season,1629484,Megan DiLeo,42,p
22026,1611661327,PDX,Portland Fire,1022600142,2026-06-28,PDX @ WAS,L,19,3,6,0.5,2,4,0.5,1,2,0.5,1,1,2,1,0,0,0,3,9,10,1,2026,regular-season,1642296,Nyadiew Puoch,12.9,p
22026,1611661327,PDX,Portland Fire,1022600142,2026-06-28,PDX @ WAS,L,9,1,2,0.5,0,1,0,0,0,NA,0,3,3,3,0,0,3,1,2,5,1,2026,regular-season,1643506,Teja Oblak,7.1,p
22026,1611661329,CHI,Chicago Sky,1022600143,2026-06-28,CHI vs. LVA,L,16,0,4,0,0,1,0,5,6,0.833,1,3,4,8,1,0,1,1,5,9,1,2026,regular-season,202664,Courtney Vandersloot,23.8,p
22026,1611661329,CHI,Chicago Sky,1022600143,2026-06-28,CHI vs. LVA,L,11,2,6,0.333,1,3,0.333,0,0,NA,1,0,1,2,0,0,0,2,5,9,1,2026,regular-season,1642292,Jacy Sheldon,9.2,p
22026,1611661329,CHI,Chicago Sky,1022600143,2026-06-28,CHI vs. LVA,L,9,1,3,0.333,0,1,0,0,0,NA,0,0,0,0,0,0,0,1,2,-11,1,2026,regular-season,1642786,Aicha Coulibaly,2,p
22026,1611661331,GSV,Golden State Valkyries,1022600144,2026-06-28,GSV vs. NYL,W,27,3,7,0.429,1,1,1,1,1,1,1,5,6,8,0,0,0,2,8,25,1,2026,regular-season,1631007,Veronica Burton,27.2,p
22026,1611661313,NYL,New York Liberty,1022600144,2026-06-28,NYL @ GSV,L,15,2,6,0.333,0,1,0,0,0,NA,3,2,5,1,0,0,0,1,4,1,1,2026,regular-season,203822,Rebekah Gardner,11.5,p
22026,1611661313,NYL,New York Liberty,1022600144,2026-06-28,NYL @ GSV,L,13,0,0,NA,0,0,NA,0,0,NA,0,0,0,1,0,0,1,2,0,-12,1,2026,regular-season,204335,Betnijah Laney-Hamilton,0.5,p
22026,1611661313,NYL,New York Liberty,1022600144,2026-06-28,NYL @ GSV,L,26,4,11,0.364,1,3,0.333,6,6,1,0,4,4,0,1,0,3,3,15,-10,1,2026,regular-season,1627668,Breanna Stewart,19.8,p
22026,1611661313,NYL,New York Liberty,1022600144,2026-06-28,NYL @ GSV,L,23,2,6,0.333,1,2,0.5,0,0,NA,0,0,0,4,1,0,0,4,5,-11,1,2026,regular-season,1631136,Pauline Astier,14,p
22026,1611661319,LVA,Las Vegas Aces,1022600143,2026-06-28,LVA @ CHI,W,14,2,6,0.333,0,0,NA,2,3,0.667,0,1,1,2,1,1,1,5,6,2,1,2026,regular-season,1631019,NaLyssa Smith,15.2,p
22026,1611661321,DAL,Dallas Wings,1022600141,2026-06-28,DAL vs. MIN,L,26,1,9,0.111,1,3,0.333,2,2,1,1,3,4,0,1,0,2,1,5,-14,1,2026,regular-season,1629481,Arike Ogunbowale,10.8,p
22026,1611661321,DAL,Dallas Wings,1022600141,2026-06-28,DAL vs. MIN,L,16,1,5,0.2,0,2,0,0,0,NA,0,3,3,0,0,1,1,0,2,-11,1,2026,regular-season,1630386,Awak Kuier,7.6,p
22026,1611661321,DAL,Dallas Wings,1022600141,2026-06-28,DAL vs. MIN,L,36,10,17,0.588,2,4,0.5,3,3,1,0,3,3,4,1,1,4,3,25,-3,1,2026,regular-season,1642784,Paige Bueckers,36.6,p
22026,1611661322,WAS,Washington Mystics,1022600142,2026-06-28,WAS vs. PDX,W,47,3,9,0.333,1,3,0.333,2,2,1,4,9,13,6,0,4,1,1,9,5,1,2026,regular-season,1631022,Shakira Austin,44.6,p
22026,1611661322,WAS,Washington Mystics,1022600142,2026-06-28,WAS vs. PDX,W,14,1,4,0.25,0,1,0,2,2,1,0,2,2,1,0,0,0,3,4,1,1,2026,regular-season,1642802,Lucy Olsen,7.9,p
22026,1611661322,WAS,Washington Mystics,1022600142,2026-06-28,WAS vs. PDX,W,13,2,6,0.333,0,0,NA,0,2,0,2,0,2,1,1,0,0,1,4,-4,1,2026,regular-season,1643427,Lauren Betts,10.9,p
22026,1611661324,MIN,Minnesota Lynx,1022600141,2026-06-28,MIN @ DAL,W,36,5,16,0.313,1,5,0.2,1,2,0.5,0,5,5,4,2,1,2,2,12,6,1,2026,regular-season,1627675,Courtney Williams,31,p
22026,1611661324,MIN,Minnesota Lynx,1022600141,2026-06-28,MIN @ DAL,W,4,0,0,NA,0,0,NA,0,0,NA,0,0,0,0,0,1,0,0,0,8,1,2026,regular-season,1642797,Anastasiia Olairi Kosu,3,p
22026,1611661331,GSV,Golden State Valkyries,1022600144,2026-06-28,GSV vs. NYL,W,26,4,7,0.571,2,5,0.4,1,1,1,0,4,4,0,0,0,2,4,11,17,1,2026,regular-season,203866,Kayla Thornton,13.8,p
22026,1611661331,GSV,Golden State Valkyries,1022600144,2026-06-28,GSV vs. NYL,W,23,0,1,0,0,1,0,1,2,0.5,1,3,4,1,2,2,0,3,1,4,1,2026,regular-season,204329,Kiah Stokes,19.3,p
22026,1611661331,GSV,Golden State Valkyries,1022600144,2026-06-28,GSV vs. NYL,W,14,4,8,0.5,0,4,0,2,2,1,1,3,4,1,0,0,0,1,10,6,1,2026,regular-season,1642767,Janelle Salaun,16.3,p
22026,1611661331,GSV,Golden State Valkyries,1022600144,2026-06-28,GSV vs. NYL,W,2,0,0,NA,0,0,NA,0,0,NA,0,0,0,0,0,0,0,0,0,-7,1,2026,regular-season,1643686,Nadia Fingall,0,p
22026,1611661319,LVA,Las Vegas Aces,1022600143,2026-06-28,LVA @ CHI,W,10,2,4,0.5,1,3,0.333,0,0,NA,0,0,0,0,0,0,0,1,5,10,1,2026,regular-season,1631006,Kierstan Bell,5,p
22026,1611661321,DAL,Dallas Wings,1022600141,2026-06-28,DAL vs. MIN,L,5,0,2,0,0,1,0,0,0,NA,1,3,4,0,0,0,1,1,0,5,1,2026,regular-season,1629574,Li Yueru,3.8,p
22026,1611661322,WAS,Washington Mystics,1022600142,2026-06-28,WAS vs. PDX,W,49,9,16,0.563,6,9,0.667,6,6,1,2,3,5,5,1,1,1,2,30,10,1,2026,regular-season,1630446,Michaela Onyenwere,48.5,p
22026,1611661324,MIN,Minnesota Lynx,1022600141,2026-06-28,MIN @ DAL,W,2,0,0,NA,0,0,NA,0,0,NA,0,0,0,0,0,0,1,1,0,2,1,2026,regular-season,1643489,Antonia Delaere,-1,p
22026,1611661331,GSV,Golden State Valkyries,1022600144,2026-06-28,GSV vs. NYL,W,23,6,12,0.5,0,4,0,1,2,0.5,1,1,2,1,0,0,0,1,13,1,1,2026,regular-season,1630097,Kaila Charles,16.9,p
22026,1611661330,ATL,Atlanta Dream,1022600145,2026-07-02,ATL @ WAS,L,1,0,1,0,0,0,NA,0,0,NA,0,0,0,0,0,0,0,1,0,-2,1,2026,regular-season,1643469,Indya Nivar,0,p
22026,1611661330,ATL,Atlanta Dream,1022600145,2026-07-02,ATL @ WAS,L,7,2,4,0.5,0,0,NA,0,0,NA,2,1,3,0,0,0,1,2,4,-5,1,2026,regular-season,1643431,Madina Okot,6.6,p
22026,1611661330,ATL,Atlanta Dream,1022600145,2026-07-02,ATL @ WAS,L,8,1,3,0.333,1,2,0.5,0,0,NA,0,0,0,1,1,0,3,2,3,-3,1,2026,regular-season,1642302,Isobel Borlase,4.5,p
22026,1611661322,WAS,Washington Mystics,1022600145,2026-07-02,WAS vs. ATL,W,12,2,2,1,0,0,NA,0,0,NA,1,3,4,1,0,0,3,1,4,6,1,2026,regular-season,1643427,Lauren Betts,7.3,p
22026,1611661322,WAS,Washington Mystics,1022600145,2026-07-02,WAS vs. ATL,W,5,1,1,1,1,1,1,0,0,NA,0,0,0,0,0,0,2,0,3,7,1,2026,regular-season,1642802,Lucy Olsen,1,p
22026,1611661330,ATL,Atlanta Dream,1022600145,2026-07-02,ATL @ WAS,L,34,6,15,0.4,0,0,NA,1,3,0.333,6,7,13,3,2,1,2,5,13,0,1,2026,regular-season,1642291,Angel Reese,40.1,p
22026,1611661330,ATL,Atlanta Dream,1022600145,2026-07-02,ATL @ WAS,L,26,1,5,0.2,1,5,0.2,2,2,1,4,1,5,1,1,1,2,2,5,1,1,2026,regular-season,1631044,Naz Hillmon,16.5,p
22026,1611661330,ATL,Atlanta Dream,1022600145,2026-07-02,ATL @ WAS,L,13,0,2,0,0,2,0,0,0,NA,2,0,2,0,0,0,1,2,0,-6,1,2026,regular-season,1631021,Sika Kone,1.4,p
22026,1611661330,ATL,Atlanta Dream,1022600145,2026-07-02,ATL @ WAS,L,38,8,20,0.4,5,13,0.385,3,3,1,0,2,2,3,5,0,2,2,24,-4,1,2026,regular-season,1631009,Rhyne Howard,43.9,p
22026,1611661330,ATL,Atlanta Dream,1022600145,2026-07-02,ATL @ WAS,L,33,7,16,0.438,0,5,0,3,8,0.375,2,2,4,3,2,1,2,2,17,-3,1,2026,regular-season,1628277,Allisha Gray,33.3,p
22026,1611661322,WAS,Washington Mystics,1022600145,2026-07-02,WAS vs. ATL,W,18,1,4,0.25,0,2,0,0,0,NA,1,1,2,1,0,0,1,3,2,13,1,2026,regular-season,1643467,Cassandre Prosper,4.9,p
22026,1611661322,WAS,Washington Mystics,1022600145,2026-07-02,WAS vs. ATL,W,8,1,2,0.5,0,0,NA,0,2,0,0,0,0,1,0,0,0,0,2,3,1,2026,regular-season,1643455,Angela Dugalic,3.5,p
22026,1611661322,WAS,Washington Mystics,1022600145,2026-07-02,WAS vs. ATL,W,33,2,7,0.286,2,5,0.4,1,2,0.5,1,2,3,2,1,0,5,4,7,-1,1,2026,regular-season,1643430,Cotie McMahon,11.6,p
22026,1611661322,WAS,Washington Mystics,1022600145,2026-07-02,WAS vs. ATL,W,30,9,14,0.643,2,2,1,1,5,0.2,1,8,9,3,0,3,3,3,21,-3,1,2026,regular-season,1631022,Shakira Austin,42.3,p
22026,1611661323,CON,Connecticut Sun,1022600146,2026-07-02,CON vs. DAL,L,13,1,3,0.333,0,0,NA,0,0,NA,0,2,2,2,0,0,2,2,2,-4,1,2026,regular-season,1642809,Saniya Rivers,5.4,p
22026,1611661323,CON,Connecticut Sun,1022600146,2026-07-02,CON vs. DAL,L,4,1,2,0.5,0,0,NA,1,1,1,0,1,1,0,0,0,0,0,3,3,1,2026,regular-season,1642800,Aneesah Morrow,4.2,p
22026,1611661323,CON,Connecticut Sun,1022600146,2026-07-02,CON vs. DAL,L,19,4,7,0.571,0,0,NA,3,7,0.429,2,1,3,4,0,0,2,5,11,-7,1,2026,regular-season,1642290,Aaliyah Edwards,18.6,p
22026,1611661321,DAL,Dallas Wings,1022600146,2026-07-02,DAL @ CON,W,12,2,4,0.5,0,1,0,0,0,NA,0,3,3,0,0,0,0,3,4,-5,1,2026,regular-season,1642793,Aziaha James,7.6,p
22026,1611661321,DAL,Dallas Wings,1022600146,2026-07-02,DAL @ CON,W,13,3,6,0.5,1,3,0.333,0,0,NA,0,3,3,0,2,1,0,3,7,-9,1,2026,regular-season,1641652,Maddy Siegrist,19.6,p
22026,1611661321,DAL,Dallas Wings,1022600146,2026-07-02,DAL @ CON,W,2,0,1,0,0,1,0,0,0,NA,0,0,0,0,0,0,0,0,0,-4,1,2026,regular-season,1630134,Sug Sutton,0,p
22026,1611661321,DAL,Dallas Wings,1022600146,2026-07-02,DAL @ CON,W,14,4,6,0.667,2,3,0.667,1,3,0.333,1,2,3,0,0,0,0,2,11,1,1,2026,regular-season,1629501,Alanna Smith,14.6,p
22026,1611661321,DAL,Dallas Wings,1022600146,2026-07-02,DAL @ CON,W,12,1,4,0.25,0,0,NA,0,0,NA,0,1,1,4,0,2,2,0,2,3,1,2026,regular-season,203824,Odyssey Sims,13.2,p
22026,1611661323,CON,Connecticut Sun,1022600146,2026-07-02,CON vs. DAL,L,26,3,6,0.5,0,2,0,2,3,0.667,0,2,2,1,0,1,0,0,8,-4,1,2026,regular-season,1629568,Kennedy Burke,14.9,p
22026,1611661321,DAL,Dallas Wings,1022600146,2026-07-02,DAL @ CON,W,10,1,1,1,1,1,1,2,2,1,0,2,2,0,0,0,0,0,5,9,1,2026,regular-season,1629574,Li Yueru,7.4,p
22026,1611661328,SEA,Seattle Storm,1022600147,2026-07-02,SEA @ PHX,L,27,6,8,0.75,1,3,0.333,0,0,NA,1,5,6,3,1,2,1,3,13,-9,1,2026,regular-season,1643443,Awa Fam,32.7,p
22026,1611661328,SEA,Seattle Storm,1022600147,2026-07-02,SEA @ PHX,L,29,4,12,0.333,2,5,0.4,1,2,0.5,0,3,3,3,1,1,1,3,11,-9,1,2026,regular-season,1643428,Flau'jae Johnson,24.1,p
22026,1611661328,SEA,Seattle Storm,1022600147,2026-07-02,SEA @ PHX,L,2,0,0,NA,0,0,NA,0,0,NA,0,0,0,0,0,0,0,1,0,-3,1,2026,regular-season,1642814,Taylor Thierry,0,p
22026,1611661328,SEA,Seattle Storm,1022600147,2026-07-02,SEA @ PHX,L,21,2,11,0.182,0,0,NA,1,2,0.5,1,5,6,1,0,1,2,3,5,-21,1,2026,regular-season,1642798,Dominique Malonga,14.7,p
22026,1611661328,SEA,Seattle Storm,1022600147,2026-07-02,SEA @ PHX,L,7,0,2,0,0,2,0,0,0,NA,0,1,1,0,0,0,0,1,0,-7,1,2026,regular-season,1641660,Zia Cooke,1.2,p
22026,1611661328,SEA,Seattle Storm,1022600147,2026-07-02,SEA @ PHX,L,21,2,6,0.333,0,2,0,2,4,0.5,1,1,2,2,0,0,0,1,6,-8,1,2026,regular-season,1641651,Jordan Horston,11.4,p
22026,1611661328,SEA,Seattle Storm,1022600147,2026-07-02,SEA @ PHX,L,26,3,5,0.6,2,4,0.5,3,4,0.75,0,4,4,5,1,0,3,2,11,3,1,2026,regular-season,1631141,Jade Melbourne,23.3,p
22026,1611661328,SEA,Seattle Storm,1022600147,2026-07-02,SEA @ PHX,L,27,6,11,0.545,1,4,0.25,0,0,NA,1,3,4,2,1,1,4,0,13,-29,1,2026,regular-season,1629567,Natisha Hiedeman,22.8,p
22026,1611661328,SEA,Seattle Storm,1022600147,2026-07-02,SEA @ PHX,L,17,3,4,0.75,2,2,1,0,0,NA,0,0,0,3,1,0,2,0,8,1,1,2026,regular-season,1629496,Ezi Magbegor,13.5,p
22026,1611661328,SEA,Seattle Storm,1022600147,2026-07-02,SEA @ PHX,L,12,0,2,0,0,2,0,0,0,NA,0,1,1,0,0,0,0,0,0,-15,1,2026,regular-season,203828,Stefanie Dolson,1.2,p
22026,1611661317,PHX,Phoenix Mercury,1022600147,2026-07-02,PHX vs. SEA,W,11,0,3,0,0,2,0,1,2,0.5,0,1,1,1,0,0,0,1,1,7,1,2026,regular-season,1643487,Quionche Carter,3.7,p
22026,1611661317,PHX,Phoenix Mercury,1022600147,2026-07-02,PHX vs. SEA,W,8,2,4,0.5,0,0,NA,2,2,1,3,0,3,0,0,0,1,1,6,3,1,2026,regular-season,1643438,Marta Suarez,8.6,p
22026,1611661317,PHX,Phoenix Mercury,1022600147,2026-07-02,PHX vs. SEA,W,14,1,2,0.5,1,1,1,0,0,NA,0,1,1,2,1,0,0,2,3,8,1,2026,regular-season,1642777,Monique Akoa Makani,10.2,p
22026,1611661317,PHX,Phoenix Mercury,1022600147,2026-07-02,PHX vs. SEA,W,7,0,1,0,0,0,NA,0,0,NA,0,0,0,1,1,1,0,0,0,2,1,2026,regular-season,1642768,Kyara Linskens,7.5,p
22026,1611661317,PHX,Phoenix Mercury,1022600147,2026-07-02,PHX vs. SEA,W,31,6,11,0.545,5,6,0.833,0,0,NA,1,4,5,2,1,0,2,0,17,19,1,2026,regular-season,1631118,Lexi Held,27,p
22026,1611661317,PHX,Phoenix Mercury,1022600147,2026-07-02,PHX vs. SEA,W,36,12,21,0.571,2,5,0.4,4,7,0.571,2,5,7,3,2,0,2,2,30,20,1,2026,regular-season,1627674,Kahleah Copper,46.9,p
22026,1611661317,PHX,Phoenix Mercury,1022600147,2026-07-02,PHX vs. SEA,W,27,5,11,0.455,3,7,0.429,5,7,0.714,1,1,2,3,0,0,2,3,18,16,1,2026,regular-season,204468,Valeriane Ayayi,22.9,p
22026,1611661317,PHX,Phoenix Mercury,1022600147,2026-07-02,PHX vs. SEA,W,33,4,10,0.4,0,0,NA,1,1,1,6,7,13,9,2,1,2,1,9,21,1,2026,regular-season,203826,Alyssa Thomas,45.1,p
22026,1611661317,PHX,Phoenix Mercury,1022600147,2026-07-02,PHX vs. SEA,W,31,3,10,0.3,0,5,0,0,0,NA,0,8,8,2,2,2,1,3,6,19,1,2026,regular-season,201886,DeWanna Bonner,29.6,p
22026,1611661330,ATL,Atlanta Dream,1022600145,2026-07-02,ATL @ WAS,L,6,0,3,0,0,2,0,0,0,NA,0,1,1,1,0,0,0,0,0,-6,1,2026,regular-season,1642804,Te-Hina Paopao,2.7,p
22026,1611661330,ATL,Atlanta Dream,1022600145,2026-07-02,ATL @ WAS,L,34,4,11,0.364,0,2,0,2,2,1,0,3,3,7,2,0,2,5,10,3,1,2026,regular-season,1628886,Jordin Canada,28.1,p
22026,1611661328,SEA,Seattle Storm,1022600147,2026-07-02,SEA @ PHX,L,2,0,0,NA,0,0,NA,0,0,NA,1,0,1,0,0,0,0,0,0,-3,1,2026,regular-season,1642307,Mackenzie Holmes,1.2,p
22026,1611661328,SEA,Seattle Storm,1022600147,2026-07-02,SEA @ PHX,L,8,0,1,0,0,1,0,0,0,NA,0,1,1,0,0,1,0,3,0,-15,1,2026,regular-season,1629478,Katie Lou Samuelson,4.2,p
22026,1611661322,WAS,Washington Mystics,1022600145,2026-07-02,WAS vs. ATL,W,27,5,8,0.625,2,3,0.667,1,2,0.5,1,5,6,7,0,0,4,2,13,17,1,2026,regular-season,1643644,Alicia Florez,26.7,p
22026,1611661322,WAS,Washington Mystics,1022600145,2026-07-02,WAS vs. ATL,W,30,5,8,0.625,1,2,0.5,3,4,0.75,3,7,10,2,1,0,5,4,14,2,1,2026,regular-season,1642792,Kiki Iriafen,27,p
22026,1611661322,WAS,Washington Mystics,1022600145,2026-07-02,WAS vs. ATL,W,13,3,4,0.75,1,1,1,4,4,1,0,1,1,0,0,0,1,3,11,-12,1,2026,regular-season,1642781,Georgia Amoore,11.2,p
22026,1611661322,WAS,Washington Mystics,1022600145,2026-07-02,WAS vs. ATL,W,24,2,6,0.333,0,0,NA,0,0,NA,0,3,3,3,0,0,3,2,4,-7,1,2026,regular-season,1630446,Michaela Onyenwere,9.1,p
22026,1611661323,CON,Connecticut Sun,1022600146,2026-07-02,CON vs. DAL,L,30,5,8,0.625,1,2,0.5,3,5,0.6,0,2,2,1,1,1,0,2,14,1,1,2026,regular-season,1643449,Charlisse Leger-Walker,23.9,p
22026,1611661323,CON,Connecticut Sun,1022600146,2026-07-02,CON vs. DAL,L,32,5,14,0.357,2,4,0.5,6,6,1,2,0,2,5,3,0,2,0,18,-6,1,2026,regular-season,1642303,Leila Lacan,34.9,p
22026,1611661323,CON,Connecticut Sun,1022600146,2026-07-02,CON vs. DAL,L,22,1,6,0.167,0,1,0,1,2,0.5,1,2,3,1,2,1,1,5,3,4,1,2026,regular-season,1641649,Diamond Miller,16.1,p
22026,1611661323,CON,Connecticut Sun,1022600146,2026-07-02,CON vs. DAL,L,24,4,6,0.667,0,0,NA,3,5,0.6,3,5,8,1,1,0,4,4,11,0,1,2026,regular-season,1631135,Olivia Nelson-Ododa,21.1,p
22026,1611661323,CON,Connecticut Sun,1022600146,2026-07-02,CON vs. DAL,L,30,5,12,0.417,0,0,NA,3,6,0.5,3,8,11,1,0,1,3,5,13,-2,1,2026,regular-season,203398,Brittney Griner,27.7,p
22026,1611661321,DAL,Dallas Wings,1022600146,2026-07-02,DAL @ CON,W,32,2,7,0.286,0,2,0,0,0,NA,2,2,4,5,0,0,5,3,4,3,1,2026,regular-season,1643425,Azzi Fudd,11.3,p
22026,1611661321,DAL,Dallas Wings,1022600146,2026-07-02,DAL @ CON,W,37,9,14,0.643,2,5,0.4,5,6,0.833,1,6,7,7,0,0,4,5,25,11,1,2026,regular-season,1642784,Paige Bueckers,39.9,p
22026,1611661321,DAL,Dallas Wings,1022600146,2026-07-02,DAL @ CON,W,14,2,5,0.4,0,1,0,1,1,1,0,0,0,0,0,0,0,3,5,-8,1,2026,regular-season,1630386,Awak Kuier,5,p
22026,1611661321,DAL,Dallas Wings,1022600146,2026-07-02,DAL @ CON,W,30,6,10,0.6,0,0,NA,2,4,0.5,1,5,6,1,1,0,2,3,14,13,1,2026,regular-season,1629491,Jessica Shepard,23.7,p
22026,1611661321,DAL,Dallas Wings,1022600146,2026-07-02,DAL @ CON,W,26,3,10,0.3,3,9,0.333,0,0,NA,0,2,2,1,1,0,1,3,9,1,1,2026,regular-season,1629481,Arike Ogunbowale,14.9,p
22026,1611661324,MIN,Minnesota Lynx,1022600148,2026-07-03,MIN @ NYL,L,13,2,7,0.286,2,7,0.286,0,0,NA,1,1,2,2,0,0,0,1,6,-1,1,2026,regular-season,1643489,Antonia Delaere,11.4,p
22026,1611661324,MIN,Minnesota Lynx,1022600148,2026-07-03,MIN @ NYL,L,26,5,16,0.313,0,4,0,4,4,1,4,1,5,5,1,0,1,3,14,-4,1,2026,regular-season,1643426,Olivia Miles,29.5,p
22026,1611661324,MIN,Minnesota Lynx,1022600148,2026-07-03,MIN @ NYL,L,7,3,3,1,0,0,NA,0,0,NA,1,1,2,0,1,0,0,0,6,4,1,2026,regular-season,1642820,Liatu King,11.4,p
22026,1611661324,MIN,Minnesota Lynx,1022600148,2026-07-03,MIN @ NYL,L,14,4,6,0.667,0,0,NA,1,2,0.5,3,0,3,3,1,0,0,2,9,6,1,2026,regular-season,1642797,Anastasiia Olairi Kosu,20.1,p
22026,1611661324,MIN,Minnesota Lynx,1022600148,2026-07-03,MIN @ NYL,L,23,1,3,0.333,1,1,1,0,0,NA,1,1,2,3,1,0,1,1,3,2,1,2026,regular-season,1630471,Maya Caldwell,11.9,p
22026,1611661324,MIN,Minnesota Lynx,1022600148,2026-07-03,MIN @ NYL,L,28,2,11,0.182,1,6,0.167,2,2,1,1,4,5,3,1,1,1,0,7,-13,1,2026,regular-season,1628269,Nia Coffey,22.5,p
22026,1611661324,MIN,Minnesota Lynx,1022600148,2026-07-03,MIN @ NYL,L,25,7,13,0.538,2,4,0.5,0,0,NA,2,3,5,3,0,0,2,3,16,-19,1,2026,regular-season,1627675,Courtney Williams,24.5,p
22026,1611661324,MIN,Minnesota Lynx,1022600148,2026-07-03,MIN @ NYL,L,31,3,10,0.3,0,0,NA,1,1,1,2,4,6,2,0,0,0,4,7,-23,1,2026,regular-season,203827,Natasha Howard,17.2,p
22026,1611661324,MIN,Minnesota Lynx,1022600148,2026-07-03,MIN @ NYL,L,33,7,16,0.438,4,9,0.444,0,0,NA,1,0,1,1,3,0,3,1,18,-17,1,2026,regular-season,203825,Kayla McBride,26.7,p
22026,1611661313,NYL,New York Liberty,1022600148,2026-07-03,NYL vs. MIN,W,30,5,6,0.833,0,0,NA,4,4,1,1,1,2,6,0,0,3,2,14,14,1,2026,regular-season,1631136,Pauline Astier,22.4,p
22026,1611661313,NYL,New York Liberty,1022600148,2026-07-03,NYL vs. MIN,W,3,0,0,NA,0,0,NA,0,0,NA,0,0,0,0,0,0,0,0,0,-1,1,2026,regular-season,1630384,Raquel Carrera,0,p
22026,1611661313,NYL,New York Liberty,1022600148,2026-07-03,NYL vs. MIN,W,36,5,10,0.5,3,6,0.5,0,0,NA,1,2,3,4,3,0,0,4,13,18,1,2026,regular-season,1630142,Leonie Fiebich,31.6,p
22026,1611661313,NYL,New York Liberty,1022600148,2026-07-03,NYL vs. MIN,W,8,2,2,1,0,0,NA,1,1,1,1,0,1,0,0,2,0,1,5,-6,1,2026,regular-season,1629566,Han Xu,12.2,p
22026,1611661313,NYL,New York Liberty,1022600148,2026-07-03,NYL vs. MIN,W,15,0,1,0,0,1,0,0,0,NA,0,4,4,5,1,0,3,1,0,-6,1,2026,regular-season,1629546,Marine Johannes,12.3,p
22026,1611661313,NYL,New York Liberty,1022600148,2026-07-03,NYL vs. MIN,W,35,5,12,0.417,3,10,0.3,4,4,1,0,2,2,6,2,2,2,1,17,18,1,2026,regular-season,1629477,Sabrina Ionescu,38.4,p
22026,1611661313,NYL,New York Liberty,1022600148,2026-07-03,NYL vs. MIN,W,33,5,10,0.5,2,3,0.667,2,3,0.667,3,12,15,5,2,0,3,2,14,16,1,2026,regular-season,1627673,Jonquel Jones,42.5,p
22026,1611661313,NYL,New York Liberty,1022600148,2026-07-03,NYL vs. MIN,W,36,14,19,0.737,2,4,0.5,6,6,1,1,6,7,0,0,2,4,1,36,17,1,2026,regular-season,1627668,Breanna Stewart,46.4,p
22026,1611661313,NYL,New York Liberty,1022600148,2026-07-03,NYL vs. MIN,W,4,0,2,0,0,1,0,0,0,NA,0,0,0,0,0,0,0,1,0,-5,1,2026,regular-season,203822,Rebekah Gardner,0,p
22026,1611661329,CHI,Chicago Sky,1022600149,2026-07-03,CHI @ LVA,L,12,0,2,0,0,1,0,2,2,1,0,2,2,0,1,0,1,2,2,-15,1,2026,regular-season,1643447,Gabriela Jaquez,6.4,p
22026,1611661329,CHI,Chicago Sky,1022600149,2026-07-03,CHI @ LVA,L,9,0,2,0,0,2,0,0,0,NA,0,5,5,0,0,0,2,2,0,-3,1,2026,regular-season,1642786,Aicha Coulibaly,4,p
22026,1611661329,CHI,Chicago Sky,1022600149,2026-07-03,CHI @ LVA,L,26,2,10,0.2,1,5,0.2,1,1,1,1,0,1,1,0,0,0,5,6,-7,1,2026,regular-season,1642321,Sydney Taylor,8.7,p
22026,1611661329,CHI,Chicago Sky,1022600149,2026-07-03,CHI @ LVA,L,19,1,3,0.333,1,2,0.5,2,2,1,0,2,2,1,0,0,0,3,5,1,1,2026,regular-season,1642292,Jacy Sheldon,8.9,p
22026,1611661329,CHI,Chicago Sky,1022600149,2026-07-03,CHI @ LVA,L,27,4,11,0.364,0,0,NA,8,8,1,4,6,10,4,1,2,5,4,16,-8,1,2026,regular-season,1642289,Kamilla Cardoso,38,p
22026,1611661329,CHI,Chicago Sky,1022600149,2026-07-03,CHI @ LVA,L,26,4,6,0.667,0,1,0,3,3,1,1,1,2,0,2,0,3,3,11,-11,1,2026,regular-season,1628922,Azura Stevens,16.4,p
22026,1611661329,CHI,Chicago Sky,1022600149,2026-07-03,CHI @ LVA,L,34,4,8,0.5,2,4,0.5,5,6,0.833,0,3,3,5,2,0,2,4,15,-2,1,2026,regular-season,204333,Natasha Cloud,30.1,p
22026,1611661329,CHI,Chicago Sky,1022600149,2026-07-03,CHI @ LVA,L,18,2,4,0.5,0,0,NA,1,2,0.5,0,4,4,2,0,1,0,2,5,0,1,2026,regular-season,204322,Elizabeth Williams,15.8,p
22026,1611661329,CHI,Chicago Sky,1022600149,2026-07-03,CHI @ LVA,L,34,7,13,0.538,2,4,0.5,3,3,1,0,1,1,4,0,1,3,2,19,-9,1,2026,regular-season,203400,Skylar Diggins,26.2,p
22026,1611661329,CHI,Chicago Sky,1022600149,2026-07-03,CHI @ LVA,L,19,4,6,0.667,1,1,1,2,4,0.5,0,2,2,3,2,0,2,2,11,14,1,2026,regular-season,202664,Courtney Vandersloot,21.9,p
22026,1611661319,LVA,Las Vegas Aces,1022600149,2026-07-03,LVA vs. CHI,W,33,11,14,0.786,0,0,NA,7,10,0.7,2,6,8,1,0,0,1,4,29,15,1,2026,regular-season,1631019,NaLyssa Smith,39.1,p
22026,1611661319,LVA,Las Vegas Aces,1022600149,2026-07-03,LVA vs. CHI,W,13,1,5,0.2,1,3,0.333,0,0,NA,2,1,3,0,0,2,0,3,3,-7,1,2026,regular-season,1631006,Kierstan Bell,12.6,p
22026,1611661319,LVA,Las Vegas Aces,1022600149,2026-07-03,LVA vs. CHI,W,11,1,1,1,0,0,NA,2,2,1,0,0,0,1,0,1,1,2,4,-13,1,2026,regular-season,1630150,Chennedy Carter,7.5,p
22026,1611661319,LVA,Las Vegas Aces,1022600149,2026-07-03,LVA vs. CHI,W,39,6,11,0.545,0,4,0,4,4,1,0,6,6,5,2,0,5,3,16,5,1,2026,regular-season,1629498,Jackie Young,31.7,p
22026,1611661319,LVA,Las Vegas Aces,1022600149,2026-07-03,LVA vs. CHI,W,20,1,6,0.167,0,2,0,3,5,0.6,1,2,3,1,3,2,2,2,5,-17,1,2026,regular-season,204323,Cheyenne Parker-Tyus,23.1,p
22026,1611661319,LVA,Las Vegas Aces,1022600149,2026-07-03,LVA vs. CHI,W,39,6,13,0.462,3,9,0.333,4,5,0.8,1,4,5,3,1,1,0,1,19,18,1,2026,regular-season,204319,Jewell Loyd,35.5,p
22026,1611661319,LVA,Las Vegas Aces,1022600149,2026-07-03,LVA vs. CHI,W,28,2,2,1,0,0,NA,0,0,NA,0,5,5,0,2,0,1,2,4,30,1,2026,regular-season,203855,Stephanie Talbot,15,p
22026,1611661319,LVA,Las Vegas Aces,1022600149,2026-07-03,LVA vs. CHI,W,41,7,17,0.412,0,4,0,4,4,1,0,4,4,6,2,0,3,2,18,9,1,2026,regular-season,203833,Chelsea Gray,34.8,p
22026,1611661331,GSV,Golden State Valkyries,1022600150,2026-07-04,GSV @ ATL,W,9,2,2,1,0,0,NA,0,2,0,0,0,0,2,0,0,0,2,4,-8,1,2026,regular-season,1642822,Kaitlyn Chen,7,p
22026,1611661331,GSV,Golden State Valkyries,1022600150,2026-07-04,GSV @ ATL,W,20,5,9,0.556,3,6,0.5,1,1,1,1,1,2,0,0,0,0,2,14,-12,1,2026,regular-season,1642767,Janelle Salaun,16.4,p
22026,1611661331,GSV,Golden State Valkyries,1022600150,2026-07-04,GSV @ ATL,W,14,1,2,0.5,0,0,NA,0,1,0,1,4,5,2,0,0,1,3,2,-1,1,2026,regular-season,1641656,Laeticia Amihere,10,p
22026,1611661331,GSV,Golden State Valkyries,1022600150,2026-07-04,GSV @ ATL,W,31,6,9,0.667,2,3,0.667,7,8,0.875,0,1,1,4,1,1,4,3,21,13,1,2026,regular-season,1631007,Veronica Burton,30.2,p
22026,1611661331,GSV,Golden State Valkyries,1022600150,2026-07-04,GSV @ ATL,W,18,2,6,0.333,1,5,0.2,2,2,1,4,4,8,5,3,0,2,4,7,11,1,2026,regular-season,1630097,Kaila Charles,31.1,p
22026,1611661331,GSV,Golden State Valkyries,1022600150,2026-07-04,GSV @ ATL,W,27,7,14,0.5,4,8,0.5,1,1,1,0,1,1,2,3,0,0,3,19,0,1,2026,regular-season,1628931,Gabby Williams,32.2,p
22026,1611661331,GSV,Golden State Valkyries,1022600150,2026-07-04,GSV @ ATL,W,22,3,7,0.429,1,4,0.25,2,2,1,0,2,2,1,2,1,6,3,9,2,1,2026,regular-season,1628508,Cecilia Zandalasini,15.9,p
22026,1611661331,GSV,Golden State Valkyries,1022600150,2026-07-04,GSV @ ATL,W,22,2,4,0.5,1,2,0.5,0,0,NA,2,5,7,1,3,2,1,5,5,5,1,2026,regular-season,204329,Kiah Stokes,28.9,p
22026,1611661331,GSV,Golden State Valkyries,1022600150,2026-07-04,GSV @ ATL,W,23,1,7,0.143,0,4,0,0,0,NA,0,4,4,1,1,0,0,1,2,18,1,2026,regular-season,203866,Kayla Thornton,11.3,p
22026,1611661331,GSV,Golden State Valkyries,1022600150,2026-07-04,GSV @ ATL,W,13,2,7,0.286,1,2,0.5,0,0,NA,0,0,0,1,2,0,0,2,5,-3,1,2026,regular-season,203026,Tiffany Hayes,12.5,p
22026,1611661330,ATL,Atlanta Dream,1022600150,2026-07-04,ATL vs. GSV,L,10,4,4,1,0,0,NA,3,3,1,1,1,2,0,0,0,1,1,11,5,1,2026,regular-season,1643431,Madina Okot,12.4,p
22026,1611661330,ATL,Atlanta Dream,1022600150,2026-07-04,ATL vs. GSV,L,5,0,2,0,0,2,0,0,0,NA,0,0,0,0,0,0,2,1,0,1,1,2026,regular-season,1642804,Te-Hina Paopao,-2,p
22026,1611661330,ATL,Atlanta Dream,1022600150,2026-07-04,ATL vs. GSV,L,10,0,3,0,0,2,0,0,0,NA,1,2,3,0,0,0,1,0,0,-7,1,2026,regular-season,1642302,Isobel Borlase,2.6,p
22026,1611661330,ATL,Atlanta Dream,1022600150,2026-07-04,ATL vs. GSV,L,24,1,1,1,1,1,1,0,0,NA,1,4,5,1,0,0,0,3,3,0,1,2026,regular-season,1631044,Naz Hillmon,10.5,p
22026,1611661330,ATL,Atlanta Dream,1022600150,2026-07-04,ATL vs. GSV,L,6,1,2,0.5,1,1,1,1,2,0.5,0,0,0,0,1,0,0,0,4,2,1,2026,regular-season,1631021,Sika Kone,7,p
22026,1611661330,ATL,Atlanta Dream,1022600150,2026-07-04,ATL vs. GSV,L,37,6,15,0.4,4,11,0.364,3,4,0.75,2,3,5,3,0,1,0,2,19,-4,1,2026,regular-season,1631009,Rhyne Howard,32.5,p
22026,1611661330,ATL,Atlanta Dream,1022600150,2026-07-04,ATL vs. GSV,L,36,5,17,0.294,1,5,0.2,11,16,0.688,1,3,4,3,1,0,4,4,22,-13,1,2026,regular-season,1628277,Allisha Gray,30.3,p
22026,1611661330,ATL,Atlanta Dream,1022600150,2026-07-04,ATL vs. GSV,L,4,0,0,NA,0,0,NA,0,0,NA,0,1,1,0,0,0,1,1,0,-1,1,2026,regular-season,1643469,Indya Nivar,0.2,p
22026,1611661330,ATL,Atlanta Dream,1022600150,2026-07-04,ATL vs. GSV,L,35,6,13,0.462,0,1,0,5,8,0.625,5,8,13,3,2,0,4,6,17,-9,1,2026,regular-season,1642291,Angel Reese,39.1,p
22026,1611661330,ATL,Atlanta Dream,1022600150,2026-07-04,ATL vs. GSV,L,35,3,9,0.333,1,3,0.333,0,0,NA,1,3,4,8,2,0,4,2,7,1,1,2026,regular-season,1628886,Jordin Canada,25.8,p
22026,1611661328,SEA,Seattle Storm,1022600151,2026-07-04,SEA vs. PDX,L,34,4,15,0.267,2,8,0.25,2,2,1,0,3,3,1,4,1,2,3,12,-1,1,2026,regular-season,1643443,Awa Fam,30.1,p
22026,1611661328,SEA,Seattle Storm,1022600151,2026-07-04,SEA vs. PDX,L,31,0,5,0,0,3,0,1,2,0.5,0,8,8,3,1,0,3,3,1,0,1,2026,regular-season,1643428,Flau'jae Johnson,15.1,p
22026,1611661328,SEA,Seattle Storm,1022600151,2026-07-04,SEA vs. PDX,L,19,7,17,0.412,2,5,0.4,6,7,0.857,3,2,5,1,0,0,2,3,22,2,1,2026,regular-season,1642798,Dominique Malonga,27.5,p
22026,1611661328,SEA,Seattle Storm,1022600151,2026-07-04,SEA vs. PDX,L,16,0,4,0,0,3,0,4,4,1,0,1,1,1,0,0,0,3,4,-5,1,2026,regular-season,1641660,Zia Cooke,6.7,p
22026,1611661328,SEA,Seattle Storm,1022600151,2026-07-04,SEA vs. PDX,L,14,2,7,0.286,0,0,NA,0,0,NA,2,5,7,1,0,2,1,2,4,-2,1,2026,regular-season,1629496,Ezi Magbegor,18.9,p
22026,1611661328,SEA,Seattle Storm,1022600151,2026-07-04,SEA vs. PDX,L,18,1,3,0.333,1,2,0.5,2,2,1,0,1,1,0,2,0,0,0,5,-6,1,2026,regular-season,1629478,Katie Lou Samuelson,12.2,p
22026,1611661328,SEA,Seattle Storm,1022600151,2026-07-04,SEA vs. PDX,L,9,1,2,0.5,0,1,0,0,0,NA,0,1,1,0,1,0,0,1,2,-5,1,2026,regular-season,203828,Stefanie Dolson,6.2,p
22026,1611661327,PDX,Portland Fire,1022600151,2026-07-04,PDX @ SEA,W,16,2,7,0.286,1,3,0.333,0,0,NA,1,1,2,1,2,0,3,0,5,4,1,2026,regular-season,1643506,Teja Oblak,11.9,p
22026,1611661327,PDX,Portland Fire,1022600151,2026-07-04,PDX @ SEA,W,18,4,9,0.444,0,2,0,1,2,0.5,2,5,7,2,0,0,2,2,9,8,1,2026,regular-season,1643494,Frieda Buhner,18.4,p
22026,1611661327,PDX,Portland Fire,1022600151,2026-07-04,PDX @ SEA,W,13,0,1,0,0,0,NA,0,0,NA,0,2,2,0,0,0,1,2,0,-4,1,2026,regular-season,1643436,Serah Williams,1.4,p
22026,1611661327,PDX,Portland Fire,1022600151,2026-07-04,PDX @ SEA,W,28,2,7,0.286,0,2,0,0,0,NA,0,6,6,3,0,2,1,4,4,4,1,2026,regular-season,1642782,Sarah Ashlee Barker,20.7,p
22026,1611661327,PDX,Portland Fire,1022600151,2026-07-04,PDX @ SEA,W,22,4,8,0.5,0,0,NA,12,12,1,0,3,3,4,0,0,4,5,20,5,1,2026,regular-season,1642304,Carla Leite,25.6,p
22026,1611661327,PDX,Portland Fire,1022600151,2026-07-04,PDX @ SEA,W,15,1,4,0.25,0,2,0,0,0,NA,0,2,2,0,2,0,1,0,2,1,1,2026,regular-season,1642296,Nyadiew Puoch,9.4,p
22026,1611661327,PDX,Portland Fire,1022600151,2026-07-04,PDX @ SEA,W,8,1,3,0.333,0,1,0,2,2,1,0,1,1,2,1,0,0,0,4,-3,1,2026,regular-season,1641683,Holly Winterburn,11.2,p
22026,1611661327,PDX,Portland Fire,1022600151,2026-07-04,PDX @ SEA,W,22,3,8,0.375,1,5,0.2,2,2,1,2,6,8,0,2,0,5,1,9,-3,1,2026,regular-season,1631083,Emily Engstler,19.6,p
22026,1611661327,PDX,Portland Fire,1022600151,2026-07-04,PDX @ SEA,W,27,4,7,0.571,1,4,0.25,1,1,1,3,6,9,3,0,1,0,3,10,9,1,2026,regular-season,1629484,Megan DiLeo,28.3,p
22026,1611661328,SEA,Seattle Storm,1022600151,2026-07-04,SEA vs. PDX,L,8,1,3,0.333,0,0,NA,0,0,NA,1,1,2,2,0,0,0,1,2,-5,1,2026,regular-season,1641651,Jordan Horston,7.4,p
22026,1611661328,SEA,Seattle Storm,1022600151,2026-07-04,SEA vs. PDX,L,18,2,2,1,1,1,1,0,0,NA,0,1,1,3,2,0,2,5,5,-5,1,2026,regular-season,1631141,Jade Melbourne,14.7,p
22026,1611661328,SEA,Seattle Storm,1022600151,2026-07-04,SEA vs. PDX,L,34,6,13,0.462,2,6,0.333,1,1,1,0,2,2,4,4,0,4,1,15,2,1,2026,regular-season,1629567,Natisha Hiedeman,31.4,p
22026,1611661327,PDX,Portland Fire,1022600151,2026-07-04,PDX @ SEA,W,31,4,14,0.286,1,6,0.167,5,6,0.833,2,5,7,2,2,0,2,2,14,4,1,2026,regular-season,1629524,Bridget Carleton,29.4,p
22026,1611661332,TOR,Toronto Tempo,1022600152,2026-07-05,TOR vs. DAL,L,8,0,1,0,0,1,0,2,2,1,1,1,2,0,1,0,0,1,2,1,1,2026,regular-season,1643706,Ornella Bankole,7.4,p
22026,1611661332,TOR,Toronto Tempo,1022600152,2026-07-05,TOR vs. DAL,L,21,1,6,0.167,1,3,0.333,0,0,NA,0,0,0,1,0,0,1,1,3,-12,1,2026,regular-season,1643647,Tima Pouye,3.5,p
22026,1611661332,TOR,Toronto Tempo,1022600152,2026-07-05,TOR vs. DAL,L,10,1,1,1,0,0,NA,0,0,NA,0,0,0,0,0,0,1,1,2,1,1,2026,regular-season,1643457,Teonni Key,1,p
22026,1611661332,TOR,Toronto Tempo,1022600152,2026-07-05,TOR vs. DAL,L,24,3,7,0.429,1,3,0.333,1,2,0.5,2,3,5,1,1,1,1,2,8,-1,1,2026,regular-season,1643420,Laura Juskaite,20.5,p
22026,1611661332,TOR,Toronto Tempo,1022600152,2026-07-05,TOR vs. DAL,L,29,6,10,0.6,1,2,0.5,1,3,0.333,1,6,7,5,1,0,2,3,14,-13,1,2026,regular-season,1631055,Nyara Sabally,30.9,p
22026,1611661332,TOR,Toronto Tempo,1022600152,2026-07-05,TOR vs. DAL,L,29,1,10,0.1,1,3,0.333,0,0,NA,4,6,10,3,0,0,3,0,3,-12,1,2026,regular-season,1629576,Maria Conde,16.5,p
22026,1611661332,TOR,Toronto Tempo,1022600152,2026-07-05,TOR vs. DAL,L,31,7,18,0.389,3,9,0.333,2,2,1,3,2,5,5,1,1,1,2,19,-19,1,2026,regular-season,1629497,Marina Mabrey,37.5,p
22026,1611661332,TOR,Toronto Tempo,1022600152,2026-07-05,TOR vs. DAL,L,21,4,9,0.444,3,7,0.429,1,1,1,0,1,1,0,0,0,1,2,12,3,1,2026,regular-season,1628915,Kia Nurse,12.2,p
22026,1611661332,TOR,Toronto Tempo,1022600152,2026-07-05,TOR vs. DAL,L,27,5,10,0.5,0,1,0,3,4,0.75,2,3,5,1,1,1,3,2,13,-13,1,2026,regular-season,204330,Isabelle Harrison,23.5,p
22026,1611661321,DAL,Dallas Wings,1022600152,2026-07-05,DAL @ TOR,W,30,6,16,0.375,5,11,0.455,0,1,0,1,2,3,2,3,1,0,3,17,22,1,2026,regular-season,1643425,Azzi Fudd,35.6,p
22026,1611661321,DAL,Dallas Wings,1022600152,2026-07-05,DAL @ TOR,W,10,1,4,0.25,0,0,NA,1,1,1,1,3,4,0,0,0,1,0,3,-5,1,2026,regular-season,1642793,Aziaha James,6.8,p
22026,1611661321,DAL,Dallas Wings,1022600152,2026-07-05,DAL @ TOR,W,31,9,16,0.563,1,3,0.333,3,3,1,1,2,3,7,0,0,2,3,22,25,1,2026,regular-season,1642784,Paige Bueckers,34.1,p
22026,1611661321,DAL,Dallas Wings,1022600152,2026-07-05,DAL @ TOR,W,8,0,1,0,0,0,NA,2,2,1,0,0,0,0,0,0,1,0,2,-14,1,2026,regular-season,1641652,Maddy Siegrist,1,p
22026,1611661321,DAL,Dallas Wings,1022600152,2026-07-05,DAL @ TOR,W,21,4,6,0.667,2,2,1,0,0,NA,1,5,6,0,1,3,0,1,10,16,1,2026,regular-season,1630386,Awak Kuier,29.2,p
22026,1611661321,DAL,Dallas Wings,1022600152,2026-07-05,DAL @ TOR,W,9,2,2,1,0,0,NA,0,0,NA,0,0,0,1,0,0,1,2,4,-5,1,2026,regular-season,1630134,Sug Sutton,4.5,p
22026,1611661321,DAL,Dallas Wings,1022600152,2026-07-05,DAL @ TOR,W,4,0,0,NA,0,0,NA,0,0,NA,0,0,0,0,0,0,2,2,0,-10,1,2026,regular-season,1629574,Li Yueru,-2,p
22026,1611661321,DAL,Dallas Wings,1022600152,2026-07-05,DAL @ TOR,W,14,0,2,0,0,2,0,2,2,1,3,1,4,1,1,1,0,2,2,7,1,2026,regular-season,1629501,Alanna Smith,14.3,p
22026,1611661321,DAL,Dallas Wings,1022600152,2026-07-05,DAL @ TOR,W,32,5,11,0.455,0,1,0,4,4,1,6,9,15,3,1,0,3,3,14,27,1,2026,regular-season,1629491,Jessica Shepard,36.5,p
22026,1611661321,DAL,Dallas Wings,1022600152,2026-07-05,DAL @ TOR,W,27,4,13,0.308,1,7,0.143,1,1,1,3,3,6,2,0,0,0,2,10,24,1,2026,regular-season,1629481,Arike Ogunbowale,20.2,p
22026,1611661321,DAL,Dallas Wings,1022600152,2026-07-05,DAL @ TOR,W,8,1,2,0.5,0,0,NA,0,0,NA,0,0,0,0,0,0,0,4,2,-13,1,2026,regular-season,203824,Odyssey Sims,2,p
22026,1611661321,DAL,Dallas Wings,1022600152,2026-07-05,DAL @ TOR,W,6,1,2,0.5,1,2,0.5,0,0,NA,0,1,1,0,1,1,1,0,3,-9,1,2026,regular-season,202252,Alysha Clark,9.2,p
22026,1611661325,IND,Indiana Fever,1022600153,2026-07-05,IND @ LVA,W,2,0,0,NA,0,0,NA,0,0,NA,0,0,0,0,0,0,0,0,0,-2,1,2026,regular-season,1643453,Grace VanSlooten,0,p
22026,1611661325,IND,Indiana Fever,1022600153,2026-07-05,IND @ LVA,W,22,3,9,0.333,0,3,0,0,0,NA,3,3,6,2,0,0,0,2,6,6,1,2026,regular-season,1643433,Raven Johnson,16.2,p
22026,1611661325,IND,Indiana Fever,1022600153,2026-07-05,IND @ LVA,W,8,1,2,0.5,0,0,NA,0,0,NA,1,3,4,1,0,0,0,1,2,5,1,2026,regular-season,1642815,Makayla Timpson,8.3,p
22026,1611661325,IND,Indiana Fever,1022600153,2026-07-05,IND @ LVA,W,31,7,13,0.538,3,4,0.75,1,4,0.25,3,7,10,1,0,2,1,2,18,16,1,2026,regular-season,1641648,Aliyah Boston,36.5,p
22026,1611661325,IND,Indiana Fever,1022600153,2026-07-05,IND @ LVA,W,22,5,10,0.5,0,2,0,0,0,NA,2,2,4,1,2,0,1,4,10,4,1,2026,regular-season,1631086,Lexie Hull,21.3,p
22026,1611661325,IND,Indiana Fever,1022600153,2026-07-05,IND @ LVA,W,26,0,4,0,0,0,NA,4,4,1,0,1,1,5,0,0,0,2,4,10,1,2026,regular-season,1630112,Tyasha Harris,12.7,p
22026,1611661325,IND,Indiana Fever,1022600153,2026-07-05,IND @ LVA,W,21,3,6,0.5,3,5,0.6,0,0,NA,0,1,1,1,0,0,1,2,9,13,1,2026,regular-season,1629482,Sophie Cunningham,10.7,p
22026,1611661325,IND,Indiana Fever,1022600153,2026-07-05,IND @ LVA,W,33,7,18,0.389,3,9,0.333,10,12,0.833,1,1,2,3,1,0,1,3,27,18,1,2026,regular-season,1628909,Kelsey Mitchell,35.9,p
22026,1611661325,IND,Indiana Fever,1022600153,2026-07-05,IND @ LVA,W,14,1,3,0.333,0,0,NA,0,0,NA,1,4,5,2,0,0,1,2,2,0,1,2026,regular-season,1628899,Myisha Hines-Allen,10,p
22026,1611661325,IND,Indiana Fever,1022600153,2026-07-05,IND @ LVA,W,21,3,5,0.6,0,0,NA,0,0,NA,2,4,6,2,2,1,2,2,6,10,1,2026,regular-season,1628881,Monique Billings,23.2,p
22026,1611661319,LVA,Las Vegas Aces,1022600153,2026-07-05,LVA vs. IND,L,24,3,8,0.375,0,1,0,3,6,0.5,1,9,10,1,0,0,0,3,9,-8,1,2026,regular-season,1631019,NaLyssa Smith,22.5,p
22026,1611661319,LVA,Las Vegas Aces,1022600153,2026-07-05,LVA vs. IND,L,6,0,1,0,0,1,0,0,0,NA,0,0,0,0,0,0,1,0,0,1,1,2026,regular-season,1631006,Kierstan Bell,-1,p
22026,1611661319,LVA,Las Vegas Aces,1022600153,2026-07-05,LVA vs. IND,L,15,0,2,0,0,0,NA,0,0,NA,1,1,2,1,1,0,0,3,0,-9,1,2026,regular-season,1630150,Chennedy Carter,6.9,p
22026,1611661319,LVA,Las Vegas Aces,1022600153,2026-07-05,LVA vs. IND,L,33,6,13,0.462,1,5,0.2,2,2,1,0,2,2,4,1,0,5,2,15,-14,1,2026,regular-season,1629498,Jackie Young,21.4,p
22026,1611661319,LVA,Las Vegas Aces,1022600153,2026-07-05,LVA vs. IND,L,28,3,3,1,0,0,NA,0,0,NA,1,4,5,0,0,1,2,2,6,-15,1,2026,regular-season,1629488,Brianna Turner,13,p
22026,1611661319,LVA,Las Vegas Aces,1022600153,2026-07-05,LVA vs. IND,L,13,3,5,0.6,0,2,0,3,4,0.75,0,0,0,0,0,0,1,2,9,1,1,2026,regular-season,204323,Cheyenne Parker-Tyus,8,p
22026,1611661319,LVA,Las Vegas Aces,1022600153,2026-07-05,LVA vs. IND,L,32,3,9,0.333,2,5,0.4,4,5,0.8,1,2,3,1,1,0,2,3,12,-11,1,2026,regular-season,204319,Jewell Loyd,18.1,p
22026,1611661319,LVA,Las Vegas Aces,1022600153,2026-07-05,LVA vs. IND,L,17,2,3,0.667,1,2,0.5,2,2,1,2,2,4,1,0,0,0,1,7,-9,1,2026,regular-season,203855,Stephanie Talbot,13.3,p
22026,1611661319,LVA,Las Vegas Aces,1022600153,2026-07-05,LVA vs. IND,L,31,2,11,0.182,0,3,0,6,6,1,0,4,4,6,2,0,2,1,10,-16,1,2026,regular-season,203833,Chelsea Gray,27.8,p
22026,1611661331,GSV,Golden State Valkyries,1022600154,2026-07-06,GSV @ WAS,W,23,3,10,0.3,0,3,0,1,1,1,1,2,3,3,2,0,0,1,7,0,1,2026,regular-season,1631007,Veronica Burton,21.1,p
22026,1611661331,GSV,Golden State Valkyries,1022600154,2026-07-06,GSV @ WAS,W,17,1,6,0.167,0,2,0,0,0,NA,0,3,3,0,2,0,1,2,2,-6,1,2026,regular-season,1628931,Gabby Williams,10.6,p
22026,1611661331,GSV,Golden State Valkyries,1022600154,2026-07-06,GSV @ WAS,W,15,3,8,0.375,0,2,0,0,0,NA,2,0,2,1,1,0,0,2,6,-6,1,2026,regular-season,1628508,Cecilia Zandalasini,12.9,p
22026,1611661331,GSV,Golden State Valkyries,1022600154,2026-07-06,GSV @ WAS,W,28,2,4,0.5,2,4,0.5,0,0,NA,0,9,9,2,1,3,0,1,6,15,1,2026,regular-season,204329,Kiah Stokes,31.8,p
22026,1611661331,GSV,Golden State Valkyries,1022600154,2026-07-06,GSV @ WAS,W,15,0,7,0,0,6,0,2,2,1,0,0,0,1,0,0,0,0,2,-1,1,2026,regular-season,203866,Kayla Thornton,3.5,p
22026,1611661322,WAS,Washington Mystics,1022600154,2026-07-06,WAS vs. GSV,L,9,0,1,0,0,1,0,0,0,NA,1,0,1,0,0,0,1,0,0,-3,1,2026,regular-season,1643467,Cassandre Prosper,0.2,p
22026,1611661322,WAS,Washington Mystics,1022600154,2026-07-06,WAS vs. GSV,L,10,0,1,0,0,1,0,0,0,NA,1,0,1,0,0,0,0,0,0,-14,1,2026,regular-season,1643455,Angela Dugalic,1.2,p
22026,1611661322,WAS,Washington Mystics,1022600154,2026-07-06,WAS vs. GSV,L,29,2,7,0.286,1,4,0.25,3,3,1,0,5,5,3,0,0,3,2,8,-9,1,2026,regular-season,1643430,Cotie McMahon,15.5,p
22026,1611661322,WAS,Washington Mystics,1022600154,2026-07-06,WAS vs. GSV,L,16,3,7,0.429,0,0,NA,1,1,1,2,3,5,3,0,1,2,1,7,-10,1,2026,regular-season,1643427,Lauren Betts,18.5,p
22026,1611661322,WAS,Washington Mystics,1022600154,2026-07-06,WAS vs. GSV,L,15,2,5,0.4,1,3,0.333,0,2,0,0,0,0,3,0,0,0,0,5,2,1,2026,regular-season,1642802,Lucy Olsen,9.5,p
22026,1611661322,WAS,Washington Mystics,1022600154,2026-07-06,WAS vs. GSV,L,22,1,7,0.143,1,6,0.167,0,0,NA,0,2,2,0,0,0,1,4,3,-12,1,2026,regular-season,1642781,Georgia Amoore,4.4,p
22026,1611661331,GSV,Golden State Valkyries,1022600154,2026-07-06,GSV @ WAS,W,21,6,9,0.667,1,3,0.333,1,1,1,0,1,1,4,0,0,1,1,14,14,1,2026,regular-season,1642822,Kaitlyn Chen,20.2,p
22026,1611661331,GSV,Golden State Valkyries,1022600154,2026-07-06,GSV @ WAS,W,25,3,13,0.231,2,9,0.222,0,0,NA,0,1,1,0,1,1,0,2,8,14,1,2026,regular-season,1642767,Janelle Salaun,15.2,p
22026,1611661331,GSV,Golden State Valkyries,1022600154,2026-07-06,GSV @ WAS,W,12,0,0,NA,0,0,NA,0,0,NA,2,2,4,0,2,0,2,3,0,-2,1,2026,regular-season,1641656,Laeticia Amihere,8.8,p
22026,1611661331,GSV,Golden State Valkyries,1022600154,2026-07-06,GSV @ WAS,W,25,4,10,0.4,0,2,0,0,0,NA,3,2,5,1,1,0,0,3,8,19,1,2026,regular-season,1630097,Kaila Charles,18.5,p
22026,1611661331,GSV,Golden State Valkyries,1022600154,2026-07-06,GSV @ WAS,W,19,4,7,0.571,1,3,0.333,0,0,NA,1,1,2,2,0,1,1,1,9,18,1,2026,regular-season,203026,Tiffany Hayes,16.4,p
22026,1611661322,WAS,Washington Mystics,1022600154,2026-07-06,WAS vs. GSV,L,17,0,3,0,0,2,0,1,2,0.5,0,4,4,3,1,0,2,2,1,-1,1,2026,regular-season,1643644,Alicia Florez,11.3,p
22026,1611661322,WAS,Washington Mystics,1022600154,2026-07-06,WAS vs. GSV,L,30,6,12,0.5,0,1,0,0,0,NA,2,7,9,1,0,0,2,1,12,1,1,2026,regular-season,1642792,Kiki Iriafen,22.3,p
22026,1611661322,WAS,Washington Mystics,1022600154,2026-07-06,WAS vs. GSV,L,24,3,11,0.273,0,1,0,5,6,0.833,2,9,11,0,0,2,0,2,11,-3,1,2026,regular-season,1631022,Shakira Austin,30.2,p
22026,1611661322,WAS,Washington Mystics,1022600154,2026-07-06,WAS vs. GSV,L,28,1,6,0.167,0,5,0,0,1,0,2,1,3,1,0,0,3,1,2,-16,1,2026,regular-season,1630446,Michaela Onyenwere,4.1,p
22026,1611661324,MIN,Minnesota Lynx,1022600155,2026-07-06,MIN vs. CON,L,8,0,0,NA,0,0,NA,2,2,1,1,1,2,3,0,0,0,2,2,6,1,2026,regular-season,1643490,Eliska Hamzova,8.9,p
22026,1611661324,MIN,Minnesota Lynx,1022600155,2026-07-06,MIN vs. CON,L,9,1,2,0.5,0,0,NA,1,1,1,0,0,0,0,1,0,0,2,3,0,1,2026,regular-season,1642797,Anastasiia Olairi Kosu,6,p
22026,1611661324,MIN,Minnesota Lynx,1022600155,2026-07-06,MIN vs. CON,L,13,0,2,0,0,2,0,2,2,1,1,1,2,3,0,0,1,1,2,-8,1,2026,regular-season,1630471,Maya Caldwell,7.9,p
22026,1611661324,MIN,Minnesota Lynx,1022600155,2026-07-06,MIN vs. CON,L,26,6,10,0.6,0,1,0,6,7,0.857,3,3,6,4,0,2,2,5,18,0,1,2026,regular-season,203827,Natasha Howard,35.2,p
22026,1611661323,CON,Connecticut Sun,1022600155,2026-07-06,CON @ MIN,W,0,0,0,NA,0,0,NA,0,0,NA,0,0,0,0,0,0,0,0,0,1,1,2026,regular-season,1643448,Nell Angloma,0,p
22026,1611661323,CON,Connecticut Sun,1022600155,2026-07-06,CON @ MIN,W,5,0,2,0,0,2,0,2,2,1,0,0,0,0,0,0,0,2,2,3,1,2026,regular-season,1643429,Gianna Kneepkens,2,p
22026,1611661323,CON,Connecticut Sun,1022600155,2026-07-06,CON @ MIN,W,16,1,4,0.25,0,1,0,2,2,1,0,2,2,1,1,0,1,0,4,-8,1,2026,regular-season,1642809,Saniya Rivers,9.9,p
22026,1611661323,CON,Connecticut Sun,1022600155,2026-07-06,CON @ MIN,W,12,2,4,0.5,0,0,NA,1,1,1,1,1,2,1,0,1,2,2,5,-12,1,2026,regular-season,1642290,Aaliyah Edwards,9.9,p
22026,1611661323,CON,Connecticut Sun,1022600155,2026-07-06,CON @ MIN,W,19,2,7,0.286,0,1,0,1,2,0.5,0,4,4,3,0,1,1,3,5,-1,1,2026,regular-season,1641649,Diamond Miller,16.3,p
22026,1611661324,MIN,Minnesota Lynx,1022600155,2026-07-06,MIN vs. CON,L,25,3,4,0.75,2,3,0.667,0,0,NA,1,1,2,0,1,0,0,3,8,-1,1,2026,regular-season,1643489,Antonia Delaere,13.4,p
22026,1611661324,MIN,Minnesota Lynx,1022600155,2026-07-06,MIN vs. CON,L,25,1,7,0.143,1,6,0.167,0,0,NA,0,4,4,3,0,1,1,2,3,-5,1,2026,regular-season,1641657,Dorka Juhasz,14.3,p
22026,1611661324,MIN,Minnesota Lynx,1022600155,2026-07-06,MIN vs. CON,L,20,0,6,0,0,4,0,2,2,1,0,4,4,3,0,3,0,3,2,3,1,2026,regular-season,1628269,Nia Coffey,20.3,p
22026,1611661324,MIN,Minnesota Lynx,1022600155,2026-07-06,MIN vs. CON,L,36,10,21,0.476,3,6,0.5,0,0,NA,2,7,9,6,3,0,2,3,23,-2,1,2026,regular-season,1627675,Courtney Williams,49.8,p
22026,1611661324,MIN,Minnesota Lynx,1022600155,2026-07-06,MIN vs. CON,L,38,10,19,0.526,4,8,0.5,4,5,0.8,0,3,3,2,0,1,6,2,28,2,1,2026,regular-season,203825,Kayla McBride,31.6,p
22026,1611661323,CON,Connecticut Sun,1022600155,2026-07-06,CON @ MIN,W,28,2,8,0.25,2,4,0.5,0,0,NA,1,3,4,5,1,0,2,3,6,5,1,2026,regular-season,1643449,Charlisse Leger-Walker,19.3,p
22026,1611661323,CON,Connecticut Sun,1022600155,2026-07-06,CON @ MIN,W,34,5,13,0.385,2,3,0.667,1,2,0.5,1,1,2,3,4,0,0,3,13,5,1,2026,regular-season,1642303,Leila Lacan,31.9,p
22026,1611661323,CON,Connecticut Sun,1022600155,2026-07-06,CON @ MIN,W,29,4,6,0.667,0,0,NA,2,8,0.25,2,6,8,3,1,2,2,3,10,3,1,2026,regular-season,1631135,Olivia Nelson-Ododa,31.1,p
22026,1611661323,CON,Connecticut Sun,1022600155,2026-07-06,CON @ MIN,W,23,6,8,0.75,3,4,0.75,1,1,1,0,0,0,2,2,0,3,0,16,-4,1,2026,regular-season,1629568,Kennedy Burke,22,p
22026,1611661323,CON,Connecticut Sun,1022600155,2026-07-06,CON @ MIN,W,34,11,14,0.786,0,0,NA,7,11,0.636,2,8,10,3,2,2,1,4,29,13,1,2026,regular-season,203398,Brittney Griner,56.5,p
22026,1611661328,SEA,Seattle Storm,1022600156,2026-07-06,SEA @ LAS,W,25,3,9,0.333,1,7,0.143,0,0,NA,0,5,5,2,4,1,1,2,7,16,1,2026,regular-season,1643443,Awa Fam,30,p
22026,1611661328,SEA,Seattle Storm,1022600156,2026-07-06,SEA @ LAS,W,27,9,19,0.474,3,9,0.333,2,2,1,2,3,5,3,1,0,4,1,23,15,1,2026,regular-season,1643428,Flau'jae Johnson,32.5,p
22026,1611661328,SEA,Seattle Storm,1022600156,2026-07-06,SEA @ LAS,W,3,0,0,NA,0,0,NA,0,0,NA,0,1,1,0,0,0,0,0,0,-1,1,2026,regular-season,1642814,Taylor Thierry,1.2,p
22026,1611661328,SEA,Seattle Storm,1022600156,2026-07-06,SEA @ LAS,W,23,1,10,0.1,0,1,0,0,0,NA,1,8,9,2,1,1,5,2,2,12,1,2026,regular-season,1642798,Dominique Malonga,16.8,p
22026,1611661328,SEA,Seattle Storm,1022600156,2026-07-06,SEA @ LAS,W,3,0,0,NA,0,0,NA,0,0,NA,0,1,1,0,1,0,0,0,0,-1,1,2026,regular-season,1642307,Mackenzie Holmes,4.2,p
22026,1611661328,SEA,Seattle Storm,1022600156,2026-07-06,SEA @ LAS,W,13,3,8,0.375,1,3,0.333,0,0,NA,0,2,2,0,0,0,1,3,7,3,1,2026,regular-season,1641660,Zia Cooke,8.4,p
22026,1611661328,SEA,Seattle Storm,1022600156,2026-07-06,SEA @ LAS,W,17,3,6,0.5,0,2,0,0,0,NA,0,2,2,1,3,0,0,4,6,6,1,2026,regular-season,1641651,Jordan Horston,18.9,p
22026,1611661328,SEA,Seattle Storm,1022600156,2026-07-06,SEA @ LAS,W,23,4,7,0.571,1,3,0.333,2,3,0.667,1,1,2,4,0,0,0,4,11,13,1,2026,regular-season,1631141,Jade Melbourne,19.4,p
22026,1611661328,SEA,Seattle Storm,1022600156,2026-07-06,SEA @ LAS,W,25,5,9,0.556,1,2,0.5,4,4,1,1,5,6,4,3,0,2,1,15,16,1,2026,regular-season,1629567,Natisha Hiedeman,35.2,p
22026,1611661328,SEA,Seattle Storm,1022600156,2026-07-06,SEA @ LAS,W,15,0,2,0,0,2,0,0,0,NA,0,4,4,0,1,1,0,1,0,7,1,2026,regular-season,1629496,Ezi Magbegor,10.8,p
22026,1611661328,SEA,Seattle Storm,1022600156,2026-07-06,SEA @ LAS,W,15,3,4,0.75,3,4,0.75,0,0,NA,1,4,5,0,0,0,0,1,9,-2,1,2026,regular-season,1629478,Katie Lou Samuelson,15,p
22026,1611661328,SEA,Seattle Storm,1022600156,2026-07-06,SEA @ LAS,W,11,1,1,1,0,0,NA,0,0,NA,1,1,2,2,0,0,0,1,2,6,1,2026,regular-season,203828,Stefanie Dolson,7.4,p
22026,1611661320,LAS,Los Angeles Sparks,1022600156,2026-07-06,LAS vs. SEA,L,14,1,2,0.5,1,2,0.5,0,0,NA,0,3,3,0,0,0,0,0,3,4,1,2026,regular-season,1643462,Chance Gray,6.6,p
22026,1611661320,LAS,Los Angeles Sparks,1022600156,2026-07-06,LAS vs. SEA,L,17,1,7,0.143,1,6,0.167,5,6,0.833,1,5,6,0,1,0,0,1,8,1,1,2026,regular-season,1642324,Kate Martin,18.2,p
22026,1611661320,LAS,Los Angeles Sparks,1022600156,2026-07-06,LAS vs. SEA,L,25,2,11,0.182,0,2,0,1,2,0.5,0,1,1,0,1,0,4,1,5,-20,1,2026,regular-season,1630996,Rae Burrell,5.2,p
22026,1611661320,LAS,Los Angeles Sparks,1022600156,2026-07-06,LAS vs. SEA,L,16,2,5,0.4,0,3,0,0,0,NA,0,0,0,3,1,0,1,1,4,-4,1,2026,regular-season,1630461,Kiana Williams,10.5,p
22026,1611661320,LAS,Los Angeles Sparks,1022600156,2026-07-06,LAS vs. SEA,L,10,0,4,0,0,2,0,0,0,NA,0,1,1,0,0,0,1,2,0,-5,1,2026,regular-season,1630148,Jihyun Park,0.2,p
22026,1611661320,LAS,Los Angeles Sparks,1022600156,2026-07-06,LAS vs. SEA,L,22,2,6,0.333,0,3,0,1,1,1,2,3,5,0,0,0,3,3,5,-17,1,2026,regular-season,1628878,Ariel Atkins,8,p
22026,1611661320,LAS,Los Angeles Sparks,1022600156,2026-07-06,LAS vs. SEA,L,15,2,4,0.5,1,2,0.5,0,0,NA,0,3,3,3,0,1,1,2,5,-1,1,2026,regular-season,1628242,Emma Cannon,15.1,p
22026,1611661320,LAS,Los Angeles Sparks,1022600156,2026-07-06,LAS vs. SEA,L,24,1,4,0.25,1,3,0.333,0,0,NA,0,1,1,7,1,0,3,2,3,-14,1,2026,regular-season,204365,Erica Wheeler,14.7,p
22026,1611661320,LAS,Los Angeles Sparks,1022600156,2026-07-06,LAS vs. SEA,L,29,6,9,0.667,0,1,0,5,7,0.714,0,4,4,2,1,0,3,1,17,-14,1,2026,regular-season,204324,Dearica Hamby,24.8,p
22026,1611661320,LAS,Los Angeles Sparks,1022600156,2026-07-06,LAS vs. SEA,L,28,5,13,0.385,1,5,0.2,3,4,0.75,1,10,11,3,2,0,2,0,14,-20,1,2026,regular-season,203014,Nneka Ogwumike,35.7,p
22026,1611661321,DAL,Dallas Wings,1022600157,2026-07-07,DAL @ NYL,W,34,6,13,0.462,0,4,0,0,0,NA,0,0,0,3,2,0,0,1,12,0,1,2026,regular-season,1643425,Azzi Fudd,22.5,p
22026,1611661321,DAL,Dallas Wings,1022600157,2026-07-07,DAL @ NYL,W,9,2,5,0.4,1,2,0.5,0,0,NA,0,0,0,0,0,0,1,1,5,6,1,2026,regular-season,1642793,Aziaha James,4,p
22026,1611661321,DAL,Dallas Wings,1022600157,2026-07-07,DAL @ NYL,W,33,5,15,0.333,1,5,0.2,4,4,1,1,6,7,6,0,2,1,1,15,15,1,2026,regular-season,1642784,Paige Bueckers,37.4,p
22026,1611661321,DAL,Dallas Wings,1022600157,2026-07-07,DAL @ NYL,W,28,3,6,0.5,3,4,0.75,1,1,1,4,8,12,7,0,3,1,4,10,8,1,2026,regular-season,1630386,Awak Kuier,42.9,p
22026,1611661321,DAL,Dallas Wings,1022600157,2026-07-07,DAL @ NYL,W,16,3,8,0.375,1,3,0.333,1,1,1,1,4,5,1,0,0,1,2,8,12,1,2026,regular-season,1629501,Alanna Smith,14.5,p
22026,1611661321,DAL,Dallas Wings,1022600157,2026-07-07,DAL @ NYL,W,37,11,16,0.688,0,0,NA,0,0,NA,3,9,12,11,0,0,4,3,22,2,1,2026,regular-season,1629491,Jessica Shepard,48.9,p
22026,1611661321,DAL,Dallas Wings,1022600157,2026-07-07,DAL @ NYL,W,32,3,8,0.375,0,4,0,2,2,1,1,0,1,1,1,0,1,4,8,11,1,2026,regular-season,1629481,Arike Ogunbowale,12.7,p
22026,1611661321,DAL,Dallas Wings,1022600157,2026-07-07,DAL @ NYL,W,12,2,5,0.4,0,1,0,4,4,1,0,1,1,0,0,0,0,1,8,1,1,2026,regular-season,203824,Odyssey Sims,9.2,p
22026,1611661313,NYL,New York Liberty,1022600157,2026-07-07,NYL vs. DAL,L,23,2,4,0.5,0,2,0,0,0,NA,0,2,2,1,0,0,2,1,4,-5,1,2026,regular-season,1631136,Pauline Astier,5.9,p
22026,1611661313,NYL,New York Liberty,1022600157,2026-07-07,NYL vs. DAL,L,5,0,0,NA,0,0,NA,0,0,NA,0,0,0,1,0,0,0,0,0,-3,1,2026,regular-season,1630384,Raquel Carrera,1.5,p
22026,1611661313,NYL,New York Liberty,1022600157,2026-07-07,NYL vs. DAL,L,8,1,3,0.333,0,1,0,0,0,NA,2,1,3,0,0,0,0,0,2,-9,1,2026,regular-season,1629566,Han Xu,5.6,p
22026,1611661313,NYL,New York Liberty,1022600157,2026-07-07,NYL vs. DAL,L,21,2,7,0.286,0,5,0,3,3,1,0,2,2,1,1,0,1,1,7,-13,1,2026,regular-season,1629546,Marine Johannes,12.9,p
22026,1611661313,NYL,New York Liberty,1022600157,2026-07-07,NYL vs. DAL,L,33,5,15,0.333,2,7,0.286,2,2,1,1,2,3,5,0,1,4,3,14,-5,1,2026,regular-season,1629477,Sabrina Ionescu,24.1,p
22026,1611661313,NYL,New York Liberty,1022600157,2026-07-07,NYL vs. DAL,L,32,6,11,0.545,3,6,0.5,2,2,1,1,11,12,2,0,2,4,4,17,-2,1,2026,regular-season,1627673,Jonquel Jones,36.4,p
22026,1611661313,NYL,New York Liberty,1022600157,2026-07-07,NYL vs. DAL,L,33,10,16,0.625,0,3,0,9,11,0.818,2,7,9,4,1,0,2,4,29,-13,1,2026,regular-season,1627668,Breanna Stewart,46.8,p
22026,1611661313,NYL,New York Liberty,1022600157,2026-07-07,NYL vs. DAL,L,15,0,5,0,0,1,0,0,0,NA,0,0,0,1,0,0,0,2,0,-9,1,2026,regular-season,204335,Betnijah Laney-Hamilton,1.5,p
22026,1611661313,NYL,New York Liberty,1022600157,2026-07-07,NYL vs. DAL,L,4,0,0,NA,0,0,NA,0,0,NA,0,0,0,0,0,1,1,0,0,7,1,2026,regular-season,204296,Rebecca Allen,2,p
22026,1611661313,NYL,New York Liberty,1022600157,2026-07-07,NYL vs. DAL,L,26,0,4,0,0,1,0,4,4,1,1,2,3,1,1,0,0,3,4,-3,1,2026,regular-season,203822,Rebekah Gardner,12.1,p
22026,1611661329,CHI,Chicago Sky,1022600158,2026-07-07,CHI @ PHX,W,18,1,5,0.2,1,2,0.5,0,0,NA,0,1,1,1,2,0,2,1,3,13,1,2026,regular-season,1643447,Gabriela Jaquez,9.7,p
22026,1611661329,CHI,Chicago Sky,1022600158,2026-07-07,CHI @ PHX,W,14,2,3,0.667,0,0,NA,4,4,1,1,6,7,1,1,0,1,1,8,14,1,2026,regular-season,1642786,Aicha Coulibaly,19.9,p
22026,1611661329,CHI,Chicago Sky,1022600158,2026-07-07,CHI @ PHX,W,23,6,11,0.545,3,7,0.429,1,1,1,0,1,1,1,0,0,4,5,16,-5,1,2026,regular-season,1642321,Sydney Taylor,14.7,p
22026,1611661329,CHI,Chicago Sky,1022600158,2026-07-07,CHI @ PHX,W,17,1,3,0.333,1,2,0.5,0,2,0,0,1,1,2,1,0,0,1,3,7,1,2026,regular-season,1642292,Jacy Sheldon,10.2,p
22026,1611661329,CHI,Chicago Sky,1022600158,2026-07-07,CHI @ PHX,W,28,4,7,0.571,0,0,NA,1,3,0.333,1,3,4,4,2,4,1,2,9,1,1,2026,regular-season,1642289,Kamilla Cardoso,36.8,p
22026,1611661329,CHI,Chicago Sky,1022600158,2026-07-07,CHI @ PHX,W,26,3,10,0.3,1,3,0.333,2,2,1,2,8,10,2,2,0,3,4,9,-3,1,2026,regular-season,1628922,Azura Stevens,27,p
22026,1611661329,CHI,Chicago Sky,1022600158,2026-07-07,CHI @ PHX,W,12,2,5,0.4,1,2,0.5,2,2,1,0,2,2,1,1,1,2,2,7,10,1,2026,regular-season,1627671,Rachel Banham,14.9,p
22026,1611661329,CHI,Chicago Sky,1022600158,2026-07-07,CHI @ PHX,W,32,3,8,0.375,3,7,0.429,2,2,1,0,4,4,6,2,0,1,4,11,8,1,2026,regular-season,204333,Natasha Cloud,29.8,p
22026,1611661329,CHI,Chicago Sky,1022600158,2026-07-07,CHI @ PHX,W,12,2,4,0.5,0,0,NA,0,0,NA,2,0,2,2,0,0,1,2,4,10,1,2026,regular-season,204322,Elizabeth Williams,8.4,p
22026,1611661329,CHI,Chicago Sky,1022600158,2026-07-07,CHI @ PHX,W,18,2,6,0.333,1,4,0.25,2,4,0.5,1,2,3,1,0,0,2,1,7,0,1,2026,regular-season,202664,Courtney Vandersloot,10.1,p
22026,1611661317,PHX,Phoenix Mercury,1022600158,2026-07-07,PHX vs. CHI,L,17,0,2,0,0,2,0,0,0,NA,0,3,3,0,2,0,0,0,0,-6,1,2026,regular-season,1643493,Noemie Brochant,9.6,p
22026,1611661317,PHX,Phoenix Mercury,1022600158,2026-07-07,PHX vs. CHI,L,6,0,3,0,0,1,0,0,0,NA,0,1,1,0,0,0,1,0,0,-8,1,2026,regular-season,1643438,Marta Suarez,0.2,p
22026,1611661317,PHX,Phoenix Mercury,1022600158,2026-07-07,PHX vs. CHI,L,17,2,5,0.4,0,0,NA,5,6,0.833,0,1,1,1,1,0,3,4,9,-16,1,2026,regular-season,1642777,Monique Akoa Makani,11.7,p
22026,1611661317,PHX,Phoenix Mercury,1022600158,2026-07-07,PHX vs. CHI,L,8,0,2,0,0,1,0,0,0,NA,0,1,1,0,0,1,1,3,0,-2,1,2026,regular-season,1642768,Kyara Linskens,3.2,p
22026,1611661317,PHX,Phoenix Mercury,1022600158,2026-07-07,PHX vs. CHI,L,27,0,4,0,0,1,0,0,0,NA,1,0,1,2,1,0,1,2,0,5,1,2026,regular-season,1631118,Lexi Held,6.2,p
22026,1611661317,PHX,Phoenix Mercury,1022600158,2026-07-07,PHX vs. CHI,L,34,9,19,0.474,4,10,0.4,3,5,0.6,3,1,4,1,1,0,4,3,25,-9,1,2026,regular-season,1627674,Kahleah Copper,30.3,p
22026,1611661317,PHX,Phoenix Mercury,1022600158,2026-07-07,PHX vs. CHI,L,28,3,6,0.5,1,4,0.25,2,2,1,2,4,6,0,1,0,4,3,9,-8,1,2026,regular-season,204468,Valeriane Ayayi,15.2,p
22026,1611661317,PHX,Phoenix Mercury,1022600158,2026-07-07,PHX vs. CHI,L,31,3,7,0.429,0,0,NA,5,7,0.714,0,7,7,5,4,1,5,2,11,-6,1,2026,regular-season,203826,Alyssa Thomas,36.9,p
22026,1611661317,PHX,Phoenix Mercury,1022600158,2026-07-07,PHX vs. CHI,L,31,3,6,0.5,2,5,0.4,4,4,1,0,7,7,0,1,1,1,2,12,-5,1,2026,regular-season,201886,DeWanna Bonner,25.4,p
22026,1611661332,TOR,Toronto Tempo,1022600159,2026-07-08,TOR vs. GSV,L,13,1,4,0.25,0,3,0,0,0,NA,0,0,0,1,0,0,0,1,2,-4,1,2026,regular-season,1643647,Tima Pouye,3.5,p
22026,1611661332,TOR,Toronto Tempo,1022600159,2026-07-08,TOR vs. GSV,L,11,2,3,0.667,0,1,0,1,1,1,0,1,1,0,0,0,1,1,5,-1,1,2026,regular-season,1643457,Teonni Key,5.2,p
22026,1611661332,TOR,Toronto Tempo,1022600159,2026-07-08,TOR vs. GSV,L,18,1,2,0.5,1,2,0.5,2,2,1,0,0,0,1,3,0,3,5,5,7,1,2026,regular-season,1643420,Laura Juskaite,12.5,p
22026,1611661332,TOR,Toronto Tempo,1022600159,2026-07-08,TOR vs. GSV,L,7,1,1,1,0,0,NA,0,0,NA,0,1,1,1,0,0,1,1,2,4,1,2026,regular-season,1631055,Nyara Sabally,3.7,p
22026,1611661332,TOR,Toronto Tempo,1022600159,2026-07-08,TOR vs. GSV,L,34,2,9,0.222,0,3,0,7,8,0.875,0,6,6,4,1,0,5,1,11,-5,1,2026,regular-season,1629497,Marina Mabrey,22.2,p
22026,1611661332,TOR,Toronto Tempo,1022600159,2026-07-08,TOR vs. GSV,L,15,2,3,0.667,2,3,0.667,2,2,1,0,1,1,2,0,0,1,2,8,-11,1,2026,regular-season,1628915,Kia Nurse,11.2,p
22026,1611661332,TOR,Toronto Tempo,1022600159,2026-07-08,TOR vs. GSV,L,36,4,7,0.571,1,4,0.25,0,0,NA,0,3,3,7,2,0,2,4,9,-12,1,2026,regular-season,1627700,Julie Allemand,27.1,p
22026,1611661332,TOR,Toronto Tempo,1022600159,2026-07-08,TOR vs. GSV,L,31,10,17,0.588,1,2,0.5,3,3,1,3,5,8,2,0,0,4,4,24,-13,1,2026,regular-season,204330,Isabelle Harrison,32.6,p
22026,1611661331,GSV,Golden State Valkyries,1022600159,2026-07-08,GSV @ TOR,W,2,0,0,NA,0,0,NA,0,0,NA,0,0,0,0,0,0,0,0,0,-3,1,2026,regular-season,1643686,Nadia Fingall,0,p
22026,1611661331,GSV,Golden State Valkyries,1022600159,2026-07-08,GSV @ TOR,W,22,8,12,0.667,0,2,0,0,0,NA,1,0,1,3,1,0,1,1,16,11,1,2026,regular-season,1642822,Kaitlyn Chen,23.7,p
22026,1611661331,GSV,Golden State Valkyries,1022600159,2026-07-08,GSV @ TOR,W,23,7,10,0.7,5,6,0.833,7,9,0.778,2,4,6,1,1,0,3,1,26,11,1,2026,regular-season,1642767,Janelle Salaun,34.7,p
22026,1611661331,GSV,Golden State Valkyries,1022600159,2026-07-08,GSV @ TOR,W,15,1,1,1,0,0,NA,1,2,0.5,1,2,3,0,0,0,1,3,3,10,1,2026,regular-season,1641656,Laeticia Amihere,5.6,p
22026,1611661331,GSV,Golden State Valkyries,1022600159,2026-07-08,GSV @ TOR,W,21,1,2,0.5,1,2,0.5,3,4,0.75,0,2,2,6,2,0,1,2,6,-1,1,2026,regular-season,1631007,Veronica Burton,22.4,p
22026,1611661331,GSV,Golden State Valkyries,1022600159,2026-07-08,GSV @ TOR,W,25,1,7,0.143,0,3,0,3,4,0.75,2,3,5,1,0,0,1,4,5,12,1,2026,regular-season,1630097,Kaila Charles,11.5,p
22026,1611661331,GSV,Golden State Valkyries,1022600159,2026-07-08,GSV @ TOR,W,18,3,9,0.333,1,3,0.333,0,0,NA,0,1,1,2,1,0,2,3,7,-6,1,2026,regular-season,1628931,Gabby Williams,12.2,p
22026,1611661331,GSV,Golden State Valkyries,1022600159,2026-07-08,GSV @ TOR,W,15,1,6,0.167,1,5,0.2,0,0,NA,0,1,1,2,0,0,1,1,3,1,1,2026,regular-season,1628508,Cecilia Zandalasini,6.2,p
22026,1611661331,GSV,Golden State Valkyries,1022600159,2026-07-08,GSV @ TOR,W,14,0,2,0,0,1,0,0,0,NA,1,2,3,0,0,1,2,1,0,-3,1,2026,regular-season,204329,Kiah Stokes,4.6,p
22026,1611661331,GSV,Golden State Valkyries,1022600159,2026-07-08,GSV @ TOR,W,25,4,6,0.667,3,5,0.6,4,4,1,4,5,9,0,1,1,2,4,15,3,1,2026,regular-season,203866,Kayla Thornton,29.8,p
22026,1611661331,GSV,Golden State Valkyries,1022600159,2026-07-08,GSV @ TOR,W,19,0,3,0,0,3,0,2,2,1,0,0,0,3,1,1,0,0,2,5,1,2026,regular-season,203026,Tiffany Hayes,12.5,p
22026,1611661332,TOR,Toronto Tempo,1022600159,2026-07-08,TOR vs. GSV,L,35,3,8,0.375,1,4,0.25,2,2,1,1,2,3,1,0,0,3,1,9,-5,1,2026,regular-season,1629576,Maria Conde,11.1,p
22026,1611661324,MIN,Minnesota Lynx,1022600160,2026-07-08,MIN @ CON,W,11,1,2,0.5,0,0,NA,3,4,0.75,0,2,2,3,0,1,0,1,5,9,1,2026,regular-season,1643490,Eliska Hamzova,14.9,p
22026,1611661324,MIN,Minnesota Lynx,1022600160,2026-07-08,MIN @ CON,W,23,4,7,0.571,2,4,0.5,0,0,NA,0,0,0,0,2,0,3,4,10,7,1,2026,regular-season,1643489,Antonia Delaere,13,p
22026,1611661324,MIN,Minnesota Lynx,1022600160,2026-07-08,MIN @ CON,W,15,1,3,0.333,0,0,NA,3,4,0.75,3,1,4,3,0,0,1,2,5,11,1,2026,regular-season,1642797,Anastasiia Olairi Kosu,13.3,p
22026,1611661324,MIN,Minnesota Lynx,1022600160,2026-07-08,MIN @ CON,W,19,4,7,0.571,4,6,0.667,0,0,NA,1,5,6,1,0,1,1,2,12,9,1,2026,regular-season,1641657,Dorka Juhasz,22.7,p
22026,1611661324,MIN,Minnesota Lynx,1022600160,2026-07-08,MIN @ CON,W,17,2,6,0.333,2,5,0.4,0,0,NA,1,1,2,1,1,0,0,2,6,-1,1,2026,regular-season,1630471,Maya Caldwell,12.9,p
22026,1611661324,MIN,Minnesota Lynx,1022600160,2026-07-08,MIN @ CON,W,14,0,2,0,0,1,0,1,4,0.25,0,1,1,0,0,1,1,4,1,-8,1,2026,regular-season,1628269,Nia Coffey,4.2,p
22026,1611661324,MIN,Minnesota Lynx,1022600160,2026-07-08,MIN @ CON,W,30,6,13,0.462,0,3,0,0,0,NA,0,4,4,7,2,0,5,1,12,-6,1,2026,regular-season,1627675,Courtney Williams,28.3,p
22026,1611661324,MIN,Minnesota Lynx,1022600160,2026-07-08,MIN @ CON,W,31,4,10,0.4,0,1,0,4,6,0.667,3,7,10,2,1,3,3,2,12,0,1,2026,regular-season,203827,Natasha Howard,36,p
22026,1611661324,MIN,Minnesota Lynx,1022600160,2026-07-08,MIN @ CON,W,38,6,10,0.6,2,2,1,9,9,1,1,3,4,4,2,1,0,2,23,9,1,2026,regular-season,203825,Kayla McBride,42.8,p
22026,1611661323,CON,Connecticut Sun,1022600160,2026-07-08,CON vs. MIN,L,31,3,11,0.273,1,5,0.2,0,0,NA,0,4,4,3,3,1,4,2,7,-15,1,2026,regular-season,1643449,Charlisse Leger-Walker,24.3,p
22026,1611661323,CON,Connecticut Sun,1022600160,2026-07-08,CON vs. MIN,L,15,4,6,0.667,0,0,NA,2,4,0.5,4,3,7,0,0,0,2,2,10,3,1,2026,regular-season,1643448,Nell Angloma,16.4,p
22026,1611661323,CON,Connecticut Sun,1022600160,2026-07-08,CON vs. MIN,L,13,1,3,0.333,0,0,NA,3,4,0.75,1,0,1,1,0,0,1,1,5,-8,1,2026,regular-season,1643441,Raegan Beers,6.7,p
22026,1611661323,CON,Connecticut Sun,1022600160,2026-07-08,CON vs. MIN,L,9,2,3,0.667,2,3,0.667,0,0,NA,0,0,0,1,0,0,0,0,6,-3,1,2026,regular-season,1643429,Gianna Kneepkens,7.5,p
22026,1611661323,CON,Connecticut Sun,1022600160,2026-07-08,CON vs. MIN,L,9,2,5,0.4,0,2,0,1,2,0.5,0,1,1,2,2,1,2,0,5,5,1,2026,regular-season,1642809,Saniya Rivers,16.2,p
22026,1611661323,CON,Connecticut Sun,1022600160,2026-07-08,CON vs. MIN,L,29,5,9,0.556,2,6,0.333,3,3,1,1,5,6,6,1,0,1,4,15,5,1,2026,regular-season,1642303,Leila Lacan,33.2,p
22026,1611661323,CON,Connecticut Sun,1022600160,2026-07-08,CON vs. MIN,L,17,0,4,0,0,0,NA,2,2,1,0,4,4,0,0,0,1,1,2,-10,1,2026,regular-season,1642290,Aaliyah Edwards,5.8,p
22026,1611661323,CON,Connecticut Sun,1022600160,2026-07-08,CON vs. MIN,L,23,2,7,0.286,0,3,0,9,9,1,1,3,4,2,1,1,4,4,13,-5,1,2026,regular-season,1641649,Diamond Miller,22.8,p
22026,1611661323,CON,Connecticut Sun,1022600160,2026-07-08,CON vs. MIN,L,27,6,9,0.667,0,0,NA,2,3,0.667,1,4,5,2,1,1,2,2,14,2,1,2026,regular-season,1631135,Olivia Nelson-Ododa,27,p
22026,1611661323,CON,Connecticut Sun,1022600160,2026-07-08,CON vs. MIN,L,27,1,8,0.125,1,4,0.25,0,0,NA,2,2,4,3,1,3,1,4,3,-4,1,2026,regular-season,1629568,Kennedy Burke,23.3,p
22026,1611661325,IND,Indiana Fever,1022600161,2026-07-08,IND @ LAS,L,13,1,9,0.111,0,3,0,1,2,0.5,2,0,2,2,1,0,2,1,3,-3,1,2026,regular-season,1643433,Raven Johnson,9.4,p
22026,1611661325,IND,Indiana Fever,1022600161,2026-07-08,IND @ LAS,L,1,0,0,NA,0,0,NA,0,0,NA,0,0,0,0,0,0,0,0,0,-3,1,2026,regular-season,1642788,Bree Hall,0,p
22026,1611661325,IND,Indiana Fever,1022600161,2026-07-08,IND @ LAS,L,21,6,13,0.462,2,6,0.333,0,0,NA,2,0,2,0,1,0,0,1,14,0,1,2026,regular-season,1631086,Lexie Hull,19.4,p
22026,1611661325,IND,Indiana Fever,1022600161,2026-07-08,IND @ LAS,L,11,1,4,0.25,0,3,0,0,0,NA,0,1,1,1,1,0,1,1,2,-14,1,2026,regular-season,1629482,Sophie Cunningham,6.7,p
22026,1611661325,IND,Indiana Fever,1022600161,2026-07-08,IND @ LAS,L,33,9,18,0.5,5,9,0.556,6,6,1,1,3,4,3,2,0,2,1,29,-4,1,2026,regular-season,1628909,Kelsey Mitchell,42.3,p
22026,1611661325,IND,Indiana Fever,1022600161,2026-07-08,IND @ LAS,L,13,0,0,NA,0,0,NA,0,0,NA,0,2,2,0,1,1,0,4,0,-7,1,2026,regular-season,1628899,Myisha Hines-Allen,8.4,p
22026,1611661325,IND,Indiana Fever,1022600161,2026-07-08,IND @ LAS,L,18,1,3,0.333,0,0,NA,2,4,0.5,5,7,12,3,1,1,2,3,4,-2,1,2026,regular-season,1628881,Monique Billings,26.9,p
22026,1611661325,IND,Indiana Fever,1022600161,2026-07-08,IND @ LAS,L,22,4,6,0.667,2,3,0.667,2,2,1,0,4,4,2,0,0,2,3,12,-7,1,2026,regular-season,203024,Damiris Dantas,17.8,p
22026,1611661320,LAS,Los Angeles Sparks,1022600161,2026-07-08,LAS vs. IND,W,15,2,4,0.5,1,3,0.333,0,0,NA,0,1,1,4,0,0,1,1,5,13,1,2026,regular-season,1630461,Kiana Williams,11.2,p
22026,1611661320,LAS,Los Angeles Sparks,1022600161,2026-07-08,LAS vs. IND,W,31,4,10,0.4,2,5,0.4,2,2,1,0,3,3,1,2,0,2,5,12,7,1,2026,regular-season,1628878,Ariel Atkins,21.1,p
22026,1611661320,LAS,Los Angeles Sparks,1022600161,2026-07-08,LAS vs. IND,W,3,1,1,1,1,1,1,0,0,NA,0,0,0,0,0,0,0,2,3,1,1,2026,regular-season,1628242,Emma Cannon,3,p
22026,1611661320,LAS,Los Angeles Sparks,1022600161,2026-07-08,LAS vs. IND,W,29,5,10,0.5,1,3,0.333,1,1,1,0,4,4,6,1,0,1,3,12,3,1,2026,regular-season,204365,Erica Wheeler,27.8,p
22026,1611661320,LAS,Los Angeles Sparks,1022600161,2026-07-08,LAS vs. IND,W,31,9,19,0.474,2,4,0.5,4,4,1,0,8,8,5,0,0,1,3,24,5,1,2026,regular-season,203014,Nneka Ogwumike,40.1,p
22026,1611661325,IND,Indiana Fever,1022600161,2026-07-08,IND @ LAS,L,4,0,0,NA,0,0,NA,0,0,NA,0,2,2,0,0,0,1,1,0,-10,1,2026,regular-season,1643453,Grace VanSlooten,1.4,p
22026,1611661325,IND,Indiana Fever,1022600161,2026-07-08,IND @ LAS,L,23,4,6,0.667,0,0,NA,1,3,0.333,1,4,5,0,0,3,1,3,9,-2,1,2026,regular-season,1642815,Makayla Timpson,23,p
22026,1611661325,IND,Indiana Fever,1022600161,2026-07-08,IND @ LAS,L,16,4,12,0.333,1,6,0.167,0,0,NA,0,4,4,3,1,0,4,1,9,-15,1,2026,regular-season,1642286,Caitlin Clark,17.3,p
22026,1611661325,IND,Indiana Fever,1022600161,2026-07-08,IND @ LAS,L,26,3,6,0.5,1,4,0.25,3,4,0.75,1,2,3,4,0,0,1,3,10,-3,1,2026,regular-season,1630112,Tyasha Harris,18.6,p
22026,1611661320,LAS,Los Angeles Sparks,1022600161,2026-07-08,LAS vs. IND,W,12,2,3,0.667,0,0,NA,0,0,NA,2,3,5,2,0,0,0,1,4,4,1,2026,regular-season,1642293,Alissa Pili,13,p
22026,1611661320,LAS,Los Angeles Sparks,1022600161,2026-07-08,LAS vs. IND,W,36,9,15,0.6,2,3,0.667,2,3,0.667,1,2,3,4,1,0,3,1,22,12,1,2026,regular-season,1630996,Rae Burrell,31.6,p
22026,1611661320,LAS,Los Angeles Sparks,1022600161,2026-07-08,LAS vs. IND,W,10,0,2,0,0,0,NA,3,4,0.75,2,2,4,1,3,0,0,0,3,7,1,2026,regular-season,1630148,Jihyun Park,18.3,p
22026,1611661320,LAS,Los Angeles Sparks,1022600161,2026-07-08,LAS vs. IND,W,34,8,15,0.533,0,1,0,5,6,0.833,2,7,9,2,4,0,3,2,21,18,1,2026,regular-season,204324,Dearica Hamby,43.8,p
22026,1611661330,ATL,Atlanta Dream,1022600162,2026-07-09,ATL vs. SEA,W,9,2,5,0.4,0,0,NA,1,2,0.5,4,2,6,0,1,0,2,2,5,2,1,2026,regular-season,1643431,Madina Okot,13.2,p
22026,1611661330,ATL,Atlanta Dream,1022600162,2026-07-09,ATL vs. SEA,W,10,0,1,0,0,1,0,0,0,NA,0,0,0,0,0,0,0,0,0,-1,1,2026,regular-season,1642804,Te-Hina Paopao,0,p
22026,1611661330,ATL,Atlanta Dream,1022600162,2026-07-09,ATL vs. SEA,W,10,2,2,1,0,0,NA,0,0,NA,0,2,2,0,0,0,0,2,4,3,1,2026,regular-season,1642302,Isobel Borlase,6.4,p
22026,1611661330,ATL,Atlanta Dream,1022600162,2026-07-09,ATL vs. SEA,W,30,7,15,0.467,0,0,NA,4,4,1,3,8,11,2,2,0,3,1,18,8,1,2026,regular-season,1642291,Angel Reese,37.2,p
22026,1611661330,ATL,Atlanta Dream,1022600162,2026-07-09,ATL vs. SEA,W,29,2,9,0.222,1,7,0.143,2,2,1,0,2,2,1,3,0,1,1,7,11,1,2026,regular-season,1631044,Naz Hillmon,18.9,p
22026,1611661330,ATL,Atlanta Dream,1022600162,2026-07-09,ATL vs. SEA,W,11,0,3,0,0,3,0,0,0,NA,0,0,0,0,0,0,1,3,0,0,1,2026,regular-season,1631021,Sika Kone,-1,p
22026,1611661330,ATL,Atlanta Dream,1022600162,2026-07-09,ATL vs. SEA,W,35,6,14,0.429,4,11,0.364,3,4,0.75,0,4,4,2,4,2,3,4,19,7,1,2026,regular-season,1631009,Rhyne Howard,41.8,p
22026,1611661330,ATL,Atlanta Dream,1022600162,2026-07-09,ATL vs. SEA,W,34,4,10,0.4,0,1,0,6,7,0.857,3,6,9,8,3,1,2,3,14,10,1,2026,regular-season,1628886,Jordin Canada,46.8,p
22026,1611661330,ATL,Atlanta Dream,1022600162,2026-07-09,ATL vs. SEA,W,32,7,13,0.538,1,3,0.333,7,7,1,0,3,3,5,1,1,3,2,22,15,1,2026,regular-season,1628277,Allisha Gray,36.1,p
22026,1611661328,SEA,Seattle Storm,1022600162,2026-07-09,SEA @ ATL,L,30,2,8,0.25,0,5,0,0,0,NA,0,5,5,4,0,0,0,0,4,-12,1,2026,regular-season,1643443,Awa Fam,16,p
22026,1611661328,SEA,Seattle Storm,1022600162,2026-07-09,SEA @ ATL,L,29,5,12,0.417,0,3,0,4,5,0.8,0,2,2,5,2,1,3,2,14,-3,1,2026,regular-season,1643428,Flau'jae Johnson,29.9,p
22026,1611661328,SEA,Seattle Storm,1022600162,2026-07-09,SEA @ ATL,L,29,6,12,0.5,0,1,0,3,4,0.75,2,7,9,2,1,1,4,3,15,-3,1,2026,regular-season,1642798,Dominique Malonga,30.8,p
22026,1611661328,SEA,Seattle Storm,1022600162,2026-07-09,SEA @ ATL,L,9,2,5,0.4,0,2,0,1,2,0.5,0,2,2,1,1,0,2,1,5,-6,1,2026,regular-season,1641660,Zia Cooke,9.9,p
22026,1611661328,SEA,Seattle Storm,1022600162,2026-07-09,SEA @ ATL,L,11,3,4,0.75,0,0,NA,0,0,NA,2,1,3,1,1,0,1,2,6,0,1,2026,regular-season,1641651,Jordan Horston,13.1,p
22026,1611661328,SEA,Seattle Storm,1022600162,2026-07-09,SEA @ ATL,L,25,2,2,1,0,0,NA,1,2,0.5,0,2,2,4,1,0,4,4,5,-5,1,2026,regular-season,1631141,Jade Melbourne,12.4,p
22026,1611661328,SEA,Seattle Storm,1022600162,2026-07-09,SEA @ ATL,L,34,7,17,0.412,3,9,0.333,3,3,1,0,5,5,3,0,0,4,3,20,-9,1,2026,regular-season,1629567,Natisha Hiedeman,26.5,p
22026,1611661328,SEA,Seattle Storm,1022600162,2026-07-09,SEA @ ATL,L,8,1,3,0.333,0,0,NA,0,0,NA,1,4,5,0,0,0,1,1,2,-1,1,2026,regular-season,1629496,Ezi Magbegor,7,p
22026,1611661328,SEA,Seattle Storm,1022600162,2026-07-09,SEA @ ATL,L,12,1,1,1,0,0,NA,1,1,1,0,0,0,0,0,0,0,2,3,-10,1,2026,regular-season,1629478,Katie Lou Samuelson,3,p
22026,1611661328,SEA,Seattle Storm,1022600162,2026-07-09,SEA @ ATL,L,13,1,2,0.5,0,0,NA,2,2,1,1,1,2,1,0,1,2,2,4,-6,1,2026,regular-season,203828,Stefanie Dolson,8.9,p
22026,1611661327,PDX,Portland Fire,1022600164,2026-07-09,PDX vs. LVA,L,17,4,8,0.5,3,6,0.5,0,0,NA,0,1,1,2,2,0,2,0,11,-19,1,2026,regular-season,1643506,Teja Oblak,19.2,p
22026,1611661327,PDX,Portland Fire,1022600164,2026-07-09,PDX vs. LVA,L,16,2,5,0.4,0,2,0,2,2,1,0,1,1,0,2,0,3,1,6,-11,1,2026,regular-season,1643494,Frieda Buhner,10.2,p
22026,1611661327,PDX,Portland Fire,1022600164,2026-07-09,PDX vs. LVA,L,6,1,3,0.333,0,0,NA,0,0,NA,0,0,0,1,0,0,1,3,2,-1,1,2026,regular-season,1643436,Serah Williams,2.5,p
22026,1611661327,PDX,Portland Fire,1022600164,2026-07-09,PDX vs. LVA,L,25,3,6,0.5,1,4,0.25,1,2,0.5,0,6,6,3,1,0,1,2,8,8,1,2026,regular-season,1642782,Sarah Ashlee Barker,21.7,p
22026,1611661327,PDX,Portland Fire,1022600164,2026-07-09,PDX vs. LVA,L,21,2,6,0.333,0,1,0,9,11,0.818,1,2,3,5,0,0,5,3,13,3,1,2026,regular-season,1642304,Carla Leite,19.1,p
22026,1611661327,PDX,Portland Fire,1022600164,2026-07-09,PDX vs. LVA,L,13,2,3,0.667,0,1,0,0,1,0,1,1,2,1,0,0,1,1,4,-1,1,2026,regular-season,1642296,Nyadiew Puoch,6.9,p
22026,1611661327,PDX,Portland Fire,1022600164,2026-07-09,PDX vs. LVA,L,29,3,7,0.429,1,4,0.25,3,4,0.75,2,5,7,2,1,2,1,5,10,-4,1,2026,regular-season,1631083,Emily Engstler,29.4,p
22026,1611661327,PDX,Portland Fire,1022600164,2026-07-09,PDX vs. LVA,L,6,1,3,0.333,1,2,0.5,0,0,NA,0,1,1,0,0,0,0,1,3,1,1,2026,regular-season,1630143,Luisa Geiselsoder,4.2,p
22026,1611661327,PDX,Portland Fire,1022600164,2026-07-09,PDX vs. LVA,L,28,3,10,0.3,3,8,0.375,0,0,NA,2,4,6,3,1,0,2,1,9,-5,1,2026,regular-season,1629524,Bridget Carleton,21.7,p
22026,1611661327,PDX,Portland Fire,1022600164,2026-07-09,PDX vs. LVA,L,26,5,9,0.556,1,3,0.333,0,0,NA,0,3,3,0,1,1,1,2,11,7,1,2026,regular-season,1629484,Megan DiLeo,19.6,p
22026,1611661327,PDX,Portland Fire,1022600164,2026-07-09,PDX vs. LVA,L,11,0,0,NA,0,0,NA,0,0,NA,0,0,0,0,0,0,0,0,0,-26,1,2026,regular-season,1628317,Karlie Samuelson,0,p
22026,1611661319,LVA,Las Vegas Aces,1022600164,2026-07-09,LVA @ PDX,W,28,7,12,0.583,0,0,NA,2,4,0.5,1,1,2,0,2,0,0,4,16,8,1,2026,regular-season,1631019,NaLyssa Smith,24.4,p
22026,1611661319,LVA,Las Vegas Aces,1022600164,2026-07-09,LVA @ PDX,W,12,1,3,0.333,1,3,0.333,2,2,1,1,3,4,1,0,0,1,2,5,-10,1,2026,regular-season,1631006,Kierstan Bell,10.3,p
22026,1611661319,LVA,Las Vegas Aces,1022600164,2026-07-09,LVA @ PDX,W,31,8,11,0.727,3,5,0.6,0,0,NA,0,4,4,11,3,1,3,1,19,18,1,2026,regular-season,1629498,Jackie Young,49.3,p
22026,1611661319,LVA,Las Vegas Aces,1022600164,2026-07-09,LVA @ PDX,W,14,1,1,1,0,0,NA,0,0,NA,1,2,3,0,0,2,1,0,2,-2,1,2026,regular-season,1629488,Brianna Turner,10.6,p
22026,1611661319,LVA,Las Vegas Aces,1022600164,2026-07-09,LVA @ PDX,W,30,10,19,0.526,1,2,0.5,11,13,0.846,0,10,10,3,2,2,1,0,32,25,1,2026,regular-season,1628932,A'ja Wilson,59.5,p
22026,1611661319,LVA,Las Vegas Aces,1022600164,2026-07-09,LVA @ PDX,W,5,0,0,NA,0,0,NA,0,0,NA,0,0,0,0,0,0,2,0,0,-12,1,2026,regular-season,204323,Cheyenne Parker-Tyus,-2,p
22026,1611661319,LVA,Las Vegas Aces,1022600164,2026-07-09,LVA @ PDX,W,29,2,6,0.333,2,4,0.5,0,0,NA,1,0,1,0,2,0,1,3,6,4,1,2026,regular-season,204319,Jewell Loyd,12.2,p
22026,1611661319,LVA,Las Vegas Aces,1022600164,2026-07-09,LVA @ PDX,W,17,0,3,0,0,2,0,0,0,NA,0,2,2,1,1,0,1,3,0,-5,1,2026,regular-season,203855,Stephanie Talbot,5.9,p
22026,1611661319,LVA,Las Vegas Aces,1022600164,2026-07-09,LVA @ PDX,W,34,2,6,0.333,1,4,0.25,3,3,1,0,1,1,7,3,0,2,4,8,14,1,2026,regular-season,203833,Chelsea Gray,26.7,p
22026,1611661327,PDX,Portland Fire,1022600164,2026-07-09,PDX vs. LVA,L,3,1,1,1,1,1,1,0,0,NA,0,0,0,0,0,0,0,0,3,8,1,2026,regular-season,1641683,Holly Winterburn,3,p
22026,1611661325,IND,Indiana Fever,1022600163,2026-07-09,IND @ PHX,W,23,3,7,0.429,0,3,0,0,0,NA,2,4,6,2,1,0,3,1,6,-4,1,2026,regular-season,1643433,Raven Johnson,16.2,p
22026,1611661325,IND,Indiana Fever,1022600163,2026-07-09,IND @ PHX,W,15,0,2,0,0,0,NA,0,0,NA,2,3,5,1,0,1,0,0,0,9,1,2026,regular-season,1642815,Makayla Timpson,10.5,p
22026,1611661325,IND,Indiana Fever,1022600163,2026-07-09,IND @ PHX,W,38,9,16,0.563,3,5,0.6,0,0,NA,0,9,9,0,1,1,1,2,21,7,1,2026,regular-season,1641648,Aliyah Boston,36.8,p
22026,1611661325,IND,Indiana Fever,1022600163,2026-07-09,IND @ PHX,W,18,4,6,0.667,2,3,0.667,0,0,NA,0,0,0,0,0,0,0,1,10,-3,1,2026,regular-season,1631086,Lexie Hull,10,p
22026,1611661325,IND,Indiana Fever,1022600163,2026-07-09,IND @ PHX,W,22,6,8,0.75,3,4,0.75,0,0,NA,0,1,1,5,2,1,1,5,15,4,1,2026,regular-season,1630112,Tyasha Harris,31.7,p
22026,1611661325,IND,Indiana Fever,1022600163,2026-07-09,IND @ PHX,W,29,2,7,0.286,1,5,0.2,4,4,1,0,2,2,2,1,0,1,1,9,5,1,2026,regular-season,1629482,Sophie Cunningham,16.4,p
22026,1611661325,IND,Indiana Fever,1022600163,2026-07-09,IND @ PHX,W,35,10,22,0.455,3,6,0.5,6,6,1,1,1,2,8,3,1,0,3,29,4,1,2026,regular-season,1628909,Kelsey Mitchell,55.4,p
22026,1611661325,IND,Indiana Fever,1022600163,2026-07-09,IND @ PHX,W,7,0,0,NA,0,0,NA,0,0,NA,0,3,3,0,0,0,3,1,0,1,1,2026,regular-season,1628899,Myisha Hines-Allen,0.6,p
22026,1611661325,IND,Indiana Fever,1022600163,2026-07-09,IND @ PHX,W,15,1,2,0.5,0,1,0,0,0,NA,1,1,2,0,0,0,1,2,2,-8,1,2026,regular-season,1628881,Monique Billings,3.4,p
22026,1611661317,PHX,Phoenix Mercury,1022600163,2026-07-09,PHX vs. IND,L,19,0,2,0,0,2,0,0,0,NA,0,1,1,1,0,0,0,0,0,12,1,2026,regular-season,1643493,Noemie Brochant,2.7,p
22026,1611661317,PHX,Phoenix Mercury,1022600163,2026-07-09,PHX vs. IND,L,11,4,6,0.667,2,2,1,0,0,NA,1,1,2,0,0,0,0,2,10,5,1,2026,regular-season,1643438,Marta Suarez,12.4,p
22026,1611661317,PHX,Phoenix Mercury,1022600163,2026-07-09,PHX vs. IND,L,24,4,6,0.667,3,3,1,3,3,1,0,0,0,3,0,0,4,2,14,-3,1,2026,regular-season,1642777,Monique Akoa Makani,14.5,p
22026,1611661317,PHX,Phoenix Mercury,1022600163,2026-07-09,PHX vs. IND,L,12,0,1,0,0,1,0,0,0,NA,0,0,0,4,0,0,1,1,0,-3,1,2026,regular-season,1631118,Lexi Held,5,p
22026,1611661317,PHX,Phoenix Mercury,1022600163,2026-07-09,PHX vs. IND,L,11,0,5,0,0,5,0,2,2,1,1,3,4,1,1,0,1,1,2,8,1,2026,regular-season,1628244,Sami Whitcomb,10.3,p
22026,1611661317,PHX,Phoenix Mercury,1022600163,2026-07-09,PHX vs. IND,L,32,9,17,0.529,3,6,0.5,1,2,0.5,0,5,5,2,1,0,1,2,22,-8,1,2026,regular-season,1627674,Kahleah Copper,33,p
22026,1611661317,PHX,Phoenix Mercury,1022600163,2026-07-09,PHX vs. IND,L,30,4,8,0.5,2,5,0.4,0,1,0,1,1,2,3,0,0,2,2,10,-10,1,2026,regular-season,204468,Valeriane Ayayi,14.9,p
22026,1611661317,PHX,Phoenix Mercury,1022600163,2026-07-09,PHX vs. IND,L,33,10,18,0.556,0,0,NA,2,2,1,1,5,6,7,1,1,1,4,22,-5,1,2026,regular-season,203826,Alyssa Thomas,44.7,p
22026,1611661317,PHX,Phoenix Mercury,1022600163,2026-07-09,PHX vs. IND,L,27,4,8,0.5,1,3,0.333,0,0,NA,0,7,7,2,1,0,1,0,9,-11,1,2026,regular-season,201886,DeWanna Bonner,22.4,p
22026,1611661332,TOR,Toronto Tempo,1022600166,2026-07-10,TOR vs. DAL,L,9,1,1,1,0,0,NA,0,0,NA,0,1,1,1,0,0,0,4,2,3,1,2026,regular-season,1643647,Tima Pouye,4.7,p
22026,1611661332,TOR,Toronto Tempo,1022600166,2026-07-10,TOR vs. DAL,L,7,0,0,NA,0,0,NA,0,0,NA,0,0,0,0,1,0,0,1,0,5,1,2026,regular-season,1643457,Teonni Key,3,p
22026,1611661332,TOR,Toronto Tempo,1022600166,2026-07-10,TOR vs. DAL,L,36,10,16,0.625,3,6,0.5,2,2,1,0,3,3,3,1,1,0,3,25,-9,1,2026,regular-season,1643420,Laura Juskaite,39.1,p
22026,1611661332,TOR,Toronto Tempo,1022600166,2026-07-10,TOR vs. DAL,L,35,5,9,0.556,2,4,0.5,0,0,NA,0,3,3,9,0,0,3,2,12,-18,1,2026,regular-season,1629576,Maria Conde,26.1,p
22026,1611661332,TOR,Toronto Tempo,1022600166,2026-07-10,TOR vs. DAL,L,27,10,18,0.556,6,9,0.667,8,8,1,0,1,1,1,0,0,3,4,34,-6,1,2026,regular-season,1629497,Marina Mabrey,33.7,p
22026,1611661332,TOR,Toronto Tempo,1022600166,2026-07-10,TOR vs. DAL,L,15,0,6,0,0,5,0,0,0,NA,0,1,1,1,0,0,0,0,0,-5,1,2026,regular-season,1628915,Kia Nurse,2.7,p
22026,1611661332,TOR,Toronto Tempo,1022600166,2026-07-10,TOR vs. DAL,L,34,1,3,0.333,1,3,0.333,0,0,NA,0,5,5,8,1,0,4,1,3,-13,1,2026,regular-season,1627700,Julie Allemand,20,p
22026,1611661332,TOR,Toronto Tempo,1022600166,2026-07-10,TOR vs. DAL,L,26,8,10,0.8,2,3,0.667,0,2,0,3,5,8,1,0,1,1,2,18,-13,1,2026,regular-season,204330,Isabelle Harrison,31.1,p
22026,1611661332,TOR,Toronto Tempo,1022600166,2026-07-10,TOR vs. DAL,L,10,0,1,0,0,0,NA,1,2,0.5,1,1,2,0,0,0,1,2,1,-9,1,2026,regular-season,203405,Kayla Alexander,2.4,p
22026,1611661331,GSV,Golden State Valkyries,1022600165,2026-07-10,GSV @ CON,W,2,1,1,1,1,1,1,0,0,NA,0,0,0,0,0,0,0,1,3,-5,1,2026,regular-season,1643686,Nadia Fingall,3,p
22026,1611661331,GSV,Golden State Valkyries,1022600165,2026-07-10,GSV @ CON,W,21,4,7,0.571,0,1,0,0,2,0,0,1,1,1,2,0,4,0,8,6,1,2026,regular-season,1642822,Kaitlyn Chen,12.7,p
22026,1611661331,GSV,Golden State Valkyries,1022600165,2026-07-10,GSV @ CON,W,27,5,11,0.455,4,7,0.571,2,2,1,0,7,7,1,3,1,1,2,16,18,1,2026,regular-season,1642767,Janelle Salaun,36.9,p
22026,1611661331,GSV,Golden State Valkyries,1022600165,2026-07-10,GSV @ CON,W,17,3,7,0.429,0,1,0,0,0,NA,1,4,5,3,1,3,1,1,6,14,1,2026,regular-season,1641656,Laeticia Amihere,27.5,p
22026,1611661331,GSV,Golden State Valkyries,1022600165,2026-07-10,GSV @ CON,W,33,7,12,0.583,1,3,0.333,2,3,0.667,1,2,3,6,1,2,1,4,17,16,1,2026,regular-season,1631007,Veronica Burton,37.6,p
22026,1611661331,GSV,Golden State Valkyries,1022600165,2026-07-10,GSV @ CON,W,30,3,5,0.6,1,1,1,2,2,1,3,2,5,1,1,0,2,1,9,9,1,2026,regular-season,1630097,Kaila Charles,17.5,p
22026,1611661331,GSV,Golden State Valkyries,1022600165,2026-07-10,GSV @ CON,W,17,2,5,0.4,0,0,NA,0,0,NA,0,1,1,0,2,0,3,3,4,3,1,2026,regular-season,1628508,Cecilia Zandalasini,8.2,p
22026,1611661331,GSV,Golden State Valkyries,1022600165,2026-07-10,GSV @ CON,W,20,2,4,0.5,1,3,0.333,0,0,NA,2,2,4,2,0,0,0,1,5,6,1,2026,regular-season,204329,Kiah Stokes,12.8,p
22026,1611661331,GSV,Golden State Valkyries,1022600165,2026-07-10,GSV @ CON,W,13,1,4,0.25,0,1,0,0,0,NA,2,2,4,0,1,0,2,4,2,-3,1,2026,regular-season,203866,Kayla Thornton,7.8,p
22026,1611661331,GSV,Golden State Valkyries,1022600165,2026-07-10,GSV @ CON,W,17,3,3,1,0,0,NA,3,4,0.75,0,0,0,5,0,0,0,3,9,16,1,2026,regular-season,203026,Tiffany Hayes,16.5,p
22026,1611661323,CON,Connecticut Sun,1022600165,2026-07-10,CON vs. GSV,L,10,0,1,0,0,0,NA,3,4,0.75,1,1,2,1,0,0,1,1,3,1,1,2026,regular-season,1643441,Raegan Beers,5.9,p
22026,1611661323,CON,Connecticut Sun,1022600165,2026-07-10,CON vs. GSV,L,9,0,1,0,0,0,NA,0,0,NA,0,1,1,0,1,0,0,3,0,-8,1,2026,regular-season,1643429,Gianna Kneepkens,4.2,p
22026,1611661323,CON,Connecticut Sun,1022600165,2026-07-10,CON vs. GSV,L,9,0,0,NA,0,0,NA,0,0,NA,0,0,0,2,1,0,0,0,0,-5,1,2026,regular-season,1642817,Hailey Van Lith,6,p
22026,1611661323,CON,Connecticut Sun,1022600165,2026-07-10,CON vs. GSV,L,27,5,9,0.556,1,1,1,0,0,NA,0,2,2,0,2,0,3,3,11,-5,1,2026,regular-season,1642290,Aaliyah Edwards,16.4,p
22026,1611661323,CON,Connecticut Sun,1022600165,2026-07-10,CON vs. GSV,L,27,4,8,0.5,1,3,0.333,5,5,1,0,3,3,0,0,0,3,3,14,-1,1,2026,regular-season,1641649,Diamond Miller,14.6,p
22026,1611661323,CON,Connecticut Sun,1022600165,2026-07-10,CON vs. GSV,L,25,5,13,0.385,0,0,NA,2,4,0.5,2,6,8,4,1,1,4,2,12,-9,1,2026,regular-season,1631135,Olivia Nelson-Ododa,29.6,p
22026,1611661323,CON,Connecticut Sun,1022600165,2026-07-10,CON vs. GSV,L,20,0,3,0,0,1,0,0,2,0,2,0,2,0,1,0,1,0,0,-26,1,2026,regular-season,1629568,Kennedy Burke,4.4,p
22026,1611661321,DAL,Dallas Wings,1022600166,2026-07-10,DAL @ TOR,W,36,5,13,0.385,3,7,0.429,0,0,NA,1,1,2,2,1,0,0,3,13,16,1,2026,regular-season,1643425,Azzi Fudd,21.4,p
22026,1611661321,DAL,Dallas Wings,1022600166,2026-07-10,DAL @ TOR,W,4,0,1,0,0,0,NA,0,0,NA,2,0,2,1,0,0,0,1,0,-3,1,2026,regular-season,1642793,Aziaha James,3.9,p
22026,1611661321,DAL,Dallas Wings,1022600166,2026-07-10,DAL @ TOR,W,38,13,22,0.591,2,5,0.4,6,6,1,1,5,6,6,2,0,1,2,34,15,1,2026,regular-season,1642784,Paige Bueckers,55.2,p
22026,1611661321,DAL,Dallas Wings,1022600166,2026-07-10,DAL @ TOR,W,3,0,1,0,0,1,0,0,0,NA,0,0,0,0,0,0,0,0,0,1,1,2026,regular-season,1641652,Maddy Siegrist,0,p
22026,1611661321,DAL,Dallas Wings,1022600166,2026-07-10,DAL @ TOR,W,11,1,3,0.333,1,1,1,0,0,NA,0,1,1,1,1,1,0,1,3,3,1,2026,regular-season,1630386,Awak Kuier,11.7,p
22026,1611661321,DAL,Dallas Wings,1022600166,2026-07-10,DAL @ TOR,W,8,0,1,0,0,0,NA,0,0,NA,0,0,0,0,0,0,1,1,0,-7,1,2026,regular-season,1629501,Alanna Smith,-1,p
22026,1611661321,DAL,Dallas Wings,1022600166,2026-07-10,DAL @ TOR,W,40,7,9,0.778,0,0,NA,6,8,0.75,6,11,17,3,1,0,4,2,20,13,1,2026,regular-season,1629491,Jessica Shepard,43.9,p
22026,1611661321,DAL,Dallas Wings,1022600166,2026-07-10,DAL @ TOR,W,30,6,11,0.545,1,3,0.333,7,7,1,1,2,3,7,0,0,0,2,20,14,1,2026,regular-season,1629481,Arike Ogunbowale,34.1,p
22026,1611661321,DAL,Dallas Wings,1022600166,2026-07-10,DAL @ TOR,W,12,3,9,0.333,2,6,0.333,0,0,NA,0,1,1,0,0,0,0,1,8,-3,1,2026,regular-season,203824,Odyssey Sims,9.2,p
22026,1611661321,DAL,Dallas Wings,1022600166,2026-07-10,DAL @ TOR,W,17,4,4,1,2,2,1,0,0,NA,0,0,0,2,0,0,0,4,10,16,1,2026,regular-season,202252,Alysha Clark,13,p
22026,1611661331,GSV,Golden State Valkyries,1022600165,2026-07-10,GSV @ CON,W,2,0,1,0,0,0,NA,0,0,NA,0,0,0,0,0,0,1,1,0,-5,1,2026,regular-season,1642794,Juste Jocyte,-1,p
22026,1611661323,CON,Connecticut Sun,1022600165,2026-07-10,CON vs. GSV,L,25,4,10,0.4,1,5,0.2,1,1,1,0,1,1,2,1,0,2,3,10,-6,1,2026,regular-season,1643449,Charlisse Leger-Walker,15.2,p
22026,1611661323,CON,Connecticut Sun,1022600165,2026-07-10,CON vs. GSV,L,16,3,8,0.375,0,4,0,0,0,NA,0,1,1,4,1,2,2,3,6,-1,1,2026,regular-season,1643448,Nell Angloma,20.2,p
22026,1611661323,CON,Connecticut Sun,1022600165,2026-07-10,CON vs. GSV,L,32,3,5,0.6,1,2,0.5,1,1,1,1,2,3,6,2,0,4,2,8,-15,1,2026,regular-season,1642303,Leila Lacan,22.6,p
22026,1611661329,CHI,Chicago Sky,1022600167,2026-07-10,CHI @ LAS,L,20,6,12,0.5,0,2,0,3,3,1,2,3,5,0,0,0,0,0,15,-8,1,2026,regular-season,1643447,Gabriela Jaquez,21,p
22026,1611661329,CHI,Chicago Sky,1022600167,2026-07-10,CHI @ LAS,L,13,2,3,0.667,0,1,0,3,4,0.75,0,1,1,0,0,0,1,2,7,-2,1,2026,regular-season,1642786,Aicha Coulibaly,7.2,p
22026,1611661329,CHI,Chicago Sky,1022600167,2026-07-10,CHI @ LAS,L,21,5,11,0.455,2,7,0.286,3,3,1,0,1,1,2,0,0,3,3,15,-3,1,2026,regular-season,1642321,Sydney Taylor,16.2,p
22026,1611661329,CHI,Chicago Sky,1022600167,2026-07-10,CHI @ LAS,L,21,4,7,0.571,2,4,0.5,0,0,NA,0,0,0,2,2,0,1,1,10,-1,1,2026,regular-season,1642292,Jacy Sheldon,18,p
22026,1611661329,CHI,Chicago Sky,1022600167,2026-07-10,CHI @ LAS,L,28,6,9,0.667,0,0,NA,3,3,1,1,7,8,2,0,1,0,5,15,-12,1,2026,regular-season,1642289,Kamilla Cardoso,30.6,p
22026,1611661329,CHI,Chicago Sky,1022600167,2026-07-10,CHI @ LAS,L,30,4,7,0.571,1,3,0.333,1,1,1,1,7,8,2,0,1,2,2,10,-11,1,2026,regular-season,1628922,Azura Stevens,23.6,p
22026,1611661329,CHI,Chicago Sky,1022600167,2026-07-10,CHI @ LAS,L,12,0,4,0,0,2,0,0,0,NA,1,2,3,0,0,0,0,0,0,-5,1,2026,regular-season,1627671,Rachel Banham,3.6,p
22026,1611661329,CHI,Chicago Sky,1022600167,2026-07-10,CHI @ LAS,L,27,2,11,0.182,1,5,0.2,4,6,0.667,0,2,2,7,2,0,1,5,9,-16,1,2026,regular-season,204333,Natasha Cloud,26.9,p
22026,1611661329,CHI,Chicago Sky,1022600167,2026-07-10,CHI @ LAS,L,9,0,2,0,0,0,NA,0,0,NA,3,2,5,2,0,1,3,0,0,-5,1,2026,regular-season,204322,Elizabeth Williams,9,p
22026,1611661329,CHI,Chicago Sky,1022600167,2026-07-10,CHI @ LAS,L,19,2,5,0.4,0,1,0,2,2,1,0,3,3,4,1,0,4,2,6,-12,1,2026,regular-season,202664,Courtney Vandersloot,14.6,p
22026,1611661320,LAS,Los Angeles Sparks,1022600167,2026-07-10,LAS vs. CHI,W,3,0,1,0,0,1,0,0,0,NA,0,0,0,0,0,0,0,0,0,1,1,2026,regular-season,1643462,Chance Gray,0,p
22026,1611661320,LAS,Los Angeles Sparks,1022600167,2026-07-10,LAS vs. CHI,W,5,1,2,0.5,0,1,0,0,0,NA,1,1,2,1,0,0,0,1,2,-8,1,2026,regular-season,1642324,Kate Martin,5.9,p
22026,1611661320,LAS,Los Angeles Sparks,1022600167,2026-07-10,LAS vs. CHI,W,4,0,1,0,0,1,0,0,0,NA,0,0,0,0,0,0,0,2,0,-5,1,2026,regular-season,1642293,Alissa Pili,0,p
22026,1611661320,LAS,Los Angeles Sparks,1022600167,2026-07-10,LAS vs. CHI,W,33,6,13,0.462,4,6,0.667,1,3,0.333,0,1,1,4,0,2,4,3,17,12,1,2026,regular-season,1630996,Rae Burrell,26.2,p
22026,1611661320,LAS,Los Angeles Sparks,1022600167,2026-07-10,LAS vs. CHI,W,15,0,2,0,0,2,0,0,0,NA,0,0,0,5,1,0,1,0,0,-2,1,2026,regular-season,1630461,Kiana Williams,9.5,p
22026,1611661320,LAS,Los Angeles Sparks,1022600167,2026-07-10,LAS vs. CHI,W,8,0,1,0,0,0,NA,0,0,NA,0,1,1,0,0,0,0,1,0,-1,1,2026,regular-season,1630148,Jihyun Park,1.2,p
22026,1611661320,LAS,Los Angeles Sparks,1022600167,2026-07-10,LAS vs. CHI,W,29,7,13,0.538,2,5,0.4,1,1,1,1,2,3,6,3,0,1,4,17,24,1,2026,regular-season,1628878,Ariel Atkins,37.6,p
22026,1611661320,LAS,Los Angeles Sparks,1022600167,2026-07-10,LAS vs. CHI,W,13,3,4,0.75,1,1,1,2,2,1,3,1,4,0,0,0,0,2,9,11,1,2026,regular-season,1628242,Emma Cannon,13.8,p
22026,1611661320,LAS,Los Angeles Sparks,1022600167,2026-07-10,LAS vs. CHI,W,28,6,10,0.6,3,6,0.5,0,0,NA,0,2,2,8,3,0,2,3,15,19,1,2026,regular-season,204365,Erica Wheeler,36.4,p
22026,1611661320,LAS,Los Angeles Sparks,1022600167,2026-07-10,LAS vs. CHI,W,30,7,13,0.538,1,1,1,2,4,0.5,0,7,7,3,3,1,1,2,17,12,1,2026,regular-season,204324,Dearica Hamby,40.9,p
22026,1611661320,LAS,Los Angeles Sparks,1022600167,2026-07-10,LAS vs. CHI,W,33,9,16,0.563,3,7,0.429,4,5,0.8,0,12,12,5,1,1,2,2,25,12,1,2026,regular-season,203014,Nneka Ogwumike,50.9,p
22026,1611661324,MIN,Minnesota Lynx,1022600168,2026-07-11,MIN vs. NYL,W,4,0,0,NA,0,0,NA,0,0,NA,0,0,0,2,0,0,2,1,0,-2,1,2026,regular-season,1643490,Eliska Hamzova,1,p
22026,1611661324,MIN,Minnesota Lynx,1022600168,2026-07-11,MIN vs. NYL,W,7,2,3,0.667,1,2,0.5,1,1,1,1,0,1,1,1,0,0,0,6,4,1,2026,regular-season,1643489,Antonia Delaere,11.7,p
22026,1611661324,MIN,Minnesota Lynx,1022600168,2026-07-11,MIN vs. NYL,W,1,0,0,NA,0,0,NA,0,0,NA,0,0,0,0,0,0,0,0,0,-5,1,2026,regular-season,1642797,Anastasiia Olairi Kosu,0,p
22026,1611661324,MIN,Minnesota Lynx,1022600168,2026-07-11,MIN vs. NYL,W,16,0,2,0,0,2,0,0,0,NA,1,2,3,1,0,1,1,1,0,2,1,2026,regular-season,1641657,Dorka Juhasz,7.1,p
22026,1611661324,MIN,Minnesota Lynx,1022600168,2026-07-11,MIN vs. NYL,W,7,2,3,0.667,0,0,NA,1,2,0.5,0,1,1,0,1,0,0,0,5,9,1,2026,regular-season,1630471,Maya Caldwell,9.2,p
22026,1611661313,NYL,New York Liberty,1022600168,2026-07-11,NYL @ MIN,L,23,2,5,0.4,0,1,0,0,0,NA,0,0,0,2,2,0,4,3,4,-9,1,2026,regular-season,1631136,Pauline Astier,9,p
22026,1611661313,NYL,New York Liberty,1022600168,2026-07-11,NYL @ MIN,L,3,1,1,1,0,0,NA,0,0,NA,0,0,0,0,0,0,0,1,2,-5,1,2026,regular-season,1630384,Raquel Carrera,2,p
22026,1611661313,NYL,New York Liberty,1022600168,2026-07-11,NYL @ MIN,L,7,0,1,0,0,1,0,0,0,NA,0,0,0,2,0,0,0,0,0,-9,1,2026,regular-season,204335,Betnijah Laney-Hamilton,3,p
22026,1611661313,NYL,New York Liberty,1022600168,2026-07-11,NYL @ MIN,L,7,0,2,0,0,2,0,0,0,NA,1,1,2,2,0,0,1,2,0,-10,1,2026,regular-season,204296,Rebecca Allen,4.4,p
22026,1611661313,NYL,New York Liberty,1022600168,2026-07-11,NYL @ MIN,L,14,0,5,0,0,2,0,0,0,NA,0,1,1,2,1,0,1,2,0,3,1,2026,regular-season,203822,Rebekah Gardner,6.2,p
22026,1611661324,MIN,Minnesota Lynx,1022600168,2026-07-11,MIN vs. NYL,W,32,6,16,0.375,4,7,0.571,7,10,0.7,1,4,5,4,1,0,2,3,23,1,1,2026,regular-season,1643426,Olivia Miles,36,p
22026,1611661324,MIN,Minnesota Lynx,1022600168,2026-07-11,MIN vs. NYL,W,28,1,2,0.5,1,2,0.5,0,0,NA,1,4,5,5,0,2,2,4,3,9,1,2026,regular-season,1628269,Nia Coffey,20.5,p
22026,1611661324,MIN,Minnesota Lynx,1022600168,2026-07-11,MIN vs. NYL,W,36,5,17,0.294,2,3,0.667,0,0,NA,5,7,12,1,0,0,3,2,12,7,1,2026,regular-season,1627675,Courtney Williams,24.9,p
22026,1611661324,MIN,Minnesota Lynx,1022600168,2026-07-11,MIN vs. NYL,W,36,5,9,0.556,1,1,1,5,6,0.833,5,4,9,2,2,0,2,3,16,-1,1,2026,regular-season,203827,Natasha Howard,33.8,p
22026,1611661324,MIN,Minnesota Lynx,1022600168,2026-07-11,MIN vs. NYL,W,33,8,17,0.471,5,11,0.455,4,4,1,1,3,4,2,4,0,0,4,25,1,1,2026,regular-season,203825,Kayla McBride,44.8,p
22026,1611661313,NYL,New York Liberty,1022600168,2026-07-11,NYL @ MIN,L,18,3,4,0.75,2,3,0.667,0,0,NA,0,1,1,1,0,0,1,0,8,3,1,2026,regular-season,1629566,Han Xu,9.7,p
22026,1611661313,NYL,New York Liberty,1022600168,2026-07-11,NYL @ MIN,L,23,5,10,0.5,4,9,0.444,0,0,NA,1,2,3,1,1,0,0,3,14,-6,1,2026,regular-season,1629546,Marine Johannes,22.1,p
22026,1611661313,NYL,New York Liberty,1022600168,2026-07-11,NYL @ MIN,L,35,9,20,0.45,3,12,0.25,4,4,1,3,5,8,5,2,0,3,0,25,7,1,2026,regular-season,1629477,Sabrina Ionescu,45.1,p
22026,1611661313,NYL,New York Liberty,1022600168,2026-07-11,NYL @ MIN,L,33,5,11,0.455,2,5,0.4,3,4,0.75,3,9,12,2,0,1,0,4,15,5,1,2026,regular-season,1627673,Jonquel Jones,35.4,p
22026,1611661313,NYL,New York Liberty,1022600168,2026-07-11,NYL @ MIN,L,37,7,16,0.438,2,3,0.667,1,1,1,3,4,7,3,2,1,4,1,17,-4,1,2026,regular-season,1627668,Breanna Stewart,34.9,p
22026,1611661330,ATL,Atlanta Dream,1022600170,2026-07-11,ATL vs. PDX,L,1,0,0,NA,0,0,NA,0,0,NA,0,0,0,0,0,0,0,1,0,0,1,2026,regular-season,1643469,Indya Nivar,0,p
22026,1611661330,ATL,Atlanta Dream,1022600170,2026-07-11,ATL vs. PDX,L,22,7,14,0.5,0,1,0,5,5,1,4,4,8,0,0,1,2,1,19,-13,1,2026,regular-season,1643431,Madina Okot,29.6,p
22026,1611661330,ATL,Atlanta Dream,1022600170,2026-07-11,ATL vs. PDX,L,6,1,1,1,1,1,1,0,0,NA,0,0,0,2,0,0,0,1,3,-4,1,2026,regular-season,1642804,Te-Hina Paopao,6,p
22026,1611661330,ATL,Atlanta Dream,1022600170,2026-07-11,ATL vs. PDX,L,2,0,1,0,0,1,0,0,0,NA,0,0,0,0,0,0,0,0,0,-5,1,2026,regular-season,1642801,Aaliyah Nye,0,p
22026,1611661327,PDX,Portland Fire,1022600170,2026-07-11,PDX @ ATL,W,14,4,4,1,1,1,1,1,2,0.5,0,1,1,7,0,0,2,2,10,12,1,2026,regular-season,1643506,Teja Oblak,19.7,p
22026,1611661327,PDX,Portland Fire,1022600170,2026-07-11,PDX @ ATL,W,15,4,5,0.8,3,4,0.75,0,0,NA,0,2,2,0,0,0,1,5,11,-7,1,2026,regular-season,1643494,Frieda Buhner,12.4,p
22026,1611661327,PDX,Portland Fire,1022600170,2026-07-11,PDX @ ATL,W,13,6,6,1,0,0,NA,3,3,1,0,2,2,1,0,1,0,2,15,9,1,2026,regular-season,1643436,Serah Williams,21.9,p
22026,1611661327,PDX,Portland Fire,1022600170,2026-07-11,PDX @ ATL,W,26,2,7,0.286,1,3,0.333,8,9,0.889,1,2,3,10,0,0,6,5,13,-2,1,2026,regular-season,1642304,Carla Leite,25.6,p
22026,1611661327,PDX,Portland Fire,1022600170,2026-07-11,PDX @ ATL,W,25,4,8,0.5,1,3,0.333,0,0,NA,0,0,0,0,1,0,0,3,9,14,1,2026,regular-season,1642296,Nyadiew Puoch,12,p
22026,1611661327,PDX,Portland Fire,1022600170,2026-07-11,PDX @ ATL,W,13,0,2,0,0,2,0,1,2,0.5,0,0,0,1,0,0,0,1,1,-5,1,2026,regular-season,1641683,Holly Winterburn,2.5,p
22026,1611661327,PDX,Portland Fire,1022600170,2026-07-11,PDX @ ATL,W,25,5,8,0.625,2,4,0.5,2,2,1,0,11,11,4,3,1,2,3,14,17,1,2026,regular-season,1631083,Emily Engstler,43.2,p
22026,1611661327,PDX,Portland Fire,1022600170,2026-07-11,PDX @ ATL,W,34,4,9,0.444,4,8,0.5,0,0,NA,1,2,3,4,2,2,1,1,12,17,1,2026,regular-season,1629524,Bridget Carleton,32.6,p
22026,1611661327,PDX,Portland Fire,1022600170,2026-07-11,PDX @ ATL,W,27,7,11,0.636,2,4,0.5,1,1,1,0,4,4,1,1,0,3,3,17,1,1,2026,regular-season,1629484,Megan DiLeo,23.3,p
22026,1611661330,ATL,Atlanta Dream,1022600170,2026-07-11,ATL vs. PDX,L,18,1,5,0.2,0,2,0,2,2,1,0,1,1,3,0,1,2,1,4,-1,1,2026,regular-season,1642302,Isobel Borlase,10.7,p
22026,1611661330,ATL,Atlanta Dream,1022600170,2026-07-11,ATL vs. PDX,L,36,6,11,0.545,1,5,0.2,2,3,0.667,3,5,8,2,1,1,3,3,15,-2,1,2026,regular-season,1631044,Naz Hillmon,30.6,p
22026,1611661330,ATL,Atlanta Dream,1022600170,2026-07-11,ATL vs. PDX,L,17,3,8,0.375,1,4,0.25,4,4,1,2,3,5,0,0,0,0,5,11,-5,1,2026,regular-season,1631021,Sika Kone,17,p
22026,1611661330,ATL,Atlanta Dream,1022600170,2026-07-11,ATL vs. PDX,L,35,4,8,0.5,0,2,0,2,5,0.4,2,2,4,12,2,0,3,5,10,-8,1,2026,regular-season,1628886,Jordin Canada,35.8,p
22026,1611661330,ATL,Atlanta Dream,1022600170,2026-07-11,ATL vs. PDX,L,31,8,18,0.444,1,6,0.167,3,3,1,0,3,3,2,1,0,1,4,20,-1,1,2026,regular-season,1628277,Allisha Gray,28.6,p
22026,1611661327,PDX,Portland Fire,1022600170,2026-07-11,PDX @ ATL,W,8,0,0,NA,0,0,NA,0,0,NA,0,0,0,0,0,0,1,1,0,-6,1,2026,regular-season,1628317,Karlie Samuelson,-1,p
22026,1611661319,LVA,Las Vegas Aces,1022600169,2026-07-11,LVA vs. PHX,W,18,6,7,0.857,0,0,NA,2,2,1,0,3,3,0,1,0,1,1,14,24,1,2026,regular-season,1631019,NaLyssa Smith,19.6,p
22026,1611661319,LVA,Las Vegas Aces,1022600169,2026-07-11,LVA vs. PHX,W,17,1,6,0.167,1,5,0.2,0,0,NA,0,3,3,4,0,0,1,1,3,14,1,2026,regular-season,1631006,Kierstan Bell,11.6,p
22026,1611661319,LVA,Las Vegas Aces,1022600169,2026-07-11,LVA vs. PHX,W,24,3,9,0.333,2,6,0.333,0,0,NA,0,2,2,6,2,0,0,0,8,37,1,2026,regular-season,1629498,Jackie Young,25.4,p
22026,1611661319,LVA,Las Vegas Aces,1022600169,2026-07-11,LVA vs. PHX,W,12,0,1,0,0,0,NA,0,0,NA,2,4,6,0,0,0,0,1,0,23,1,2026,regular-season,1629488,Brianna Turner,7.2,p
22026,1611661319,LVA,Las Vegas Aces,1022600169,2026-07-11,LVA vs. PHX,W,14,4,7,0.571,0,0,NA,7,8,0.875,2,5,7,0,0,1,1,2,15,8,1,2026,regular-season,204323,Cheyenne Parker-Tyus,25.4,p
22026,1611661319,LVA,Las Vegas Aces,1022600169,2026-07-11,LVA vs. PHX,W,28,3,7,0.429,2,6,0.333,1,2,0.5,1,0,1,3,2,0,1,4,9,36,1,2026,regular-season,204319,Jewell Loyd,19.7,p
22026,1611661317,PHX,Phoenix Mercury,1022600169,2026-07-11,PHX @ LVA,L,20,2,3,0.667,2,2,1,0,0,NA,0,1,1,1,0,0,2,2,6,-13,1,2026,regular-season,1643493,Noemie Brochant,6.7,p
22026,1611661317,PHX,Phoenix Mercury,1022600169,2026-07-11,PHX @ LVA,L,11,2,4,0.5,0,1,0,1,2,0.5,0,0,0,2,0,0,0,0,5,-12,1,2026,regular-season,1643438,Marta Suarez,8,p
22026,1611661317,PHX,Phoenix Mercury,1022600169,2026-07-11,PHX @ LVA,L,23,5,10,0.5,1,6,0.167,0,0,NA,1,2,3,2,1,0,1,2,11,-25,1,2026,regular-season,1631118,Lexi Held,19.6,p
22026,1611661317,PHX,Phoenix Mercury,1022600169,2026-07-11,PHX @ LVA,L,11,0,3,0,0,3,0,0,0,NA,0,3,3,3,2,0,2,2,0,-21,1,2026,regular-season,1628244,Sami Whitcomb,12.1,p
22026,1611661317,PHX,Phoenix Mercury,1022600169,2026-07-11,PHX @ LVA,L,29,4,14,0.286,1,6,0.167,0,0,NA,0,4,4,0,0,0,3,3,9,-41,1,2026,regular-season,1627674,Kahleah Copper,10.8,p
22026,1611661317,PHX,Phoenix Mercury,1022600169,2026-07-11,PHX @ LVA,L,31,1,5,0.2,0,2,0,3,3,1,1,6,7,1,0,0,2,2,5,-33,1,2026,regular-season,204468,Valeriane Ayayi,12.9,p
22026,1611661317,PHX,Phoenix Mercury,1022600169,2026-07-11,PHX @ LVA,L,22,1,6,0.167,0,4,0,0,1,0,0,4,4,3,0,0,2,1,2,-29,1,2026,regular-season,201886,DeWanna Bonner,9.3,p
22026,1611661319,LVA,Las Vegas Aces,1022600169,2026-07-11,LVA vs. PHX,W,25,8,16,0.5,1,3,0.333,4,4,1,3,12,15,3,1,1,1,2,21,30,1,2026,regular-season,1628932,A'ja Wilson,48.5,p
22026,1611661319,LVA,Las Vegas Aces,1022600169,2026-07-11,LVA vs. PHX,W,28,6,12,0.5,3,8,0.375,0,0,NA,0,1,1,12,1,0,1,2,15,42,1,2026,regular-season,203833,Chelsea Gray,36.2,p
22026,1611661317,PHX,Phoenix Mercury,1022600169,2026-07-11,PHX @ LVA,L,26,5,13,0.385,3,7,0.429,0,0,NA,0,1,1,1,0,0,3,3,13,-30,1,2026,regular-season,1642777,Monique Akoa Makani,12.7,p
22026,1611661317,PHX,Phoenix Mercury,1022600169,2026-07-11,PHX @ LVA,L,29,3,8,0.375,0,0,NA,1,2,0.5,1,5,6,1,0,0,2,1,7,-36,1,2026,regular-season,203826,Alyssa Thomas,13.7,p
22026,1611661330,ATL,Atlanta Dream,1022600170,2026-07-11,ATL vs. PDX,L,31,3,9,0.333,2,8,0.25,2,2,1,1,2,3,4,4,0,1,2,10,-11,1,2026,regular-season,1631009,Rhyne Howard,30.6,p
22026,1611661319,LVA,Las Vegas Aces,1022600169,2026-07-11,LVA vs. PHX,W,10,6,7,0.857,5,6,0.833,0,0,NA,0,2,2,2,0,0,1,1,17,5,1,2026,regular-season,1643495,Justine Pissott,21.4,p
22026,1611661319,LVA,Las Vegas Aces,1022600169,2026-07-11,LVA vs. PHX,W,24,2,5,0.4,0,1,0,0,0,NA,4,3,7,1,1,0,1,0,4,21,1,2026,regular-season,203855,Stephanie Talbot,15.9,p
22026,1611661332,TOR,Toronto Tempo,1022600171,2026-07-12,TOR vs. NYL,W,2,0,0,NA,0,0,NA,0,0,NA,0,0,0,0,0,0,0,1,0,-5,1,2026,regular-season,1643706,Ornella Bankole,0,p
22026,1611661332,TOR,Toronto Tempo,1022600171,2026-07-12,TOR vs. NYL,W,10,1,4,0.25,0,1,0,0,0,NA,0,2,2,0,0,0,3,3,2,-2,1,2026,regular-season,1643647,Tima Pouye,1.4,p
22026,1611661332,TOR,Toronto Tempo,1022600171,2026-07-12,TOR vs. NYL,W,31,7,8,0.875,2,3,0.667,2,2,1,1,3,4,3,3,0,6,5,18,12,1,2026,regular-season,1643420,Laura Juskaite,30.3,p
22026,1611661332,TOR,Toronto Tempo,1022600171,2026-07-12,TOR vs. NYL,W,26,5,9,0.556,0,1,0,3,3,1,3,4,7,1,2,0,2,3,13,7,1,2026,regular-season,1631055,Nyara Sabally,26.9,p
22026,1611661332,TOR,Toronto Tempo,1022600171,2026-07-12,TOR vs. NYL,W,34,5,11,0.455,3,7,0.429,2,2,1,0,2,2,2,2,1,1,4,15,14,1,2026,regular-season,1629576,Maria Conde,28.4,p
22026,1611661332,TOR,Toronto Tempo,1022600171,2026-07-12,TOR vs. NYL,W,35,9,19,0.474,3,8,0.375,9,11,0.818,0,2,2,5,0,1,6,3,30,6,1,2026,regular-season,1629497,Marina Mabrey,36.9,p
22026,1611661332,TOR,Toronto Tempo,1022600171,2026-07-12,TOR vs. NYL,W,5,1,2,0.5,0,0,NA,0,0,NA,1,0,1,1,0,0,0,1,2,-4,1,2026,regular-season,1628915,Kia Nurse,4.7,p
22026,1611661332,TOR,Toronto Tempo,1022600171,2026-07-12,TOR vs. NYL,W,34,2,4,0.5,0,2,0,0,0,NA,0,5,5,10,2,0,1,2,4,-3,1,2026,regular-season,1627700,Julie Allemand,30,p
22026,1611661332,TOR,Toronto Tempo,1022600171,2026-07-12,TOR vs. NYL,W,23,4,9,0.444,1,2,0.5,0,0,NA,0,7,7,0,1,1,4,6,9,-15,1,2026,regular-season,204330,Isabelle Harrison,19.4,p
22026,1611661328,SEA,Seattle Storm,1022600172,2026-07-12,SEA @ WAS,L,32,2,9,0.222,1,6,0.167,0,0,NA,3,6,9,2,0,2,3,2,5,-2,1,2026,regular-season,1643443,Awa Fam,21.8,p
22026,1611661328,SEA,Seattle Storm,1022600172,2026-07-12,SEA @ WAS,L,31,2,9,0.222,0,2,0,5,6,0.833,0,7,7,3,4,0,2,2,9,-4,1,2026,regular-season,1643428,Flau'jae Johnson,31.9,p
22026,1611661328,SEA,Seattle Storm,1022600172,2026-07-12,SEA @ WAS,L,22,4,10,0.4,0,1,0,2,2,1,8,7,15,2,2,2,4,5,10,-5,1,2026,regular-season,1642798,Dominique Malonga,39,p
22026,1611661328,SEA,Seattle Storm,1022600172,2026-07-12,SEA @ WAS,L,3,1,1,1,0,0,NA,0,0,NA,2,1,3,0,0,0,0,2,2,6,1,2026,regular-season,1642307,Mackenzie Holmes,5.6,p
22026,1611661328,SEA,Seattle Storm,1022600172,2026-07-12,SEA @ WAS,L,8,1,4,0.25,0,0,NA,1,1,1,1,0,1,0,0,0,0,1,3,1,1,2026,regular-season,1641660,Zia Cooke,4.2,p
22026,1611661328,SEA,Seattle Storm,1022600172,2026-07-12,SEA @ WAS,L,15,1,2,0.5,0,0,NA,2,2,1,0,3,3,0,1,0,1,4,4,-2,1,2026,regular-season,1641651,Jordan Horston,9.6,p
22026,1611661328,SEA,Seattle Storm,1022600172,2026-07-12,SEA @ WAS,L,30,3,7,0.429,0,2,0,3,6,0.5,1,0,1,2,1,0,2,3,9,-7,1,2026,regular-season,1631141,Jade Melbourne,14.2,p
22026,1611661328,SEA,Seattle Storm,1022600172,2026-07-12,SEA @ WAS,L,33,14,24,0.583,2,5,0.4,1,1,1,0,3,3,3,3,0,4,1,31,3,1,2026,regular-season,1629567,Natisha Hiedeman,44.1,p
22026,1611661328,SEA,Seattle Storm,1022600172,2026-07-12,SEA @ WAS,L,12,1,2,0.5,1,2,0.5,0,0,NA,0,0,0,0,0,0,1,0,3,-5,1,2026,regular-season,1629478,Katie Lou Samuelson,2,p
22026,1611661328,SEA,Seattle Storm,1022600172,2026-07-12,SEA @ WAS,L,14,1,2,0.5,1,1,1,0,0,NA,1,0,1,0,1,0,2,5,3,-10,1,2026,regular-season,203828,Stefanie Dolson,5.2,p
22026,1611661322,WAS,Washington Mystics,1022600172,2026-07-12,WAS vs. SEA,W,18,1,5,0.2,0,1,0,2,2,1,0,2,2,4,1,0,1,2,4,0,1,2026,regular-season,1643644,Alicia Florez,14.4,p
22026,1611661322,WAS,Washington Mystics,1022600172,2026-07-12,WAS vs. SEA,W,10,1,2,0.5,1,2,0.5,0,0,NA,0,0,0,1,0,0,1,2,3,2,1,2026,regular-season,1643467,Cassandre Prosper,3.5,p
22026,1611661322,WAS,Washington Mystics,1022600172,2026-07-12,WAS vs. SEA,W,2,0,0,NA,0,0,NA,0,0,NA,0,0,0,0,0,0,0,0,0,-1,1,2026,regular-season,1643455,Angela Dugalic,0,p
22026,1611661322,WAS,Washington Mystics,1022600172,2026-07-12,WAS vs. SEA,W,14,2,6,0.333,0,2,0,0,1,0,0,1,1,2,1,0,1,0,4,-5,1,2026,regular-season,1643430,Cotie McMahon,10.2,p
22026,1611661322,WAS,Washington Mystics,1022600172,2026-07-12,WAS vs. SEA,W,16,4,8,0.5,0,0,NA,3,3,1,0,2,2,3,2,1,1,1,11,9,1,2026,regular-season,1643427,Lauren Betts,25.9,p
22026,1611661322,WAS,Washington Mystics,1022600172,2026-07-12,WAS vs. SEA,W,33,7,13,0.538,1,4,0.25,4,5,0.8,0,4,4,1,3,0,3,2,19,2,1,2026,regular-season,1642785,Sonia Citron,31.3,p
22026,1611661322,WAS,Washington Mystics,1022600172,2026-07-12,WAS vs. SEA,W,22,2,7,0.286,0,4,0,0,0,NA,0,3,3,4,1,0,3,2,4,6,1,2026,regular-season,1642781,Georgia Amoore,13.6,p
22026,1611661322,WAS,Washington Mystics,1022600172,2026-07-12,WAS vs. SEA,W,24,0,3,0,0,1,0,0,0,NA,2,0,2,2,0,1,2,4,0,10,1,2026,regular-season,1630446,Michaela Onyenwere,6.4,p
22026,1611661313,NYL,New York Liberty,1022600171,2026-07-12,NYL @ TOR,L,11,0,1,0,0,0,NA,0,0,NA,0,0,0,0,1,0,0,3,0,18,1,2026,regular-season,1630993,Anneli Maley,3,p
22026,1611661313,NYL,New York Liberty,1022600171,2026-07-12,NYL @ TOR,L,7,0,0,NA,0,0,NA,0,0,NA,0,1,1,0,0,1,1,1,0,7,1,2026,regular-season,1630384,Raquel Carrera,3.2,p
22026,1611661313,NYL,New York Liberty,1022600171,2026-07-12,NYL @ TOR,L,19,2,7,0.286,0,4,0,0,0,NA,0,1,1,1,0,1,1,0,4,1,1,2026,regular-season,1629566,Han Xu,8.7,p
22026,1611661313,NYL,New York Liberty,1022600171,2026-07-12,NYL @ TOR,L,22,3,9,0.333,1,5,0.2,0,0,NA,2,1,3,2,2,0,3,2,7,-12,1,2026,regular-season,1629546,Marine Johannes,16.6,p
22026,1611661313,NYL,New York Liberty,1022600171,2026-07-12,NYL @ TOR,L,31,3,8,0.375,1,5,0.2,3,4,0.75,3,7,10,0,0,1,2,2,10,-12,1,2026,regular-season,1627673,Jonquel Jones,23,p
22026,1611661313,NYL,New York Liberty,1022600171,2026-07-12,NYL @ TOR,L,2,0,0,NA,0,0,NA,0,0,NA,0,0,0,0,0,0,0,0,0,-7,1,2026,regular-season,203822,Rebekah Gardner,0,p
22026,1611661313,NYL,New York Liberty,1022600171,2026-07-12,NYL @ TOR,L,25,5,8,0.625,0,1,0,4,4,1,0,3,3,2,3,0,4,5,14,14,1,2026,regular-season,1631136,Pauline Astier,25.6,p
22026,1611661329,CHI,Chicago Sky,1022600173,2026-07-12,CHI @ DAL,L,8,0,1,0,0,1,0,0,0,NA,1,1,2,1,0,0,0,0,0,-2,1,2026,regular-season,1642818,Maddy Westbeld,3.9,p
22026,1611661329,CHI,Chicago Sky,1022600173,2026-07-12,CHI @ DAL,L,14,0,1,0,0,1,0,0,0,NA,0,0,0,1,0,0,0,1,0,-21,1,2026,regular-season,1642292,Jacy Sheldon,1.5,p
22026,1611661329,CHI,Chicago Sky,1022600173,2026-07-12,CHI @ DAL,L,11,1,2,0.5,1,2,0.5,0,0,NA,0,0,0,1,0,0,0,1,3,-4,1,2026,regular-season,1627671,Rachel Banham,4.5,p
22026,1611661329,CHI,Chicago Sky,1022600173,2026-07-12,CHI @ DAL,L,32,5,8,0.625,0,2,0,5,5,1,0,2,2,3,0,0,2,3,15,-1,1,2026,regular-season,204333,Natasha Cloud,19.9,p
22026,1611661329,CHI,Chicago Sky,1022600173,2026-07-12,CHI @ DAL,L,11,2,3,0.667,0,0,NA,2,2,1,1,1,2,0,0,0,0,2,6,3,1,2026,regular-season,204322,Elizabeth Williams,8.4,p
22026,1611661321,DAL,Dallas Wings,1022600173,2026-07-12,DAL vs. CHI,W,6,0,3,0,0,1,0,0,0,NA,0,0,0,0,0,0,0,0,0,7,1,2026,regular-season,1642793,Aziaha James,0,p
22026,1611661321,DAL,Dallas Wings,1022600173,2026-07-12,DAL vs. CHI,W,8,0,1,0,0,1,0,0,0,NA,0,2,2,0,0,0,0,0,0,-11,1,2026,regular-season,1630386,Awak Kuier,2.4,p
22026,1611661321,DAL,Dallas Wings,1022600173,2026-07-12,DAL vs. CHI,W,2,0,0,NA,0,0,NA,0,0,NA,0,0,0,1,0,0,1,1,0,-3,1,2026,regular-season,1630134,Sug Sutton,0.5,p
22026,1611661321,DAL,Dallas Wings,1022600173,2026-07-12,DAL vs. CHI,W,6,1,3,0.333,0,0,NA,0,1,0,0,1,1,0,0,0,0,0,2,-5,1,2026,regular-season,1629501,Alanna Smith,3.2,p
22026,1611661321,DAL,Dallas Wings,1022600173,2026-07-12,DAL vs. CHI,W,34,9,13,0.692,0,0,NA,1,2,0.5,4,6,10,5,0,0,1,1,19,10,1,2026,regular-season,1629491,Jessica Shepard,37.5,p
22026,1611661321,DAL,Dallas Wings,1022600173,2026-07-12,DAL vs. CHI,W,6,1,2,0.5,1,2,0.5,0,0,NA,0,0,0,1,0,0,1,2,3,-5,1,2026,regular-season,203824,Odyssey Sims,3.5,p
22026,1611661321,DAL,Dallas Wings,1022600173,2026-07-12,DAL vs. CHI,W,6,1,2,0.5,0,0,NA,0,0,NA,0,0,0,0,0,0,0,2,2,-1,1,2026,regular-season,202252,Alysha Clark,2,p
22026,1611661329,CHI,Chicago Sky,1022600173,2026-07-12,CHI @ DAL,L,17,3,7,0.429,0,1,0,2,2,1,1,1,2,0,0,0,0,1,8,-5,1,2026,regular-season,1643447,Gabriela Jaquez,10.4,p
22026,1611661329,CHI,Chicago Sky,1022600173,2026-07-12,CHI @ DAL,L,26,9,20,0.45,2,8,0.25,0,1,0,0,1,1,2,0,0,0,1,20,10,1,2026,regular-season,1642321,Sydney Taylor,24.2,p
22026,1611661329,CHI,Chicago Sky,1022600173,2026-07-12,CHI @ DAL,L,29,6,12,0.5,0,0,NA,0,0,NA,2,11,13,2,1,1,1,2,12,-8,1,2026,regular-season,1642289,Kamilla Cardoso,35.6,p
22026,1611661329,CHI,Chicago Sky,1022600173,2026-07-12,CHI @ DAL,L,32,7,13,0.538,3,6,0.5,1,1,1,1,12,13,3,2,0,3,4,18,-3,1,2026,regular-season,1628922,Azura Stevens,41.1,p
22026,1611661329,CHI,Chicago Sky,1022600173,2026-07-12,CHI @ DAL,L,20,3,8,0.375,1,1,1,2,2,1,0,1,1,3,0,0,0,1,9,6,1,2026,regular-season,202664,Courtney Vandersloot,14.7,p
22026,1611661321,DAL,Dallas Wings,1022600173,2026-07-12,DAL vs. CHI,W,35,5,14,0.357,3,8,0.375,3,3,1,0,1,1,3,2,1,0,1,16,2,1,2026,regular-season,1643425,Azzi Fudd,30.7,p
22026,1611661321,DAL,Dallas Wings,1022600173,2026-07-12,DAL vs. CHI,W,36,7,15,0.467,1,3,0.333,7,8,0.875,0,6,6,11,0,1,1,4,22,14,1,2026,regular-season,1642784,Paige Bueckers,47.7,p
22026,1611661321,DAL,Dallas Wings,1022600173,2026-07-12,DAL vs. CHI,W,9,2,2,1,1,1,1,0,0,NA,0,0,0,1,0,0,0,1,5,-1,1,2026,regular-season,1641652,Maddy Siegrist,6.5,p
22026,1611661321,DAL,Dallas Wings,1022600173,2026-07-12,DAL vs. CHI,W,23,4,6,0.667,1,3,0.333,1,1,1,2,8,10,0,1,1,0,1,10,17,1,2026,regular-season,1629574,Li Yueru,28,p
22026,1611661321,DAL,Dallas Wings,1022600173,2026-07-12,DAL vs. CHI,W,30,6,14,0.429,2,6,0.333,3,4,0.75,1,2,3,1,1,0,1,0,17,1,1,2026,regular-season,1629481,Arike Ogunbowale,24.1,p
22026,1611661325,IND,Indiana Fever,1022600174,2026-07-12,IND @ LVA,W,3,0,0,NA,0,0,NA,0,0,NA,0,0,0,0,0,0,0,1,0,8,1,2026,regular-season,1643453,Grace VanSlooten,0,p
22026,1611661325,IND,Indiana Fever,1022600174,2026-07-12,IND @ LVA,W,3,2,2,1,1,1,1,0,0,NA,0,1,1,0,0,0,0,0,5,8,1,2026,regular-season,1643433,Raven Johnson,6.2,p
22026,1611661325,IND,Indiana Fever,1022600174,2026-07-12,IND @ LVA,W,19,1,3,0.333,0,0,NA,4,4,1,1,2,3,2,0,0,0,3,6,24,1,2026,regular-season,1642815,Makayla Timpson,12.6,p
22026,1611661325,IND,Indiana Fever,1022600174,2026-07-12,IND @ LVA,W,24,5,11,0.455,1,5,0.2,1,2,0.5,0,7,7,6,0,0,4,3,12,6,1,2026,regular-season,1642286,Caitlin Clark,25.4,p
22026,1611661325,IND,Indiana Fever,1022600174,2026-07-12,IND @ LVA,W,29,9,14,0.643,1,3,0.333,0,0,NA,1,10,11,4,3,1,1,2,19,16,1,2026,regular-season,1641648,Aliyah Boston,49.2,p
22026,1611661325,IND,Indiana Fever,1022600174,2026-07-12,IND @ LVA,W,20,0,2,0,0,2,0,0,0,NA,1,1,2,0,0,0,1,1,0,10,1,2026,regular-season,1631086,Lexie Hull,1.4,p
22026,1611661325,IND,Indiana Fever,1022600174,2026-07-12,IND @ LVA,W,23,3,5,0.6,2,4,0.5,2,2,1,0,2,2,2,1,0,0,3,10,35,1,2026,regular-season,1630112,Tyasha Harris,18.4,p
22026,1611661325,IND,Indiana Fever,1022600174,2026-07-12,IND @ LVA,W,23,7,9,0.778,6,7,0.857,0,0,NA,0,0,0,1,0,0,0,2,20,30,1,2026,regular-season,1629482,Sophie Cunningham,21.5,p
22026,1611661325,IND,Indiana Fever,1022600174,2026-07-12,IND @ LVA,W,30,8,16,0.5,3,8,0.375,8,8,1,0,3,3,3,2,0,2,1,27,19,1,2026,regular-season,1628909,Kelsey Mitchell,39.1,p
22026,1611661325,IND,Indiana Fever,1022600174,2026-07-12,IND @ LVA,W,25,3,6,0.5,1,1,1,3,3,1,2,3,5,0,0,0,1,1,10,9,1,2026,regular-season,1628881,Monique Billings,15,p
22026,1611661325,IND,Indiana Fever,1022600174,2026-07-12,IND @ LVA,W,2,0,0,NA,0,0,NA,0,0,NA,0,1,1,0,0,0,0,0,0,5,1,2026,regular-season,203024,Damiris Dantas,1.2,p
22026,1611661319,LVA,Las Vegas Aces,1022600174,2026-07-12,LVA vs. IND,L,14,1,5,0.2,0,3,0,0,0,NA,0,1,1,0,0,1,0,1,2,-24,1,2026,regular-season,1643495,Justine Pissott,6.2,p
22026,1611661319,LVA,Las Vegas Aces,1022600174,2026-07-12,LVA vs. IND,L,21,4,7,0.571,0,0,NA,1,4,0.25,2,3,5,1,0,1,0,2,9,-10,1,2026,regular-season,1631019,NaLyssa Smith,19.5,p
22026,1611661319,LVA,Las Vegas Aces,1022600174,2026-07-12,LVA vs. IND,L,18,2,8,0.25,2,4,0.5,2,2,1,0,2,2,1,0,0,1,1,8,-34,1,2026,regular-season,1630389,Dana Evans,10.9,p
22026,1611661319,LVA,Las Vegas Aces,1022600174,2026-07-12,LVA vs. IND,L,32,4,8,0.5,1,2,0.5,6,6,1,0,1,1,3,0,0,1,3,15,-17,1,2026,regular-season,1629498,Jackie Young,19.7,p
22026,1611661319,LVA,Las Vegas Aces,1022600174,2026-07-12,LVA vs. IND,L,11,2,2,1,0,0,NA,0,0,NA,0,1,1,0,0,0,0,2,4,-18,1,2026,regular-season,1629488,Brianna Turner,5.2,p
22026,1611661319,LVA,Las Vegas Aces,1022600174,2026-07-12,LVA vs. IND,L,31,9,23,0.391,0,1,0,2,2,1,4,8,12,2,1,2,3,2,20,-13,1,2026,regular-season,1628932,A'ja Wilson,43.4,p
22026,1611661319,LVA,Las Vegas Aces,1022600174,2026-07-12,LVA vs. IND,L,4,0,1,0,0,0,NA,0,0,NA,0,0,0,0,1,0,0,1,0,-3,1,2026,regular-season,204323,Cheyenne Parker-Tyus,3,p
22026,1611661319,LVA,Las Vegas Aces,1022600174,2026-07-12,LVA vs. IND,L,28,2,6,0.333,0,3,0,4,4,1,1,1,2,3,1,0,0,3,8,-30,1,2026,regular-season,204319,Jewell Loyd,17.9,p
22026,1611661319,LVA,Las Vegas Aces,1022600174,2026-07-12,LVA vs. IND,L,13,0,1,0,0,1,0,0,0,NA,1,1,2,1,0,0,1,2,0,-8,1,2026,regular-season,203855,Stephanie Talbot,2.9,p
22026,1611661319,LVA,Las Vegas Aces,1022600174,2026-07-12,LVA vs. IND,L,30,3,8,0.375,1,3,0.333,2,2,1,1,1,2,6,1,0,5,2,9,-13,1,2026,regular-season,203833,Chelsea Gray,18.4,p
22026,1611661313,NYL,New York Liberty,1022600171,2026-07-12,NYL @ TOR,L,33,9,18,0.5,3,7,0.429,7,8,0.875,1,3,4,8,3,0,1,3,28,-3,1,2026,regular-season,1629477,Sabrina Ionescu,52.8,p
22026,1611661313,NYL,New York Liberty,1022600171,2026-07-12,NYL @ TOR,L,34,8,21,0.381,0,3,0,6,6,1,3,5,8,2,2,1,1,1,22,-11,1,2026,regular-season,1627668,Breanna Stewart,42.6,p
22026,1611661313,NYL,New York Liberty,1022600171,2026-07-12,NYL @ TOR,L,16,3,4,0.75,0,1,0,0,0,NA,1,2,3,1,0,0,4,2,6,-5,1,2026,regular-season,204335,Betnijah Laney-Hamilton,7.1,p
22026,1611661322,WAS,Washington Mystics,1022600172,2026-07-12,WAS vs. SEA,W,29,4,10,0.4,1,1,1,3,5,0.6,5,7,12,3,1,0,0,2,12,-5,1,2026,regular-season,1642792,Kiki Iriafen,33.9,p
22026,1611661322,WAS,Washington Mystics,1022600172,2026-07-12,WAS vs. SEA,W,33,10,18,0.556,2,4,0.5,5,7,0.714,2,4,6,3,1,1,3,2,27,7,1,2026,regular-season,1631022,Shakira Austin,41.7,p
22026,1611661330,ATL,Atlanta Dream,1022600175,2026-07-13,ATL vs. LAS,W,10,3,4,0.75,0,0,NA,3,4,0.75,2,4,6,1,1,0,1,2,9,9,1,2026,regular-season,1643431,Madina Okot,19.7,p
22026,1611661330,ATL,Atlanta Dream,1022600175,2026-07-13,ATL vs. LAS,W,5,0,3,0,0,2,0,2,2,1,0,0,0,2,1,0,0,2,2,-2,1,2026,regular-season,1642804,Te-Hina Paopao,8,p
22026,1611661330,ATL,Atlanta Dream,1022600175,2026-07-13,ATL vs. LAS,W,14,5,9,0.556,0,2,0,0,0,NA,1,0,1,1,0,0,2,3,10,3,1,2026,regular-season,1642302,Isobel Borlase,10.7,p
22026,1611661330,ATL,Atlanta Dream,1022600175,2026-07-13,ATL vs. LAS,W,4,0,2,0,0,2,0,0,0,NA,1,0,1,0,0,0,1,1,0,-11,1,2026,regular-season,1631021,Sika Kone,0.2,p
22026,1611661320,LAS,Los Angeles Sparks,1022600175,2026-07-13,LAS @ ATL,L,4,0,0,NA,0,0,NA,0,0,NA,0,0,0,0,0,0,0,0,0,-5,1,2026,regular-season,1643462,Chance Gray,0,p
22026,1611661320,LAS,Los Angeles Sparks,1022600175,2026-07-13,LAS @ ATL,L,2,0,1,0,0,1,0,0,0,NA,0,0,0,0,0,0,0,0,0,-4,1,2026,regular-season,1642324,Kate Martin,0,p
22026,1611661320,LAS,Los Angeles Sparks,1022600175,2026-07-13,LAS @ ATL,L,2,0,0,NA,0,0,NA,0,0,NA,1,0,1,0,0,0,1,2,0,-6,1,2026,regular-season,1642293,Alissa Pili,0.2,p
22026,1611661320,LAS,Los Angeles Sparks,1022600175,2026-07-13,LAS @ ATL,L,8,0,0,NA,0,0,NA,0,2,0,0,3,3,0,0,0,0,0,0,-5,1,2026,regular-season,1630148,Jihyun Park,3.6,p
22026,1611661320,LAS,Los Angeles Sparks,1022600175,2026-07-13,LAS @ ATL,L,32,8,16,0.5,2,6,0.333,2,2,1,0,3,3,4,1,0,3,5,20,-11,1,2026,regular-season,204365,Erica Wheeler,29.6,p
22026,1611661320,LAS,Los Angeles Sparks,1022600175,2026-07-13,LAS @ ATL,L,32,7,13,0.538,3,5,0.6,2,2,1,2,3,5,5,0,0,3,3,19,-14,1,2026,regular-season,203014,Nneka Ogwumike,29.5,p
22026,1611661330,ATL,Atlanta Dream,1022600175,2026-07-13,ATL vs. LAS,W,33,7,11,0.636,1,1,1,8,8,1,3,10,13,2,3,0,3,4,23,13,1,2026,regular-season,1642291,Angel Reese,47.6,p
22026,1611661330,ATL,Atlanta Dream,1022600175,2026-07-13,ATL vs. LAS,W,32,4,7,0.571,1,3,0.333,1,2,0.5,3,2,5,2,0,0,3,1,10,11,1,2026,regular-season,1631044,Naz Hillmon,16,p
22026,1611661330,ATL,Atlanta Dream,1022600175,2026-07-13,ATL vs. LAS,W,34,4,10,0.4,3,7,0.429,0,0,NA,0,5,5,3,2,0,3,0,11,3,1,2026,regular-season,1631009,Rhyne Howard,24.5,p
22026,1611661330,ATL,Atlanta Dream,1022600175,2026-07-13,ATL vs. LAS,W,35,5,12,0.417,1,5,0.2,5,5,1,1,2,3,9,2,0,3,1,16,11,1,2026,regular-season,1628886,Jordin Canada,36.1,p
22026,1611661330,ATL,Atlanta Dream,1022600175,2026-07-13,ATL vs. LAS,W,33,8,15,0.533,3,6,0.5,1,2,0.5,1,0,1,2,2,1,1,3,20,8,1,2026,regular-season,1628277,Allisha Gray,32.2,p
22026,1611661320,LAS,Los Angeles Sparks,1022600175,2026-07-13,LAS @ ATL,L,33,5,9,0.556,2,5,0.4,6,6,1,1,3,4,4,3,0,2,3,18,6,1,2026,regular-season,1630996,Rae Burrell,35.8,p
22026,1611661320,LAS,Los Angeles Sparks,1022600175,2026-07-13,LAS @ ATL,L,8,2,4,0.5,1,3,0.333,0,0,NA,0,0,0,1,1,0,1,2,5,2,1,2026,regular-season,1630461,Kiana Williams,8.5,p
22026,1611661320,LAS,Los Angeles Sparks,1022600175,2026-07-13,LAS @ ATL,L,34,5,11,0.455,0,3,0,3,3,1,0,3,3,2,3,1,2,4,13,-10,1,2026,regular-season,1628878,Ariel Atkins,29.6,p
22026,1611661320,LAS,Los Angeles Sparks,1022600175,2026-07-13,LAS @ ATL,L,11,2,2,1,1,1,1,0,0,NA,0,1,1,0,0,0,1,1,5,-2,1,2026,regular-season,1628242,Emma Cannon,5.2,p
22026,1611661320,LAS,Los Angeles Sparks,1022600175,2026-07-13,LAS @ ATL,L,36,6,11,0.545,0,0,NA,0,1,0,2,3,5,2,3,2,5,3,12,4,1,2026,regular-season,204324,Dearica Hamby,31,p
22026,1611661324,MIN,Minnesota Lynx,1022600176,2026-07-13,MIN vs. PHX,W,9,3,5,0.6,0,1,0,2,2,1,1,0,1,0,0,0,0,0,8,3,1,2026,regular-season,1643490,Eliska Hamzova,9.2,p
22026,1611661324,MIN,Minnesota Lynx,1022600176,2026-07-13,MIN vs. PHX,W,10,0,0,NA,0,0,NA,0,0,NA,0,0,0,0,0,0,1,3,0,-5,1,2026,regular-season,1643489,Antonia Delaere,-1,p
22026,1611661324,MIN,Minnesota Lynx,1022600176,2026-07-13,MIN vs. PHX,W,31,10,16,0.625,5,8,0.625,8,9,0.889,0,3,3,8,0,0,5,5,33,10,1,2026,regular-season,1643426,Olivia Miles,43.6,p
22026,1611661324,MIN,Minnesota Lynx,1022600176,2026-07-13,MIN vs. PHX,W,8,0,0,NA,0,0,NA,0,0,NA,0,0,0,0,0,0,0,1,0,4,1,2026,regular-season,1642797,Anastasiia Olairi Kosu,0,p
22026,1611661324,MIN,Minnesota Lynx,1022600176,2026-07-13,MIN vs. PHX,W,7,0,1,0,0,1,0,0,0,NA,0,1,1,1,0,0,0,3,0,-5,1,2026,regular-season,1630471,Maya Caldwell,2.7,p
22026,1611661324,MIN,Minnesota Lynx,1022600176,2026-07-13,MIN vs. PHX,W,30,2,4,0.5,1,3,0.333,0,0,NA,0,3,3,0,1,2,0,0,5,3,1,2026,regular-season,1628269,Nia Coffey,17.6,p
22026,1611661324,MIN,Minnesota Lynx,1022600176,2026-07-13,MIN vs. PHX,W,35,3,7,0.429,0,3,0,2,2,1,3,4,7,3,2,0,0,4,8,9,1,2026,regular-season,1627675,Courtney Williams,26.9,p
22026,1611661324,MIN,Minnesota Lynx,1022600176,2026-07-13,MIN vs. PHX,W,35,5,11,0.455,0,2,0,3,4,0.75,0,3,3,7,2,0,4,3,13,4,1,2026,regular-season,203827,Natasha Howard,29.1,p
22026,1611661324,MIN,Minnesota Lynx,1022600176,2026-07-13,MIN vs. PHX,W,35,11,17,0.647,6,11,0.545,9,9,1,0,6,6,1,4,2,2,2,37,-3,1,2026,regular-season,203825,Kayla McBride,61.7,p
22026,1611661317,PHX,Phoenix Mercury,1022600176,2026-07-13,PHX @ MIN,L,17,1,3,0.333,0,2,0,0,0,NA,0,2,2,2,1,0,1,2,2,3,1,2026,regular-season,1643493,Noemie Brochant,9.4,p
22026,1611661317,PHX,Phoenix Mercury,1022600176,2026-07-13,PHX @ MIN,L,5,1,1,1,0,0,NA,0,0,NA,0,1,1,0,0,0,1,1,2,-1,1,2026,regular-season,1643438,Marta Suarez,2.2,p
22026,1611661317,PHX,Phoenix Mercury,1022600176,2026-07-13,PHX @ MIN,L,27,6,9,0.667,3,5,0.6,2,2,1,0,1,1,4,1,0,2,6,17,2,1,2026,regular-season,1642777,Monique Akoa Makani,25.2,p
22026,1611661317,PHX,Phoenix Mercury,1022600176,2026-07-13,PHX @ MIN,L,12,1,3,0.333,0,2,0,2,2,1,0,0,0,3,0,0,1,0,4,0,1,2026,regular-season,1631118,Lexi Held,7.5,p
22026,1611661317,PHX,Phoenix Mercury,1022600176,2026-07-13,PHX @ MIN,L,19,3,4,0.75,3,4,0.75,0,0,NA,1,0,1,2,0,0,1,2,9,-7,1,2026,regular-season,1628244,Sami Whitcomb,12.2,p
22026,1611661317,PHX,Phoenix Mercury,1022600176,2026-07-13,PHX @ MIN,L,32,9,14,0.643,3,5,0.6,5,5,1,0,3,3,1,1,0,2,3,26,-5,1,2026,regular-season,1627674,Kahleah Copper,32.1,p
22026,1611661317,PHX,Phoenix Mercury,1022600176,2026-07-13,PHX @ MIN,L,18,0,3,0,0,0,NA,4,4,1,0,1,1,1,0,0,1,1,4,-2,1,2026,regular-season,204468,Valeriane Ayayi,5.7,p
22026,1611661317,PHX,Phoenix Mercury,1022600176,2026-07-13,PHX @ MIN,L,37,8,14,0.571,0,0,NA,3,4,0.75,2,6,8,12,1,0,4,1,19,-4,1,2026,regular-season,203826,Alyssa Thomas,45.6,p
22026,1611661317,PHX,Phoenix Mercury,1022600176,2026-07-13,PHX @ MIN,L,33,6,12,0.5,2,7,0.286,3,4,0.75,1,8,9,3,1,0,1,2,17,-6,1,2026,regular-season,201886,DeWanna Bonner,34.3,p
22026,1611661327,PDX,Portland Fire,1022600177,2026-07-14,PDX @ CON,L,7,0,1,0,0,1,0,2,2,1,0,0,0,0,1,0,4,1,2,-6,1,2026,regular-season,1643506,Teja Oblak,1,p
22026,1611661327,PDX,Portland Fire,1022600177,2026-07-14,PDX @ CON,L,11,2,4,0.5,2,3,0.667,1,1,1,0,1,1,1,0,0,0,1,7,-8,1,2026,regular-season,1643494,Frieda Buhner,9.7,p
22026,1611661327,PDX,Portland Fire,1022600177,2026-07-14,PDX @ CON,L,9,0,0,NA,0,0,NA,2,2,1,1,1,2,0,1,0,0,0,2,-5,1,2026,regular-season,1643436,Serah Williams,7.4,p
22026,1611661327,PDX,Portland Fire,1022600177,2026-07-14,PDX @ CON,L,25,3,7,0.429,0,2,0,3,3,1,1,4,5,2,0,0,3,1,9,-6,1,2026,regular-season,1642782,Sarah Ashlee Barker,15,p
22026,1611661327,PDX,Portland Fire,1022600177,2026-07-14,PDX @ CON,L,8,0,0,NA,0,0,NA,0,0,NA,0,1,1,0,0,0,0,0,0,-5,1,2026,regular-season,1642296,Nyadiew Puoch,1.2,p
22026,1611661323,CON,Connecticut Sun,1022600177,2026-07-14,CON vs. PDX,W,11,2,2,1,0,0,NA,0,0,NA,0,1,1,2,1,1,1,4,4,7,1,2026,regular-season,1643448,Nell Angloma,13.2,p
22026,1611661323,CON,Connecticut Sun,1022600177,2026-07-14,CON vs. PDX,W,6,0,0,NA,0,0,NA,1,2,0.5,0,0,0,0,1,0,0,0,1,4,1,2026,regular-season,1643441,Raegan Beers,4,p
22026,1611661323,CON,Connecticut Sun,1022600177,2026-07-14,CON vs. PDX,W,24,9,13,0.692,0,1,0,3,3,1,3,5,8,3,0,0,1,2,21,8,1,2026,regular-season,1642290,Aaliyah Edwards,34.1,p
22026,1611661327,PDX,Portland Fire,1022600177,2026-07-14,PDX @ CON,L,33,6,11,0.545,0,0,NA,6,6,1,1,0,1,6,0,0,6,1,18,3,1,2026,regular-season,1642304,Carla Leite,22.2,p
22026,1611661327,PDX,Portland Fire,1022600177,2026-07-14,PDX @ CON,L,29,5,12,0.417,1,5,0.2,3,4,0.75,0,6,6,7,3,1,1,5,14,5,1,2026,regular-season,1631083,Emily Engstler,42.7,p
22026,1611661327,PDX,Portland Fire,1022600177,2026-07-14,PDX @ CON,L,32,5,11,0.455,2,7,0.286,0,0,NA,1,2,3,3,3,1,1,3,12,2,1,2026,regular-season,1629524,Bridget Carleton,31.1,p
22026,1611661327,PDX,Portland Fire,1022600177,2026-07-14,PDX @ CON,L,31,6,12,0.5,2,6,0.333,1,1,1,0,5,5,0,1,1,0,1,15,2,1,2026,regular-season,1629484,Megan DiLeo,27,p
22026,1611661327,PDX,Portland Fire,1022600177,2026-07-14,PDX @ CON,L,16,2,2,1,2,2,1,2,2,1,0,0,0,0,1,0,0,1,8,3,1,2026,regular-season,1628317,Karlie Samuelson,11,p
22026,1611661323,CON,Connecticut Sun,1022600177,2026-07-14,CON vs. PDX,W,33,2,8,0.25,0,5,0,0,0,NA,0,4,4,7,3,0,2,2,4,5,1,2026,regular-season,1643449,Charlisse Leger-Walker,26.3,p
22026,1611661323,CON,Connecticut Sun,1022600177,2026-07-14,CON vs. PDX,W,30,6,11,0.545,1,2,0.5,1,2,0.5,0,1,1,3,3,1,2,2,14,1,1,2026,regular-season,1642303,Leila Lacan,29.7,p
22026,1611661323,CON,Connecticut Sun,1022600177,2026-07-14,CON vs. PDX,W,32,3,8,0.375,2,5,0.4,0,0,NA,0,1,1,5,2,0,2,3,8,-5,1,2026,regular-season,1641649,Diamond Miller,20.7,p
22026,1611661323,CON,Connecticut Sun,1022600177,2026-07-14,CON vs. PDX,W,26,4,9,0.444,0,0,NA,8,8,1,3,3,6,1,0,0,3,3,16,-9,1,2026,regular-season,1631135,Olivia Nelson-Ododa,21.7,p
22026,1611661323,CON,Connecticut Sun,1022600177,2026-07-14,CON vs. PDX,W,14,1,5,0.2,0,1,0,0,0,NA,4,2,6,1,0,0,1,3,2,1,1,2026,regular-season,1629568,Kennedy Burke,9.7,p
22026,1611661323,CON,Connecticut Sun,1022600177,2026-07-14,CON vs. PDX,W,24,8,11,0.727,0,0,NA,4,5,0.8,1,3,4,6,1,2,2,2,20,3,1,2026,regular-season,203398,Brittney Griner,40.8,p
22026,1611661332,TOR,Toronto Tempo,1022600178,2026-07-14,TOR vs. WAS,L,12,2,3,0.667,1,2,0.5,0,0,NA,0,0,0,1,0,0,0,2,5,2,1,2026,regular-season,1643647,Tima Pouye,6.5,p
22026,1611661332,TOR,Toronto Tempo,1022600178,2026-07-14,TOR vs. WAS,L,25,3,8,0.375,0,4,0,1,2,0.5,1,3,4,1,0,0,1,3,7,-3,1,2026,regular-season,1643420,Laura Juskaite,12.3,p
22026,1611661332,TOR,Toronto Tempo,1022600178,2026-07-14,TOR vs. WAS,L,9,1,4,0.25,0,2,0,0,0,NA,0,0,0,1,0,0,0,0,2,3,1,2026,regular-season,1628915,Kia Nurse,3.5,p
22026,1611661332,TOR,Toronto Tempo,1022600178,2026-07-14,TOR vs. WAS,L,21,4,10,0.4,0,0,NA,0,0,NA,1,4,5,1,0,0,1,6,8,-8,1,2026,regular-season,204330,Isabelle Harrison,14.5,p
22026,1611661332,TOR,Toronto Tempo,1022600178,2026-07-14,TOR vs. WAS,L,13,0,1,0,0,0,NA,2,2,1,0,3,3,1,1,1,1,1,2,-9,1,2026,regular-season,203405,Kayla Alexander,12.1,p
22026,1611661322,WAS,Washington Mystics,1022600178,2026-07-14,WAS @ TOR,W,4,0,1,0,0,0,NA,0,0,NA,1,1,2,0,0,0,0,0,0,-4,1,2026,regular-season,1643455,Angela Dugalic,2.4,p
22026,1611661322,WAS,Washington Mystics,1022600178,2026-07-14,WAS @ TOR,W,1,0,0,NA,0,0,NA,0,0,NA,0,0,0,0,0,0,0,0,0,0,1,2026,regular-season,1643450,Rori Harmon,0,p
22026,1611661322,WAS,Washington Mystics,1022600178,2026-07-14,WAS @ TOR,W,5,2,3,0.667,1,2,0.5,0,0,NA,0,0,0,0,0,0,0,0,5,2,1,2026,regular-season,1642802,Lucy Olsen,5,p
22026,1611661322,WAS,Washington Mystics,1022600178,2026-07-14,WAS @ TOR,W,28,9,14,0.643,0,1,0,7,8,0.875,4,10,14,1,0,0,4,3,25,16,1,2026,regular-season,1642792,Kiki Iriafen,39.3,p
22026,1611661322,WAS,Washington Mystics,1022600178,2026-07-14,WAS @ TOR,W,22,3,8,0.375,1,4,0.25,0,1,0,1,0,1,2,0,0,1,1,7,16,1,2026,regular-season,1642781,Georgia Amoore,10.2,p
22026,1611661322,WAS,Washington Mystics,1022600178,2026-07-14,WAS @ TOR,W,23,5,9,0.556,2,4,0.5,3,4,0.75,4,1,5,3,0,0,1,4,15,13,1,2026,regular-season,1630446,Michaela Onyenwere,24.5,p
22026,1611661332,TOR,Toronto Tempo,1022600178,2026-07-14,TOR vs. WAS,L,1,0,0,NA,0,0,NA,0,0,NA,0,0,0,1,0,1,0,0,0,0,1,2026,regular-season,1643457,Teonni Key,4.5,p
22026,1611661332,TOR,Toronto Tempo,1022600178,2026-07-14,TOR vs. WAS,L,26,3,11,0.273,1,3,0.333,6,6,1,1,3,4,1,0,2,0,3,13,-18,1,2026,regular-season,1631055,Nyara Sabally,25.3,p
22026,1611661332,TOR,Toronto Tempo,1022600178,2026-07-14,TOR vs. WAS,L,30,1,5,0.2,0,2,0,0,0,NA,0,4,4,3,1,0,1,2,2,-10,1,2026,regular-season,1629576,Maria Conde,13.3,p
22026,1611661332,TOR,Toronto Tempo,1022600178,2026-07-14,TOR vs. WAS,L,30,3,13,0.231,2,7,0.286,0,0,NA,0,1,1,3,1,0,4,4,8,-22,1,2026,regular-season,1629497,Marina Mabrey,12.7,p
22026,1611661332,TOR,Toronto Tempo,1022600178,2026-07-14,TOR vs. WAS,L,33,6,10,0.6,3,6,0.5,0,0,NA,2,3,5,2,0,0,2,1,15,-20,1,2026,regular-season,1627700,Julie Allemand,22,p
22026,1611661322,WAS,Washington Mystics,1022600178,2026-07-14,WAS @ TOR,W,13,0,6,0,0,4,0,0,0,NA,0,0,0,5,0,0,0,0,0,-7,1,2026,regular-season,1643644,Alicia Florez,7.5,p
22026,1611661322,WAS,Washington Mystics,1022600178,2026-07-14,WAS @ TOR,W,8,0,6,0,0,2,0,0,0,NA,2,0,2,0,0,0,0,3,0,4,1,2026,regular-season,1643467,Cassandre Prosper,2.4,p
22026,1611661322,WAS,Washington Mystics,1022600178,2026-07-14,WAS @ TOR,W,17,0,4,0,0,1,0,2,2,1,2,3,5,3,0,0,1,3,2,4,1,2026,regular-season,1643430,Cotie McMahon,11.5,p
22026,1611661322,WAS,Washington Mystics,1022600178,2026-07-14,WAS @ TOR,W,20,3,4,0.75,0,0,NA,0,0,NA,1,5,6,0,2,1,1,2,6,8,1,2026,regular-season,1643427,Lauren Betts,21.2,p
22026,1611661322,WAS,Washington Mystics,1022600178,2026-07-14,WAS @ TOR,W,31,1,6,0.167,0,2,0,0,0,NA,1,1,2,4,0,2,2,0,2,19,1,2026,regular-season,1642785,Sonia Citron,14.4,p
22026,1611661322,WAS,Washington Mystics,1022600178,2026-07-14,WAS @ TOR,W,28,7,14,0.5,0,3,0,3,4,0.75,2,8,10,0,1,3,1,1,17,14,1,2026,regular-season,1631022,Shakira Austin,40,p
22026,1611661329,CHI,Chicago Sky,1022600179,2026-07-15,CHI vs. SEA,W,19,5,10,0.5,0,4,0,0,0,NA,0,2,2,1,1,0,0,0,10,-7,1,2026,regular-season,1643447,Gabriela Jaquez,16.9,p
22026,1611661329,CHI,Chicago Sky,1022600179,2026-07-15,CHI vs. SEA,W,17,1,2,0.5,0,1,0,0,0,NA,1,0,1,1,0,0,1,1,2,15,1,2026,regular-season,1642292,Jacy Sheldon,3.7,p
22026,1611661329,CHI,Chicago Sky,1022600179,2026-07-15,CHI vs. SEA,W,19,5,11,0.455,2,6,0.333,2,2,1,0,1,1,4,0,0,0,1,14,14,1,2026,regular-season,1631064,Chloe Bibby,21.2,p
22026,1611661329,CHI,Chicago Sky,1022600179,2026-07-15,CHI vs. SEA,W,20,2,5,0.4,1,3,0.333,3,4,0.75,0,1,1,6,3,0,1,2,8,2,1,2026,regular-season,202664,Courtney Vandersloot,26.2,p
22026,1611661328,SEA,Seattle Storm,1022600179,2026-07-15,SEA @ CHI,L,9,2,6,0.333,0,2,0,2,2,1,1,0,1,1,0,0,0,1,6,-2,1,2026,regular-season,1641660,Zia Cooke,8.7,p
22026,1611661328,SEA,Seattle Storm,1022600179,2026-07-15,SEA @ CHI,L,14,0,1,0,0,1,0,1,2,0.5,1,3,4,2,0,0,3,2,1,-4,1,2026,regular-season,1641651,Jordan Horston,5.8,p
22026,1611661328,SEA,Seattle Storm,1022600179,2026-07-15,SEA @ CHI,L,30,3,11,0.273,0,5,0,0,0,NA,1,2,3,3,0,0,3,1,6,6,1,2026,regular-season,1629567,Natisha Hiedeman,11.1,p
22026,1611661328,SEA,Seattle Storm,1022600179,2026-07-15,SEA @ CHI,L,9,0,1,0,0,1,0,0,0,NA,2,4,6,2,1,0,1,0,0,0,1,2026,regular-season,203828,Stefanie Dolson,12.2,p
22026,1611661329,CHI,Chicago Sky,1022600179,2026-07-15,CHI vs. SEA,W,25,7,15,0.467,1,6,0.167,2,3,0.667,1,4,5,0,1,0,2,4,17,0,1,2026,regular-season,1642321,Sydney Taylor,24,p
22026,1611661329,CHI,Chicago Sky,1022600179,2026-07-15,CHI vs. SEA,W,33,8,16,0.5,3,6,0.5,1,2,0.5,0,8,8,4,0,0,3,4,20,2,1,2026,regular-season,1628922,Azura Stevens,32.6,p
22026,1611661329,CHI,Chicago Sky,1022600179,2026-07-15,CHI vs. SEA,W,10,2,4,0.5,2,3,0.667,0,0,NA,0,2,2,1,0,0,1,0,6,5,1,2026,regular-season,1627671,Rachel Banham,8.9,p
22026,1611661329,CHI,Chicago Sky,1022600179,2026-07-15,CHI vs. SEA,W,30,3,5,0.6,2,3,0.667,5,6,0.833,0,2,2,6,4,1,4,1,13,0,1,2026,regular-season,204333,Natasha Cloud,35.4,p
22026,1611661329,CHI,Chicago Sky,1022600179,2026-07-15,CHI vs. SEA,W,28,2,6,0.333,0,0,NA,1,2,0.5,4,3,7,4,2,3,1,3,5,-6,1,2026,regular-season,204322,Elizabeth Williams,33.4,p
22026,1611661328,SEA,Seattle Storm,1022600179,2026-07-15,SEA @ CHI,L,31,6,15,0.4,2,6,0.333,0,0,NA,1,6,7,3,1,2,2,3,14,-5,1,2026,regular-season,1643443,Awa Fam,33.9,p
22026,1611661328,SEA,Seattle Storm,1022600179,2026-07-15,SEA @ CHI,L,31,11,17,0.647,1,5,0.2,2,3,0.667,1,5,6,4,3,1,3,1,25,-3,1,2026,regular-season,1643428,Flau'jae Johnson,47.2,p
22026,1611661328,SEA,Seattle Storm,1022600179,2026-07-15,SEA @ CHI,L,29,6,16,0.375,0,3,0,4,9,0.444,7,5,12,4,2,1,2,4,16,-10,1,2026,regular-season,1642798,Dominique Malonga,43.4,p
22026,1611661328,SEA,Seattle Storm,1022600179,2026-07-15,SEA @ CHI,L,26,4,7,0.571,0,1,0,3,4,0.75,0,3,3,5,1,0,2,4,11,2,1,2026,regular-season,1631141,Jade Melbourne,23.1,p
22026,1611661328,SEA,Seattle Storm,1022600179,2026-07-15,SEA @ CHI,L,20,4,4,1,1,1,1,2,3,0.667,2,1,3,0,2,0,0,2,11,-9,1,2026,regular-season,1629478,Katie Lou Samuelson,20.6,p
22026,1611661324,MIN,Minnesota Lynx,1022600180,2026-07-15,MIN vs. LAS,W,7,0,1,0,0,0,NA,0,0,NA,0,0,0,1,0,0,2,2,0,4,1,2026,regular-season,1643490,Eliska Hamzova,-0.5,p
22026,1611661324,MIN,Minnesota Lynx,1022600180,2026-07-15,MIN vs. LAS,W,14,2,3,0.667,1,2,0.5,0,0,NA,0,0,0,1,1,0,0,1,5,12,1,2026,regular-season,1643489,Antonia Delaere,9.5,p
22026,1611661324,MIN,Minnesota Lynx,1022600180,2026-07-15,MIN vs. LAS,W,26,7,14,0.5,1,4,0.25,3,4,0.75,1,3,4,5,3,0,0,3,18,-1,1,2026,regular-season,1643426,Olivia Miles,39.3,p
22026,1611661324,MIN,Minnesota Lynx,1022600180,2026-07-15,MIN vs. LAS,W,3,0,0,NA,0,0,NA,0,0,NA,0,0,0,0,0,0,0,2,0,-5,1,2026,regular-season,1642820,Liatu King,0,p
22026,1611661324,MIN,Minnesota Lynx,1022600180,2026-07-15,MIN vs. LAS,W,17,1,3,0.333,0,0,NA,7,8,0.875,2,1,3,1,2,0,2,3,9,17,1,2026,regular-season,1642797,Anastasiia Olairi Kosu,18.1,p
22026,1611661324,MIN,Minnesota Lynx,1022600180,2026-07-15,MIN vs. LAS,W,7,1,4,0.25,1,3,0.333,0,0,NA,0,0,0,0,1,1,0,1,3,2,1,2026,regular-season,1630471,Maya Caldwell,9,p
22026,1611661324,MIN,Minnesota Lynx,1022600180,2026-07-15,MIN vs. LAS,W,29,3,6,0.5,2,4,0.5,0,0,NA,1,4,5,2,1,2,1,1,8,-2,1,2026,regular-season,1628269,Nia Coffey,25,p
22026,1611661324,MIN,Minnesota Lynx,1022600180,2026-07-15,MIN vs. LAS,W,35,7,13,0.538,1,4,0.25,4,5,0.8,0,2,2,4,1,0,3,1,19,-3,1,2026,regular-season,1627675,Courtney Williams,27.4,p
22026,1611661324,MIN,Minnesota Lynx,1022600180,2026-07-15,MIN vs. LAS,W,32,5,8,0.625,0,0,NA,0,0,NA,3,7,10,6,3,1,2,2,10,8,1,2026,regular-season,203827,Natasha Howard,41,p
22026,1611661324,MIN,Minnesota Lynx,1022600180,2026-07-15,MIN vs. LAS,W,31,8,16,0.5,2,8,0.25,6,7,0.857,0,1,1,1,1,0,1,1,24,13,1,2026,regular-season,203825,Kayla McBride,28.7,p
22026,1611661320,LAS,Los Angeles Sparks,1022600180,2026-07-15,LAS @ MIN,L,3,0,0,NA,0,0,NA,0,0,NA,0,0,0,0,0,0,0,1,0,-9,1,2026,regular-season,1643462,Chance Gray,0,p
22026,1611661320,LAS,Los Angeles Sparks,1022600180,2026-07-15,LAS @ MIN,L,15,3,5,0.6,1,3,0.333,3,4,0.75,0,1,1,0,1,0,2,1,10,-8,1,2026,regular-season,1642287,Cameron Brink,12.2,p
22026,1611661320,LAS,Los Angeles Sparks,1022600180,2026-07-15,LAS @ MIN,L,33,8,14,0.571,2,5,0.4,6,6,1,0,4,4,2,1,1,3,0,24,-4,1,2026,regular-season,1630996,Rae Burrell,34.8,p
22026,1611661320,LAS,Los Angeles Sparks,1022600180,2026-07-15,LAS @ MIN,L,11,0,0,NA,0,0,NA,1,2,0.5,0,0,0,1,1,0,3,3,1,-8,1,2026,regular-season,1630461,Kiana Williams,2.5,p
22026,1611661320,LAS,Los Angeles Sparks,1022600180,2026-07-15,LAS @ MIN,L,8,0,1,0,0,1,0,1,2,0.5,1,1,2,1,0,0,0,1,1,-1,1,2026,regular-season,1630148,Jihyun Park,4.9,p
22026,1611661320,LAS,Los Angeles Sparks,1022600180,2026-07-15,LAS @ MIN,L,35,3,11,0.273,2,7,0.286,0,0,NA,0,2,2,6,1,0,2,4,8,-2,1,2026,regular-season,1628878,Ariel Atkins,20.4,p
22026,1611661320,LAS,Los Angeles Sparks,1022600180,2026-07-15,LAS @ MIN,L,30,3,8,0.375,2,6,0.333,2,2,1,1,1,2,6,0,0,4,2,10,-3,1,2026,regular-season,204365,Erica Wheeler,17.4,p
22026,1611661320,LAS,Los Angeles Sparks,1022600180,2026-07-15,LAS @ MIN,L,32,4,10,0.4,0,2,0,2,2,1,1,7,8,1,1,0,3,4,10,3,1,2026,regular-season,204324,Dearica Hamby,21.1,p
22026,1611661320,LAS,Los Angeles Sparks,1022600180,2026-07-15,LAS @ MIN,L,33,10,16,0.625,2,4,0.5,1,1,1,2,10,12,5,1,0,0,1,23,-13,1,2026,regular-season,203014,Nneka Ogwumike,47.9,p
22026,1611661331,GSV,Golden State Valkyries,1022600181,2026-07-15,GSV @ IND,W,10,5,5,1,0,0,NA,4,5,0.8,0,0,0,3,1,0,1,0,14,1,1,2026,regular-season,1642822,Kaitlyn Chen,20.5,p
22026,1611661331,GSV,Golden State Valkyries,1022600181,2026-07-15,GSV @ IND,W,22,4,7,0.571,2,4,0.5,2,2,1,0,2,2,2,1,0,0,3,12,4,1,2026,regular-season,1642767,Janelle Salaun,20.4,p
22026,1611661331,GSV,Golden State Valkyries,1022600181,2026-07-15,GSV @ IND,W,4,1,1,1,0,0,NA,0,0,NA,0,0,0,1,0,0,1,0,2,-3,1,2026,regular-season,1641656,Laeticia Amihere,2.5,p
22026,1611661331,GSV,Golden State Valkyries,1022600181,2026-07-15,GSV @ IND,W,30,1,4,0.25,0,1,0,2,2,1,2,3,5,4,3,0,3,2,4,12,1,2026,regular-season,1631007,Veronica Burton,22,p
22026,1611661331,GSV,Golden State Valkyries,1022600181,2026-07-15,GSV @ IND,W,13,1,2,0.5,0,0,NA,0,0,NA,0,1,1,1,1,0,0,2,2,4,1,2026,regular-season,1630097,Kaila Charles,7.7,p
22026,1611661331,GSV,Golden State Valkyries,1022600181,2026-07-15,GSV @ IND,W,27,6,12,0.5,2,5,0.4,2,4,0.5,1,2,3,1,3,1,5,1,16,9,1,2026,regular-season,1628931,Gabby Williams,28.1,p
22026,1611661331,GSV,Golden State Valkyries,1022600181,2026-07-15,GSV @ IND,W,18,4,8,0.5,2,5,0.4,0,0,NA,0,2,2,0,0,1,0,1,10,2,1,2026,regular-season,1628508,Cecilia Zandalasini,15.4,p
22026,1611661331,GSV,Golden State Valkyries,1022600181,2026-07-15,GSV @ IND,W,23,2,7,0.286,0,4,0,0,0,NA,0,7,7,1,0,2,0,2,4,4,1,2026,regular-season,204329,Kiah Stokes,19.9,p
22026,1611661331,GSV,Golden State Valkyries,1022600181,2026-07-15,GSV @ IND,W,31,3,8,0.375,2,5,0.4,3,3,1,2,6,8,1,0,0,1,2,11,21,1,2026,regular-season,203866,Kayla Thornton,21.1,p
22026,1611661331,GSV,Golden State Valkyries,1022600181,2026-07-15,GSV @ IND,W,22,3,4,0.75,0,0,NA,7,7,1,1,1,2,2,0,0,3,3,13,11,1,2026,regular-season,203026,Tiffany Hayes,15.4,p
22026,1611661325,IND,Indiana Fever,1022600181,2026-07-15,IND vs. GSV,L,1,0,0,NA,0,0,NA,0,0,NA,0,0,0,0,0,0,0,0,0,-2,1,2026,regular-season,1643453,Grace VanSlooten,0,p
22026,1611661325,IND,Indiana Fever,1022600181,2026-07-15,IND vs. GSV,L,1,0,1,0,0,0,NA,0,0,NA,0,0,0,0,0,0,0,0,0,-2,1,2026,regular-season,1643433,Raven Johnson,0,p
22026,1611661325,IND,Indiana Fever,1022600181,2026-07-15,IND vs. GSV,L,19,3,4,0.75,0,0,NA,0,0,NA,1,4,5,0,0,0,1,1,6,-14,1,2026,regular-season,1642815,Makayla Timpson,11,p
22026,1611661325,IND,Indiana Fever,1022600181,2026-07-15,IND vs. GSV,L,26,4,14,0.286,1,8,0.125,4,5,0.8,2,1,3,6,1,1,4,0,13,-8,1,2026,regular-season,1642286,Caitlin Clark,27.6,p
22026,1611661325,IND,Indiana Fever,1022600181,2026-07-15,IND vs. GSV,L,25,6,11,0.545,2,3,0.667,1,2,0.5,2,5,7,1,2,0,3,4,15,1,1,2026,regular-season,1641648,Aliyah Boston,27.9,p
22026,1611661325,IND,Indiana Fever,1022600181,2026-07-15,IND vs. GSV,L,22,1,4,0.25,0,1,0,0,0,NA,1,0,1,0,0,1,1,3,2,-9,1,2026,regular-season,1631086,Lexie Hull,5.2,p
22026,1611661325,IND,Indiana Fever,1022600181,2026-07-15,IND vs. GSV,L,19,2,5,0.4,1,4,0.25,0,0,NA,0,2,2,1,0,0,2,4,5,-11,1,2026,regular-season,1630112,Tyasha Harris,6.9,p
22026,1611661325,IND,Indiana Fever,1022600181,2026-07-15,IND vs. GSV,L,27,3,7,0.429,2,4,0.5,2,2,1,1,1,2,0,4,0,2,2,10,-4,1,2026,regular-season,1629482,Sophie Cunningham,22.4,p
22026,1611661325,IND,Indiana Fever,1022600181,2026-07-15,IND vs. GSV,L,35,7,16,0.438,3,5,0.6,3,3,1,1,0,1,4,1,0,2,4,20,-5,1,2026,regular-season,1628909,Kelsey Mitchell,28.2,p
22026,1611661325,IND,Indiana Fever,1022600181,2026-07-15,IND vs. GSV,L,26,1,5,0.2,0,0,NA,2,4,0.5,2,3,5,2,0,0,0,1,4,-11,1,2026,regular-season,1628881,Monique Billings,13,p
22026,1611661327,PDX,Portland Fire,1022600182,2026-07-16,PDX @ WAS,W,17,4,12,0.333,1,5,0.2,0,0,NA,1,0,1,2,0,0,3,5,9,1,1,2026,regular-season,1643506,Teja Oblak,10.2,p
22026,1611661327,PDX,Portland Fire,1022600182,2026-07-16,PDX @ WAS,W,24,4,7,0.571,2,3,0.667,0,1,0,2,5,7,2,4,0,1,2,10,7,1,2026,regular-season,1642782,Sarah Ashlee Barker,32.4,p
22026,1611661322,WAS,Washington Mystics,1022600182,2026-07-16,WAS vs. PDX,L,17,1,4,0.25,1,3,0.333,0,0,NA,1,1,2,0,0,0,2,0,3,-2,1,2026,regular-season,1643467,Cassandre Prosper,3.4,p
22026,1611661322,WAS,Washington Mystics,1022600182,2026-07-16,WAS vs. PDX,L,3,1,1,1,0,0,NA,0,0,NA,0,0,0,0,0,0,0,1,2,-1,1,2026,regular-season,1643450,Rori Harmon,2,p
22026,1611661322,WAS,Washington Mystics,1022600182,2026-07-16,WAS vs. PDX,L,12,0,3,0,0,1,0,1,4,0.25,2,2,4,0,1,0,1,1,1,-7,1,2026,regular-season,1643430,Cotie McMahon,7.8,p
22026,1611661322,WAS,Washington Mystics,1022600182,2026-07-16,WAS vs. PDX,L,12,3,6,0.5,0,0,NA,0,0,NA,2,2,4,0,1,0,0,2,6,3,1,2026,regular-season,1643427,Lauren Betts,13.8,p
22026,1611661322,WAS,Washington Mystics,1022600182,2026-07-16,WAS vs. PDX,L,3,0,1,0,0,1,0,0,0,NA,0,1,1,0,0,0,0,0,0,-1,1,2026,regular-season,1642802,Lucy Olsen,1.2,p
22026,1611661322,WAS,Washington Mystics,1022600182,2026-07-16,WAS vs. PDX,L,16,1,3,0.333,0,1,0,1,2,0.5,0,1,1,2,0,0,4,3,3,-19,1,2026,regular-season,1642781,Georgia Amoore,3.2,p
22026,1611661327,PDX,Portland Fire,1022600182,2026-07-16,PDX @ WAS,W,25,5,6,0.833,0,0,NA,2,2,1,1,4,5,1,1,1,1,2,12,17,1,2026,regular-season,1643436,Serah Williams,24.5,p
22026,1611661327,PDX,Portland Fire,1022600182,2026-07-16,PDX @ WAS,W,23,5,12,0.417,0,4,0,4,4,1,0,1,1,5,1,0,0,1,14,18,1,2026,regular-season,1642304,Carla Leite,25.7,p
22026,1611661327,PDX,Portland Fire,1022600182,2026-07-16,PDX @ WAS,W,14,0,1,0,0,1,0,0,0,NA,0,2,2,0,1,0,0,3,0,-1,1,2026,regular-season,1642296,Nyadiew Puoch,5.4,p
22026,1611661327,PDX,Portland Fire,1022600182,2026-07-16,PDX @ WAS,W,3,1,2,0.5,1,2,0.5,0,0,NA,0,0,0,0,0,0,0,0,3,1,1,2026,regular-season,1641683,Holly Winterburn,3,p
22026,1611661327,PDX,Portland Fire,1022600182,2026-07-16,PDX @ WAS,W,15,0,3,0,0,3,0,1,2,0.5,0,2,2,0,0,0,0,3,1,2,1,2026,regular-season,1630143,Luisa Geiselsoder,3.4,p
22026,1611661327,PDX,Portland Fire,1022600182,2026-07-16,PDX @ WAS,W,26,2,6,0.333,2,6,0.333,0,0,NA,0,3,3,3,1,0,0,3,6,20,1,2026,regular-season,1629524,Bridget Carleton,17.1,p
22026,1611661327,PDX,Portland Fire,1022600182,2026-07-16,PDX @ WAS,W,13,1,4,0.25,1,4,0.25,0,0,NA,0,1,1,1,0,0,2,0,3,11,1,2026,regular-season,1628317,Karlie Samuelson,3.7,p
22026,1611661322,WAS,Washington Mystics,1022600182,2026-07-16,WAS vs. PDX,L,18,2,4,0.5,0,1,0,1,2,0.5,2,2,4,1,0,0,2,1,5,1,1,2026,regular-season,1643644,Alicia Florez,9.3,p
22026,1611661322,WAS,Washington Mystics,1022600182,2026-07-16,WAS vs. PDX,L,8,0,1,0,0,1,0,2,2,1,1,2,3,0,0,1,1,1,2,-5,1,2026,regular-season,1643455,Angela Dugalic,7.6,p
22026,1611661322,WAS,Washington Mystics,1022600182,2026-07-16,WAS vs. PDX,L,24,1,8,0.125,0,2,0,0,0,NA,4,1,5,0,1,1,3,2,2,-21,1,2026,regular-season,1642792,Kiki Iriafen,11,p
22026,1611661322,WAS,Washington Mystics,1022600182,2026-07-16,WAS vs. PDX,L,29,2,8,0.25,0,5,0,4,4,1,1,5,6,3,0,0,2,1,8,-15,1,2026,regular-season,1642785,Sonia Citron,17.7,p
22026,1611661322,WAS,Washington Mystics,1022600182,2026-07-16,WAS vs. PDX,L,33,6,15,0.4,0,2,0,7,9,0.778,2,7,9,4,0,2,3,1,19,-14,1,2026,regular-season,1631022,Shakira Austin,38.8,p
22026,1611661322,WAS,Washington Mystics,1022600182,2026-07-16,WAS vs. PDX,L,26,2,10,0.2,1,4,0.25,0,0,NA,4,2,6,1,1,0,1,2,5,-14,1,2026,regular-season,1630446,Michaela Onyenwere,15.7,p
22026,1611661327,PDX,Portland Fire,1022600182,2026-07-16,PDX @ WAS,W,18,3,7,0.429,3,5,0.6,0,0,NA,2,3,5,1,0,1,2,2,9,12,1,2026,regular-season,1643494,Frieda Buhner,17.5,p
22026,1611661327,PDX,Portland Fire,1022600182,2026-07-16,PDX @ WAS,W,22,4,7,0.571,0,3,0,0,0,NA,2,1,3,5,2,0,2,5,8,7,1,2026,regular-season,1631083,Emily Engstler,23.1,p
22026,1611661329,CHI,Chicago Sky,1022600186,2026-07-17,CHI vs. LAS,W,14,3,9,0.333,2,4,0.5,0,0,NA,1,3,4,2,0,0,1,0,8,-4,1,2026,regular-season,1643447,Gabriela Jaquez,14.8,p
22026,1611661329,CHI,Chicago Sky,1022600186,2026-07-17,CHI vs. LAS,W,3,1,2,0.5,0,1,0,0,0,NA,0,2,2,0,0,0,0,0,2,9,1,2026,regular-season,1642786,Aicha Coulibaly,4.4,p
22026,1611661329,CHI,Chicago Sky,1022600186,2026-07-17,CHI vs. LAS,W,26,6,10,0.6,4,7,0.571,3,4,0.75,0,1,1,2,0,0,1,3,19,20,1,2026,regular-season,1642321,Sydney Taylor,22.2,p
22026,1611661329,CHI,Chicago Sky,1022600186,2026-07-17,CHI vs. LAS,W,28,6,12,0.5,1,5,0.2,1,1,1,3,0,3,2,0,0,0,2,14,20,1,2026,regular-season,1642292,Jacy Sheldon,20.6,p
22026,1611661329,CHI,Chicago Sky,1022600186,2026-07-17,CHI vs. LAS,W,24,6,8,0.75,0,0,NA,1,2,0.5,3,8,11,3,0,2,2,3,13,15,1,2026,regular-season,1642289,Kamilla Cardoso,34.7,p
22026,1611661329,CHI,Chicago Sky,1022600186,2026-07-17,CHI vs. LAS,W,9,0,1,0,0,1,0,0,0,NA,0,0,0,0,1,0,2,3,0,-5,1,2026,regular-season,1631064,Chloe Bibby,1,p
22026,1611661329,CHI,Chicago Sky,1022600186,2026-07-17,CHI vs. LAS,W,28,5,12,0.417,0,3,0,2,5,0.4,0,6,6,5,3,0,1,2,12,10,1,2026,regular-season,1628922,Azura Stevens,34.7,p
22026,1611661329,CHI,Chicago Sky,1022600186,2026-07-17,CHI vs. LAS,W,5,0,1,0,0,1,0,0,0,NA,0,0,0,3,0,0,0,0,0,9,1,2026,regular-season,1627671,Rachel Banham,4.5,p
22026,1611661329,CHI,Chicago Sky,1022600186,2026-07-17,CHI vs. LAS,W,32,5,10,0.5,3,6,0.5,2,2,1,0,6,6,9,0,0,0,2,15,11,1,2026,regular-season,204333,Natasha Cloud,35.7,p
22026,1611661329,CHI,Chicago Sky,1022600186,2026-07-17,CHI vs. LAS,W,16,2,6,0.333,0,0,NA,0,0,NA,1,0,1,0,0,1,1,2,4,-1,1,2026,regular-season,204322,Elizabeth Williams,7.2,p
22026,1611661329,CHI,Chicago Sky,1022600186,2026-07-17,CHI vs. LAS,W,15,3,9,0.333,1,4,0.25,2,2,1,0,0,0,1,1,0,1,5,9,-14,1,2026,regular-season,202664,Courtney Vandersloot,12.5,p
22026,1611661320,LAS,Los Angeles Sparks,1022600186,2026-07-17,LAS @ CHI,L,15,1,3,0.333,1,2,0.5,0,0,NA,0,0,0,2,0,0,1,1,3,2,1,2026,regular-season,1643462,Chance Gray,5,p
22026,1611661320,LAS,Los Angeles Sparks,1022600186,2026-07-17,LAS @ CHI,L,1,0,0,NA,0,0,NA,0,0,NA,0,0,0,0,0,0,0,0,0,2,1,2026,regular-season,1642324,Kate Martin,0,p
22026,1611661320,LAS,Los Angeles Sparks,1022600186,2026-07-17,LAS @ CHI,L,19,2,6,0.333,1,4,0.25,4,4,1,2,4,6,0,0,2,4,5,9,-4,1,2026,regular-season,1642287,Cameron Brink,18.2,p
22026,1611661320,LAS,Los Angeles Sparks,1022600186,2026-07-17,LAS @ CHI,L,31,3,7,0.429,0,1,0,3,5,0.6,0,1,1,5,1,0,2,0,9,-21,1,2026,regular-season,1630996,Rae Burrell,18.7,p
22026,1611661320,LAS,Los Angeles Sparks,1022600186,2026-07-17,LAS @ CHI,L,8,1,1,1,0,0,NA,0,0,NA,0,1,1,0,0,0,1,1,2,-9,1,2026,regular-season,1630148,Jihyun Park,2.2,p
22026,1611661320,LAS,Los Angeles Sparks,1022600186,2026-07-17,LAS @ CHI,L,34,3,11,0.273,1,6,0.167,2,2,1,0,4,4,3,0,1,3,2,9,-1,1,2026,regular-season,1628878,Ariel Atkins,18.3,p
22026,1611661320,LAS,Los Angeles Sparks,1022600186,2026-07-17,LAS @ CHI,L,2,0,0,NA,0,0,NA,0,0,NA,0,0,0,0,0,0,0,1,0,-8,1,2026,regular-season,1628242,Emma Cannon,0,p
22026,1611661320,LAS,Los Angeles Sparks,1022600186,2026-07-17,LAS @ CHI,L,32,5,12,0.417,1,7,0.143,3,4,0.75,0,4,4,4,0,0,2,3,14,-13,1,2026,regular-season,204365,Erica Wheeler,22.8,p
22026,1611661320,LAS,Los Angeles Sparks,1022600186,2026-07-17,LAS @ CHI,L,26,6,10,0.6,0,1,0,6,8,0.75,2,4,6,2,2,1,3,3,18,-1,1,2026,regular-season,204324,Dearica Hamby,34.2,p
22026,1611661320,LAS,Los Angeles Sparks,1022600186,2026-07-17,LAS @ CHI,L,31,8,15,0.533,2,5,0.4,0,0,NA,2,10,12,4,1,1,1,1,18,-17,1,2026,regular-season,203014,Nneka Ogwumike,43.4,p
22026,1611661332,TOR,Toronto Tempo,1022600185,2026-07-17,TOR vs. ATL,L,3,0,0,NA,0,0,NA,0,0,NA,0,0,0,1,0,0,1,0,0,0,1,2026,regular-season,1643647,Tima Pouye,0.5,p
22026,1611661332,TOR,Toronto Tempo,1022600185,2026-07-17,TOR vs. ATL,L,1,0,0,NA,0,0,NA,0,0,NA,0,0,0,0,0,0,0,0,0,-1,1,2026,regular-season,1643457,Teonni Key,0,p
22026,1611661332,TOR,Toronto Tempo,1022600185,2026-07-17,TOR vs. ATL,L,28,4,8,0.5,0,1,0,0,0,NA,1,3,4,0,0,1,4,2,8,-13,1,2026,regular-season,1643420,Laura Juskaite,11.8,p
22026,1611661332,TOR,Toronto Tempo,1022600185,2026-07-17,TOR vs. ATL,L,21,7,10,0.7,2,2,1,0,0,NA,0,1,1,2,0,0,2,3,16,-13,1,2026,regular-season,1631055,Nyara Sabally,18.2,p
22026,1611661332,TOR,Toronto Tempo,1022600185,2026-07-17,TOR vs. ATL,L,18,1,2,0.5,1,1,1,3,3,1,0,0,0,1,1,0,0,1,6,-8,1,2026,regular-season,1628915,Kia Nurse,10.5,p
22026,1611661332,TOR,Toronto Tempo,1022600185,2026-07-17,TOR vs. ATL,L,1,0,0,NA,0,0,NA,0,0,NA,0,0,0,0,0,0,0,0,0,-1,1,2026,regular-season,203405,Kayla Alexander,0,p
22026,1611661330,ATL,Atlanta Dream,1022600185,2026-07-17,ATL @ TOR,W,4,1,1,1,0,0,NA,0,0,NA,1,0,1,0,0,0,1,1,2,-7,1,2026,regular-season,1643431,Madina Okot,2.2,p
22026,1611661330,ATL,Atlanta Dream,1022600185,2026-07-17,ATL @ TOR,W,1,0,0,NA,0,0,NA,0,0,NA,0,0,0,0,0,0,0,0,0,1,1,2026,regular-season,1642801,Aaliyah Nye,0,p
22026,1611661330,ATL,Atlanta Dream,1022600185,2026-07-17,ATL @ TOR,W,33,7,11,0.636,0,2,0,9,11,0.818,3,9,12,2,3,0,5,5,23,17,1,2026,regular-season,1642291,Angel Reese,44.4,p
22026,1611661330,ATL,Atlanta Dream,1022600185,2026-07-17,ATL @ TOR,W,25,8,8,1,4,4,1,4,4,1,0,1,1,0,0,0,2,3,24,5,1,2026,regular-season,1631044,Naz Hillmon,23.2,p
22026,1611661330,ATL,Atlanta Dream,1022600185,2026-07-17,ATL @ TOR,W,1,0,0,NA,0,0,NA,0,0,NA,0,0,0,0,0,0,0,0,0,1,1,2026,regular-season,1631021,Sika Kone,0,p
22026,1611661330,ATL,Atlanta Dream,1022600185,2026-07-17,ATL @ TOR,W,1,0,0,NA,0,0,NA,0,0,NA,0,0,0,0,0,0,0,0,0,1,1,2026,regular-season,1628278,Shatori Walker-Kimbrough,0,p
22026,1611661330,ATL,Atlanta Dream,1022600185,2026-07-17,ATL @ TOR,W,30,8,12,0.667,2,5,0.4,0,0,NA,2,1,3,2,1,0,0,3,18,16,1,2026,regular-season,1628277,Allisha Gray,27.6,p
22026,1611661328,SEA,Seattle Storm,1022600184,2026-07-17,SEA @ IND,L,31,5,6,0.833,4,5,0.8,2,2,1,3,6,9,4,1,2,0,5,16,4,1,2026,regular-season,1643443,Awa Fam,41.8,p
22026,1611661328,SEA,Seattle Storm,1022600184,2026-07-17,SEA @ IND,L,31,7,16,0.438,0,2,0,2,2,1,4,2,6,6,3,1,2,3,16,4,1,2026,regular-season,1643428,Flau'jae Johnson,42.2,p
22026,1611661328,SEA,Seattle Storm,1022600184,2026-07-17,SEA @ IND,L,29,13,22,0.591,1,3,0.333,1,2,0.5,5,9,14,2,0,0,6,2,28,-13,1,2026,regular-season,1642798,Dominique Malonga,41.8,p
22026,1611661328,SEA,Seattle Storm,1022600184,2026-07-17,SEA @ IND,L,8,1,2,0.5,1,2,0.5,2,2,1,0,0,0,1,1,0,0,2,5,-9,1,2026,regular-season,1641660,Zia Cooke,9.5,p
22026,1611661328,SEA,Seattle Storm,1022600184,2026-07-17,SEA @ IND,L,20,1,2,0.5,0,0,NA,0,0,NA,0,2,2,1,0,0,2,4,2,10,1,2026,regular-season,1641651,Jordan Horston,3.9,p
22026,1611661328,SEA,Seattle Storm,1022600184,2026-07-17,SEA @ IND,L,30,7,13,0.538,0,2,0,1,2,0.5,1,0,1,5,1,0,3,4,15,-11,1,2026,regular-season,1631141,Jade Melbourne,23.7,p
22026,1611661328,SEA,Seattle Storm,1022600184,2026-07-17,SEA @ IND,L,30,6,11,0.545,1,5,0.2,2,3,0.667,0,2,2,8,1,0,3,2,15,2,1,2026,regular-season,1629567,Natisha Hiedeman,29.4,p
22026,1611661328,SEA,Seattle Storm,1022600184,2026-07-17,SEA @ IND,L,19,3,4,0.75,1,2,0.5,1,1,1,0,1,1,0,0,0,1,2,8,1,1,2026,regular-season,1629478,Katie Lou Samuelson,8.2,p
22026,1611661328,SEA,Seattle Storm,1022600184,2026-07-17,SEA @ IND,L,3,0,0,NA,0,0,NA,2,4,0.5,0,0,0,0,1,0,0,0,2,-3,1,2026,regular-season,203828,Stefanie Dolson,5,p
22026,1611661325,IND,Indiana Fever,1022600184,2026-07-17,IND vs. SEA,W,3,0,3,0,0,0,NA,0,0,NA,0,0,0,0,0,0,0,0,0,-6,1,2026,regular-season,1643433,Raven Johnson,0,p
22026,1611661325,IND,Indiana Fever,1022600184,2026-07-17,IND vs. SEA,W,32,3,6,0.5,0,0,NA,2,2,1,8,1,9,2,2,0,3,3,8,-9,1,2026,regular-season,1642815,Makayla Timpson,24.8,p
22026,1611661325,IND,Indiana Fever,1022600184,2026-07-17,IND vs. SEA,W,29,11,18,0.611,6,10,0.6,17,19,0.895,0,2,2,10,4,2,4,4,45,16,1,2026,regular-season,1642286,Caitlin Clark,76.4,p
22026,1611661325,IND,Indiana Fever,1022600184,2026-07-17,IND vs. SEA,W,14,0,1,0,0,0,NA,2,2,1,2,0,2,1,3,0,3,4,2,-1,1,2026,regular-season,1631086,Lexie Hull,11.9,p
22026,1611661325,IND,Indiana Fever,1022600184,2026-07-17,IND vs. SEA,W,14,2,5,0.4,1,2,0.5,0,0,NA,0,0,0,3,0,0,0,0,5,-2,1,2026,regular-season,1630112,Tyasha Harris,9.5,p
22026,1611661325,IND,Indiana Fever,1022600184,2026-07-17,IND vs. SEA,W,27,1,4,0.25,0,3,0,0,0,NA,1,1,2,0,0,0,0,1,2,3,1,2026,regular-season,1629482,Sophie Cunningham,4.4,p
22026,1611661325,IND,Indiana Fever,1022600184,2026-07-17,IND vs. SEA,W,34,13,25,0.52,3,8,0.375,1,1,1,0,1,1,0,0,0,1,2,30,1,1,2026,regular-season,1628909,Kelsey Mitchell,30.2,p
22026,1611661325,IND,Indiana Fever,1022600184,2026-07-17,IND vs. SEA,W,9,1,2,0.5,0,0,NA,0,0,NA,1,2,3,2,1,0,1,1,2,-1,1,2026,regular-season,1628899,Myisha Hines-Allen,10.6,p
22026,1611661325,IND,Indiana Fever,1022600184,2026-07-17,IND vs. SEA,W,31,5,7,0.714,0,0,NA,6,7,0.857,0,5,5,3,2,1,0,2,16,14,1,2026,regular-season,1628881,Monique Billings,35.5,p
22026,1611661325,IND,Indiana Fever,1022600184,2026-07-17,IND vs. SEA,W,8,0,1,0,0,0,NA,0,0,NA,1,1,2,0,0,0,0,0,0,0,1,2026,regular-season,203024,Damiris Dantas,2.4,p
22026,1611661332,TOR,Toronto Tempo,1022600185,2026-07-17,TOR vs. ATL,L,31,2,8,0.25,1,5,0.2,8,9,0.889,2,2,4,5,0,0,0,2,13,-22,1,2026,regular-season,1629576,Maria Conde,25.3,p
22026,1611661332,TOR,Toronto Tempo,1022600185,2026-07-17,TOR vs. ATL,L,31,7,12,0.583,3,6,0.5,9,9,1,0,4,4,3,1,0,5,5,26,-19,1,2026,regular-season,1629497,Marina Mabrey,33.3,p
22026,1611661332,TOR,Toronto Tempo,1022600185,2026-07-17,TOR vs. ATL,L,15,2,3,0.667,0,1,0,0,0,NA,0,1,1,1,0,1,2,6,4,-6,1,2026,regular-season,1627701,Temi Fagbenle,7.7,p
22026,1611661332,TOR,Toronto Tempo,1022600185,2026-07-17,TOR vs. ATL,L,32,3,5,0.6,3,4,0.75,0,0,NA,0,5,5,6,1,1,3,3,9,-9,1,2026,regular-season,1627700,Julie Allemand,27,p
22026,1611661332,TOR,Toronto Tempo,1022600185,2026-07-17,TOR vs. ATL,L,21,4,8,0.5,0,1,0,2,4,0.5,1,2,3,0,0,0,3,1,10,-3,1,2026,regular-season,204330,Isabelle Harrison,10.6,p
22026,1611661330,ATL,Atlanta Dream,1022600185,2026-07-17,ATL @ TOR,W,19,3,8,0.375,2,5,0.4,2,2,1,0,1,1,0,0,1,1,2,10,6,1,2026,regular-season,1642302,Isobel Borlase,13.2,p
22026,1611661330,ATL,Atlanta Dream,1022600185,2026-07-17,ATL @ TOR,W,31,4,13,0.308,0,7,0,2,3,0.667,2,2,4,5,1,0,1,5,10,19,1,2026,regular-season,1631009,Rhyne Howard,24.3,p
22026,1611661330,ATL,Atlanta Dream,1022600185,2026-07-17,ATL @ TOR,W,7,0,2,0,0,1,0,0,0,NA,0,0,0,2,2,0,0,1,0,-8,1,2026,regular-season,1642320,Jaylyn Sherrod,9,p
22026,1611661330,ATL,Atlanta Dream,1022600185,2026-07-17,ATL @ TOR,W,33,6,12,0.5,1,4,0.25,5,6,0.833,0,0,0,13,3,0,0,3,18,27,1,2026,regular-season,1628886,Jordin Canada,46.5,p
22026,1611661330,ATL,Atlanta Dream,1022600185,2026-07-17,ATL @ TOR,W,15,2,4,0.5,0,0,NA,2,2,1,3,3,6,4,1,0,0,3,6,17,1,2026,regular-season,1628280,Brionna Jones,22.2,p
22026,1611661323,CON,Connecticut Sun,1022600187,2026-07-17,CON @ PHX,W,29,2,8,0.25,0,2,0,0,0,NA,0,4,4,7,1,0,2,3,4,7,1,2026,regular-season,1643449,Charlisse Leger-Walker,20.3,p
22026,1611661323,CON,Connecticut Sun,1022600187,2026-07-17,CON @ PHX,W,3,0,1,0,0,1,0,0,0,NA,0,0,0,0,0,0,0,0,0,-2,1,2026,regular-season,1643448,Nell Angloma,0,p
22026,1611661323,CON,Connecticut Sun,1022600187,2026-07-17,CON @ PHX,W,3,0,0,NA,0,0,NA,4,4,1,1,0,1,0,0,0,0,2,4,-5,1,2026,regular-season,1643441,Raegan Beers,5.2,p
22026,1611661323,CON,Connecticut Sun,1022600187,2026-07-17,CON @ PHX,W,3,0,0,NA,0,0,NA,2,2,1,0,1,1,0,0,0,0,1,2,-5,1,2026,regular-season,1643429,Gianna Kneepkens,3.2,p
22026,1611661323,CON,Connecticut Sun,1022600187,2026-07-17,CON @ PHX,W,14,3,6,0.5,0,1,0,0,0,NA,0,0,0,2,2,1,0,2,6,4,1,2026,regular-season,1642809,Saniya Rivers,18,p
22026,1611661323,CON,Connecticut Sun,1022600187,2026-07-17,CON @ PHX,W,28,10,13,0.769,1,3,0.333,5,5,1,0,4,4,5,2,1,1,2,26,15,1,2026,regular-season,1642303,Leila Lacan,46.3,p
22026,1611661323,CON,Connecticut Sun,1022600187,2026-07-17,CON @ PHX,W,24,5,7,0.714,0,0,NA,2,4,0.5,2,5,7,1,0,0,3,3,12,8,1,2026,regular-season,1642290,Aaliyah Edwards,18.9,p
22026,1611661323,CON,Connecticut Sun,1022600187,2026-07-17,CON @ PHX,W,22,4,10,0.4,2,7,0.286,1,1,1,0,1,1,0,1,1,1,3,11,16,1,2026,regular-season,1641649,Diamond Miller,17.2,p
22026,1611661323,CON,Connecticut Sun,1022600187,2026-07-17,CON @ PHX,W,21,2,3,0.667,0,0,NA,2,4,0.5,0,6,6,3,0,0,0,1,6,12,1,2026,regular-season,1631135,Olivia Nelson-Ododa,17.7,p
22026,1611661323,CON,Connecticut Sun,1022600187,2026-07-17,CON @ PHX,W,27,5,9,0.556,3,6,0.5,0,0,NA,2,2,4,2,1,1,2,3,13,7,1,2026,regular-season,1629568,Kennedy Burke,24.8,p
22026,1611661323,CON,Connecticut Sun,1022600187,2026-07-17,CON @ PHX,W,26,5,12,0.417,0,0,NA,2,3,0.667,2,4,6,4,0,1,2,1,12,8,1,2026,regular-season,203398,Brittney Griner,26.2,p
22026,1611661317,PHX,Phoenix Mercury,1022600187,2026-07-17,PHX vs. CON,L,23,2,4,0.5,2,2,1,0,0,NA,0,0,0,1,1,0,0,1,6,-2,1,2026,regular-season,1643493,Noemie Brochant,10.5,p
22026,1611661317,PHX,Phoenix Mercury,1022600187,2026-07-17,PHX vs. CON,L,7,1,2,0.5,0,0,NA,3,4,0.75,1,1,2,0,2,0,0,2,5,-2,1,2026,regular-season,1643438,Marta Suarez,13.4,p
22026,1611661317,PHX,Phoenix Mercury,1022600187,2026-07-17,PHX vs. CON,L,19,0,6,0,0,2,0,0,0,NA,1,1,2,4,0,0,2,2,0,-5,1,2026,regular-season,1642777,Monique Akoa Makani,6.4,p
22026,1611661317,PHX,Phoenix Mercury,1022600187,2026-07-17,PHX vs. CON,L,19,4,9,0.444,1,3,0.333,0,0,NA,0,0,0,4,0,0,1,1,9,-4,1,2026,regular-season,1631118,Lexi Held,14,p
22026,1611661317,PHX,Phoenix Mercury,1022600187,2026-07-17,PHX vs. CON,L,13,2,2,1,0,0,NA,0,0,NA,0,1,1,0,0,0,1,2,4,-12,1,2026,regular-season,1628244,Sami Whitcomb,4.2,p
22026,1611661317,PHX,Phoenix Mercury,1022600187,2026-07-17,PHX vs. CON,L,35,8,16,0.5,0,4,0,5,7,0.714,1,2,3,1,1,0,2,1,21,-10,1,2026,regular-season,1627674,Kahleah Copper,27.1,p
22026,1611661317,PHX,Phoenix Mercury,1022600187,2026-07-17,PHX vs. CON,L,18,2,3,0.667,1,1,1,8,8,1,0,1,1,1,0,0,2,3,13,-11,1,2026,regular-season,204468,Valeriane Ayayi,13.7,p
22026,1611661317,PHX,Phoenix Mercury,1022600187,2026-07-17,PHX vs. CON,L,36,7,12,0.583,0,0,NA,3,4,0.75,1,7,8,6,0,1,3,5,17,-10,1,2026,regular-season,203826,Alyssa Thomas,35.6,p
22026,1611661317,PHX,Phoenix Mercury,1022600187,2026-07-17,PHX vs. CON,L,30,4,11,0.364,0,3,0,0,0,NA,0,10,10,1,1,1,2,1,8,-9,1,2026,regular-season,201886,DeWanna Bonner,25.5,p
22026,1611661327,PDX,Portland Fire,1022600189,2026-07-18,PDX @ MIN,L,9,2,4,0.5,1,1,1,0,0,NA,1,2,3,2,0,0,0,0,5,-10,1,2026,regular-season,1643527,Jordan Harrison,11.6,p
22026,1611661327,PDX,Portland Fire,1022600189,2026-07-18,PDX @ MIN,L,10,1,6,0.167,0,3,0,0,0,NA,0,0,0,1,0,0,1,2,2,-7,1,2026,regular-season,1643506,Teja Oblak,2.5,p
22026,1611661327,PDX,Portland Fire,1022600189,2026-07-18,PDX @ MIN,L,17,1,3,0.333,0,2,0,0,0,NA,1,1,2,1,1,0,1,0,2,-8,1,2026,regular-season,1643494,Frieda Buhner,7.9,p
22026,1611661327,PDX,Portland Fire,1022600189,2026-07-18,PDX @ MIN,L,23,4,8,0.5,0,0,NA,0,0,NA,0,2,2,1,0,1,1,2,8,5,1,2026,regular-season,1643436,Serah Williams,13.9,p
22026,1611661327,PDX,Portland Fire,1022600189,2026-07-18,PDX @ MIN,L,30,9,14,0.643,3,6,0.5,0,0,NA,1,3,4,4,0,0,1,5,21,-1,1,2026,regular-season,1642782,Sarah Ashlee Barker,30.8,p
22026,1611661327,PDX,Portland Fire,1022600189,2026-07-18,PDX @ MIN,L,31,9,17,0.529,1,5,0.2,2,3,0.667,1,3,4,7,2,0,3,2,21,2,1,2026,regular-season,1642304,Carla Leite,39.3,p
22026,1611661327,PDX,Portland Fire,1022600189,2026-07-18,PDX @ MIN,L,8,0,0,NA,0,0,NA,0,0,NA,2,1,3,1,0,0,0,2,0,-7,1,2026,regular-season,1642296,Nyadiew Puoch,5.1,p
22026,1611661327,PDX,Portland Fire,1022600189,2026-07-18,PDX @ MIN,L,29,3,8,0.375,2,3,0.667,4,4,1,3,3,6,3,1,1,2,3,12,-6,1,2026,regular-season,1631083,Emily Engstler,27.7,p
22026,1611661327,PDX,Portland Fire,1022600189,2026-07-18,PDX @ MIN,L,11,0,1,0,0,1,0,0,0,NA,0,1,1,1,0,0,1,0,0,-7,1,2026,regular-season,1630143,Luisa Geiselsoder,1.7,p
22026,1611661327,PDX,Portland Fire,1022600189,2026-07-18,PDX @ MIN,L,32,8,16,0.5,6,9,0.667,0,0,NA,0,8,8,4,3,0,0,0,22,-1,1,2026,regular-season,1629524,Bridget Carleton,46.6,p
22026,1611661324,MIN,Minnesota Lynx,1022600189,2026-07-18,MIN vs. PDX,W,3,0,0,NA,0,0,NA,0,0,NA,0,1,1,0,0,1,1,0,0,0,1,2026,regular-season,1643490,Eliska Hamzova,3.2,p
22026,1611661324,MIN,Minnesota Lynx,1022600189,2026-07-18,MIN vs. PDX,W,10,1,2,0.5,1,1,1,2,2,1,1,2,3,1,0,0,0,0,5,4,1,2026,regular-season,1643489,Antonia Delaere,10.1,p
22026,1611661324,MIN,Minnesota Lynx,1022600189,2026-07-18,MIN vs. PDX,W,34,5,14,0.357,2,3,0.667,2,3,0.667,0,4,4,10,0,4,2,4,14,2,1,2026,regular-season,1643426,Olivia Miles,43.8,p
22026,1611661324,MIN,Minnesota Lynx,1022600189,2026-07-18,MIN vs. PDX,W,14,2,5,0.4,0,0,NA,0,0,NA,4,1,5,0,2,0,2,0,4,7,1,2026,regular-season,1642797,Anastasiia Olairi Kosu,14,p
22026,1611661324,MIN,Minnesota Lynx,1022600189,2026-07-18,MIN vs. PDX,W,21,6,10,0.6,0,3,0,0,0,NA,1,4,5,5,0,1,0,0,12,-6,1,2026,regular-season,1641657,Dorka Juhasz,28.5,p
22026,1611661324,MIN,Minnesota Lynx,1022600189,2026-07-18,MIN vs. PDX,W,8,1,2,0.5,0,1,0,0,0,NA,0,1,1,2,1,0,1,1,2,-2,1,2026,regular-season,1630471,Maya Caldwell,8.2,p
22026,1611661324,MIN,Minnesota Lynx,1022600189,2026-07-18,MIN vs. PDX,W,20,4,8,0.5,1,4,0.25,0,1,0,1,2,3,1,0,0,0,2,9,5,1,2026,regular-season,1628269,Nia Coffey,14.1,p
22026,1611661324,MIN,Minnesota Lynx,1022600189,2026-07-18,MIN vs. PDX,W,32,6,12,0.5,1,3,0.333,2,2,1,0,2,2,7,2,0,2,0,15,12,1,2026,regular-season,1627675,Courtney Williams,31.9,p
22026,1611661324,MIN,Minnesota Lynx,1022600189,2026-07-18,MIN vs. PDX,W,25,7,8,0.875,0,0,NA,2,2,1,1,6,7,3,1,3,0,0,16,10,1,2026,regular-season,203827,Natasha Howard,40.9,p
22026,1611661324,MIN,Minnesota Lynx,1022600189,2026-07-18,MIN vs. PDX,W,32,9,14,0.643,4,8,0.5,2,3,0.667,0,3,3,0,0,0,2,2,24,8,1,2026,regular-season,203825,Kayla McBride,25.6,p
22026,1611661325,IND,Indiana Fever,1022600188,2026-07-18,IND vs. NYL,W,4,1,1,1,0,0,NA,0,0,NA,0,1,1,0,0,0,0,1,2,1,1,2026,regular-season,1643433,Raven Johnson,3.2,p
22026,1611661325,IND,Indiana Fever,1022600188,2026-07-18,IND vs. NYL,W,24,1,2,0.5,0,0,NA,0,0,NA,1,4,5,0,0,1,0,3,2,16,1,2026,regular-season,1642815,Makayla Timpson,11,p
22026,1611661325,IND,Indiana Fever,1022600188,2026-07-18,IND vs. NYL,W,24,6,11,0.545,1,2,0.5,2,3,0.667,2,5,7,4,2,1,5,4,15,3,1,2026,regular-season,1641648,Aliyah Boston,33.4,p
22026,1611661325,IND,Indiana Fever,1022600188,2026-07-18,IND vs. NYL,W,19,3,5,0.6,2,4,0.5,0,0,NA,1,1,2,2,2,0,1,5,8,2,1,2026,regular-season,1631086,Lexie Hull,18.4,p
22026,1611661325,IND,Indiana Fever,1022600188,2026-07-18,IND vs. NYL,W,22,3,6,0.5,3,4,0.75,2,2,1,2,2,4,1,0,2,0,2,11,18,1,2026,regular-season,1629482,Sophie Cunningham,23.3,p
22026,1611661325,IND,Indiana Fever,1022600188,2026-07-18,IND vs. NYL,W,30,10,14,0.714,4,6,0.667,9,13,0.692,0,0,0,1,1,0,3,3,33,18,1,2026,regular-season,1628909,Kelsey Mitchell,34.5,p
22026,1611661325,IND,Indiana Fever,1022600188,2026-07-18,IND vs. NYL,W,18,2,5,0.4,0,0,NA,0,0,NA,2,4,6,2,0,1,0,3,4,-1,1,2026,regular-season,1628881,Monique Billings,17.2,p
22026,1611661313,NYL,New York Liberty,1022600188,2026-07-18,NYL @ IND,L,15,2,4,0.5,0,1,0,0,2,0,0,0,0,4,0,0,1,0,4,-8,1,2026,regular-season,1630469,Marine Fauthoux,9,p
22026,1611661313,NYL,New York Liberty,1022600188,2026-07-18,NYL @ IND,L,8,1,1,1,1,1,1,1,2,0.5,0,0,0,0,0,0,0,1,4,1,1,2026,regular-season,1630384,Raquel Carrera,4,p
22026,1611661313,NYL,New York Liberty,1022600188,2026-07-18,NYL @ IND,L,34,4,9,0.444,2,4,0.5,2,4,0.5,0,1,1,4,1,0,1,2,12,-14,1,2026,regular-season,1629477,Sabrina Ionescu,21.2,p
22026,1611661313,NYL,New York Liberty,1022600188,2026-07-18,NYL @ IND,L,32,10,16,0.625,2,4,0.5,4,9,0.444,2,6,8,3,1,3,4,4,26,-17,1,2026,regular-season,1627668,Breanna Stewart,48.1,p
22026,1611661313,NYL,New York Liberty,1022600188,2026-07-18,NYL @ IND,L,18,0,1,0,0,1,0,0,0,NA,1,0,1,0,0,1,0,4,0,-20,1,2026,regular-season,204296,Rebecca Allen,4.2,p
22026,1611661331,GSV,Golden State Valkyries,1022600190,2026-07-18,GSV vs. WAS,W,7,0,2,0,0,1,0,2,2,1,0,0,0,1,0,0,2,0,2,-11,1,2026,regular-season,1642822,Kaitlyn Chen,1.5,p
22026,1611661331,GSV,Golden State Valkyries,1022600190,2026-07-18,GSV vs. WAS,W,18,3,6,0.5,2,4,0.5,1,2,0.5,1,2,3,0,0,0,0,3,9,4,1,2026,regular-season,1642767,Janelle Salaun,12.6,p
22026,1611661331,GSV,Golden State Valkyries,1022600190,2026-07-18,GSV vs. WAS,W,13,0,4,0,0,1,0,1,2,0.5,3,2,5,1,1,1,0,0,1,-5,1,2026,regular-season,1641656,Laeticia Amihere,14.5,p
22026,1611661331,GSV,Golden State Valkyries,1022600190,2026-07-18,GSV vs. WAS,W,26,3,8,0.375,0,3,0,0,1,0,0,1,1,1,1,0,2,3,6,9,1,2026,regular-season,1628508,Cecilia Zandalasini,9.7,p
22026,1611661331,GSV,Golden State Valkyries,1022600190,2026-07-18,GSV vs. WAS,W,12,2,3,0.667,1,2,0.5,2,3,0.667,0,1,1,1,0,0,1,1,7,-3,1,2026,regular-season,203026,Tiffany Hayes,8.7,p
22026,1611661325,IND,Indiana Fever,1022600188,2026-07-18,IND vs. NYL,W,26,5,14,0.357,2,8,0.25,5,5,1,0,2,2,7,0,0,7,2,17,6,1,2026,regular-season,1642286,Caitlin Clark,22.9,p
22026,1611661325,IND,Indiana Fever,1022600188,2026-07-18,IND vs. NYL,W,21,4,8,0.5,1,3,0.333,2,2,1,0,2,2,4,0,0,0,1,11,15,1,2026,regular-season,1630112,Tyasha Harris,19.4,p
22026,1611661325,IND,Indiana Fever,1022600188,2026-07-18,IND vs. NYL,W,14,2,3,0.667,1,1,1,0,2,0,0,3,3,1,2,0,0,0,5,22,1,2026,regular-season,1628899,Myisha Hines-Allen,16.1,p
22026,1611661322,WAS,Washington Mystics,1022600190,2026-07-18,WAS @ GSV,L,7,2,3,0.667,0,1,0,0,0,NA,0,0,0,0,1,0,1,0,4,-9,1,2026,regular-season,1643644,Alicia Florez,6,p
22026,1611661322,WAS,Washington Mystics,1022600190,2026-07-18,WAS @ GSV,L,7,0,2,0,0,2,0,0,0,NA,1,1,2,0,0,0,0,1,0,-4,1,2026,regular-season,1643467,Cassandre Prosper,2.4,p
22026,1611661322,WAS,Washington Mystics,1022600190,2026-07-18,WAS @ GSV,L,3,0,1,0,0,0,NA,0,0,NA,0,1,1,0,0,0,1,0,0,-3,1,2026,regular-season,1643455,Angela Dugalic,0.2,p
22026,1611661322,WAS,Washington Mystics,1022600190,2026-07-18,WAS @ GSV,L,0,0,0,NA,0,0,NA,0,0,NA,0,0,0,0,0,0,0,0,0,0,1,2026,regular-season,1643440,Darianna Littlepage-Buggs,0,p
22026,1611661322,WAS,Washington Mystics,1022600190,2026-07-18,WAS @ GSV,L,24,3,8,0.375,0,1,0,0,0,NA,0,2,2,0,0,2,1,2,6,-1,1,2026,regular-season,1642792,Kiki Iriafen,13.4,p
22026,1611661322,WAS,Washington Mystics,1022600190,2026-07-18,WAS @ GSV,L,30,5,6,0.833,1,1,1,1,2,0.5,0,1,1,4,2,1,3,4,12,-10,1,2026,regular-season,1642785,Sonia Citron,25.2,p
22026,1611661313,NYL,New York Liberty,1022600188,2026-07-18,NYL @ IND,L,23,3,6,0.5,0,1,0,3,3,1,1,1,2,5,3,0,0,4,9,-7,1,2026,regular-season,1631136,Pauline Astier,27.9,p
22026,1611661313,NYL,New York Liberty,1022600188,2026-07-18,NYL @ IND,L,14,1,5,0.2,1,3,0.333,2,2,1,2,1,3,0,0,0,0,2,5,-12,1,2026,regular-season,1630993,Anneli Maley,8.6,p
22026,1611661313,NYL,New York Liberty,1022600188,2026-07-18,NYL @ IND,L,13,1,4,0.25,1,2,0.5,0,0,NA,0,4,4,0,0,1,1,0,3,-20,1,2026,regular-season,1629566,Han Xu,9.8,p
22026,1611661313,NYL,New York Liberty,1022600188,2026-07-18,NYL @ IND,L,18,4,12,0.333,4,11,0.364,0,0,NA,0,2,2,1,1,0,3,4,12,1,1,2026,regular-season,1629546,Marine Johannes,15.9,p
22026,1611661313,NYL,New York Liberty,1022600188,2026-07-18,NYL @ IND,L,27,4,9,0.444,2,4,0.5,3,3,1,1,5,6,2,2,1,5,3,13,-4,1,2026,regular-season,1627673,Jonquel Jones,27.2,p
22026,1611661331,GSV,Golden State Valkyries,1022600190,2026-07-18,GSV vs. WAS,W,33,4,8,0.5,2,5,0.4,1,2,0.5,1,4,5,11,2,0,1,1,11,16,1,2026,regular-season,1631007,Veronica Burton,38.5,p
22026,1611661331,GSV,Golden State Valkyries,1022600190,2026-07-18,GSV vs. WAS,W,15,1,2,0.5,1,1,1,3,4,0.75,0,0,0,0,0,0,1,0,6,-6,1,2026,regular-season,1630097,Kaila Charles,5,p
22026,1611661331,GSV,Golden State Valkyries,1022600190,2026-07-18,GSV vs. WAS,W,28,7,15,0.467,2,7,0.286,2,2,1,1,2,3,5,3,0,1,2,18,10,1,2026,regular-season,1628931,Gabby Williams,37.1,p
22026,1611661331,GSV,Golden State Valkyries,1022600190,2026-07-18,GSV vs. WAS,W,22,1,5,0.2,1,3,0.333,0,0,NA,2,2,4,0,0,1,0,4,3,0,1,2026,regular-season,204329,Kiah Stokes,10.8,p
22026,1611661331,GSV,Golden State Valkyries,1022600190,2026-07-18,GSV vs. WAS,W,27,3,6,0.5,3,6,0.5,2,2,1,0,4,4,1,1,0,0,2,11,11,1,2026,regular-season,203866,Kayla Thornton,20.3,p
22026,1611661322,WAS,Washington Mystics,1022600190,2026-07-18,WAS @ GSV,L,18,3,6,0.5,0,2,0,0,0,NA,1,4,5,3,1,0,0,2,6,6,1,2026,regular-season,1643430,Cotie McMahon,19.5,p
22026,1611661322,WAS,Washington Mystics,1022600190,2026-07-18,WAS @ GSV,L,21,3,5,0.6,0,0,NA,0,0,NA,2,2,4,1,0,1,0,1,6,-6,1,2026,regular-season,1643427,Lauren Betts,15.3,p
22026,1611661322,WAS,Washington Mystics,1022600190,2026-07-18,WAS @ GSV,L,25,3,11,0.273,2,9,0.222,0,0,NA,3,0,3,4,1,0,3,3,8,3,1,2026,regular-season,1642781,Georgia Amoore,17.6,p
22026,1611661322,WAS,Washington Mystics,1022600190,2026-07-18,WAS @ GSV,L,31,5,11,0.455,0,1,0,8,9,0.889,2,14,16,1,0,1,3,0,18,0,1,2026,regular-season,1631022,Shakira Austin,38.7,p
22026,1611661322,WAS,Washington Mystics,1022600190,2026-07-18,WAS @ GSV,L,34,3,7,0.429,3,6,0.5,0,0,NA,2,1,3,5,0,0,0,4,9,-1,1,2026,regular-season,1630446,Michaela Onyenwere,20.1,p
22026,1611661321,DAL,Dallas Wings,1022600191,2026-07-19,DAL vs. LAS,W,33,4,10,0.4,3,5,0.6,0,0,NA,3,1,4,2,3,0,0,3,11,6,1,2026,regular-season,1643425,Azzi Fudd,27.8,p
22026,1611661321,DAL,Dallas Wings,1022600191,2026-07-19,DAL vs. LAS,W,12,1,2,0.5,1,2,0.5,0,0,NA,0,2,2,0,1,0,0,1,3,-2,1,2026,regular-season,1641652,Maddy Siegrist,8.4,p
22026,1611661321,DAL,Dallas Wings,1022600191,2026-07-19,DAL vs. LAS,W,9,2,3,0.667,0,1,0,0,0,NA,0,1,1,0,0,0,1,4,4,-2,1,2026,regular-season,1630386,Awak Kuier,4.2,p
22026,1611661321,DAL,Dallas Wings,1022600191,2026-07-19,DAL vs. LAS,W,31,7,13,0.538,1,4,0.25,5,6,0.833,1,1,2,1,2,0,2,3,20,-4,1,2026,regular-season,1629481,Arike Ogunbowale,27.9,p
22026,1611661321,DAL,Dallas Wings,1022600191,2026-07-19,DAL vs. LAS,W,7,0,1,0,0,0,NA,0,0,NA,0,2,2,1,0,0,2,3,0,3,1,2026,regular-season,202252,Alysha Clark,1.9,p
22026,1611661320,LAS,Los Angeles Sparks,1022600191,2026-07-19,LAS @ DAL,L,10,2,2,1,2,2,1,0,0,NA,0,1,1,0,0,0,1,1,6,-16,1,2026,regular-season,1643462,Chance Gray,6.2,p
22026,1611661320,LAS,Los Angeles Sparks,1022600191,2026-07-19,LAS @ DAL,L,21,3,9,0.333,2,3,0.667,2,2,1,2,4,6,1,1,3,0,5,10,-14,1,2026,regular-season,1642287,Cameron Brink,30.7,p
22026,1611661320,LAS,Los Angeles Sparks,1022600191,2026-07-19,LAS @ DAL,L,32,3,8,0.375,1,4,0.25,2,2,1,1,1,2,3,2,0,1,1,9,0,1,2026,regular-season,1628878,Ariel Atkins,20.9,p
22026,1611661320,LAS,Los Angeles Sparks,1022600191,2026-07-19,LAS @ DAL,L,1,0,0,NA,0,0,NA,2,2,1,0,0,0,0,0,0,0,1,2,1,1,2026,regular-season,1628242,Emma Cannon,2,p
22026,1611661321,DAL,Dallas Wings,1022600191,2026-07-19,DAL vs. LAS,W,7,2,4,0.5,0,1,0,1,2,0.5,0,1,1,0,0,0,1,1,5,2,1,2026,regular-season,1642793,Aziaha James,5.2,p
22026,1611661321,DAL,Dallas Wings,1022600191,2026-07-19,DAL vs. LAS,W,32,10,18,0.556,2,4,0.5,3,3,1,3,1,4,5,0,0,4,2,25,11,1,2026,regular-season,1642784,Paige Bueckers,33.3,p
22026,1611661321,DAL,Dallas Wings,1022600191,2026-07-19,DAL vs. LAS,W,13,1,1,1,0,0,NA,2,3,0.667,1,3,4,0,0,2,1,2,4,7,1,2026,regular-season,1629574,Li Yueru,13.8,p
22026,1611661321,DAL,Dallas Wings,1022600191,2026-07-19,DAL vs. LAS,W,38,4,9,0.444,0,0,NA,3,4,0.75,2,12,14,6,1,0,4,1,11,10,1,2026,regular-season,1629491,Jessica Shepard,35.8,p
22026,1611661321,DAL,Dallas Wings,1022600191,2026-07-19,DAL vs. LAS,W,17,3,8,0.375,0,2,0,1,1,1,0,0,0,6,1,0,1,1,7,9,1,2026,regular-season,203824,Odyssey Sims,18,p
22026,1611661320,LAS,Los Angeles Sparks,1022600191,2026-07-19,LAS @ DAL,L,28,4,6,0.667,1,1,1,0,0,NA,1,1,2,3,1,1,3,1,9,-6,1,2026,regular-season,1630996,Rae Burrell,18.9,p
22026,1611661320,LAS,Los Angeles Sparks,1022600191,2026-07-19,LAS @ DAL,L,15,2,5,0.4,0,2,0,0,0,NA,0,1,1,0,1,0,0,1,4,-8,1,2026,regular-season,1630148,Jihyun Park,8.2,p
22026,1611661320,LAS,Los Angeles Sparks,1022600191,2026-07-19,LAS @ DAL,L,35,4,14,0.286,0,5,0,1,1,1,0,3,3,10,2,0,1,3,9,6,1,2026,regular-season,204365,Erica Wheeler,32.6,p
22026,1611661320,LAS,Los Angeles Sparks,1022600191,2026-07-19,LAS @ DAL,L,25,8,12,0.667,0,1,0,0,0,NA,0,5,5,3,1,0,3,6,16,-6,1,2026,regular-season,204324,Dearica Hamby,26.5,p
22026,1611661320,LAS,Los Angeles Sparks,1022600191,2026-07-19,LAS @ DAL,L,33,7,12,0.583,0,3,0,3,4,0.75,1,9,10,3,1,2,4,4,17,3,1,2026,regular-season,203014,Nneka Ogwumike,38.5,p
22026,1611661330,ATL,Atlanta Dream,1022600192,2026-07-19,ATL vs. CHI,W,11,6,8,0.75,0,0,NA,2,2,1,0,4,4,0,0,1,1,2,14,7,1,2026,regular-season,1643431,Madina Okot,20.8,p
22026,1611661330,ATL,Atlanta Dream,1022600192,2026-07-19,ATL vs. CHI,W,5,1,3,0.333,0,1,0,0,0,NA,0,1,1,2,1,0,1,2,2,5,1,2026,regular-season,1642320,Jaylyn Sherrod,8.2,p
22026,1611661330,ATL,Atlanta Dream,1022600192,2026-07-19,ATL vs. CHI,W,12,3,7,0.429,0,3,0,2,2,1,1,1,2,1,0,0,0,1,8,-2,1,2026,regular-season,1642302,Isobel Borlase,11.9,p
22026,1611661330,ATL,Atlanta Dream,1022600192,2026-07-19,ATL vs. CHI,W,20,3,13,0.231,0,1,0,2,2,1,4,1,5,1,1,1,3,3,8,-7,1,2026,regular-season,1642291,Angel Reese,18.5,p
22026,1611661330,ATL,Atlanta Dream,1022600192,2026-07-19,ATL vs. CHI,W,34,2,6,0.333,1,5,0.2,0,0,NA,0,2,2,1,0,0,2,3,5,4,1,2026,regular-season,1631044,Naz Hillmon,6.9,p
22026,1611661330,ATL,Atlanta Dream,1022600192,2026-07-19,ATL vs. CHI,W,35,4,11,0.364,3,8,0.375,0,0,NA,1,5,6,6,0,3,0,2,11,3,1,2026,regular-season,1631009,Rhyne Howard,36.2,p
22026,1611661330,ATL,Atlanta Dream,1022600192,2026-07-19,ATL vs. CHI,W,34,4,9,0.444,0,3,0,2,4,0.5,2,1,3,9,3,0,3,1,10,1,1,2026,regular-season,1628886,Jordin Canada,33.1,p
22026,1611661330,ATL,Atlanta Dream,1022600192,2026-07-19,ATL vs. CHI,W,15,1,6,0.167,0,1,0,4,4,1,4,6,10,1,0,0,0,2,6,0,1,2026,regular-season,1628280,Brionna Jones,19.5,p
22026,1611661330,ATL,Atlanta Dream,1022600192,2026-07-19,ATL vs. CHI,W,35,7,11,0.636,4,6,0.667,11,13,0.846,1,5,6,3,0,0,1,3,29,-1,1,2026,regular-season,1628277,Allisha Gray,39.7,p
22026,1611661329,CHI,Chicago Sky,1022600192,2026-07-19,CHI @ ATL,L,15,1,3,0.333,0,1,0,0,0,NA,0,3,3,0,1,0,1,0,2,-12,1,2026,regular-season,1643447,Gabriela Jaquez,7.6,p
22026,1611661329,CHI,Chicago Sky,1022600192,2026-07-19,CHI @ ATL,L,5,0,1,0,0,0,NA,2,2,1,0,1,1,0,1,1,0,1,2,1,1,2026,regular-season,1642786,Aicha Coulibaly,9.2,p
22026,1611661329,CHI,Chicago Sky,1022600192,2026-07-19,CHI @ ATL,L,28,7,16,0.438,3,7,0.429,1,2,0.5,1,2,3,2,1,0,0,5,18,7,1,2026,regular-season,1642321,Sydney Taylor,27.6,p
22026,1611661329,CHI,Chicago Sky,1022600192,2026-07-19,CHI @ ATL,L,19,1,4,0.25,0,2,0,0,0,NA,1,1,2,2,0,0,1,1,2,1,1,2026,regular-season,1642292,Jacy Sheldon,6.4,p
22026,1611661329,CHI,Chicago Sky,1022600192,2026-07-19,CHI @ ATL,L,24,6,9,0.667,0,0,NA,3,5,0.6,1,3,4,2,2,1,1,3,15,8,1,2026,regular-season,1642289,Kamilla Cardoso,30.8,p
22026,1611661329,CHI,Chicago Sky,1022600192,2026-07-19,CHI @ ATL,L,5,0,1,0,0,1,0,0,0,NA,0,0,0,0,0,0,0,0,0,-10,1,2026,regular-season,1631064,Chloe Bibby,0,p
22026,1611661329,CHI,Chicago Sky,1022600192,2026-07-19,CHI @ ATL,L,30,8,12,0.667,2,4,0.5,2,3,0.667,1,8,9,1,1,0,3,2,20,7,1,2026,regular-season,1628922,Azura Stevens,32.3,p
22026,1611661329,CHI,Chicago Sky,1022600192,2026-07-19,CHI @ ATL,L,5,1,2,0.5,0,1,0,0,1,0,0,0,0,1,0,0,0,0,2,1,1,2026,regular-season,1627671,Rachel Banham,3.5,p
22026,1611661329,CHI,Chicago Sky,1022600192,2026-07-19,CHI @ ATL,L,32,3,7,0.429,1,4,0.25,0,0,NA,0,2,2,4,1,0,2,4,7,-5,1,2026,regular-season,204333,Natasha Cloud,16.4,p
22026,1611661329,CHI,Chicago Sky,1022600192,2026-07-19,CHI @ ATL,L,16,4,5,0.8,0,0,NA,4,5,0.8,0,2,2,0,0,1,2,1,12,-10,1,2026,regular-season,204322,Elizabeth Williams,15.4,p
22026,1611661329,CHI,Chicago Sky,1022600192,2026-07-19,CHI @ ATL,L,21,4,7,0.571,0,1,0,3,3,1,0,1,1,6,2,1,1,3,11,2,1,2026,regular-season,202664,Courtney Vandersloot,29.2,p
22026,1611661323,CON,Connecticut Sun,1022600193,2026-07-19,CON @ PHX,L,29,2,8,0.25,0,3,0,1,1,1,0,3,3,5,2,0,4,1,5,-9,1,2026,regular-season,1643449,Charlisse Leger-Walker,18.1,p
22026,1611661323,CON,Connecticut Sun,1022600193,2026-07-19,CON @ PHX,L,12,2,4,0.5,1,3,0.333,3,3,1,2,1,3,0,0,0,2,3,8,-9,1,2026,regular-season,1643448,Nell Angloma,9.6,p
22026,1611661323,CON,Connecticut Sun,1022600193,2026-07-19,CON @ PHX,L,4,0,1,0,0,0,NA,0,0,NA,2,0,2,0,1,0,1,1,0,0,1,2026,regular-season,1643441,Raegan Beers,4.4,p
22026,1611661323,CON,Connecticut Sun,1022600193,2026-07-19,CON @ PHX,L,2,0,0,NA,0,0,NA,0,0,NA,1,0,1,0,0,0,0,3,0,-3,1,2026,regular-season,1643429,Gianna Kneepkens,1.2,p
22026,1611661323,CON,Connecticut Sun,1022600193,2026-07-19,CON @ PHX,L,3,0,1,0,0,0,NA,0,0,NA,0,0,0,1,0,0,0,0,0,0,1,2026,regular-season,1642817,Hailey Van Lith,1.5,p
22026,1611661323,CON,Connecticut Sun,1022600193,2026-07-19,CON @ PHX,L,37,2,9,0.222,1,1,1,2,2,1,0,1,1,4,0,1,9,4,7,-10,1,2026,regular-season,1642303,Leila Lacan,8.2,p
22026,1611661323,CON,Connecticut Sun,1022600193,2026-07-19,CON @ PHX,L,5,0,1,0,0,1,0,0,0,NA,0,0,0,0,0,1,0,0,0,0,1,2026,regular-season,1642290,Aaliyah Edwards,3,p
22026,1611661323,CON,Connecticut Sun,1022600193,2026-07-19,CON @ PHX,L,31,2,9,0.222,0,3,0,2,2,1,0,7,7,0,1,0,4,5,6,-5,1,2026,regular-season,1641649,Diamond Miller,13.4,p
22026,1611661323,CON,Connecticut Sun,1022600193,2026-07-19,CON @ PHX,L,26,5,9,0.556,0,0,NA,2,4,0.5,2,10,12,3,1,0,0,3,12,6,1,2026,regular-season,1631135,Olivia Nelson-Ododa,33.9,p
22026,1611661323,CON,Connecticut Sun,1022600193,2026-07-19,CON @ PHX,L,20,2,4,0.5,2,3,0.667,0,0,NA,0,1,1,0,1,0,0,2,6,-1,1,2026,regular-season,1629568,Kennedy Burke,10.2,p
22026,1611661323,CON,Connecticut Sun,1022600193,2026-07-19,CON @ PHX,L,31,7,12,0.583,0,0,NA,5,7,0.714,2,3,5,0,0,2,1,3,19,-14,1,2026,regular-season,203398,Brittney Griner,30,p
22026,1611661317,PHX,Phoenix Mercury,1022600193,2026-07-19,PHX vs. CON,W,23,2,3,0.667,0,0,NA,0,0,NA,1,2,3,2,3,0,2,0,4,3,1,2026,regular-season,1643493,Noemie Brochant,17.6,p
22026,1611661317,PHX,Phoenix Mercury,1022600193,2026-07-19,PHX vs. CON,W,32,5,11,0.455,1,4,0.25,0,0,NA,0,6,6,1,2,0,1,2,11,17,1,2026,regular-season,1642777,Monique Akoa Makani,24.7,p
22026,1611661317,PHX,Phoenix Mercury,1022600193,2026-07-19,PHX vs. CON,W,13,1,2,0.5,0,1,0,0,0,NA,0,1,1,0,0,0,0,2,2,-9,1,2026,regular-season,1631118,Lexi Held,3.2,p
22026,1611661317,PHX,Phoenix Mercury,1022600193,2026-07-19,PHX vs. CON,W,20,2,4,0.5,0,1,0,0,0,NA,1,4,5,0,1,1,1,4,4,11,1,2026,regular-season,1630442,Natasha Mack,15,p
22026,1611661317,PHX,Phoenix Mercury,1022600193,2026-07-19,PHX vs. CON,W,35,5,14,0.357,0,2,0,8,8,1,1,3,4,4,1,1,5,1,18,10,1,2026,regular-season,1627674,Kahleah Copper,29.8,p
22026,1611661317,PHX,Phoenix Mercury,1022600193,2026-07-19,PHX vs. CON,W,14,2,7,0.286,0,4,0,1,1,1,0,1,1,1,2,0,4,0,5,-5,1,2026,regular-season,204468,Valeriane Ayayi,9.7,p
22026,1611661317,PHX,Phoenix Mercury,1022600193,2026-07-19,PHX vs. CON,W,34,2,9,0.222,0,0,NA,3,6,0.5,3,3,6,11,1,1,1,4,7,10,1,2026,regular-season,203826,Alyssa Thomas,35.7,p
22026,1611661317,PHX,Phoenix Mercury,1022600193,2026-07-19,PHX vs. CON,W,29,7,13,0.538,1,3,0.333,6,8,0.75,2,4,6,0,1,0,0,4,21,8,1,2026,regular-season,201886,DeWanna Bonner,31.2,p
22026,1611661332,TOR,Toronto Tempo,1022600194,2026-07-20,TOR vs. LVA,L,7,0,3,0,0,1,0,2,2,1,0,1,1,1,0,0,0,0,2,-13,1,2026,regular-season,1643647,Tima Pouye,4.7,p
22026,1611661332,TOR,Toronto Tempo,1022600194,2026-07-20,TOR vs. LVA,L,3,1,1,1,0,0,NA,0,0,NA,1,0,1,0,0,0,0,0,2,-4,1,2026,regular-season,1643457,Teonni Key,3.2,p
22026,1611661332,TOR,Toronto Tempo,1022600194,2026-07-20,TOR vs. LVA,L,29,2,9,0.222,1,5,0.2,1,2,0.5,1,2,3,1,2,0,1,2,6,-24,1,2026,regular-season,1643420,Laura Juskaite,16.1,p
22026,1611661332,TOR,Toronto Tempo,1022600194,2026-07-20,TOR vs. LVA,L,28,6,12,0.5,3,8,0.375,0,0,NA,2,6,8,4,0,0,0,2,15,-7,1,2026,regular-season,1629576,Maria Conde,30.6,p
22026,1611661332,TOR,Toronto Tempo,1022600194,2026-07-20,TOR vs. LVA,L,31,5,21,0.238,1,8,0.125,3,3,1,1,1,2,5,3,1,3,2,14,-12,1,2026,regular-season,1629497,Marina Mabrey,32.9,p
22026,1611661332,TOR,Toronto Tempo,1022600194,2026-07-20,TOR vs. LVA,L,18,2,6,0.333,1,4,0.25,2,2,1,0,1,1,1,0,0,0,1,7,-22,1,2026,regular-season,1628915,Kia Nurse,9.7,p
22026,1611661332,TOR,Toronto Tempo,1022600194,2026-07-20,TOR vs. LVA,L,15,1,4,0.25,0,1,0,0,0,NA,1,1,2,0,0,0,2,2,2,-11,1,2026,regular-season,1627701,Temi Fagbenle,2.4,p
22026,1611661332,TOR,Toronto Tempo,1022600194,2026-07-20,TOR vs. LVA,L,31,1,2,0.5,1,2,0.5,0,0,NA,0,5,5,4,1,0,2,3,3,-13,1,2026,regular-season,1627700,Julie Allemand,16,p
22026,1611661332,TOR,Toronto Tempo,1022600194,2026-07-20,TOR vs. LVA,L,22,8,11,0.727,1,2,0.5,9,10,0.9,4,7,11,2,0,0,1,0,26,-10,1,2026,regular-season,204330,Isabelle Harrison,41.2,p
22026,1611661332,TOR,Toronto Tempo,1022600194,2026-07-20,TOR vs. LVA,L,16,3,5,0.6,0,0,NA,0,0,NA,3,3,6,1,0,0,2,1,6,-14,1,2026,regular-season,203405,Kayla Alexander,12.7,p
22026,1611661319,LVA,Las Vegas Aces,1022600194,2026-07-20,LVA @ TOR,W,10,0,3,0,0,3,0,0,0,NA,0,0,0,1,0,1,0,0,0,-2,1,2026,regular-season,1643495,Justine Pissott,4.5,p
22026,1611661319,LVA,Las Vegas Aces,1022600194,2026-07-20,LVA @ TOR,W,19,9,10,0.9,0,0,NA,0,0,NA,1,4,5,2,0,0,1,3,18,16,1,2026,regular-season,1631019,NaLyssa Smith,26,p
22026,1611661319,LVA,Las Vegas Aces,1022600194,2026-07-20,LVA @ TOR,W,18,2,7,0.286,2,5,0.4,0,0,NA,0,2,2,2,0,0,1,0,6,4,1,2026,regular-season,1630389,Dana Evans,10.4,p
22026,1611661319,LVA,Las Vegas Aces,1022600194,2026-07-20,LVA @ TOR,W,33,10,17,0.588,4,10,0.4,0,0,NA,0,4,4,12,1,0,2,1,24,23,1,2026,regular-season,1629498,Jackie Young,47.8,p
22026,1611661319,LVA,Las Vegas Aces,1022600194,2026-07-20,LVA @ TOR,W,13,1,2,0.5,0,0,NA,0,0,NA,0,2,2,0,0,0,0,2,2,11,1,2026,regular-season,1629488,Brianna Turner,4.4,p
22026,1611661319,LVA,Las Vegas Aces,1022600194,2026-07-20,LVA @ TOR,W,28,11,14,0.786,3,3,1,1,1,1,1,5,6,4,1,4,0,0,26,24,1,2026,regular-season,1628932,A'ja Wilson,54.2,p
22026,1611661319,LVA,Las Vegas Aces,1022600194,2026-07-20,LVA @ TOR,W,11,2,2,1,0,0,NA,0,0,NA,1,5,6,0,0,1,0,2,4,3,1,2026,regular-season,204323,Cheyenne Parker-Tyus,14.2,p
22026,1611661319,LVA,Las Vegas Aces,1022600194,2026-07-20,LVA @ TOR,W,23,4,8,0.5,2,6,0.333,1,1,1,1,0,1,1,1,0,1,2,11,27,1,2026,regular-season,204319,Jewell Loyd,15.7,p
22026,1611661319,LVA,Las Vegas Aces,1022600194,2026-07-20,LVA @ TOR,W,15,2,8,0.25,0,6,0,0,0,NA,0,1,1,0,0,1,0,0,4,0,1,2026,regular-season,203855,Stephanie Talbot,8.2,p
22026,1611661319,LVA,Las Vegas Aces,1022600194,2026-07-20,LVA @ TOR,W,31,4,7,0.571,3,5,0.6,3,4,0.75,0,4,4,7,3,0,2,2,14,24,1,2026,regular-season,203833,Chelsea Gray,36.3,p
22026,1611661321,DAL,Dallas Wings,1022600183,2026-07-20,DAL vs. NYL,L,8,1,3,0.333,0,0,NA,2,2,1,1,1,2,1,0,2,1,2,4,2,1,2026,regular-season,1642793,Aziaha James,12.9,p
22026,1611661321,DAL,Dallas Wings,1022600183,2026-07-20,DAL vs. NYL,L,11,5,7,0.714,3,3,1,0,0,NA,1,2,3,0,0,0,0,0,13,2,1,2026,regular-season,1641652,Maddy Siegrist,16.6,p
22026,1611661321,DAL,Dallas Wings,1022600183,2026-07-20,DAL vs. NYL,L,25,5,8,0.625,0,1,0,0,1,0,0,4,4,2,0,4,0,6,10,-3,1,2026,regular-season,1630386,Awak Kuier,29.8,p
22026,1611661321,DAL,Dallas Wings,1022600183,2026-07-20,DAL vs. NYL,L,21,2,4,0.5,1,1,1,0,0,NA,0,2,2,1,0,0,1,1,5,4,1,2026,regular-season,203824,Odyssey Sims,7.9,p
22026,1611661321,DAL,Dallas Wings,1022600183,2026-07-20,DAL vs. NYL,L,4,0,1,0,0,0,NA,0,0,NA,0,0,0,1,0,0,0,1,0,2,1,2026,regular-season,202252,Alysha Clark,1.5,p
22026,1611661313,NYL,New York Liberty,1022600183,2026-07-20,NYL @ DAL,W,25,3,10,0.3,1,3,0.333,0,0,NA,0,2,2,1,1,0,1,3,7,-7,1,2026,regular-season,1631136,Pauline Astier,12.9,p
22026,1611661313,NYL,New York Liberty,1022600183,2026-07-20,NYL @ DAL,W,3,0,0,NA,0,0,NA,0,0,NA,0,0,0,0,0,0,0,0,0,0,1,2026,regular-season,1630384,Raquel Carrera,0,p
22026,1611661313,NYL,New York Liberty,1022600183,2026-07-20,NYL @ DAL,W,11,1,2,0.5,0,1,0,0,0,NA,0,2,2,1,0,0,0,0,2,1,1,2026,regular-season,1629566,Han Xu,5.9,p
22026,1611661313,NYL,New York Liberty,1022600183,2026-07-20,NYL @ DAL,W,15,3,3,1,0,0,NA,0,0,NA,2,2,4,0,0,1,2,3,6,-4,1,2026,regular-season,203822,Rebekah Gardner,11.8,p
22026,1611661321,DAL,Dallas Wings,1022600183,2026-07-20,DAL vs. NYL,L,43,6,13,0.462,3,6,0.5,0,0,NA,0,1,1,2,0,1,1,3,15,1,1,2026,regular-season,1643425,Azzi Fudd,21.2,p
22026,1611661321,DAL,Dallas Wings,1022600183,2026-07-20,DAL vs. NYL,L,22,1,5,0.2,0,3,0,0,0,NA,0,1,1,7,0,0,0,0,2,-7,1,2026,regular-season,1630134,Sug Sutton,13.7,p
22026,1611661321,DAL,Dallas Wings,1022600183,2026-07-20,DAL vs. NYL,L,16,3,4,0.75,1,2,0.5,0,2,0,0,0,0,1,0,0,1,5,7,4,1,2026,regular-season,1629574,Li Yueru,7.5,p
22026,1611661321,DAL,Dallas Wings,1022600183,2026-07-20,DAL vs. NYL,L,38,4,7,0.571,0,0,NA,5,6,0.833,4,12,16,6,0,0,2,4,13,-5,1,2026,regular-season,1629491,Jessica Shepard,39.2,p
22026,1611661321,DAL,Dallas Wings,1022600183,2026-07-20,DAL vs. NYL,L,38,9,24,0.375,3,5,0.6,8,8,1,1,4,5,6,1,0,1,4,29,-5,1,2026,regular-season,1629481,Arike Ogunbowale,46,p
22026,1611661313,NYL,New York Liberty,1022600183,2026-07-20,NYL @ DAL,W,27,2,5,0.4,2,5,0.4,4,4,1,1,9,10,2,1,0,1,2,10,7,1,2026,regular-season,1630469,Marine Fauthoux,27,p
22026,1611661313,NYL,New York Liberty,1022600183,2026-07-20,NYL @ DAL,W,36,8,25,0.32,2,10,0.2,3,3,1,1,3,4,2,0,1,1,1,21,7,1,2026,regular-season,1629477,Sabrina Ionescu,30.8,p
22026,1611661313,NYL,New York Liberty,1022600183,2026-07-20,NYL @ DAL,W,33,6,13,0.462,1,3,0.333,1,2,0.5,7,3,10,2,0,1,0,4,14,-4,1,2026,regular-season,1627673,Jonquel Jones,32,p
22026,1611661313,NYL,New York Liberty,1022600183,2026-07-20,NYL @ DAL,W,42,10,19,0.526,2,4,0.5,11,12,0.917,4,9,13,8,0,2,1,1,33,5,1,2026,regular-season,1627668,Breanna Stewart,65.6,p
22026,1611661313,NYL,New York Liberty,1022600183,2026-07-20,NYL @ DAL,W,32,2,7,0.286,1,6,0.167,1,2,0.5,2,1,3,1,1,1,0,3,6,0,1,2026,regular-season,204296,Rebecca Allen,17.1,p
22026,1611661331,GSV,Golden State Valkyries,1022600195,2026-07-20,GSV vs. WAS,L,26,5,8,0.625,2,3,0.667,0,0,NA,0,2,2,7,2,0,2,3,12,-14,1,2026,regular-season,1631007,Veronica Burton,28.9,p
22026,1611661331,GSV,Golden State Valkyries,1022600195,2026-07-20,GSV vs. WAS,L,26,4,12,0.333,0,4,0,0,0,NA,0,0,0,2,1,0,2,3,8,-19,1,2026,regular-season,1628931,Gabby Williams,12,p
22026,1611661331,GSV,Golden State Valkyries,1022600195,2026-07-20,GSV vs. WAS,L,22,1,4,0.25,1,4,0.25,0,0,NA,0,4,4,0,0,2,0,1,3,-15,1,2026,regular-season,204329,Kiah Stokes,13.8,p
22026,1611661331,GSV,Golden State Valkyries,1022600195,2026-07-20,GSV vs. WAS,L,29,5,8,0.625,4,7,0.571,1,1,1,0,3,3,0,2,0,1,1,15,-16,1,2026,regular-season,203866,Kayla Thornton,23.6,p
22026,1611661322,WAS,Washington Mystics,1022600195,2026-07-20,WAS @ GSV,W,9,2,2,1,1,1,1,0,0,NA,0,0,0,1,0,0,0,1,5,-6,1,2026,regular-season,1643644,Alicia Florez,6.5,p
22026,1611661322,WAS,Washington Mystics,1022600195,2026-07-20,WAS @ GSV,W,9,1,5,0.2,0,4,0,0,0,NA,1,1,2,1,0,0,1,1,2,-6,1,2026,regular-season,1643467,Cassandre Prosper,4.9,p
22026,1611661322,WAS,Washington Mystics,1022600195,2026-07-20,WAS @ GSV,W,12,1,1,1,0,0,NA,1,1,1,0,2,2,2,1,0,0,2,3,11,1,2026,regular-season,1643430,Cotie McMahon,11.4,p
22026,1611661322,WAS,Washington Mystics,1022600195,2026-07-20,WAS @ GSV,W,14,2,4,0.5,0,0,NA,0,0,NA,0,2,2,0,0,4,2,1,4,-13,1,2026,regular-season,1643427,Lauren Betts,16.4,p
22026,1611661331,GSV,Golden State Valkyries,1022600195,2026-07-20,GSV vs. WAS,L,24,8,13,0.615,2,3,0.667,2,4,0.5,2,0,2,6,1,0,1,0,20,3,1,2026,regular-season,1642822,Kaitlyn Chen,33.4,p
22026,1611661331,GSV,Golden State Valkyries,1022600195,2026-07-20,GSV vs. WAS,L,17,3,12,0.25,1,6,0.167,4,4,1,4,0,4,2,1,0,0,3,11,1,1,2026,regular-season,1642767,Janelle Salaun,21.8,p
22026,1611661331,GSV,Golden State Valkyries,1022600195,2026-07-20,GSV vs. WAS,L,12,1,3,0.333,0,0,NA,1,2,0.5,1,1,2,1,1,1,2,0,3,14,1,2026,regular-season,1641656,Laeticia Amihere,10.9,p
22026,1611661331,GSV,Golden State Valkyries,1022600195,2026-07-20,GSV vs. WAS,L,18,1,3,0.333,1,3,0.333,0,0,NA,0,5,5,0,1,1,0,1,3,12,1,2026,regular-season,1630097,Kaila Charles,15,p
22026,1611661331,GSV,Golden State Valkyries,1022600195,2026-07-20,GSV vs. WAS,L,17,3,7,0.429,1,3,0.333,0,0,NA,0,1,1,1,1,0,0,2,7,-7,1,2026,regular-season,1628508,Cecilia Zandalasini,12.7,p
22026,1611661331,GSV,Golden State Valkyries,1022600195,2026-07-20,GSV vs. WAS,L,10,0,2,0,0,0,NA,0,0,NA,0,0,0,2,0,0,0,1,0,1,1,2026,regular-season,203026,Tiffany Hayes,3,p
22026,1611661322,WAS,Washington Mystics,1022600195,2026-07-20,WAS @ GSV,W,35,8,12,0.667,1,2,0.5,6,8,0.75,4,8,12,4,0,0,1,1,23,15,1,2026,regular-season,1642792,Kiki Iriafen,42.4,p
22026,1611661322,WAS,Washington Mystics,1022600195,2026-07-20,WAS @ GSV,W,32,5,12,0.417,0,1,0,7,7,1,0,2,2,6,1,1,3,4,17,10,1,2026,regular-season,1642785,Sonia Citron,31.4,p
22026,1611661322,WAS,Washington Mystics,1022600195,2026-07-20,WAS @ GSV,W,27,3,5,0.6,3,4,0.75,0,0,NA,0,0,0,8,0,0,4,2,9,1,1,2026,regular-season,1642781,Georgia Amoore,17,p
22026,1611661322,WAS,Washington Mystics,1022600195,2026-07-20,WAS @ GSV,W,31,6,10,0.6,1,2,0.5,2,3,0.667,1,14,15,2,1,0,4,2,15,14,1,2026,regular-season,1631022,Shakira Austin,35,p
22026,1611661322,WAS,Washington Mystics,1022600195,2026-07-20,WAS @ GSV,W,31,4,10,0.4,3,7,0.429,1,2,0.5,0,0,0,1,1,0,1,0,12,14,1,2026,regular-season,1630446,Michaela Onyenwere,15.5,p
22026,1611661324,MIN,Minnesota Lynx,1022600196,2026-07-20,MIN @ SEA,W,0,0,0,NA,0,0,NA,0,0,NA,0,0,0,0,0,0,0,1,0,-2,1,2026,regular-season,1643490,Eliska Hamzova,0,p
22026,1611661324,MIN,Minnesota Lynx,1022600196,2026-07-20,MIN @ SEA,W,9,1,2,0.5,0,0,NA,2,2,1,1,1,2,1,0,1,0,1,4,3,1,2026,regular-season,1642797,Anastasiia Olairi Kosu,10.9,p
22026,1611661324,MIN,Minnesota Lynx,1022600196,2026-07-20,MIN @ SEA,W,19,0,2,0,0,1,0,1,2,0.5,1,3,4,3,1,1,0,1,1,-18,1,2026,regular-season,1641657,Dorka Juhasz,16.3,p
22026,1611661328,SEA,Seattle Storm,1022600196,2026-07-20,SEA vs. MIN,L,15,2,4,0.5,2,3,0.667,1,1,1,0,2,2,0,0,0,0,2,7,3,1,2026,regular-season,1629478,Katie Lou Samuelson,9.4,p
22026,1611661328,SEA,Seattle Storm,1022600196,2026-07-20,SEA vs. MIN,L,13,4,5,0.8,1,1,1,0,0,NA,1,3,4,0,2,0,2,0,9,-5,1,2026,regular-season,1641651,Jordan Horston,17.8,p
22026,1611661324,MIN,Minnesota Lynx,1022600196,2026-07-20,MIN @ SEA,W,24,3,8,0.375,0,0,NA,0,0,NA,7,5,12,3,3,0,4,5,6,10,1,2026,regular-season,203827,Natasha Howard,29.9,p
22026,1611661328,SEA,Seattle Storm,1022600196,2026-07-20,SEA vs. MIN,L,11,1,2,0.5,1,1,1,0,0,NA,0,1,1,3,0,0,0,1,3,1,1,2026,regular-season,203828,Stefanie Dolson,8.7,p
22026,1611661324,MIN,Minnesota Lynx,1022600196,2026-07-20,MIN @ SEA,W,5,0,1,0,0,0,NA,0,0,NA,1,0,1,1,0,0,0,0,0,-7,1,2026,regular-season,1643489,Antonia Delaere,2.7,p
22026,1611661328,SEA,Seattle Storm,1022600196,2026-07-20,SEA vs. MIN,L,27,5,12,0.417,0,2,0,4,4,1,3,6,9,1,1,2,2,3,14,-4,1,2026,regular-season,1642798,Dominique Malonga,33.3,p
22026,1611661328,SEA,Seattle Storm,1022600196,2026-07-20,SEA vs. MIN,L,28,4,12,0.333,1,6,0.167,3,4,0.75,0,1,1,10,0,0,0,1,12,3,1,2026,regular-season,1629567,Natisha Hiedeman,28.2,p
22026,1611661328,SEA,Seattle Storm,1022600196,2026-07-20,SEA vs. MIN,L,31,4,9,0.444,0,2,0,0,0,NA,6,5,11,4,1,1,2,2,8,-9,1,2026,regular-season,1643443,Awa Fam,31.2,p
22026,1611661328,SEA,Seattle Storm,1022600196,2026-07-20,SEA vs. MIN,L,29,7,11,0.636,5,8,0.625,7,8,0.875,0,1,1,1,0,1,4,2,26,-4,1,2026,regular-season,1643428,Flau'jae Johnson,27.7,p
22026,1611661328,SEA,Seattle Storm,1022600196,2026-07-20,SEA vs. MIN,L,28,6,12,0.5,3,5,0.6,3,3,1,0,2,2,1,0,0,2,2,18,10,1,2026,regular-season,1641660,Zia Cooke,19.9,p
22026,1611661328,SEA,Seattle Storm,1022600196,2026-07-20,SEA vs. MIN,L,19,2,3,0.667,0,0,NA,1,2,0.5,0,1,1,3,0,0,3,2,5,-10,1,2026,regular-season,1631141,Jade Melbourne,7.7,p
22026,1611661324,MIN,Minnesota Lynx,1022600196,2026-07-20,MIN @ SEA,W,36,13,24,0.542,1,4,0.25,5,5,1,1,7,8,8,1,0,1,4,32,10,1,2026,regular-season,1643426,Olivia Miles,55.6,p
22026,1611661324,MIN,Minnesota Lynx,1022600196,2026-07-20,MIN @ SEA,W,13,2,6,0.333,1,4,0.25,0,0,NA,0,1,1,0,0,0,1,1,5,1,1,2026,regular-season,1630471,Maya Caldwell,5.2,p
22026,1611661324,MIN,Minnesota Lynx,1022600196,2026-07-20,MIN @ SEA,W,28,1,4,0.25,1,3,0.333,0,0,NA,0,1,1,1,1,0,0,2,3,11,1,2026,regular-season,1628269,Nia Coffey,8.7,p
22026,1611661324,MIN,Minnesota Lynx,1022600196,2026-07-20,MIN @ SEA,W,33,8,13,0.615,1,2,0.5,4,4,1,0,4,4,3,2,0,2,2,21,1,1,2026,regular-season,1627675,Courtney Williams,34.3,p
22026,1611661324,MIN,Minnesota Lynx,1022600196,2026-07-20,MIN @ SEA,W,32,9,16,0.563,6,10,0.6,9,9,1,0,2,2,0,2,0,1,1,33,6,1,2026,regular-season,203825,Kayla McBride,40.4,p
22026,1611661328,SEA,Seattle Storm,1022600198,2026-07-22,SEA vs. MIN,L,26,9,13,0.692,1,3,0.333,2,2,1,0,9,9,2,1,4,4,1,21,-9,1,2026,regular-season,1642798,Dominique Malonga,45.8,p
22026,1611661328,SEA,Seattle Storm,1022600198,2026-07-22,SEA vs. MIN,L,17,3,10,0.3,1,4,0.25,0,0,NA,0,1,1,0,0,0,1,0,7,2,1,2026,regular-season,1641660,Zia Cooke,7.2,p
22026,1611661328,SEA,Seattle Storm,1022600198,2026-07-22,SEA vs. MIN,L,14,1,3,0.333,0,0,NA,1,2,0.5,3,2,5,2,0,1,1,1,3,-1,1,2026,regular-season,1641651,Jordan Horston,14,p
22026,1611661328,SEA,Seattle Storm,1022600198,2026-07-22,SEA vs. MIN,L,32,4,13,0.308,1,7,0.143,3,4,0.75,1,1,2,3,2,0,4,2,12,-12,1,2026,regular-season,1629567,Natisha Hiedeman,20.9,p
22026,1611661324,MIN,Minnesota Lynx,1022600198,2026-07-22,MIN @ SEA,W,2,0,1,0,0,0,NA,0,0,NA,0,0,0,0,0,0,0,0,0,-2,1,2026,regular-season,1643490,Eliska Hamzova,0,p
22026,1611661324,MIN,Minnesota Lynx,1022600198,2026-07-22,MIN @ SEA,W,31,5,15,0.333,0,1,0,3,4,0.75,0,3,3,6,2,0,3,2,13,9,1,2026,regular-season,1643426,Olivia Miles,28.6,p
22026,1611661324,MIN,Minnesota Lynx,1022600198,2026-07-22,MIN @ SEA,W,16,3,5,0.6,1,2,0.5,0,0,NA,0,2,2,3,0,0,1,1,7,3,1,2026,regular-season,1628269,Nia Coffey,12.9,p
22026,1611661324,MIN,Minnesota Lynx,1022600198,2026-07-22,MIN @ SEA,W,20,0,5,0,0,2,0,0,0,NA,2,3,5,6,1,0,2,5,0,9,1,2026,regular-season,1627675,Courtney Williams,16,p
22026,1611661324,MIN,Minnesota Lynx,1022600198,2026-07-22,MIN @ SEA,W,26,5,9,0.556,0,0,NA,1,2,0.5,5,0,5,3,3,1,2,1,11,12,1,2026,regular-season,203827,Natasha Howard,31.5,p
22026,1611661320,LAS,Los Angeles Sparks,1022600197,2026-07-22,LAS vs. PHX,L,12,1,4,0.25,1,4,0.25,1,2,0.5,0,1,1,0,1,0,3,2,4,-3,1,2026,regular-season,1643462,Chance Gray,5.2,p
22026,1611661320,LAS,Los Angeles Sparks,1022600197,2026-07-22,LAS vs. PHX,L,2,0,0,NA,0,0,NA,0,0,NA,0,0,0,0,0,0,0,1,0,-5,1,2026,regular-season,1642324,Kate Martin,0,p
22026,1611661320,LAS,Los Angeles Sparks,1022600197,2026-07-22,LAS vs. PHX,L,6,1,2,0.5,0,1,0,0,0,NA,0,0,0,1,0,0,1,2,2,-6,1,2026,regular-season,1630148,Jihyun Park,2.5,p
22026,1611661320,LAS,Los Angeles Sparks,1022600197,2026-07-22,LAS vs. PHX,L,26,1,6,0.167,0,2,0,3,3,1,0,2,2,4,1,0,0,4,5,-5,1,2026,regular-season,204365,Erica Wheeler,16.4,p
22026,1611661320,LAS,Los Angeles Sparks,1022600197,2026-07-22,LAS vs. PHX,L,30,4,10,0.4,1,1,1,4,4,1,1,12,13,1,0,0,4,3,13,-4,1,2026,regular-season,203014,Nneka Ogwumike,26.1,p
22026,1611661317,PHX,Phoenix Mercury,1022600197,2026-07-22,PHX @ LAS,W,24,6,14,0.429,2,7,0.286,0,0,NA,0,1,1,2,2,0,2,2,14,-3,1,2026,regular-season,1642777,Monique Akoa Makani,22.2,p
22026,1611661317,PHX,Phoenix Mercury,1022600197,2026-07-22,PHX @ LAS,W,18,3,8,0.375,2,7,0.286,0,0,NA,0,3,3,1,1,0,1,4,8,3,1,2026,regular-season,1628244,Sami Whitcomb,15.1,p
22026,1611661317,PHX,Phoenix Mercury,1022600197,2026-07-22,PHX @ LAS,W,36,5,9,0.556,0,0,NA,9,13,0.692,1,10,11,15,3,1,3,2,19,0,1,2026,regular-season,203826,Alyssa Thomas,63.7,p
22026,1611661317,PHX,Phoenix Mercury,1022600197,2026-07-22,PHX @ LAS,W,27,4,9,0.444,1,5,0.2,0,0,NA,2,5,7,4,2,0,0,3,9,2,1,2026,regular-season,201886,DeWanna Bonner,29.4,p
22026,1611661328,SEA,Seattle Storm,1022600198,2026-07-22,SEA vs. MIN,L,31,4,9,0.444,2,5,0.4,0,0,NA,3,7,10,1,1,2,1,2,10,-13,1,2026,regular-season,1643443,Awa Fam,31.5,p
22026,1611661328,SEA,Seattle Storm,1022600198,2026-07-22,SEA vs. MIN,L,29,7,17,0.412,0,6,0,2,3,0.667,3,3,6,4,2,0,6,2,16,-13,1,2026,regular-season,1643428,Flau'jae Johnson,29.2,p
22026,1611661328,SEA,Seattle Storm,1022600198,2026-07-22,SEA vs. MIN,L,28,2,6,0.333,0,4,0,0,0,NA,0,2,2,4,1,0,0,4,4,-6,1,2026,regular-season,1631141,Jade Melbourne,15.4,p
22026,1611661328,SEA,Seattle Storm,1022600198,2026-07-22,SEA vs. MIN,L,13,0,2,0,0,2,0,3,4,0.75,0,4,4,1,0,0,1,0,3,1,1,2026,regular-season,1629478,Katie Lou Samuelson,8.3,p
22026,1611661328,SEA,Seattle Storm,1022600198,2026-07-22,SEA vs. MIN,L,11,0,1,0,0,1,0,0,0,NA,1,1,2,1,0,0,0,0,0,1,1,2026,regular-season,203828,Stefanie Dolson,3.9,p
22026,1611661324,MIN,Minnesota Lynx,1022600198,2026-07-22,MIN @ SEA,W,16,1,5,0.2,1,3,0.333,0,0,NA,0,2,2,0,1,1,0,0,3,-7,1,2026,regular-season,1641657,Dorka Juhasz,11.4,p
22026,1611661324,MIN,Minnesota Lynx,1022600198,2026-07-22,MIN @ SEA,W,28,2,4,0.5,2,3,0.667,2,2,1,5,1,6,2,1,0,1,2,8,6,1,2026,regular-season,1630471,Maya Caldwell,20.2,p
22026,1611661324,MIN,Minnesota Lynx,1022600198,2026-07-22,MIN @ SEA,W,22,9,20,0.45,2,6,0.333,4,4,1,1,9,10,1,1,0,2,0,24,12,1,2026,regular-season,1629483,Napheesa Collier,38.5,p
22026,1611661320,LAS,Los Angeles Sparks,1022600197,2026-07-22,LAS vs. PHX,L,19,2,9,0.222,1,5,0.2,0,0,NA,0,4,4,3,0,1,3,2,5,-4,1,2026,regular-season,1642287,Cameron Brink,14.3,p
22026,1611661320,LAS,Los Angeles Sparks,1022600197,2026-07-22,LAS vs. PHX,L,34,7,16,0.438,3,7,0.429,3,5,0.6,1,2,3,2,0,0,4,5,20,0,1,2026,regular-season,1630996,Rae Burrell,22.6,p
22026,1611661320,LAS,Los Angeles Sparks,1022600197,2026-07-22,LAS vs. PHX,L,7,0,2,0,0,2,0,0,0,NA,0,0,0,1,0,0,0,0,0,2,1,2026,regular-season,1630461,Kiana Williams,1.5,p
22026,1611661320,LAS,Los Angeles Sparks,1022600197,2026-07-22,LAS vs. PHX,L,33,5,9,0.556,3,6,0.5,2,2,1,3,1,4,3,1,2,1,1,15,5,1,2026,regular-season,1628878,Ariel Atkins,32.3,p
22026,1611661320,LAS,Los Angeles Sparks,1022600197,2026-07-22,LAS vs. PHX,L,31,7,12,0.583,0,0,NA,4,5,0.8,5,5,10,5,2,2,2,1,18,0,1,2026,regular-season,204324,Dearica Hamby,47.5,p
22026,1611661317,PHX,Phoenix Mercury,1022600197,2026-07-22,PHX @ LAS,W,23,1,5,0.2,0,2,0,0,0,NA,1,1,2,0,0,1,0,5,2,5,1,2026,regular-season,1643493,Noemie Brochant,7.4,p
22026,1611661317,PHX,Phoenix Mercury,1022600197,2026-07-22,PHX @ LAS,W,15,0,1,0,0,0,NA,0,0,NA,0,1,1,1,0,1,1,0,0,0,1,2026,regular-season,1631118,Lexi Held,4.7,p
22026,1611661317,PHX,Phoenix Mercury,1022600197,2026-07-22,PHX @ LAS,W,15,5,8,0.625,0,0,NA,0,0,NA,2,1,3,1,0,2,2,2,10,0,1,2026,regular-season,1630442,Natasha Mack,19.1,p
22026,1611661317,PHX,Phoenix Mercury,1022600197,2026-07-22,PHX @ LAS,W,30,10,16,0.625,1,4,0.25,0,0,NA,0,2,2,3,1,0,1,5,21,8,1,2026,regular-season,1627674,Kahleah Copper,29.9,p
22026,1611661317,PHX,Phoenix Mercury,1022600197,2026-07-22,PHX @ LAS,W,13,1,4,0.25,1,2,0.5,0,0,NA,1,2,3,1,1,0,2,0,3,5,1,2026,regular-season,204468,Valeriane Ayayi,9.1,p
22026,1611661329,CHI,Chicago Sky,1022600199,2026-07-22,CHI @ NYL,L,20,2,7,0.286,1,3,0.333,0,0,NA,1,2,3,1,1,0,0,1,5,-4,1,2026,regular-season,1643447,Gabriela Jaquez,13.1,p
22026,1611661329,CHI,Chicago Sky,1022600199,2026-07-22,CHI @ NYL,L,9,2,4,0.5,0,1,0,0,0,NA,1,3,4,0,0,0,1,1,4,-2,1,2026,regular-season,1642786,Aicha Coulibaly,7.8,p
22026,1611661329,CHI,Chicago Sky,1022600199,2026-07-22,CHI @ NYL,L,26,9,17,0.529,4,7,0.571,9,10,0.9,1,2,3,3,1,0,1,0,31,9,1,2026,regular-season,1642321,Sydney Taylor,41.1,p
22026,1611661329,CHI,Chicago Sky,1022600199,2026-07-22,CHI @ NYL,L,17,1,4,0.25,0,1,0,0,0,NA,0,1,1,1,1,0,1,2,2,2,1,2026,regular-season,1642292,Jacy Sheldon,6.7,p
22026,1611661329,CHI,Chicago Sky,1022600199,2026-07-22,CHI @ NYL,L,25,5,11,0.455,0,0,NA,0,0,NA,1,4,5,5,1,1,1,5,10,0,1,2026,regular-season,1642289,Kamilla Cardoso,28.5,p
22026,1611661329,CHI,Chicago Sky,1022600199,2026-07-22,CHI @ NYL,L,30,2,5,0.4,0,2,0,4,4,1,0,7,7,3,2,4,2,6,8,2,1,2026,regular-season,1628922,Azura Stevens,36.9,p
22026,1611661329,CHI,Chicago Sky,1022600199,2026-07-22,CHI @ NYL,L,3,0,2,0,0,1,0,3,3,1,0,0,0,1,0,0,0,0,3,1,1,2026,regular-season,1627671,Rachel Banham,4.5,p
22026,1611661329,CHI,Chicago Sky,1022600199,2026-07-22,CHI @ NYL,L,15,4,5,0.8,0,0,NA,0,0,NA,0,3,3,2,1,0,0,1,8,-1,1,2026,regular-season,204322,Elizabeth Williams,17.6,p
22026,1611661329,CHI,Chicago Sky,1022600199,2026-07-22,CHI @ NYL,L,22,5,8,0.625,1,2,0.5,3,4,0.75,0,1,1,4,1,1,1,1,14,-13,1,2026,regular-season,202664,Courtney Vandersloot,26.2,p
22026,1611661313,NYL,New York Liberty,1022600199,2026-07-22,NYL vs. CHI,W,22,3,6,0.5,0,0,NA,3,3,1,0,1,1,5,1,0,2,1,9,1,1,2026,regular-season,1631136,Pauline Astier,18.7,p
22026,1611661313,NYL,New York Liberty,1022600199,2026-07-22,NYL vs. CHI,W,18,1,4,0.25,0,3,0,0,0,NA,0,1,1,1,0,0,0,1,2,0,1,2026,regular-season,1630469,Marine Fauthoux,4.7,p
22026,1611661313,NYL,New York Liberty,1022600199,2026-07-22,NYL vs. CHI,W,3,0,0,NA,0,0,NA,0,0,NA,0,0,0,1,0,0,0,0,0,4,1,2026,regular-season,1630384,Raquel Carrera,1.5,p
22026,1611661313,NYL,New York Liberty,1022600199,2026-07-22,NYL vs. CHI,W,12,2,4,0.5,0,1,0,1,1,1,0,2,2,0,0,0,0,0,5,5,1,2026,regular-season,1629566,Han Xu,7.4,p
22026,1611661313,NYL,New York Liberty,1022600199,2026-07-22,NYL vs. CHI,W,35,8,11,0.727,5,7,0.714,8,8,1,0,4,4,4,0,1,4,1,29,5,1,2026,regular-season,1629477,Sabrina Ionescu,38.8,p
22026,1611661313,NYL,New York Liberty,1022600199,2026-07-22,NYL vs. CHI,W,28,4,9,0.444,2,5,0.4,4,6,0.667,3,7,10,2,0,2,3,3,14,-4,1,2026,regular-season,1627673,Jonquel Jones,32,p
22026,1611661313,NYL,New York Liberty,1022600199,2026-07-22,NYL vs. CHI,W,37,5,19,0.263,2,4,0.5,8,8,1,4,5,9,4,0,3,3,5,20,-3,1,2026,regular-season,1627668,Breanna Stewart,42.8,p
22026,1611661313,NYL,New York Liberty,1022600199,2026-07-22,NYL vs. CHI,W,29,5,12,0.417,2,6,0.333,0,0,NA,1,3,4,0,0,0,1,4,12,2,1,2026,regular-season,204296,Rebecca Allen,15.8,p
22026,1611661313,NYL,New York Liberty,1022600199,2026-07-22,NYL vs. CHI,W,15,1,6,0.167,0,2,0,2,2,1,2,4,6,0,0,0,0,1,4,-5,1,2026,regular-season,203822,Rebekah Gardner,11.2,p
22026,1611661329,CHI,Chicago Sky,1022600199,2026-07-22,CHI @ NYL,L,32,4,8,0.5,1,4,0.25,0,0,NA,0,3,3,7,0,0,2,3,9,1,1,2026,regular-season,204333,Natasha Cloud,21.1,p
22026,1611661322,WAS,Washington Mystics,1022600200,2026-07-22,WAS vs. LVA,W,6,1,3,0.333,1,2,0.5,0,0,NA,0,0,0,2,0,0,0,1,3,-3,1,2026,regular-season,1643644,Alicia Florez,6,p
22026,1611661322,WAS,Washington Mystics,1022600200,2026-07-22,WAS vs. LVA,W,7,0,1,0,0,0,NA,0,0,NA,0,0,0,0,0,0,0,2,0,3,1,2026,regular-season,1643467,Cassandre Prosper,0,p
22026,1611661322,WAS,Washington Mystics,1022600200,2026-07-22,WAS vs. LVA,W,5,0,0,NA,0,0,NA,0,0,NA,0,2,2,2,0,0,1,0,0,6,1,2026,regular-season,1643455,Angela Dugalic,4.4,p
22026,1611661322,WAS,Washington Mystics,1022600200,2026-07-22,WAS vs. LVA,W,26,4,12,0.333,0,1,0,4,4,1,4,6,10,0,0,0,2,3,12,-5,1,2026,regular-season,1642792,Kiki Iriafen,22,p
22026,1611661322,WAS,Washington Mystics,1022600200,2026-07-22,WAS vs. LVA,W,32,7,16,0.438,1,3,0.333,5,6,0.833,3,1,4,8,1,0,6,2,20,3,1,2026,regular-season,1642785,Sonia Citron,33.8,p
22026,1611661322,WAS,Washington Mystics,1022600200,2026-07-22,WAS vs. LVA,W,23,4,6,0.667,2,3,0.667,0,0,NA,0,2,2,1,0,1,2,4,10,-1,1,2026,regular-season,1642781,Georgia Amoore,14.9,p
22026,1611661319,LVA,Las Vegas Aces,1022600200,2026-07-22,LVA @ WAS,L,22,2,4,0.5,0,0,NA,0,1,0,0,3,3,0,2,3,0,5,4,10,1,2026,regular-season,1631019,NaLyssa Smith,22.6,p
22026,1611661319,LVA,Las Vegas Aces,1022600200,2026-07-22,LVA @ WAS,L,31,9,17,0.529,0,4,0,6,7,0.857,2,5,7,7,0,0,1,4,24,1,1,2026,regular-season,1629498,Jackie Young,41.9,p
22026,1611661319,LVA,Las Vegas Aces,1022600200,2026-07-22,LVA @ WAS,L,10,0,1,0,0,0,NA,0,0,NA,0,1,1,0,1,0,0,2,0,-1,1,2026,regular-season,204323,Cheyenne Parker-Tyus,4.2,p
22026,1611661319,LVA,Las Vegas Aces,1022600200,2026-07-22,LVA @ WAS,L,29,2,7,0.286,2,4,0.5,2,2,1,0,2,2,0,3,0,1,3,8,0,1,2026,regular-season,204319,Jewell Loyd,18.4,p
22026,1611661319,LVA,Las Vegas Aces,1022600200,2026-07-22,LVA @ WAS,L,9,1,1,1,0,0,NA,0,0,NA,0,0,0,0,0,0,0,0,2,4,1,2026,regular-season,203855,Stephanie Talbot,2,p
22026,1611661322,WAS,Washington Mystics,1022600200,2026-07-22,WAS vs. LVA,W,22,3,5,0.6,1,2,0.5,0,2,0,0,6,6,3,0,0,1,2,7,3,1,2026,regular-season,1643430,Cotie McMahon,17.7,p
22026,1611661322,WAS,Washington Mystics,1022600200,2026-07-22,WAS vs. LVA,W,20,4,6,0.667,0,0,NA,5,6,0.833,1,2,3,2,1,0,0,1,13,-5,1,2026,regular-season,1643427,Lauren Betts,22.6,p
22026,1611661322,WAS,Washington Mystics,1022600200,2026-07-22,WAS vs. LVA,W,29,10,18,0.556,0,0,NA,5,9,0.556,3,3,6,3,0,0,1,3,25,6,1,2026,regular-season,1631022,Shakira Austin,35.7,p
22026,1611661322,WAS,Washington Mystics,1022600200,2026-07-22,WAS vs. LVA,W,30,2,4,0.5,2,2,1,4,4,1,1,0,1,3,1,0,0,4,10,-2,1,2026,regular-season,1630446,Michaela Onyenwere,18.7,p
22026,1611661319,LVA,Las Vegas Aces,1022600200,2026-07-22,LVA @ WAS,L,14,0,2,0,0,0,NA,0,0,NA,0,1,1,2,0,0,2,2,0,-8,1,2026,regular-season,1630389,Dana Evans,2.2,p
22026,1611661319,LVA,Las Vegas Aces,1022600200,2026-07-22,LVA @ WAS,L,12,2,2,1,0,0,NA,0,0,NA,0,2,2,0,0,0,1,1,4,-14,1,2026,regular-season,1629488,Brianna Turner,5.4,p
22026,1611661319,LVA,Las Vegas Aces,1022600200,2026-07-22,LVA @ WAS,L,35,12,16,0.75,2,3,0.667,12,13,0.923,2,5,7,5,3,2,1,4,38,2,1,2026,regular-season,1628932,A'ja Wilson,67.9,p
22026,1611661319,LVA,Las Vegas Aces,1022600200,2026-07-22,LVA @ WAS,L,37,6,12,0.5,1,3,0.333,6,6,1,0,1,1,4,1,1,2,4,19,1,1,2026,regular-season,203833,Chelsea Gray,30.2,p
22026,1611661325,IND,Indiana Fever,1022600201,2026-07-22,IND vs. CON,W,8,1,1,1,0,0,NA,0,0,NA,0,1,1,0,0,0,1,0,2,3,1,2026,regular-season,1643453,Grace VanSlooten,2.2,p
22026,1611661325,IND,Indiana Fever,1022600201,2026-07-22,IND vs. CON,W,18,2,3,0.667,0,0,NA,0,0,NA,1,7,8,0,0,4,0,0,4,20,1,2026,regular-season,1642815,Makayla Timpson,25.6,p
22026,1611661325,IND,Indiana Fever,1022600201,2026-07-22,IND vs. CON,W,27,8,13,0.615,5,9,0.556,6,6,1,0,2,2,11,1,1,6,2,27,26,1,2026,regular-season,1642286,Caitlin Clark,45.9,p
22026,1611661325,IND,Indiana Fever,1022600201,2026-07-22,IND vs. CON,W,20,10,14,0.714,0,0,NA,2,4,0.5,2,4,6,5,3,0,2,2,22,26,1,2026,regular-season,1641648,Aliyah Boston,43.7,p
22026,1611661325,IND,Indiana Fever,1022600201,2026-07-22,IND vs. CON,W,25,3,4,0.75,1,2,0.5,1,1,1,1,2,3,1,0,1,1,3,8,20,1,2026,regular-season,1631086,Lexie Hull,15.1,p
22026,1611661325,IND,Indiana Fever,1022600201,2026-07-22,IND vs. CON,W,19,5,7,0.714,1,2,0.5,1,1,1,0,0,0,6,0,0,0,0,12,14,1,2026,regular-season,1630112,Tyasha Harris,21,p
22026,1611661325,IND,Indiana Fever,1022600201,2026-07-22,IND vs. CON,W,21,0,3,0,0,2,0,8,10,0.8,0,3,3,2,1,0,3,5,8,17,1,2026,regular-season,1629482,Sophie Cunningham,14.6,p
22026,1611661325,IND,Indiana Fever,1022600201,2026-07-22,IND vs. CON,W,26,9,16,0.563,3,6,0.5,2,3,0.667,2,2,4,2,1,1,0,1,23,27,1,2026,regular-season,1628909,Kelsey Mitchell,36.8,p
22026,1611661325,IND,Indiana Fever,1022600201,2026-07-22,IND vs. CON,W,15,2,5,0.4,1,1,1,0,0,NA,0,3,3,1,0,0,0,3,5,3,1,2026,regular-season,1628899,Myisha Hines-Allen,10.1,p
22026,1611661325,IND,Indiana Fever,1022600201,2026-07-22,IND vs. CON,W,20,5,7,0.714,0,0,NA,2,2,1,2,3,5,1,1,0,0,2,12,19,1,2026,regular-season,1628881,Monique Billings,22.5,p
22026,1611661323,CON,Connecticut Sun,1022600201,2026-07-22,CON @ IND,L,27,0,3,0,0,1,0,1,1,1,1,1,2,4,0,0,4,4,1,-29,1,2026,regular-season,1643449,Charlisse Leger-Walker,5.4,p
22026,1611661323,CON,Connecticut Sun,1022600201,2026-07-22,CON @ IND,L,10,0,3,0,0,0,NA,2,2,1,1,1,2,1,0,0,0,1,2,-5,1,2026,regular-season,1643448,Nell Angloma,5.9,p
22026,1611661323,CON,Connecticut Sun,1022600201,2026-07-22,CON @ IND,L,18,4,6,0.667,1,1,1,1,3,0.333,3,2,5,2,2,0,2,4,10,-10,1,2026,regular-season,1643441,Raegan Beers,23,p
22026,1611661323,CON,Connecticut Sun,1022600201,2026-07-22,CON @ IND,L,12,3,4,0.75,1,2,0.5,0,0,NA,0,0,0,0,0,0,0,4,7,-2,1,2026,regular-season,1643429,Gianna Kneepkens,7,p
22026,1611661323,CON,Connecticut Sun,1022600201,2026-07-22,CON @ IND,L,27,6,14,0.429,0,2,0,1,2,0.5,0,2,2,6,1,0,1,2,13,-19,1,2026,regular-season,1642809,Saniya Rivers,26.4,p
22026,1611661323,CON,Connecticut Sun,1022600201,2026-07-22,CON @ IND,L,21,5,10,0.5,0,2,0,0,0,NA,4,4,8,2,1,1,1,3,10,-28,1,2026,regular-season,1642800,Aneesah Morrow,27.6,p
22026,1611661323,CON,Connecticut Sun,1022600201,2026-07-22,CON @ IND,L,17,5,11,0.455,0,1,0,0,0,NA,1,1,2,2,3,0,1,2,10,-26,1,2026,regular-season,1642303,Leila Lacan,23.4,p
22026,1611661323,CON,Connecticut Sun,1022600201,2026-07-22,CON @ IND,L,23,4,9,0.444,4,5,0.8,3,4,0.75,0,2,2,0,0,0,3,2,15,-25,1,2026,regular-season,1641649,Diamond Miller,14.4,p
22026,1611661323,CON,Connecticut Sun,1022600201,2026-07-22,CON @ IND,L,22,5,10,0.5,0,1,0,1,1,1,0,1,1,2,0,2,2,1,11,-25,1,2026,regular-season,1631135,Olivia Nelson-Ododa,19.2,p
22026,1611661323,CON,Connecticut Sun,1022600201,2026-07-22,CON @ IND,L,23,3,9,0.333,2,5,0.4,1,2,0.5,1,3,4,2,1,1,0,2,9,-6,1,2026,regular-season,1629568,Kennedy Burke,22.8,p
22026,1611661327,PDX,Portland Fire,1022600202,2026-07-22,PDX vs. DAL,L,9,1,6,0.167,0,1,0,0,0,NA,0,1,1,1,0,0,1,2,2,-4,1,2026,regular-season,1643506,Teja Oblak,3.7,p
22026,1611661327,PDX,Portland Fire,1022600202,2026-07-22,PDX vs. DAL,L,17,5,6,0.833,2,2,1,3,5,0.6,0,1,1,1,0,0,0,2,15,2,1,2026,regular-season,1643494,Frieda Buhner,17.7,p
22026,1611661327,PDX,Portland Fire,1022600202,2026-07-22,PDX vs. DAL,L,15,4,4,1,0,0,NA,0,0,NA,1,3,4,0,3,1,2,2,8,-9,1,2026,regular-season,1643436,Serah Williams,22.8,p
22026,1611661327,PDX,Portland Fire,1022600202,2026-07-22,PDX vs. DAL,L,4,1,1,1,0,0,NA,0,0,NA,0,3,3,2,0,0,1,0,2,6,1,2026,regular-season,1642782,Sarah Ashlee Barker,7.6,p
22026,1611661327,PDX,Portland Fire,1022600202,2026-07-22,PDX vs. DAL,L,31,3,8,0.375,1,3,0.333,5,6,0.833,2,1,3,11,1,0,3,2,12,0,1,2026,regular-season,1642304,Carla Leite,32.1,p
22026,1611661327,PDX,Portland Fire,1022600202,2026-07-22,PDX vs. DAL,L,16,0,0,NA,0,0,NA,0,0,NA,0,1,1,0,0,0,0,2,0,-14,1,2026,regular-season,1642296,Nyadiew Puoch,1.2,p
22026,1611661327,PDX,Portland Fire,1022600202,2026-07-22,PDX vs. DAL,L,9,1,2,0.5,1,2,0.5,0,0,NA,0,1,1,3,0,0,1,2,3,-8,1,2026,regular-season,1641683,Holly Winterburn,7.7,p
22026,1611661327,PDX,Portland Fire,1022600202,2026-07-22,PDX vs. DAL,L,23,3,6,0.5,0,2,0,0,0,NA,0,1,1,2,1,0,2,2,6,-6,1,2026,regular-season,1631083,Emily Engstler,11.2,p
22026,1611661327,PDX,Portland Fire,1022600202,2026-07-22,PDX vs. DAL,L,31,7,16,0.438,2,9,0.222,2,2,1,0,5,5,2,0,0,0,1,18,3,1,2026,regular-season,1629524,Bridget Carleton,27,p
22026,1611661327,PDX,Portland Fire,1022600202,2026-07-22,PDX vs. DAL,L,25,9,13,0.692,2,5,0.4,1,2,0.5,0,2,2,1,0,1,1,2,21,5,1,2026,regular-season,1629484,Megan DiLeo,26.9,p
22026,1611661327,PDX,Portland Fire,1022600202,2026-07-22,PDX vs. DAL,L,20,3,3,1,2,2,1,2,2,1,0,0,0,1,1,0,0,4,10,5,1,2026,regular-season,1628317,Karlie Samuelson,14.5,p
22026,1611661321,DAL,Dallas Wings,1022600202,2026-07-22,DAL @ PDX,W,33,4,10,0.4,3,8,0.375,0,0,NA,0,0,0,2,2,0,3,3,11,-5,1,2026,regular-season,1643425,Azzi Fudd,17,p
22026,1611661321,DAL,Dallas Wings,1022600202,2026-07-22,DAL @ PDX,W,7,0,2,0,0,1,0,1,2,0.5,0,2,2,1,2,1,0,0,1,9,1,2026,regular-season,1642793,Aziaha James,13.9,p
22026,1611661321,DAL,Dallas Wings,1022600202,2026-07-22,DAL @ PDX,W,37,7,17,0.412,4,7,0.571,3,5,0.6,1,3,4,5,0,0,3,2,21,8,1,2026,regular-season,1642784,Paige Bueckers,30.3,p
22026,1611661321,DAL,Dallas Wings,1022600202,2026-07-22,DAL @ PDX,W,26,5,10,0.5,2,6,0.333,2,2,1,0,5,5,2,1,0,0,2,14,8,1,2026,regular-season,1641652,Maddy Siegrist,26,p
22026,1611661321,DAL,Dallas Wings,1022600202,2026-07-22,DAL @ PDX,W,14,2,5,0.4,0,2,0,0,0,NA,1,2,3,0,0,1,1,3,4,-4,1,2026,regular-season,1630386,Awak Kuier,9.6,p
22026,1611661321,DAL,Dallas Wings,1022600202,2026-07-22,DAL @ PDX,W,4,1,1,1,0,0,NA,0,0,NA,0,1,1,1,0,0,0,1,2,1,1,2026,regular-season,1630134,Sug Sutton,4.7,p
22026,1611661321,DAL,Dallas Wings,1022600202,2026-07-22,DAL @ PDX,W,5,1,2,0.5,0,0,NA,2,3,0.667,0,2,2,0,0,0,0,0,4,8,1,2026,regular-season,1629574,Li Yueru,6.4,p
22026,1611661321,DAL,Dallas Wings,1022600202,2026-07-22,DAL @ PDX,W,35,7,11,0.636,0,0,NA,4,4,1,6,9,15,10,1,0,3,3,18,-4,1,2026,regular-season,1629491,Jessica Shepard,51,p
22026,1611661321,DAL,Dallas Wings,1022600202,2026-07-22,DAL @ PDX,W,35,8,12,0.667,3,5,0.6,5,6,0.833,1,2,3,6,0,0,2,3,24,-7,1,2026,regular-season,1629481,Arike Ogunbowale,34.6,p
22026,1611661321,DAL,Dallas Wings,1022600202,2026-07-22,DAL @ PDX,W,4,0,2,0,0,1,0,2,2,1,0,0,0,1,1,0,1,1,2,6,1,2026,regular-season,203824,Odyssey Sims,5.5,p
22026,1611661324,MIN,Minnesota Lynx,1022600198,2026-07-22,MIN @ SEA,W,3,0,1,0,0,0,NA,0,0,NA,0,0,0,0,1,0,0,1,0,-2,1,2026,regular-season,1643489,Antonia Delaere,3,p
22026,1611661324,MIN,Minnesota Lynx,1022600198,2026-07-22,MIN @ SEA,W,36,6,14,0.429,3,6,0.5,5,5,1,2,1,3,2,3,1,0,1,20,10,1,2026,regular-season,203825,Kayla McBride,38.6,p
